raw_author_keyword,frequency,dictionary_status
extracellular vesicles,669,raw_WoS_DE_term_no_synonym_merge
exosomes,620,raw_WoS_DE_term_no_synonym_merge
Exosomes,539,raw_WoS_DE_term_no_synonym_merge
angiogenesis,419,raw_WoS_DE_term_no_synonym_merge
Extracellular vesicles,381,raw_WoS_DE_term_no_synonym_merge
Angiogenesis,356,raw_WoS_DE_term_no_synonym_merge
exosome,288,raw_WoS_DE_term_no_synonym_merge
Exosome,257,raw_WoS_DE_term_no_synonym_merge
endothelial cells,211,raw_WoS_DE_term_no_synonym_merge
inflammation,175,raw_WoS_DE_term_no_synonym_merge
microRNA,160,raw_WoS_DE_term_no_synonym_merge
miRNA,118,raw_WoS_DE_term_no_synonym_merge
Endothelial cells,113,raw_WoS_DE_term_no_synonym_merge
atherosclerosis,107,raw_WoS_DE_term_no_synonym_merge
microvesicles,100,raw_WoS_DE_term_no_synonym_merge
mesenchymal stem cells,86,raw_WoS_DE_term_no_synonym_merge
extracellular vesicle,81,raw_WoS_DE_term_no_synonym_merge
Mesenchymal stem cells,78,raw_WoS_DE_term_no_synonym_merge
Inflammation,77,raw_WoS_DE_term_no_synonym_merge
tumor microenvironment,72,raw_WoS_DE_term_no_synonym_merge
Atherosclerosis,71,raw_WoS_DE_term_no_synonym_merge
wound healing,70,raw_WoS_DE_term_no_synonym_merge
Microvesicles,68,raw_WoS_DE_term_no_synonym_merge
microRNAs,67,raw_WoS_DE_term_no_synonym_merge
biomarkers,64,raw_WoS_DE_term_no_synonym_merge
cancer,61,raw_WoS_DE_term_no_synonym_merge
blood-brain barrier,60,raw_WoS_DE_term_no_synonym_merge
Extracellular vesicle,60,raw_WoS_DE_term_no_synonym_merge
cardiovascular disease,59,raw_WoS_DE_term_no_synonym_merge
endothelium,56,raw_WoS_DE_term_no_synonym_merge
myocardial infarction,56,raw_WoS_DE_term_no_synonym_merge
stem cells,56,raw_WoS_DE_term_no_synonym_merge
biomarker,54,raw_WoS_DE_term_no_synonym_merge
Wound healing,54,raw_WoS_DE_term_no_synonym_merge
endothelial cell,51,raw_WoS_DE_term_no_synonym_merge
endothelial dysfunction,51,raw_WoS_DE_term_no_synonym_merge
metastasis,49,raw_WoS_DE_term_no_synonym_merge
microparticles,47,raw_WoS_DE_term_no_synonym_merge
MicroRNA,46,raw_WoS_DE_term_no_synonym_merge
proteomics,46,raw_WoS_DE_term_no_synonym_merge
miRNAs,45,raw_WoS_DE_term_no_synonym_merge
Blood-brain barrier,44,raw_WoS_DE_term_no_synonym_merge
Endothelial cell,43,raw_WoS_DE_term_no_synonym_merge
hypoxia,41,raw_WoS_DE_term_no_synonym_merge
Tumor microenvironment,41,raw_WoS_DE_term_no_synonym_merge
diabetes,40,raw_WoS_DE_term_no_synonym_merge
extracellular vesicles (EVs),39,raw_WoS_DE_term_no_synonym_merge
Cancer,38,raw_WoS_DE_term_no_synonym_merge
Diabetes,38,raw_WoS_DE_term_no_synonym_merge
oxidative stress,38,raw_WoS_DE_term_no_synonym_merge
macrophages,37,raw_WoS_DE_term_no_synonym_merge
Endothelial progenitor cells,35,raw_WoS_DE_term_no_synonym_merge
small extracellular vesicles,35,raw_WoS_DE_term_no_synonym_merge
apoptosis,34,raw_WoS_DE_term_no_synonym_merge
Hypoxia,34,raw_WoS_DE_term_no_synonym_merge
mesenchymal stem cell,34,raw_WoS_DE_term_no_synonym_merge
sepsis,34,raw_WoS_DE_term_no_synonym_merge
endothelial progenitor cells,33,raw_WoS_DE_term_no_synonym_merge
Microparticles,33,raw_WoS_DE_term_no_synonym_merge
Myocardial infarction,33,raw_WoS_DE_term_no_synonym_merge
platelets,33,raw_WoS_DE_term_no_synonym_merge
intercellular communication,32,raw_WoS_DE_term_no_synonym_merge
Metastasis,32,raw_WoS_DE_term_no_synonym_merge
preeclampsia,32,raw_WoS_DE_term_no_synonym_merge
stroke,31,raw_WoS_DE_term_no_synonym_merge
COVID-19,30,raw_WoS_DE_term_no_synonym_merge
cardiovascular diseases,29,raw_WoS_DE_term_no_synonym_merge
Stem cells,29,raw_WoS_DE_term_no_synonym_merge
aging,28,raw_WoS_DE_term_no_synonym_merge
Apoptosis,28,raw_WoS_DE_term_no_synonym_merge
Biomarkers,28,raw_WoS_DE_term_no_synonym_merge
EVs,28,raw_WoS_DE_term_no_synonym_merge
hypertension,28,raw_WoS_DE_term_no_synonym_merge
regenerative medicine,28,raw_WoS_DE_term_no_synonym_merge
Small extracellular vesicles,28,raw_WoS_DE_term_no_synonym_merge
VEGF,28,raw_WoS_DE_term_no_synonym_merge
breast cancer,27,raw_WoS_DE_term_no_synonym_merge
Diabetic wound healing,27,raw_WoS_DE_term_no_synonym_merge
Mesenchymal stem cell,27,raw_WoS_DE_term_no_synonym_merge
Preeclampsia,27,raw_WoS_DE_term_no_synonym_merge
HUVECs,26,raw_WoS_DE_term_no_synonym_merge
Hydrogel,26,raw_WoS_DE_term_no_synonym_merge
thrombosis,26,raw_WoS_DE_term_no_synonym_merge
autophagy,25,raw_WoS_DE_term_no_synonym_merge
Cardiovascular disease,25,raw_WoS_DE_term_no_synonym_merge
glioblastoma,25,raw_WoS_DE_term_no_synonym_merge
senescence,25,raw_WoS_DE_term_no_synonym_merge
Endothelial dysfunction,24,raw_WoS_DE_term_no_synonym_merge
Macrophages,24,raw_WoS_DE_term_no_synonym_merge
Proteomics,24,raw_WoS_DE_term_no_synonym_merge
Biomarker,23,raw_WoS_DE_term_no_synonym_merge
drug delivery,22,raw_WoS_DE_term_no_synonym_merge
Endothelium,22,raw_WoS_DE_term_no_synonym_merge
Ischemic stroke,22,raw_WoS_DE_term_no_synonym_merge
Macrophage,22,raw_WoS_DE_term_no_synonym_merge
Sepsis,22,raw_WoS_DE_term_no_synonym_merge
Breast cancer,21,raw_WoS_DE_term_no_synonym_merge
Colorectal cancer,21,raw_WoS_DE_term_no_synonym_merge
ischemic stroke,21,raw_WoS_DE_term_no_synonym_merge
MicroRNAs,21,raw_WoS_DE_term_no_synonym_merge
Autophagy,20,raw_WoS_DE_term_no_synonym_merge
cell therapy,20,raw_WoS_DE_term_no_synonym_merge
Diabetic wound,20,raw_WoS_DE_term_no_synonym_merge
immune cells,20,raw_WoS_DE_term_no_synonym_merge
neutrophils,20,raw_WoS_DE_term_no_synonym_merge
regeneration,20,raw_WoS_DE_term_no_synonym_merge
stem cell,20,raw_WoS_DE_term_no_synonym_merge
therapy,20,raw_WoS_DE_term_no_synonym_merge
cytokines,19,raw_WoS_DE_term_no_synonym_merge
Glioblastoma,19,raw_WoS_DE_term_no_synonym_merge
Mesenchymal stromal cells,19,raw_WoS_DE_term_no_synonym_merge
Microvesicle,19,raw_WoS_DE_term_no_synonym_merge
microvesicle,19,raw_WoS_DE_term_no_synonym_merge
miR-126,19,raw_WoS_DE_term_no_synonym_merge
obesity,19,raw_WoS_DE_term_no_synonym_merge
proliferation,19,raw_WoS_DE_term_no_synonym_merge
vascular smooth muscle cells,19,raw_WoS_DE_term_no_synonym_merge
Cardiovascular diseases,18,raw_WoS_DE_term_no_synonym_merge
macrophage,18,raw_WoS_DE_term_no_synonym_merge
nanovesicles,18,raw_WoS_DE_term_no_synonym_merge
Oxidative stress,18,raw_WoS_DE_term_no_synonym_merge
secretome,18,raw_WoS_DE_term_no_synonym_merge
tissue factor,18,raw_WoS_DE_term_no_synonym_merge
adipose tissue,17,raw_WoS_DE_term_no_synonym_merge
adipose-derived stem cells,17,raw_WoS_DE_term_no_synonym_merge
Alzheimer's disease,17,raw_WoS_DE_term_no_synonym_merge
bone regeneration,17,raw_WoS_DE_term_no_synonym_merge
Diabetic retinopathy,17,raw_WoS_DE_term_no_synonym_merge
Drug delivery,17,raw_WoS_DE_term_no_synonym_merge
extracellular matrix,17,raw_WoS_DE_term_no_synonym_merge
HUVEC,17,raw_WoS_DE_term_no_synonym_merge
Intercellular communication,17,raw_WoS_DE_term_no_synonym_merge
lncRNA,17,raw_WoS_DE_term_no_synonym_merge
mesenchymal stromal cells,17,raw_WoS_DE_term_no_synonym_merge
microglia,17,raw_WoS_DE_term_no_synonym_merge
migration,17,raw_WoS_DE_term_no_synonym_merge
Osteogenesis,17,raw_WoS_DE_term_no_synonym_merge
pulmonary hypertension,17,raw_WoS_DE_term_no_synonym_merge
Regenerative medicine,17,raw_WoS_DE_term_no_synonym_merge
Spinal cord injury,17,raw_WoS_DE_term_no_synonym_merge
tissue engineering,17,raw_WoS_DE_term_no_synonym_merge
vascular calcification,17,raw_WoS_DE_term_no_synonym_merge
Bone regeneration,16,raw_WoS_DE_term_no_synonym_merge
colorectal cancer,16,raw_WoS_DE_term_no_synonym_merge
glioma,16,raw_WoS_DE_term_no_synonym_merge
Mitochondria,16,raw_WoS_DE_term_no_synonym_merge
monocytes,16,raw_WoS_DE_term_no_synonym_merge
Obesity,16,raw_WoS_DE_term_no_synonym_merge
platelet,16,raw_WoS_DE_term_no_synonym_merge
Pregnancy,16,raw_WoS_DE_term_no_synonym_merge
pregnancy,16,raw_WoS_DE_term_no_synonym_merge
Stroke,16,raw_WoS_DE_term_no_synonym_merge
Adipose-derived stem cells,15,raw_WoS_DE_term_no_synonym_merge
chronic kidney disease,15,raw_WoS_DE_term_no_synonym_merge
diabetic retinopathy,15,raw_WoS_DE_term_no_synonym_merge
Extracellular vesicles (EVs),15,raw_WoS_DE_term_no_synonym_merge
flow cytometry,15,raw_WoS_DE_term_no_synonym_merge
microenvironment,15,raw_WoS_DE_term_no_synonym_merge
mitochondria,15,raw_WoS_DE_term_no_synonym_merge
MSCs,15,raw_WoS_DE_term_no_synonym_merge
pericytes,15,raw_WoS_DE_term_no_synonym_merge
placenta,15,raw_WoS_DE_term_no_synonym_merge
SARS-CoV-2,15,raw_WoS_DE_term_no_synonym_merge
Stem cell,15,raw_WoS_DE_term_no_synonym_merge
stromal cells,15,raw_WoS_DE_term_no_synonym_merge
Diabetes mellitus,14,raw_WoS_DE_term_no_synonym_merge
drug resistance,14,raw_WoS_DE_term_no_synonym_merge
Fibroblasts,14,raw_WoS_DE_term_no_synonym_merge
fibroblasts,14,raw_WoS_DE_term_no_synonym_merge
heart failure,14,raw_WoS_DE_term_no_synonym_merge
Human umbilical vein endothelial cells,14,raw_WoS_DE_term_no_synonym_merge
ischemia,14,raw_WoS_DE_term_no_synonym_merge
PTEN,14,raw_WoS_DE_term_no_synonym_merge
Therapy,14,raw_WoS_DE_term_no_synonym_merge
treatment,14,raw_WoS_DE_term_no_synonym_merge
vascular remodeling,14,raw_WoS_DE_term_no_synonym_merge
Acute lung injury,13,raw_WoS_DE_term_no_synonym_merge
astrocytes,13,raw_WoS_DE_term_no_synonym_merge
fibrosis,13,raw_WoS_DE_term_no_synonym_merge
Glioma,13,raw_WoS_DE_term_no_synonym_merge
hepatocellular carcinoma,13,raw_WoS_DE_term_no_synonym_merge
Hepatocellular carcinoma,13,raw_WoS_DE_term_no_synonym_merge
liquid biopsy,13,raw_WoS_DE_term_no_synonym_merge
lung cancer,13,raw_WoS_DE_term_no_synonym_merge
bone marrow mesenchymal stem cells,12,raw_WoS_DE_term_no_synonym_merge
Cancer stem cells,12,raw_WoS_DE_term_no_synonym_merge
Cell therapy,12,raw_WoS_DE_term_no_synonym_merge
circular RNA,12,raw_WoS_DE_term_no_synonym_merge
coagulation,12,raw_WoS_DE_term_no_synonym_merge
Diagnosis,12,raw_WoS_DE_term_no_synonym_merge
diagnosis,12,raw_WoS_DE_term_no_synonym_merge
Extracellular matrix,12,raw_WoS_DE_term_no_synonym_merge
human umbilical vein endothelial cells,12,raw_WoS_DE_term_no_synonym_merge
ICAM-1,12,raw_WoS_DE_term_no_synonym_merge
immunomodulation,12,raw_WoS_DE_term_no_synonym_merge
invasion,12,raw_WoS_DE_term_no_synonym_merge
lymphangiogenesis,12,raw_WoS_DE_term_no_synonym_merge
Macrophage polarization,12,raw_WoS_DE_term_no_synonym_merge
Microenvironment,12,raw_WoS_DE_term_no_synonym_merge
microparticle,12,raw_WoS_DE_term_no_synonym_merge
MSC,12,raw_WoS_DE_term_no_synonym_merge
neuroinflammation,12,raw_WoS_DE_term_no_synonym_merge
ovarian cancer,12,raw_WoS_DE_term_no_synonym_merge
spinal cord injury,12,raw_WoS_DE_term_no_synonym_merge
traumatic brain injury,12,raw_WoS_DE_term_no_synonym_merge
VEGFA,12,raw_WoS_DE_term_no_synonym_merge
acute myocardial infarction,11,raw_WoS_DE_term_no_synonym_merge
cancer-associated fibroblasts,11,raw_WoS_DE_term_no_synonym_merge
diabetes mellitus,11,raw_WoS_DE_term_no_synonym_merge
diabetic wound healing,11,raw_WoS_DE_term_no_synonym_merge
exercise,11,raw_WoS_DE_term_no_synonym_merge
Extracellular Vesicles,11,raw_WoS_DE_term_no_synonym_merge
ferroptosis,11,raw_WoS_DE_term_no_synonym_merge
Ferroptosis,11,raw_WoS_DE_term_no_synonym_merge
gastric cancer,11,raw_WoS_DE_term_no_synonym_merge
HIF-1 alpha,11,raw_WoS_DE_term_no_synonym_merge
Hypertension,11,raw_WoS_DE_term_no_synonym_merge
melanoma,11,raw_WoS_DE_term_no_synonym_merge
miR-21,11,raw_WoS_DE_term_no_synonym_merge
miR-21-5p,11,raw_WoS_DE_term_no_synonym_merge
MiRNA,11,raw_WoS_DE_term_no_synonym_merge
nanoparticles,11,raw_WoS_DE_term_no_synonym_merge
NF-kappa B,11,raw_WoS_DE_term_no_synonym_merge
Placenta,11,raw_WoS_DE_term_no_synonym_merge
pre-metastatic niche,11,raw_WoS_DE_term_no_synonym_merge
Regeneration,11,raw_WoS_DE_term_no_synonym_merge
Senescence,11,raw_WoS_DE_term_no_synonym_merge
Thrombosis,11,raw_WoS_DE_term_no_synonym_merge
vascular endothelial growth factor,11,raw_WoS_DE_term_no_synonym_merge
vascular permeability,11,raw_WoS_DE_term_no_synonym_merge
Vascular smooth muscle cells,11,raw_WoS_DE_term_no_synonym_merge
acute lung injury,10,raw_WoS_DE_term_no_synonym_merge
Aging,10,raw_WoS_DE_term_no_synonym_merge
BBB,10,raw_WoS_DE_term_no_synonym_merge
cardiomyocytes,10,raw_WoS_DE_term_no_synonym_merge
cardioprotection,10,raw_WoS_DE_term_no_synonym_merge
cellular communication,10,raw_WoS_DE_term_no_synonym_merge
diabetic nephropathy,10,raw_WoS_DE_term_no_synonym_merge
EGFR,10,raw_WoS_DE_term_no_synonym_merge
Endocytosis,10,raw_WoS_DE_term_no_synonym_merge
endothelial function,10,raw_WoS_DE_term_no_synonym_merge
endothelial progenitor cell,10,raw_WoS_DE_term_no_synonym_merge
epigenetics,10,raw_WoS_DE_term_no_synonym_merge
heart,10,raw_WoS_DE_term_no_synonym_merge
Heart failure,10,raw_WoS_DE_term_no_synonym_merge
lncRNAs,10,raw_WoS_DE_term_no_synonym_merge
Lung cancer,10,raw_WoS_DE_term_no_synonym_merge
Nanoparticles,10,raw_WoS_DE_term_no_synonym_merge
Neuroinflammation,10,raw_WoS_DE_term_no_synonym_merge
non-coding RNA,10,raw_WoS_DE_term_no_synonym_merge
osteogenesis,10,raw_WoS_DE_term_no_synonym_merge
pancreatic cancer,10,raw_WoS_DE_term_no_synonym_merge
progenitor cells,10,raw_WoS_DE_term_no_synonym_merge
prognosis,10,raw_WoS_DE_term_no_synonym_merge
Proliferation,10,raw_WoS_DE_term_no_synonym_merge
pulmonary arterial hypertension,10,raw_WoS_DE_term_no_synonym_merge
Tissue engineering,10,raw_WoS_DE_term_no_synonym_merge
tumor angiogenesis,10,raw_WoS_DE_term_no_synonym_merge
acute kidney injury,9,raw_WoS_DE_term_no_synonym_merge
Acute myocardial infarction,9,raw_WoS_DE_term_no_synonym_merge
antiphospholipid syndrome,9,raw_WoS_DE_term_no_synonym_merge
biogenesis,9,raw_WoS_DE_term_no_synonym_merge
BMSCs,9,raw_WoS_DE_term_no_synonym_merge
Bone marrow mesenchymal stem cells,9,raw_WoS_DE_term_no_synonym_merge
brain metastasis,9,raw_WoS_DE_term_no_synonym_merge
Cardioprotection,9,raw_WoS_DE_term_no_synonym_merge
Cell communication,9,raw_WoS_DE_term_no_synonym_merge
cell-to-cell communication,9,raw_WoS_DE_term_no_synonym_merge
Chronic kidney disease,9,raw_WoS_DE_term_no_synonym_merge
circRNA,9,raw_WoS_DE_term_no_synonym_merge
ECM,9,raw_WoS_DE_term_no_synonym_merge
endocytosis,9,raw_WoS_DE_term_no_synonym_merge
hydrogel,9,raw_WoS_DE_term_no_synonym_merge
innate immunity,9,raw_WoS_DE_term_no_synonym_merge
insulin resistance,9,raw_WoS_DE_term_no_synonym_merge
ischemia-reperfusion injury,9,raw_WoS_DE_term_no_synonym_merge
macrophage polarization,9,raw_WoS_DE_term_no_synonym_merge
metabolic syndrome,9,raw_WoS_DE_term_no_synonym_merge
Migration,9,raw_WoS_DE_term_no_synonym_merge
monocyte,9,raw_WoS_DE_term_no_synonym_merge
multiple myeloma,9,raw_WoS_DE_term_no_synonym_merge
nanomedicine,9,raw_WoS_DE_term_no_synonym_merge
nanoparticle,9,raw_WoS_DE_term_no_synonym_merge
neurovascular unit,9,raw_WoS_DE_term_no_synonym_merge
nitric oxide,9,raw_WoS_DE_term_no_synonym_merge
Pathogenesis,9,raw_WoS_DE_term_no_synonym_merge
Pericytes,9,raw_WoS_DE_term_no_synonym_merge
Permeability,9,raw_WoS_DE_term_no_synonym_merge
PI3K,9,raw_WoS_DE_term_no_synonym_merge
Platelet,9,raw_WoS_DE_term_no_synonym_merge
pre-eclampsia,9,raw_WoS_DE_term_no_synonym_merge
reactive oxygen species,9,raw_WoS_DE_term_no_synonym_merge
sickle cell disease,9,raw_WoS_DE_term_no_synonym_merge
SIRT1,9,raw_WoS_DE_term_no_synonym_merge
Targeted delivery,9,raw_WoS_DE_term_no_synonym_merge
tissue regeneration,9,raw_WoS_DE_term_no_synonym_merge
Traumatic brain injury,9,raw_WoS_DE_term_no_synonym_merge
Type 2 diabetes,9,raw_WoS_DE_term_no_synonym_merge
Vascularization,9,raw_WoS_DE_term_no_synonym_merge
vascularization,9,raw_WoS_DE_term_no_synonym_merge
Acute kidney injury,8,raw_WoS_DE_term_no_synonym_merge
Acute respiratory distress syndrome,8,raw_WoS_DE_term_no_synonym_merge
apoptotic bodies,8,raw_WoS_DE_term_no_synonym_merge
biomaterials,8,raw_WoS_DE_term_no_synonym_merge
blood-brain barrier (BBB),8,raw_WoS_DE_term_no_synonym_merge
brain,8,raw_WoS_DE_term_no_synonym_merge
Cancer-associated fibroblasts,8,raw_WoS_DE_term_no_synonym_merge
cardiac regeneration,8,raw_WoS_DE_term_no_synonym_merge
Cardiomyocytes,8,raw_WoS_DE_term_no_synonym_merge
cell-cell communication,8,raw_WoS_DE_term_no_synonym_merge
cellular senescence,8,raw_WoS_DE_term_no_synonym_merge
diabetic wound,8,raw_WoS_DE_term_no_synonym_merge
Drug resistance,8,raw_WoS_DE_term_no_synonym_merge
Endothelial progenitor cell,8,raw_WoS_DE_term_no_synonym_merge
Exocytosis,8,raw_WoS_DE_term_no_synonym_merge
HCC,8,raw_WoS_DE_term_no_synonym_merge
HIV-1,8,raw_WoS_DE_term_no_synonym_merge
Human umbilical cord mesenchymal stem cells,8,raw_WoS_DE_term_no_synonym_merge
immunotherapy,8,raw_WoS_DE_term_no_synonym_merge
induced pluripotent stem cells,8,raw_WoS_DE_term_no_synonym_merge
Invadopodia,8,raw_WoS_DE_term_no_synonym_merge
Lipopolysaccharide,8,raw_WoS_DE_term_no_synonym_merge
Liquid biopsy,8,raw_WoS_DE_term_no_synonym_merge
M2 macrophage,8,raw_WoS_DE_term_no_synonym_merge
Nanovesicles,8,raw_WoS_DE_term_no_synonym_merge
nasopharyngeal carcinoma,8,raw_WoS_DE_term_no_synonym_merge
neural stem cells,8,raw_WoS_DE_term_no_synonym_merge
neutrophil,8,raw_WoS_DE_term_no_synonym_merge
osteoporosis,8,raw_WoS_DE_term_no_synonym_merge
osteosarcoma,8,raw_WoS_DE_term_no_synonym_merge
Ovarian cancer,8,raw_WoS_DE_term_no_synonym_merge
Pancreatic cancer,8,raw_WoS_DE_term_no_synonym_merge
plasma,8,raw_WoS_DE_term_no_synonym_merge
pyroptosis,8,raw_WoS_DE_term_no_synonym_merge
Secretome,8,raw_WoS_DE_term_no_synonym_merge
Tissue regeneration,8,raw_WoS_DE_term_no_synonym_merge
Tumour microenvironment,8,raw_WoS_DE_term_no_synonym_merge
acute respiratory distress syndrome,7,raw_WoS_DE_term_no_synonym_merge
adhesion,7,raw_WoS_DE_term_no_synonym_merge
blood brain barrier,7,raw_WoS_DE_term_no_synonym_merge
cancer stem cells,7,raw_WoS_DE_term_no_synonym_merge
Cancer therapy,7,raw_WoS_DE_term_no_synonym_merge
Coagulation,7,raw_WoS_DE_term_no_synonym_merge
coagulopathy,7,raw_WoS_DE_term_no_synonym_merge
cornea,7,raw_WoS_DE_term_no_synonym_merge
coronary artery disease,7,raw_WoS_DE_term_no_synonym_merge
crosstalk,7,raw_WoS_DE_term_no_synonym_merge
drug delivery systems,7,raw_WoS_DE_term_no_synonym_merge
endothelial,7,raw_WoS_DE_term_no_synonym_merge
endothelial injury,7,raw_WoS_DE_term_no_synonym_merge
engineered exosomes,7,raw_WoS_DE_term_no_synonym_merge
EV,7,raw_WoS_DE_term_no_synonym_merge
Fibrosis,7,raw_WoS_DE_term_no_synonym_merge
Gastric cancer,7,raw_WoS_DE_term_no_synonym_merge
glycocalyx,7,raw_WoS_DE_term_no_synonym_merge
Helicobacter pylori,7,raw_WoS_DE_term_no_synonym_merge
hemostasis,7,raw_WoS_DE_term_no_synonym_merge
HIV,7,raw_WoS_DE_term_no_synonym_merge
Immune cells,7,raw_WoS_DE_term_no_synonym_merge
Ischemia,7,raw_WoS_DE_term_no_synonym_merge
lipopolysaccharide,7,raw_WoS_DE_term_no_synonym_merge
liver fibrosis,7,raw_WoS_DE_term_no_synonym_merge
Microglia,7,raw_WoS_DE_term_no_synonym_merge
miR-155,7,raw_WoS_DE_term_no_synonym_merge
myocardial ischemia,7,raw_WoS_DE_term_no_synonym_merge
neovascularization,7,raw_WoS_DE_term_no_synonym_merge
neurogenesis,7,raw_WoS_DE_term_no_synonym_merge
Nitric oxide,7,raw_WoS_DE_term_no_synonym_merge
Nrf2,7,raw_WoS_DE_term_no_synonym_merge
osteoblasts,7,raw_WoS_DE_term_no_synonym_merge
pathogenesis,7,raw_WoS_DE_term_no_synonym_merge
pericyte,7,raw_WoS_DE_term_no_synonym_merge
Pulmonary hypertension,7,raw_WoS_DE_term_no_synonym_merge
Pyroptosis,7,raw_WoS_DE_term_no_synonym_merge
reperfusion injury,7,raw_WoS_DE_term_no_synonym_merge
RNA,7,raw_WoS_DE_term_no_synonym_merge
ROS,7,raw_WoS_DE_term_no_synonym_merge
targeted delivery,7,raw_WoS_DE_term_no_synonym_merge
targeted therapy,7,raw_WoS_DE_term_no_synonym_merge
therapeutics,7,raw_WoS_DE_term_no_synonym_merge
tumor,7,raw_WoS_DE_term_no_synonym_merge
Tumor,7,raw_WoS_DE_term_no_synonym_merge
tumour microenvironment,7,raw_WoS_DE_term_no_synonym_merge
tunneling nanotubes,7,raw_WoS_DE_term_no_synonym_merge
vascular endothelial cell,7,raw_WoS_DE_term_no_synonym_merge
Vascular endothelial growth factor,7,raw_WoS_DE_term_no_synonym_merge
Adipose-derived mesenchymal stem cells,6,raw_WoS_DE_term_no_synonym_merge
adipose-derived mesenchymal stem cells,6,raw_WoS_DE_term_no_synonym_merge
angiotensin II,6,raw_WoS_DE_term_no_synonym_merge
anti-angiogenic therapy,6,raw_WoS_DE_term_no_synonym_merge
astrocyte,6,raw_WoS_DE_term_no_synonym_merge
Astrocytes,6,raw_WoS_DE_term_no_synonym_merge
ATP,6,raw_WoS_DE_term_no_synonym_merge
blood,6,raw_WoS_DE_term_no_synonym_merge
Bone mesenchymal stem cells,6,raw_WoS_DE_term_no_synonym_merge
cancer therapy,6,raw_WoS_DE_term_no_synonym_merge
cardiac,6,raw_WoS_DE_term_no_synonym_merge
cardiac repair,6,raw_WoS_DE_term_no_synonym_merge
Cell migration,6,raw_WoS_DE_term_no_synonym_merge
cell proliferation,6,raw_WoS_DE_term_no_synonym_merge
cervical cancer,6,raw_WoS_DE_term_no_synonym_merge
chemotherapy,6,raw_WoS_DE_term_no_synonym_merge
circRNAs,6,raw_WoS_DE_term_no_synonym_merge
conditioned medium,6,raw_WoS_DE_term_no_synonym_merge
cytokine,6,raw_WoS_DE_term_no_synonym_merge
differentiation,6,raw_WoS_DE_term_no_synonym_merge
EMT,6,raw_WoS_DE_term_no_synonym_merge
endothelial microvesicles,6,raw_WoS_DE_term_no_synonym_merge
endothelial-to-mesenchymal transition,6,raw_WoS_DE_term_no_synonym_merge
Exercise,6,raw_WoS_DE_term_no_synonym_merge
exosomal miRNAs,6,raw_WoS_DE_term_no_synonym_merge
functional recovery,6,raw_WoS_DE_term_no_synonym_merge
gene expression,6,raw_WoS_DE_term_no_synonym_merge
hepatocytes,6,raw_WoS_DE_term_no_synonym_merge
High glucose,6,raw_WoS_DE_term_no_synonym_merge
HMGB1,6,raw_WoS_DE_term_no_synonym_merge
Immune evasion,6,raw_WoS_DE_term_no_synonym_merge
Immunomodulation,6,raw_WoS_DE_term_no_synonym_merge
immunosuppression,6,raw_WoS_DE_term_no_synonym_merge
liver,6,raw_WoS_DE_term_no_synonym_merge
Long non-coding RNA,6,raw_WoS_DE_term_no_synonym_merge
matrix metalloproteinases,6,raw_WoS_DE_term_no_synonym_merge
mechanism,6,raw_WoS_DE_term_no_synonym_merge
Metabolic syndrome,6,raw_WoS_DE_term_no_synonym_merge
micro-RNA,6,raw_WoS_DE_term_no_synonym_merge
miR-210,6,raw_WoS_DE_term_no_synonym_merge
mRNA,6,raw_WoS_DE_term_no_synonym_merge
Multiple sclerosis,6,raw_WoS_DE_term_no_synonym_merge
Nasopharyngeal carcinoma,6,raw_WoS_DE_term_no_synonym_merge
NLRP3,6,raw_WoS_DE_term_no_synonym_merge
paracrine,6,raw_WoS_DE_term_no_synonym_merge
Pericyte,6,raw_WoS_DE_term_no_synonym_merge
Platelets,6,raw_WoS_DE_term_no_synonym_merge
premetastatic niche,6,raw_WoS_DE_term_no_synonym_merge
Premetastatic niche,6,raw_WoS_DE_term_no_synonym_merge
Prognosis,6,raw_WoS_DE_term_no_synonym_merge
prostate cancer,6,raw_WoS_DE_term_no_synonym_merge
proteomic analysis,6,raw_WoS_DE_term_no_synonym_merge
reperfusion,6,raw_WoS_DE_term_no_synonym_merge
Rheumatoid arthritis,6,raw_WoS_DE_term_no_synonym_merge
Schwann cells,6,raw_WoS_DE_term_no_synonym_merge
signal transduction,6,raw_WoS_DE_term_no_synonym_merge
signaling pathway,6,raw_WoS_DE_term_no_synonym_merge
siRNA,6,raw_WoS_DE_term_no_synonym_merge
skin,6,raw_WoS_DE_term_no_synonym_merge
smooth muscle cells,6,raw_WoS_DE_term_no_synonym_merge
STAT3,6,raw_WoS_DE_term_no_synonym_merge
Targeted therapy,6,raw_WoS_DE_term_no_synonym_merge
Therapeutics,6,raw_WoS_DE_term_no_synonym_merge
Tissue factor,6,raw_WoS_DE_term_no_synonym_merge
tissue repair,6,raw_WoS_DE_term_no_synonym_merge
TNF-alpha,6,raw_WoS_DE_term_no_synonym_merge
transcytosis,6,raw_WoS_DE_term_no_synonym_merge
trophoblast,6,raw_WoS_DE_term_no_synonym_merge
Tumor metastasis,6,raw_WoS_DE_term_no_synonym_merge
Vascular calcification,6,raw_WoS_DE_term_no_synonym_merge
vascular endothelial cells,6,raw_WoS_DE_term_no_synonym_merge
vascular inflammation,6,raw_WoS_DE_term_no_synonym_merge
vascular injury,6,raw_WoS_DE_term_no_synonym_merge
Vascular permeability,6,raw_WoS_DE_term_no_synonym_merge
wound repair,6,raw_WoS_DE_term_no_synonym_merge
3D bioprinting,5,raw_WoS_DE_term_no_synonym_merge
adipocytes,5,raw_WoS_DE_term_no_synonym_merge
ADSC,5,raw_WoS_DE_term_no_synonym_merge
Akt,5,raw_WoS_DE_term_no_synonym_merge
AKT,5,raw_WoS_DE_term_no_synonym_merge
Amyloid beta,5,raw_WoS_DE_term_no_synonym_merge
Anti-inflammatory,5,raw_WoS_DE_term_no_synonym_merge
antiphospholipid antibodies,5,raw_WoS_DE_term_no_synonym_merge
Apoptotic bodies,5,raw_WoS_DE_term_no_synonym_merge
apoptotic extracellular vesicles,5,raw_WoS_DE_term_no_synonym_merge
atrial fibrillation,5,raw_WoS_DE_term_no_synonym_merge
bioengineering,5,raw_WoS_DE_term_no_synonym_merge
bladder cancer,5,raw_WoS_DE_term_no_synonym_merge
Blood brain barrier,5,raw_WoS_DE_term_no_synonym_merge
blood pressure,5,raw_WoS_DE_term_no_synonym_merge
Bone marrow,5,raw_WoS_DE_term_no_synonym_merge
bone marrow,5,raw_WoS_DE_term_no_synonym_merge
Bone tissue engineering,5,raw_WoS_DE_term_no_synonym_merge
brain endothelial cells,5,raw_WoS_DE_term_no_synonym_merge
Brain endothelial cells,5,raw_WoS_DE_term_no_synonym_merge
brain tumors,5,raw_WoS_DE_term_no_synonym_merge
bronchopulmonary dysplasia,5,raw_WoS_DE_term_no_synonym_merge
CAFs,5,raw_WoS_DE_term_no_synonym_merge
cardiac fibrosis,5,raw_WoS_DE_term_no_synonym_merge
Cardiomyocyte,5,raw_WoS_DE_term_no_synonym_merge
cell communication,5,raw_WoS_DE_term_no_synonym_merge
cell migration,5,raw_WoS_DE_term_no_synonym_merge
cell-derived microparticles,5,raw_WoS_DE_term_no_synonym_merge
cell-free therapy,5,raw_WoS_DE_term_no_synonym_merge
Cell-to-cell communication,5,raw_WoS_DE_term_no_synonym_merge
cellular crosstalk,5,raw_WoS_DE_term_no_synonym_merge
central nervous system,5,raw_WoS_DE_term_no_synonym_merge
Cerebral ischemia,5,raw_WoS_DE_term_no_synonym_merge
Cervical cancer,5,raw_WoS_DE_term_no_synonym_merge
chemokines,5,raw_WoS_DE_term_no_synonym_merge
CircRNA,5,raw_WoS_DE_term_no_synonym_merge
circulating tumor cells,5,raw_WoS_DE_term_no_synonym_merge
CKD,5,raw_WoS_DE_term_no_synonym_merge
corneal endothelial cells,5,raw_WoS_DE_term_no_synonym_merge
Coronary artery disease,5,raw_WoS_DE_term_no_synonym_merge
Coronary heart disease,5,raw_WoS_DE_term_no_synonym_merge
curcumin,5,raw_WoS_DE_term_no_synonym_merge
dendritic cells,5,raw_WoS_DE_term_no_synonym_merge
Dental pulp stem cells,5,raw_WoS_DE_term_no_synonym_merge
dental pulp stem cells,5,raw_WoS_DE_term_no_synonym_merge
diabetic foot ulcer,5,raw_WoS_DE_term_no_synonym_merge
Differentiation,5,raw_WoS_DE_term_no_synonym_merge
doxorubicin,5,raw_WoS_DE_term_no_synonym_merge
ectosomes,5,raw_WoS_DE_term_no_synonym_merge
endometriosis,5,raw_WoS_DE_term_no_synonym_merge
Endothelial function,5,raw_WoS_DE_term_no_synonym_merge
EPC,5,raw_WoS_DE_term_no_synonym_merge
EPC-EXs,5,raw_WoS_DE_term_no_synonym_merge
ER stress,5,raw_WoS_DE_term_no_synonym_merge
erectile dysfunction,5,raw_WoS_DE_term_no_synonym_merge
ESCC,5,raw_WoS_DE_term_no_synonym_merge
esophageal squamous cell carcinoma,5,raw_WoS_DE_term_no_synonym_merge
Fibroblast,5,raw_WoS_DE_term_no_synonym_merge
gene therapy,5,raw_WoS_DE_term_no_synonym_merge
Gestational diabetes mellitus,5,raw_WoS_DE_term_no_synonym_merge
glioma stem cells,5,raw_WoS_DE_term_no_synonym_merge
glomerular endothelial cells,5,raw_WoS_DE_term_no_synonym_merge
high glucose,5,raw_WoS_DE_term_no_synonym_merge
Hyperglycemia,5,raw_WoS_DE_term_no_synonym_merge
hyperglycemia,5,raw_WoS_DE_term_no_synonym_merge
IL-6,5,raw_WoS_DE_term_no_synonym_merge
immune system,5,raw_WoS_DE_term_no_synonym_merge
immunology,5,raw_WoS_DE_term_no_synonym_merge
Immunotherapy,5,raw_WoS_DE_term_no_synonym_merge
infection,5,raw_WoS_DE_term_no_synonym_merge
inflammasome,5,raw_WoS_DE_term_no_synonym_merge
Invasion,5,raw_WoS_DE_term_no_synonym_merge
kidney,5,raw_WoS_DE_term_no_synonym_merge
lipidomics,5,raw_WoS_DE_term_no_synonym_merge
Liver fibrosis,5,raw_WoS_DE_term_no_synonym_merge
long non-coding RNA,5,raw_WoS_DE_term_no_synonym_merge
lung injury,5,raw_WoS_DE_term_no_synonym_merge
Lymphangiogenesis,5,raw_WoS_DE_term_no_synonym_merge
M2 macrophages,5,raw_WoS_DE_term_no_synonym_merge
Metabolism,5,raw_WoS_DE_term_no_synonym_merge
Microparticle,5,raw_WoS_DE_term_no_synonym_merge
microRNA-126,5,raw_WoS_DE_term_no_synonym_merge
miR,5,raw_WoS_DE_term_no_synonym_merge
miR-100-5p,5,raw_WoS_DE_term_no_synonym_merge
miR-126-3p,5,raw_WoS_DE_term_no_synonym_merge
mitophagy,5,raw_WoS_DE_term_no_synonym_merge
Monocytes,5,raw_WoS_DE_term_no_synonym_merge
mTOR,5,raw_WoS_DE_term_no_synonym_merge
multiple sclerosis,5,raw_WoS_DE_term_no_synonym_merge
myocytes,5,raw_WoS_DE_term_no_synonym_merge
NASH,5,raw_WoS_DE_term_no_synonym_merge
Neointimal hyperplasia,5,raw_WoS_DE_term_no_synonym_merge
Neuroprotection,5,raw_WoS_DE_term_no_synonym_merge
Neutrophil,5,raw_WoS_DE_term_no_synonym_merge
neutrophil extracellular traps,5,raw_WoS_DE_term_no_synonym_merge
oncogenes,5,raw_WoS_DE_term_no_synonym_merge
osteoarthritis,5,raw_WoS_DE_term_no_synonym_merge
P-glycoprotein,5,raw_WoS_DE_term_no_synonym_merge
Parkinson's disease,5,raw_WoS_DE_term_no_synonym_merge
phagocytosis,5,raw_WoS_DE_term_no_synonym_merge
phosphatidylserine,5,raw_WoS_DE_term_no_synonym_merge
Phosphatidylserine,5,raw_WoS_DE_term_no_synonym_merge
Phosphorylation,5,raw_WoS_DE_term_no_synonym_merge
PM2.5,5,raw_WoS_DE_term_no_synonym_merge
proteins,5,raw_WoS_DE_term_no_synonym_merge
proteome,5,raw_WoS_DE_term_no_synonym_merge
reoxygenation,5,raw_WoS_DE_term_no_synonym_merge
resistance,5,raw_WoS_DE_term_no_synonym_merge
review,5,raw_WoS_DE_term_no_synonym_merge
RNA sequencing,5,raw_WoS_DE_term_no_synonym_merge
s disease,5,raw_WoS_DE_term_no_synonym_merge
secretion,5,raw_WoS_DE_term_no_synonym_merge
Signaling,5,raw_WoS_DE_term_no_synonym_merge
skin regeneration,5,raw_WoS_DE_term_no_synonym_merge
skin wound healing,5,raw_WoS_DE_term_no_synonym_merge
small extracellular vesicles (sEVs),5,raw_WoS_DE_term_no_synonym_merge
STAT1,5,raw_WoS_DE_term_no_synonym_merge
Stem,5,raw_WoS_DE_term_no_synonym_merge
targeting,5,raw_WoS_DE_term_no_synonym_merge
Telocytes,5,raw_WoS_DE_term_no_synonym_merge
telocytes,5,raw_WoS_DE_term_no_synonym_merge
Therapeutic targets,5,raw_WoS_DE_term_no_synonym_merge
Tissue repair,5,raw_WoS_DE_term_no_synonym_merge
TLR4,5,raw_WoS_DE_term_no_synonym_merge
trauma,5,raw_WoS_DE_term_no_synonym_merge
tube formation,5,raw_WoS_DE_term_no_synonym_merge
Tumor angiogenesis,5,raw_WoS_DE_term_no_synonym_merge
tumor cells,5,raw_WoS_DE_term_no_synonym_merge
tumor progression,5,raw_WoS_DE_term_no_synonym_merge
type 2 diabetes,5,raw_WoS_DE_term_no_synonym_merge
type 2 diabetes mellitus,5,raw_WoS_DE_term_no_synonym_merge
uptake,5,raw_WoS_DE_term_no_synonym_merge
vasculogenesis,5,raw_WoS_DE_term_no_synonym_merge
vasodilation,5,raw_WoS_DE_term_no_synonym_merge
VEGF-C,5,raw_WoS_DE_term_no_synonym_merge
venous thrombosis,5,raw_WoS_DE_term_no_synonym_merge
Vesicles,5,raw_WoS_DE_term_no_synonym_merge
von Willebrand factor,5,raw_WoS_DE_term_no_synonym_merge
YAP1,5,raw_WoS_DE_term_no_synonym_merge
zebrafish,5,raw_WoS_DE_term_no_synonym_merge
Adipocyte,4,raw_WoS_DE_term_no_synonym_merge
AMPK,4,raw_WoS_DE_term_no_synonym_merge
annexin A1,4,raw_WoS_DE_term_no_synonym_merge
annexin V,4,raw_WoS_DE_term_no_synonym_merge
anti-angiogenesis,4,raw_WoS_DE_term_no_synonym_merge
antioxidants,4,raw_WoS_DE_term_no_synonym_merge
Antiphospholipid antibodies,4,raw_WoS_DE_term_no_synonym_merge
arterial stiffness,4,raw_WoS_DE_term_no_synonym_merge
Atherogenesis,4,raw_WoS_DE_term_no_synonym_merge
Autoimmunity,4,raw_WoS_DE_term_no_synonym_merge
bevacizumab,4,raw_WoS_DE_term_no_synonym_merge
Biodistribution,4,raw_WoS_DE_term_no_synonym_merge
Biomaterials,4,raw_WoS_DE_term_no_synonym_merge
biomimicry,4,raw_WoS_DE_term_no_synonym_merge
blood vessels,4,raw_WoS_DE_term_no_synonym_merge
bone,4,raw_WoS_DE_term_no_synonym_merge
Bone marrow-derived mesenchymal stem cells,4,raw_WoS_DE_term_no_synonym_merge
Bronchopulmonary dysplasia,4,raw_WoS_DE_term_no_synonym_merge
Calcification,4,raw_WoS_DE_term_no_synonym_merge
calcium,4,raw_WoS_DE_term_no_synonym_merge
cancer associated fibroblasts,4,raw_WoS_DE_term_no_synonym_merge
cancer cells,4,raw_WoS_DE_term_no_synonym_merge
Cancer progression,4,raw_WoS_DE_term_no_synonym_merge
cancer-associated fibroblast,4,raw_WoS_DE_term_no_synonym_merge
cardiac remodeling,4,raw_WoS_DE_term_no_synonym_merge
Cardiac repair,4,raw_WoS_DE_term_no_synonym_merge
cardiovascular,4,raw_WoS_DE_term_no_synonym_merge
cargo,4,raw_WoS_DE_term_no_synonym_merge
CD147,4,raw_WoS_DE_term_no_synonym_merge
CD34,4,raw_WoS_DE_term_no_synonym_merge
CD36,4,raw_WoS_DE_term_no_synonym_merge
CD44,4,raw_WoS_DE_term_no_synonym_merge
cell culture,4,raw_WoS_DE_term_no_synonym_merge
Cell proliferation,4,raw_WoS_DE_term_no_synonym_merge
Cell-cell communication,4,raw_WoS_DE_term_no_synonym_merge
Ceramide,4,raw_WoS_DE_term_no_synonym_merge
cerebral ischemia,4,raw_WoS_DE_term_no_synonym_merge
ceRNA,4,raw_WoS_DE_term_no_synonym_merge
chronic liver disease,4,raw_WoS_DE_term_no_synonym_merge
chronic wounds,4,raw_WoS_DE_term_no_synonym_merge
Circulating tumor cells,4,raw_WoS_DE_term_no_synonym_merge
Circulation,4,raw_WoS_DE_term_no_synonym_merge
CNS,4,raw_WoS_DE_term_no_synonym_merge
Conditioned medium,4,raw_WoS_DE_term_no_synonym_merge
Cornea,4,raw_WoS_DE_term_no_synonym_merge
critical limb ischemia,4,raw_WoS_DE_term_no_synonym_merge
cross-talk,4,raw_WoS_DE_term_no_synonym_merge
Cytokine,4,raw_WoS_DE_term_no_synonym_merge
Cytokines,4,raw_WoS_DE_term_no_synonym_merge
Deep vein thrombosis,4,raw_WoS_DE_term_no_synonym_merge
Diabetic foot ulcer,4,raw_WoS_DE_term_no_synonym_merge
Diabetic nephropathy,4,raw_WoS_DE_term_no_synonym_merge
diabetic wounds,4,raw_WoS_DE_term_no_synonym_merge
Diabetic wounds,4,raw_WoS_DE_term_no_synonym_merge
disseminated intravascular coagulation,4,raw_WoS_DE_term_no_synonym_merge
DNA methylation,4,raw_WoS_DE_term_no_synonym_merge
Drug delivery systems,4,raw_WoS_DE_term_no_synonym_merge
ectosome,4,raw_WoS_DE_term_no_synonym_merge
endoplasmic reticulum stress,4,raw_WoS_DE_term_no_synonym_merge
endothelial barrier dysfunction,4,raw_WoS_DE_term_no_synonym_merge
endothelial cells (ECs),4,raw_WoS_DE_term_no_synonym_merge
endothelial damage,4,raw_WoS_DE_term_no_synonym_merge
endothelial inflammation,4,raw_WoS_DE_term_no_synonym_merge
endothelial microparticles,4,raw_WoS_DE_term_no_synonym_merge
endothelial permeability,4,raw_WoS_DE_term_no_synonym_merge
endothelial senescence,4,raw_WoS_DE_term_no_synonym_merge
Endothelial-to-mesenchymal transition,4,raw_WoS_DE_term_no_synonym_merge
energy metabolism,4,raw_WoS_DE_term_no_synonym_merge
Epithelial-mesenchymal transition,4,raw_WoS_DE_term_no_synonym_merge
Erectile dysfunction,4,raw_WoS_DE_term_no_synonym_merge
factor VIIa,4,raw_WoS_DE_term_no_synonym_merge
Function,4,raw_WoS_DE_term_no_synonym_merge
GelMA,4,raw_WoS_DE_term_no_synonym_merge
Gene delivery,4,raw_WoS_DE_term_no_synonym_merge
gene regulation,4,raw_WoS_DE_term_no_synonym_merge
glycolysis,4,raw_WoS_DE_term_no_synonym_merge
Glycolysis,4,raw_WoS_DE_term_no_synonym_merge
glycosylation,4,raw_WoS_DE_term_no_synonym_merge
Hemorrhagic shock,4,raw_WoS_DE_term_no_synonym_merge
hepatic stellate cell,4,raw_WoS_DE_term_no_synonym_merge
high blood pressure,4,raw_WoS_DE_term_no_synonym_merge
HOTAIR,4,raw_WoS_DE_term_no_synonym_merge
HSP70,4,raw_WoS_DE_term_no_synonym_merge
hydrogels,4,raw_WoS_DE_term_no_synonym_merge
Immune microenvironment,4,raw_WoS_DE_term_no_synonym_merge
immune response,4,raw_WoS_DE_term_no_synonym_merge
Immune response,4,raw_WoS_DE_term_no_synonym_merge
Immunity,4,raw_WoS_DE_term_no_synonym_merge
Immunosuppression,4,raw_WoS_DE_term_no_synonym_merge
immunothrombosis,4,raw_WoS_DE_term_no_synonym_merge
interleukin-10,4,raw_WoS_DE_term_no_synonym_merge
intermittent hypoxia,4,raw_WoS_DE_term_no_synonym_merge
Ionizing radiation,4,raw_WoS_DE_term_no_synonym_merge
Kidney,4,raw_WoS_DE_term_no_synonym_merge
lactadherin,4,raw_WoS_DE_term_no_synonym_merge
LncRNA,4,raw_WoS_DE_term_no_synonym_merge
LPS,4,raw_WoS_DE_term_no_synonym_merge
lung adenocarcinoma,4,raw_WoS_DE_term_no_synonym_merge
lupus nephritis,4,raw_WoS_DE_term_no_synonym_merge
lysosome,4,raw_WoS_DE_term_no_synonym_merge
MALAT1,4,raw_WoS_DE_term_no_synonym_merge
Mechanisms,4,raw_WoS_DE_term_no_synonym_merge
Membrane vesicles,4,raw_WoS_DE_term_no_synonym_merge
Mesenchymal,4,raw_WoS_DE_term_no_synonym_merge
mesenchymal stem cells (MSCs),4,raw_WoS_DE_term_no_synonym_merge
mice,4,raw_WoS_DE_term_no_synonym_merge
microparticles (MPs),4,raw_WoS_DE_term_no_synonym_merge
microRNA&#8208,4,raw_WoS_DE_term_no_synonym_merge
microvascular endothelial cells,4,raw_WoS_DE_term_no_synonym_merge
miR-125a-5p,4,raw_WoS_DE_term_no_synonym_merge
miR-17-5p,4,raw_WoS_DE_term_no_synonym_merge
miR-199a-5p,4,raw_WoS_DE_term_no_synonym_merge
miR-21-3p,4,raw_WoS_DE_term_no_synonym_merge
miR-214-3p,4,raw_WoS_DE_term_no_synonym_merge
miR-27a,4,raw_WoS_DE_term_no_synonym_merge
miR-486-5p,4,raw_WoS_DE_term_no_synonym_merge
MiRNAs,4,raw_WoS_DE_term_no_synonym_merge
MMP2,4,raw_WoS_DE_term_no_synonym_merge
mortality,4,raw_WoS_DE_term_no_synonym_merge
multi-omics,4,raw_WoS_DE_term_no_synonym_merge
multivesicular bodies,4,raw_WoS_DE_term_no_synonym_merge
Myofibroblast,4,raw_WoS_DE_term_no_synonym_merge
ncRNAs,4,raw_WoS_DE_term_no_synonym_merge
Neovascularization,4,raw_WoS_DE_term_no_synonym_merge
neurodegenerative diseases,4,raw_WoS_DE_term_no_synonym_merge
neuron,4,raw_WoS_DE_term_no_synonym_merge
neurons,4,raw_WoS_DE_term_no_synonym_merge
Neutrophils,4,raw_WoS_DE_term_no_synonym_merge
Non-coding RNA,4,raw_WoS_DE_term_no_synonym_merge
non-coding RNAs,4,raw_WoS_DE_term_no_synonym_merge
Non-coding RNAs,4,raw_WoS_DE_term_no_synonym_merge
noncoding RNA,4,raw_WoS_DE_term_no_synonym_merge
Noncoding RNAs,4,raw_WoS_DE_term_no_synonym_merge
oral cancer,4,raw_WoS_DE_term_no_synonym_merge
oral squamous cell carcinoma,4,raw_WoS_DE_term_no_synonym_merge
OSA,4,raw_WoS_DE_term_no_synonym_merge
osteoblast,4,raw_WoS_DE_term_no_synonym_merge
osteoclast,4,raw_WoS_DE_term_no_synonym_merge
osteoclasts,4,raw_WoS_DE_term_no_synonym_merge
Osteonecrosis of the femoral head,4,raw_WoS_DE_term_no_synonym_merge
Oxygen-glucose deprivation,4,raw_WoS_DE_term_no_synonym_merge
peptides,4,raw_WoS_DE_term_no_synonym_merge
permeability,4,raw_WoS_DE_term_no_synonym_merge
physical activity,4,raw_WoS_DE_term_no_synonym_merge
physiology,4,raw_WoS_DE_term_no_synonym_merge
Plasma,4,raw_WoS_DE_term_no_synonym_merge
Plasma exosomes,4,raw_WoS_DE_term_no_synonym_merge
platelet-derived exosomes,4,raw_WoS_DE_term_no_synonym_merge
Pre-metastatic niche,4,raw_WoS_DE_term_no_synonym_merge
progenitor cell,4,raw_WoS_DE_term_no_synonym_merge
Progenitor cells,4,raw_WoS_DE_term_no_synonym_merge
Prostate cancer,4,raw_WoS_DE_term_no_synonym_merge
Radiotherapy,4,raw_WoS_DE_term_no_synonym_merge
radiotherapy,4,raw_WoS_DE_term_no_synonym_merge
Reactive oxygen species,4,raw_WoS_DE_term_no_synonym_merge
receptor-mediated transcytosis,4,raw_WoS_DE_term_no_synonym_merge
Reendothelialization,4,raw_WoS_DE_term_no_synonym_merge
Renal cell carcinoma,4,raw_WoS_DE_term_no_synonym_merge
Restenosis,4,raw_WoS_DE_term_no_synonym_merge
revascularization,4,raw_WoS_DE_term_no_synonym_merge
Review,4,raw_WoS_DE_term_no_synonym_merge
RNA-seq,4,raw_WoS_DE_term_no_synonym_merge
septic shock,4,raw_WoS_DE_term_no_synonym_merge
serum,4,raw_WoS_DE_term_no_synonym_merge
sEVs,4,raw_WoS_DE_term_no_synonym_merge
shear stress,4,raw_WoS_DE_term_no_synonym_merge
Single-cell RNA sequencing,4,raw_WoS_DE_term_no_synonym_merge
smooth muscle,4,raw_WoS_DE_term_no_synonym_merge
SP1,4,raw_WoS_DE_term_no_synonym_merge
stem cell transplantation,4,raw_WoS_DE_term_no_synonym_merge
Stemness,4,raw_WoS_DE_term_no_synonym_merge
systems biology,4,raw_WoS_DE_term_no_synonym_merge
T cells,4,raw_WoS_DE_term_no_synonym_merge
Targeting,4,raw_WoS_DE_term_no_synonym_merge
theranostics,4,raw_WoS_DE_term_no_synonym_merge
therapeutic agents,4,raw_WoS_DE_term_no_synonym_merge
therapeutic potential,4,raw_WoS_DE_term_no_synonym_merge
Thrombin generation,4,raw_WoS_DE_term_no_synonym_merge
thrombogenicity,4,raw_WoS_DE_term_no_synonym_merge
Tight junctions,4,raw_WoS_DE_term_no_synonym_merge
TME,4,raw_WoS_DE_term_no_synonym_merge
transcriptome,4,raw_WoS_DE_term_no_synonym_merge
transmission electron microscopy,4,raw_WoS_DE_term_no_synonym_merge
Transplantation,4,raw_WoS_DE_term_no_synonym_merge
transplantation,4,raw_WoS_DE_term_no_synonym_merge
Treponema pallidum,4,raw_WoS_DE_term_no_synonym_merge
Trophoblast,4,raw_WoS_DE_term_no_synonym_merge
trophoblast cells,4,raw_WoS_DE_term_no_synonym_merge
tumor-derived exosomes,4,raw_WoS_DE_term_no_synonym_merge
vascular damage,4,raw_WoS_DE_term_no_synonym_merge
Vascular endothelial cells,4,raw_WoS_DE_term_no_synonym_merge
vascular repair,4,raw_WoS_DE_term_no_synonym_merge
vascular smooth muscle cell,4,raw_WoS_DE_term_no_synonym_merge
VEGFR2,4,raw_WoS_DE_term_no_synonym_merge
vesicles,4,raw_WoS_DE_term_no_synonym_merge
Wnt5a,4,raw_WoS_DE_term_no_synonym_merge
3D printing,3,raw_WoS_DE_term_no_synonym_merge
actin,3,raw_WoS_DE_term_no_synonym_merge
acute ischemic stroke,3,raw_WoS_DE_term_no_synonym_merge
acute liver injury,3,raw_WoS_DE_term_no_synonym_merge
Adenosine,3,raw_WoS_DE_term_no_synonym_merge
adenosine,3,raw_WoS_DE_term_no_synonym_merge
adipogenesis,3,raw_WoS_DE_term_no_synonym_merge
adiponectin,3,raw_WoS_DE_term_no_synonym_merge
Adipose stem cell,3,raw_WoS_DE_term_no_synonym_merge
Adipose stem cells,3,raw_WoS_DE_term_no_synonym_merge
Adipose tissue,3,raw_WoS_DE_term_no_synonym_merge
adipose-derived stem cell,3,raw_WoS_DE_term_no_synonym_merge
Adipose-derived stem cell,3,raw_WoS_DE_term_no_synonym_merge
ADSCs,3,raw_WoS_DE_term_no_synonym_merge
AKI,3,raw_WoS_DE_term_no_synonym_merge
Akt signaling pathway,3,raw_WoS_DE_term_no_synonym_merge
alcohol,3,raw_WoS_DE_term_no_synonym_merge
ALI/ARDS,3,raw_WoS_DE_term_no_synonym_merge
AMI,3,raw_WoS_DE_term_no_synonym_merge
anti-inflammation,3,raw_WoS_DE_term_no_synonym_merge
Anti-inflammation,3,raw_WoS_DE_term_no_synonym_merge
antihypertensive peptides,3,raw_WoS_DE_term_no_synonym_merge
Antiphospholipid syndrome,3,raw_WoS_DE_term_no_synonym_merge
Apoptotic body,3,raw_WoS_DE_term_no_synonym_merge
ARDS,3,raw_WoS_DE_term_no_synonym_merge
Astragaloside IV,3,raw_WoS_DE_term_no_synonym_merge
autoimmunity,3,raw_WoS_DE_term_no_synonym_merge
biodistribution,3,raw_WoS_DE_term_no_synonym_merge
bioinformatics,3,raw_WoS_DE_term_no_synonym_merge
bioinformatics analysis,3,raw_WoS_DE_term_no_synonym_merge
biomimetic,3,raw_WoS_DE_term_no_synonym_merge
biomimetic nanoparticles,3,raw_WoS_DE_term_no_synonym_merge
Bioprocessing,3,raw_WoS_DE_term_no_synonym_merge
Bladder cancer,3,raw_WoS_DE_term_no_synonym_merge
BMPR2,3,raw_WoS_DE_term_no_synonym_merge
Bone,3,raw_WoS_DE_term_no_synonym_merge
Bone marrow stromal cells,3,raw_WoS_DE_term_no_synonym_merge
Bone repair,3,raw_WoS_DE_term_no_synonym_merge
bone targeting,3,raw_WoS_DE_term_no_synonym_merge
bone tissue engineering,3,raw_WoS_DE_term_no_synonym_merge
brain barrier,3,raw_WoS_DE_term_no_synonym_merge
brain injury,3,raw_WoS_DE_term_no_synonym_merge
brain ischemia,3,raw_WoS_DE_term_no_synonym_merge
Brain microvascular endothelial cells,3,raw_WoS_DE_term_no_synonym_merge
CAD,3,raw_WoS_DE_term_no_synonym_merge
Cancer diagnosis,3,raw_WoS_DE_term_no_synonym_merge
cancer-associated thrombosis,3,raw_WoS_DE_term_no_synonym_merge
cardiac fibroblasts,3,raw_WoS_DE_term_no_synonym_merge
Cardiac function,3,raw_WoS_DE_term_no_synonym_merge
cardiac progenitor cells,3,raw_WoS_DE_term_no_synonym_merge
Cardiac regeneration,3,raw_WoS_DE_term_no_synonym_merge
cardiac tissue engineering,3,raw_WoS_DE_term_no_synonym_merge
cardio-oncology,3,raw_WoS_DE_term_no_synonym_merge
Cardiovascular,3,raw_WoS_DE_term_no_synonym_merge
caveolae,3,raw_WoS_DE_term_no_synonym_merge
Caveolin-1,3,raw_WoS_DE_term_no_synonym_merge
CD47,3,raw_WoS_DE_term_no_synonym_merge
CD63,3,raw_WoS_DE_term_no_synonym_merge
CD9,3,raw_WoS_DE_term_no_synonym_merge
cell adhesion,3,raw_WoS_DE_term_no_synonym_merge
Cell biology,3,raw_WoS_DE_term_no_synonym_merge
cell cycle,3,raw_WoS_DE_term_no_synonym_merge
Cell death,3,raw_WoS_DE_term_no_synonym_merge
cell death,3,raw_WoS_DE_term_no_synonym_merge
Cell signaling,3,raw_WoS_DE_term_no_synonym_merge
cell transplantation,3,raw_WoS_DE_term_no_synonym_merge
cell viability,3,raw_WoS_DE_term_no_synonym_merge
cell-based therapy,3,raw_WoS_DE_term_no_synonym_merge
Cell-free therapy,3,raw_WoS_DE_term_no_synonym_merge
ceramide,3,raw_WoS_DE_term_no_synonym_merge
cerebral microvascular endothelial cells,3,raw_WoS_DE_term_no_synonym_merge
Chemoresistance,3,raw_WoS_DE_term_no_synonym_merge
cholangiocarcinoma,3,raw_WoS_DE_term_no_synonym_merge
chronic obstructive pulmonary disease,3,raw_WoS_DE_term_no_synonym_merge
CircRNAs,3,raw_WoS_DE_term_no_synonym_merge
Circular RNA,3,raw_WoS_DE_term_no_synonym_merge
circulating exosomes,3,raw_WoS_DE_term_no_synonym_merge
CML,3,raw_WoS_DE_term_no_synonym_merge
Co-culture,3,raw_WoS_DE_term_no_synonym_merge
collagen,3,raw_WoS_DE_term_no_synonym_merge
colon cancer,3,raw_WoS_DE_term_no_synonym_merge
communication,3,raw_WoS_DE_term_no_synonym_merge
complement system,3,raw_WoS_DE_term_no_synonym_merge
connexin 43,3,raw_WoS_DE_term_no_synonym_merge
Controlled release,3,raw_WoS_DE_term_no_synonym_merge
COPD,3,raw_WoS_DE_term_no_synonym_merge
corneal endothelium,3,raw_WoS_DE_term_no_synonym_merge
coronavirus,3,raw_WoS_DE_term_no_synonym_merge
CRISPR,3,raw_WoS_DE_term_no_synonym_merge
Cryptococcus,3,raw_WoS_DE_term_no_synonym_merge
CTCs,3,raw_WoS_DE_term_no_synonym_merge
CVD,3,raw_WoS_DE_term_no_synonym_merge
cytomegalovirus,3,raw_WoS_DE_term_no_synonym_merge
cytoskeleton,3,raw_WoS_DE_term_no_synonym_merge
delivery,3,raw_WoS_DE_term_no_synonym_merge
Diabetic cardiomyopathy,3,raw_WoS_DE_term_no_synonym_merge
diabetic cardiomyopathy,3,raw_WoS_DE_term_no_synonym_merge
Diabetic foot ulcers,3,raw_WoS_DE_term_no_synonym_merge
diabetic kidney disease,3,raw_WoS_DE_term_no_synonym_merge
diabetic neuropathy,3,raw_WoS_DE_term_no_synonym_merge
Diagnostics,3,raw_WoS_DE_term_no_synonym_merge
disease,3,raw_WoS_DE_term_no_synonym_merge
drug delivery system,3,raw_WoS_DE_term_no_synonym_merge
Drug delivery system,3,raw_WoS_DE_term_no_synonym_merge
Ectosomes,3,raw_WoS_DE_term_no_synonym_merge
EndoMT,3,raw_WoS_DE_term_no_synonym_merge
Endoplasmic reticulum stress,3,raw_WoS_DE_term_no_synonym_merge
Endothelial,3,raw_WoS_DE_term_no_synonym_merge
endothelial activation,3,raw_WoS_DE_term_no_synonym_merge
endothelial cell dysfunction,3,raw_WoS_DE_term_no_synonym_merge
Endothelial microparticles,3,raw_WoS_DE_term_no_synonym_merge
endothelial progenitor cells (EPCs),3,raw_WoS_DE_term_no_synonym_merge
Endothelial progenitor cells (EPCs),3,raw_WoS_DE_term_no_synonym_merge
Endothelial senescence,3,raw_WoS_DE_term_no_synonym_merge
Endothelial-mesenchymal transition,3,raw_WoS_DE_term_no_synonym_merge
endothelial-mesenchymal transition,3,raw_WoS_DE_term_no_synonym_merge
endothelialization,3,raw_WoS_DE_term_no_synonym_merge
Endothelialization,3,raw_WoS_DE_term_no_synonym_merge
endothelin-1,3,raw_WoS_DE_term_no_synonym_merge
eNOS,3,raw_WoS_DE_term_no_synonym_merge
EPC-derived exosomes,3,raw_WoS_DE_term_no_synonym_merge
Epigenetics,3,raw_WoS_DE_term_no_synonym_merge
Epithelial cells,3,raw_WoS_DE_term_no_synonym_merge
epithelial-mesenchymal transition,3,raw_WoS_DE_term_no_synonym_merge
EV engineering,3,raw_WoS_DE_term_no_synonym_merge
Exosomal miRNA,3,raw_WoS_DE_term_no_synonym_merge
Exosome-mimetics,3,raw_WoS_DE_term_no_synonym_merge
extracellular vesicle (EV),3,raw_WoS_DE_term_no_synonym_merge
extravasation,3,raw_WoS_DE_term_no_synonym_merge
fibronectin,3,raw_WoS_DE_term_no_synonym_merge
Flow cytometry,3,raw_WoS_DE_term_no_synonym_merge
fluidic AFM,3,raw_WoS_DE_term_no_synonym_merge
FOXO1,3,raw_WoS_DE_term_no_synonym_merge
Fracture healing,3,raw_WoS_DE_term_no_synonym_merge
GelMA hydrogel,3,raw_WoS_DE_term_no_synonym_merge
genetic engineering,3,raw_WoS_DE_term_no_synonym_merge
Gestational diabetes,3,raw_WoS_DE_term_no_synonym_merge
glomerulonephritis,3,raw_WoS_DE_term_no_synonym_merge
Glucocorticoids,3,raw_WoS_DE_term_no_synonym_merge
glutathione,3,raw_WoS_DE_term_no_synonym_merge
H19,3,raw_WoS_DE_term_no_synonym_merge
Haemostasis,3,raw_WoS_DE_term_no_synonym_merge
Healing,3,raw_WoS_DE_term_no_synonym_merge
heart disease,3,raw_WoS_DE_term_no_synonym_merge
hematopoietic stem cells,3,raw_WoS_DE_term_no_synonym_merge
hepatic fibrosis,3,raw_WoS_DE_term_no_synonym_merge
hepatic stellate cells,3,raw_WoS_DE_term_no_synonym_merge
Hepatic stellate cells,3,raw_WoS_DE_term_no_synonym_merge
hepatocyte,3,raw_WoS_DE_term_no_synonym_merge
Hindlimb ischemia,3,raw_WoS_DE_term_no_synonym_merge
hindlimb ischemia,3,raw_WoS_DE_term_no_synonym_merge
Human bone marrow mesenchymal stem cells,3,raw_WoS_DE_term_no_synonym_merge
Human brain microvascular endothelial cells,3,raw_WoS_DE_term_no_synonym_merge
Human induced pluripotent stem cells,3,raw_WoS_DE_term_no_synonym_merge
human umbilical cord mesenchymal stem cells,3,raw_WoS_DE_term_no_synonym_merge
Human umbilical vein endothelial cell,3,raw_WoS_DE_term_no_synonym_merge
Hydrogen peroxide,3,raw_WoS_DE_term_no_synonym_merge
Hypoxia-inducible factor,3,raw_WoS_DE_term_no_synonym_merge
Hypoxic,3,raw_WoS_DE_term_no_synonym_merge
Hypoxic exosomes,3,raw_WoS_DE_term_no_synonym_merge
immune cell,3,raw_WoS_DE_term_no_synonym_merge
immune modulation,3,raw_WoS_DE_term_no_synonym_merge
Immune regulation,3,raw_WoS_DE_term_no_synonym_merge
immunity,3,raw_WoS_DE_term_no_synonym_merge
Immunoregulation,3,raw_WoS_DE_term_no_synonym_merge
Induced pluripotent stem cells,3,raw_WoS_DE_term_no_synonym_merge
inflammation resolution,3,raw_WoS_DE_term_no_synonym_merge
Inflammatory bowel disease,3,raw_WoS_DE_term_no_synonym_merge
inflammatory factors,3,raw_WoS_DE_term_no_synonym_merge
Inflammatory response,3,raw_WoS_DE_term_no_synonym_merge
injectable hydrogel,3,raw_WoS_DE_term_no_synonym_merge
Insulin resistance,3,raw_WoS_DE_term_no_synonym_merge
insulin sensitivity,3,raw_WoS_DE_term_no_synonym_merge
integrin,3,raw_WoS_DE_term_no_synonym_merge
integrins,3,raw_WoS_DE_term_no_synonym_merge
Intermittent hypoxia,3,raw_WoS_DE_term_no_synonym_merge
Internalization,3,raw_WoS_DE_term_no_synonym_merge
Intimal hyperplasia,3,raw_WoS_DE_term_no_synonym_merge
Intracerebral hemorrhage,3,raw_WoS_DE_term_no_synonym_merge
invadopodia,3,raw_WoS_DE_term_no_synonym_merge
ischemia-reperfusion,3,raw_WoS_DE_term_no_synonym_merge
isolation,3,raw_WoS_DE_term_no_synonym_merge
Jagged-1,3,raw_WoS_DE_term_no_synonym_merge
keratinocytes,3,raw_WoS_DE_term_no_synonym_merge
Kidney disease,3,raw_WoS_DE_term_no_synonym_merge
kidney transplantation,3,raw_WoS_DE_term_no_synonym_merge
KSHV,3,raw_WoS_DE_term_no_synonym_merge
Kupffer cells,3,raw_WoS_DE_term_no_synonym_merge
leukemia,3,raw_WoS_DE_term_no_synonym_merge
leukocytes,3,raw_WoS_DE_term_no_synonym_merge
lipids,3,raw_WoS_DE_term_no_synonym_merge
lipoproteins,3,raw_WoS_DE_term_no_synonym_merge
liposomes,3,raw_WoS_DE_term_no_synonym_merge
liver cirrhosis,3,raw_WoS_DE_term_no_synonym_merge
liver disease,3,raw_WoS_DE_term_no_synonym_merge
Liver sinusoidal endothelial cells,3,raw_WoS_DE_term_no_synonym_merge
long noncoding RNA,3,raw_WoS_DE_term_no_synonym_merge
long noncoding RNAs,3,raw_WoS_DE_term_no_synonym_merge
lung,3,raw_WoS_DE_term_no_synonym_merge
lymphatic vessels,3,raw_WoS_DE_term_no_synonym_merge
machine learning,3,raw_WoS_DE_term_no_synonym_merge
malaria,3,raw_WoS_DE_term_no_synonym_merge
MAPK pathway,3,raw_WoS_DE_term_no_synonym_merge
mass spectrometry,3,raw_WoS_DE_term_no_synonym_merge
Mechanism,3,raw_WoS_DE_term_no_synonym_merge
mechanotransduction,3,raw_WoS_DE_term_no_synonym_merge
membrane vesicles,3,raw_WoS_DE_term_no_synonym_merge
mesenchymal stem,3,raw_WoS_DE_term_no_synonym_merge
Metabolic disorders,3,raw_WoS_DE_term_no_synonym_merge
metabolomics,3,raw_WoS_DE_term_no_synonym_merge
metastatic niche,3,raw_WoS_DE_term_no_synonym_merge
micro-RNAs,3,raw_WoS_DE_term_no_synonym_merge
microcirculation,3,raw_WoS_DE_term_no_synonym_merge
microfluidics,3,raw_WoS_DE_term_no_synonym_merge
miR-107,3,raw_WoS_DE_term_no_synonym_merge
miR-1246,3,raw_WoS_DE_term_no_synonym_merge
miR-130b-3p,3,raw_WoS_DE_term_no_synonym_merge
miR-132,3,raw_WoS_DE_term_no_synonym_merge
miR-146a-5p,3,raw_WoS_DE_term_no_synonym_merge
miR-182-5p,3,raw_WoS_DE_term_no_synonym_merge
miR-205,3,raw_WoS_DE_term_no_synonym_merge
miR-210-3p,3,raw_WoS_DE_term_no_synonym_merge
miR-221,3,raw_WoS_DE_term_no_synonym_merge
miR-221-3p,3,raw_WoS_DE_term_no_synonym_merge
miR-223,3,raw_WoS_DE_term_no_synonym_merge
miR-223-3p,3,raw_WoS_DE_term_no_synonym_merge
miR-9,3,raw_WoS_DE_term_no_synonym_merge
miR-92a-3p,3,raw_WoS_DE_term_no_synonym_merge
Mitochondrial transfer,3,raw_WoS_DE_term_no_synonym_merge
Mitophagy,3,raw_WoS_DE_term_no_synonym_merge
molecular imaging,3,raw_WoS_DE_term_no_synonym_merge
molecular mechanism,3,raw_WoS_DE_term_no_synonym_merge
Monocyte,3,raw_WoS_DE_term_no_synonym_merge
MT1-MMP,3,raw_WoS_DE_term_no_synonym_merge
muscle-derived stem cells,3,raw_WoS_DE_term_no_synonym_merge
MYC,3,raw_WoS_DE_term_no_synonym_merge
myocardial ischemia-reperfusion injury,3,raw_WoS_DE_term_no_synonym_merge
Myocardial ischemia-reperfusion injury,3,raw_WoS_DE_term_no_synonym_merge
myocardial ischemia/reperfusion injury,3,raw_WoS_DE_term_no_synonym_merge
myofibroblast,3,raw_WoS_DE_term_no_synonym_merge
myometrium,3,raw_WoS_DE_term_no_synonym_merge
NAFLD,3,raw_WoS_DE_term_no_synonym_merge
Nanomedicine,3,raw_WoS_DE_term_no_synonym_merge
nanovesicle,3,raw_WoS_DE_term_no_synonym_merge
Nanovesicle,3,raw_WoS_DE_term_no_synonym_merge
NETs,3,raw_WoS_DE_term_no_synonym_merge
Neurodegeneration,3,raw_WoS_DE_term_no_synonym_merge
Neurons,3,raw_WoS_DE_term_no_synonym_merge
NLRP3 inflammasome,3,raw_WoS_DE_term_no_synonym_merge
nonalcoholic steatohepatitis,3,raw_WoS_DE_term_no_synonym_merge
noncoding RNAs,3,raw_WoS_DE_term_no_synonym_merge
Notch1,3,raw_WoS_DE_term_no_synonym_merge
NSCLC,3,raw_WoS_DE_term_no_synonym_merge
nucleic acids,3,raw_WoS_DE_term_no_synonym_merge
Oral squamous cell carcinoma,3,raw_WoS_DE_term_no_synonym_merge
organ on a chip,3,raw_WoS_DE_term_no_synonym_merge
organ-on-a-chip,3,raw_WoS_DE_term_no_synonym_merge
Osteoblast,3,raw_WoS_DE_term_no_synonym_merge
Osteoclast,3,raw_WoS_DE_term_no_synonym_merge
osteogenic differentiation,3,raw_WoS_DE_term_no_synonym_merge
outer membrane vesicles,3,raw_WoS_DE_term_no_synonym_merge
oxidized low-density lipoprotein,3,raw_WoS_DE_term_no_synonym_merge
P-selectin,3,raw_WoS_DE_term_no_synonym_merge
PANoptosis,3,raw_WoS_DE_term_no_synonym_merge
paracrine effects,3,raw_WoS_DE_term_no_synonym_merge
paracrine signaling,3,raw_WoS_DE_term_no_synonym_merge
Paracrine signaling,3,raw_WoS_DE_term_no_synonym_merge
pathology,3,raw_WoS_DE_term_no_synonym_merge
pathophysiology,3,raw_WoS_DE_term_no_synonym_merge
PD-L1,3,raw_WoS_DE_term_no_synonym_merge
Phagocytosis,3,raw_WoS_DE_term_no_synonym_merge
pig,3,raw_WoS_DE_term_no_synonym_merge
Plasmodium falciparum,3,raw_WoS_DE_term_no_synonym_merge
platelet extracellular vesicles,3,raw_WoS_DE_term_no_synonym_merge
Platelet-derived extracellular vesicles,3,raw_WoS_DE_term_no_synonym_merge
platelet-derived extracellular vesicles,3,raw_WoS_DE_term_no_synonym_merge
platelet-rich plasma,3,raw_WoS_DE_term_no_synonym_merge
podocytes,3,raw_WoS_DE_term_no_synonym_merge
Podocytes,3,raw_WoS_DE_term_no_synonym_merge
polarization,3,raw_WoS_DE_term_no_synonym_merge
precision medicine,3,raw_WoS_DE_term_no_synonym_merge
Preconditioning,3,raw_WoS_DE_term_no_synonym_merge
preconditioning,3,raw_WoS_DE_term_no_synonym_merge
Proteome,3,raw_WoS_DE_term_no_synonym_merge
proteomic,3,raw_WoS_DE_term_no_synonym_merge
pulmonary,3,raw_WoS_DE_term_no_synonym_merge
Pulmonary arterial hypertension,3,raw_WoS_DE_term_no_synonym_merge
pulmonary endothelium,3,raw_WoS_DE_term_no_synonym_merge
pulmonary fibrosis,3,raw_WoS_DE_term_no_synonym_merge
pulmonary inflammation,3,raw_WoS_DE_term_no_synonym_merge
Rab27a,3,raw_WoS_DE_term_no_synonym_merge
red blood cells,3,raw_WoS_DE_term_no_synonym_merge
regeneration-associated cells,3,raw_WoS_DE_term_no_synonym_merge
renal fibrosis,3,raw_WoS_DE_term_no_synonym_merge
Renal fibrosis,3,raw_WoS_DE_term_no_synonym_merge
repair,3,raw_WoS_DE_term_no_synonym_merge
Retina,3,raw_WoS_DE_term_no_synonym_merge
rheumatoid arthritis,3,raw_WoS_DE_term_no_synonym_merge
SASP,3,raw_WoS_DE_term_no_synonym_merge
scaffolds,3,raw_WoS_DE_term_no_synonym_merge
Schwann cell,3,raw_WoS_DE_term_no_synonym_merge
sentinel lymph node,3,raw_WoS_DE_term_no_synonym_merge
serum exosomes,3,raw_WoS_DE_term_no_synonym_merge
sFlt-1,3,raw_WoS_DE_term_no_synonym_merge
shedding,3,raw_WoS_DE_term_no_synonym_merge
sickle cell anemia,3,raw_WoS_DE_term_no_synonym_merge
signaling,3,raw_WoS_DE_term_no_synonym_merge
skeletal muscle,3,raw_WoS_DE_term_no_synonym_merge
Skeletal muscle,3,raw_WoS_DE_term_no_synonym_merge
Skin flap,3,raw_WoS_DE_term_no_synonym_merge
Skin regeneration,3,raw_WoS_DE_term_no_synonym_merge
sleep apnea,3,raw_WoS_DE_term_no_synonym_merge
small extracellular vesicle,3,raw_WoS_DE_term_no_synonym_merge
smoking,3,raw_WoS_DE_term_no_synonym_merge
Sphingosine-1-phosphate,3,raw_WoS_DE_term_no_synonym_merge
Src,3,raw_WoS_DE_term_no_synonym_merge
stem cell therapy,3,raw_WoS_DE_term_no_synonym_merge
Stem cell therapy,3,raw_WoS_DE_term_no_synonym_merge
stroma,3,raw_WoS_DE_term_no_synonym_merge
stromal vascular fraction,3,raw_WoS_DE_term_no_synonym_merge
Subarachnoid hemorrhage,3,raw_WoS_DE_term_no_synonym_merge
survival,3,raw_WoS_DE_term_no_synonym_merge
Sustained release,3,raw_WoS_DE_term_no_synonym_merge
Syncytiotrophoblast extracellular vesicles,3,raw_WoS_DE_term_no_synonym_merge
syndecan,3,raw_WoS_DE_term_no_synonym_merge
systemic lupus erythematosus,3,raw_WoS_DE_term_no_synonym_merge
systemic sclerosis,3,raw_WoS_DE_term_no_synonym_merge
Systemic sclerosis,3,raw_WoS_DE_term_no_synonym_merge
T-cadherin,3,raw_WoS_DE_term_no_synonym_merge
TAM,3,raw_WoS_DE_term_no_synonym_merge
tetraspanins,3,raw_WoS_DE_term_no_synonym_merge
TGF-beta,3,raw_WoS_DE_term_no_synonym_merge
TGF-beta 1,3,raw_WoS_DE_term_no_synonym_merge
therapeutic,3,raw_WoS_DE_term_no_synonym_merge
therapeutic application,3,raw_WoS_DE_term_no_synonym_merge
therapeutic strategies,3,raw_WoS_DE_term_no_synonym_merge
therapeutic target,3,raw_WoS_DE_term_no_synonym_merge
Therapeutic target,3,raw_WoS_DE_term_no_synonym_merge
therapy resistance,3,raw_WoS_DE_term_no_synonym_merge
ticagrelor,3,raw_WoS_DE_term_no_synonym_merge
tight junction,3,raw_WoS_DE_term_no_synonym_merge
Tight junction proteins,3,raw_WoS_DE_term_no_synonym_merge
TNBC,3,raw_WoS_DE_term_no_synonym_merge
tolerance,3,raw_WoS_DE_term_no_synonym_merge
Toll-like receptors,3,raw_WoS_DE_term_no_synonym_merge
transcriptomics,3,raw_WoS_DE_term_no_synonym_merge
Transcytosis,3,raw_WoS_DE_term_no_synonym_merge
Treatment,3,raw_WoS_DE_term_no_synonym_merge
triple negative breast cancer,3,raw_WoS_DE_term_no_synonym_merge
Trophoblast deportation,3,raw_WoS_DE_term_no_synonym_merge
Trophoblasts,3,raw_WoS_DE_term_no_synonym_merge
tumor endothelial cells,3,raw_WoS_DE_term_no_synonym_merge
tumor metastasis,3,raw_WoS_DE_term_no_synonym_merge
Type 1 diabetes,3,raw_WoS_DE_term_no_synonym_merge
Ubiquitination,3,raw_WoS_DE_term_no_synonym_merge
Umbilical cord mesenchymal stem cells,3,raw_WoS_DE_term_no_synonym_merge
uremic toxins,3,raw_WoS_DE_term_no_synonym_merge
Urine,3,raw_WoS_DE_term_no_synonym_merge
urine-derived stem cells,3,raw_WoS_DE_term_no_synonym_merge
vaccine,3,raw_WoS_DE_term_no_synonym_merge
vascular,3,raw_WoS_DE_term_no_synonym_merge
Vascular complications,3,raw_WoS_DE_term_no_synonym_merge
vascular diseases,3,raw_WoS_DE_term_no_synonym_merge
vascular dysfunction,3,raw_WoS_DE_term_no_synonym_merge
Vascular endothelial growth factor A,3,raw_WoS_DE_term_no_synonym_merge
vascular endothelium,3,raw_WoS_DE_term_no_synonym_merge
Vascular inflammation,3,raw_WoS_DE_term_no_synonym_merge
Vascular remodeling,3,raw_WoS_DE_term_no_synonym_merge
VE-cadherin,3,raw_WoS_DE_term_no_synonym_merge
VEGF-A,3,raw_WoS_DE_term_no_synonym_merge
Vein graft,3,raw_WoS_DE_term_no_synonym_merge
Venous thromboembolism,3,raw_WoS_DE_term_no_synonym_merge
viral infection,3,raw_WoS_DE_term_no_synonym_merge
VSMCs,3,raw_WoS_DE_term_no_synonym_merge
Wnt/beta-catenin pathway,3,raw_WoS_DE_term_no_synonym_merge
&nbsp,2,raw_WoS_DE_term_no_synonym_merge
1,2,raw_WoS_DE_term_no_synonym_merge
3D culture,2,raw_WoS_DE_term_no_synonym_merge
5-FU resistance,2,raw_WoS_DE_term_no_synonym_merge
ACE2,2,raw_WoS_DE_term_no_synonym_merge
acute coronary syndrome,2,raw_WoS_DE_term_no_synonym_merge
Acute graft-versus-host disease,2,raw_WoS_DE_term_no_synonym_merge
Acute ischemic stroke,2,raw_WoS_DE_term_no_synonym_merge
Acute myeloid leukemia,2,raw_WoS_DE_term_no_synonym_merge
ADAM17,2,raw_WoS_DE_term_no_synonym_merge
Adeno-associated virus,2,raw_WoS_DE_term_no_synonym_merge
Adhesion,2,raw_WoS_DE_term_no_synonym_merge
adhesion molecule,2,raw_WoS_DE_term_no_synonym_merge
Adipocytes,2,raw_WoS_DE_term_no_synonym_merge
Adiponectin,2,raw_WoS_DE_term_no_synonym_merge
adipose,2,raw_WoS_DE_term_no_synonym_merge
adipose tissue-derived extracellular vesicles,2,raw_WoS_DE_term_no_synonym_merge
adipose tissue-derived stem cells,2,raw_WoS_DE_term_no_synonym_merge
adipose-derived mesenchymal stem cell,2,raw_WoS_DE_term_no_synonym_merge
adult stem cells,2,raw_WoS_DE_term_no_synonym_merge
aerobic exercise,2,raw_WoS_DE_term_no_synonym_merge
AFM,2,raw_WoS_DE_term_no_synonym_merge
ageing,2,raw_WoS_DE_term_no_synonym_merge
AIDS,2,raw_WoS_DE_term_no_synonym_merge
Akt pathway,2,raw_WoS_DE_term_no_synonym_merge
AKT pathway,2,raw_WoS_DE_term_no_synonym_merge
AKT signaling pathway,2,raw_WoS_DE_term_no_synonym_merge
aldosterone,2,raw_WoS_DE_term_no_synonym_merge
Alginate,2,raw_WoS_DE_term_no_synonym_merge
alloantibodies,2,raw_WoS_DE_term_no_synonym_merge
Ang II,2,raw_WoS_DE_term_no_synonym_merge
Ang-2,2,raw_WoS_DE_term_no_synonym_merge
angiogenesis-osteogenesis coupling,2,raw_WoS_DE_term_no_synonym_merge
angiogenic factors,2,raw_WoS_DE_term_no_synonym_merge
Angiopoietin-2,2,raw_WoS_DE_term_no_synonym_merge
ANGPT1,2,raw_WoS_DE_term_no_synonym_merge
animal model,2,raw_WoS_DE_term_no_synonym_merge
animal models,2,raw_WoS_DE_term_no_synonym_merge
Anti-angiogenic therapy,2,raw_WoS_DE_term_no_synonym_merge
anti-inflammatory,2,raw_WoS_DE_term_no_synonym_merge
antiangiogenic therapy,2,raw_WoS_DE_term_no_synonym_merge
antibacterial property,2,raw_WoS_DE_term_no_synonym_merge
antibodies,2,raw_WoS_DE_term_no_synonym_merge
anticoagulants,2,raw_WoS_DE_term_no_synonym_merge
Aortic dissection,2,raw_WoS_DE_term_no_synonym_merge
aortic valve stenosis,2,raw_WoS_DE_term_no_synonym_merge
Apatinib,2,raw_WoS_DE_term_no_synonym_merge
apoptotic body,2,raw_WoS_DE_term_no_synonym_merge
apoptotic vesicles,2,raw_WoS_DE_term_no_synonym_merge
Apoptotic vesicles,2,raw_WoS_DE_term_no_synonym_merge
archaeolipids,2,raw_WoS_DE_term_no_synonym_merge
Argonaute 2,2,raw_WoS_DE_term_no_synonym_merge
Arterial calcification,2,raw_WoS_DE_term_no_synonym_merge
arterial restenosis,2,raw_WoS_DE_term_no_synonym_merge
Arteriosclerosis,2,raw_WoS_DE_term_no_synonym_merge
asthma,2,raw_WoS_DE_term_no_synonym_merge
astragaloside IV,2,raw_WoS_DE_term_no_synonym_merge
atherogenesis,2,raw_WoS_DE_term_no_synonym_merge
atherothrombosis,2,raw_WoS_DE_term_no_synonym_merge
Atomic force microscopy,2,raw_WoS_DE_term_no_synonym_merge
Atorvastatin,2,raw_WoS_DE_term_no_synonym_merge
Atrial fibrillation,2,raw_WoS_DE_term_no_synonym_merge
autoimmune hepatitis,2,raw_WoS_DE_term_no_synonym_merge
axon growth,2,raw_WoS_DE_term_no_synonym_merge
B-cell acute lymphoblastic leukemia (B-ALL),2,raw_WoS_DE_term_no_synonym_merge
Bacteria,2,raw_WoS_DE_term_no_synonym_merge
barrier function,2,raw_WoS_DE_term_no_synonym_merge
BBB protection,2,raw_WoS_DE_term_no_synonym_merge
Beta cells,2,raw_WoS_DE_term_no_synonym_merge
beta-Catenin,2,raw_WoS_DE_term_no_synonym_merge
Bevacizumab,2,raw_WoS_DE_term_no_synonym_merge
bibliometric,2,raw_WoS_DE_term_no_synonym_merge
bibliometric analysis,2,raw_WoS_DE_term_no_synonym_merge
Bioactive glass,2,raw_WoS_DE_term_no_synonym_merge
Bioactive materials,2,raw_WoS_DE_term_no_synonym_merge
biofluid,2,raw_WoS_DE_term_no_synonym_merge
Biogenesis,2,raw_WoS_DE_term_no_synonym_merge
Bioinformatics analysis,2,raw_WoS_DE_term_no_synonym_merge
biological activity,2,raw_WoS_DE_term_no_synonym_merge
biomarker discovery,2,raw_WoS_DE_term_no_synonym_merge
biomaterial,2,raw_WoS_DE_term_no_synonym_merge
Biomaterial,2,raw_WoS_DE_term_no_synonym_merge
biomimetic nanomedicine,2,raw_WoS_DE_term_no_synonym_merge
biomimetic nanovesicles,2,raw_WoS_DE_term_no_synonym_merge
Bioprinting,2,raw_WoS_DE_term_no_synonym_merge
Bioreactor,2,raw_WoS_DE_term_no_synonym_merge
Blood coagulation,2,raw_WoS_DE_term_no_synonym_merge
blood vessel,2,raw_WoS_DE_term_no_synonym_merge
Blood vessels,2,raw_WoS_DE_term_no_synonym_merge
Blood-spinal cord barrier,2,raw_WoS_DE_term_no_synonym_merge
Bone defect repair,2,raw_WoS_DE_term_no_synonym_merge
bone formation,2,raw_WoS_DE_term_no_synonym_merge
bone healing,2,raw_WoS_DE_term_no_synonym_merge
bone marrow mesenchymal stem cell,2,raw_WoS_DE_term_no_synonym_merge
bone marrow mesenchymal stromal cells,2,raw_WoS_DE_term_no_synonym_merge
bone marrow microenvironment,2,raw_WoS_DE_term_no_synonym_merge
Bone marrow niche,2,raw_WoS_DE_term_no_synonym_merge
Bone mesenchymal stem cell,2,raw_WoS_DE_term_no_synonym_merge
bone mesenchymal stromal cells,2,raw_WoS_DE_term_no_synonym_merge
bone microvascular endothelial cells,2,raw_WoS_DE_term_no_synonym_merge
bone repair,2,raw_WoS_DE_term_no_synonym_merge
Brain,2,raw_WoS_DE_term_no_synonym_merge
brain delivery,2,raw_WoS_DE_term_no_synonym_merge
brain endothelial cell,2,raw_WoS_DE_term_no_synonym_merge
brain metastases,2,raw_WoS_DE_term_no_synonym_merge
Brain metastasis,2,raw_WoS_DE_term_no_synonym_merge
brain microvascular endothelial cells,2,raw_WoS_DE_term_no_synonym_merge
Breast cancer metastasis,2,raw_WoS_DE_term_no_synonym_merge
burn,2,raw_WoS_DE_term_no_synonym_merge
Bystander effects,2,raw_WoS_DE_term_no_synonym_merge
CAF,2,raw_WoS_DE_term_no_synonym_merge
CagA,2,raw_WoS_DE_term_no_synonym_merge
calcific aortic valve disease,2,raw_WoS_DE_term_no_synonym_merge
calcification,2,raw_WoS_DE_term_no_synonym_merge
calcium-sensing receptor,2,raw_WoS_DE_term_no_synonym_merge
calpain,2,raw_WoS_DE_term_no_synonym_merge
CANCER,2,raw_WoS_DE_term_no_synonym_merge
cancer biomarkers,2,raw_WoS_DE_term_no_synonym_merge
cancer cell-derived exosomes,2,raw_WoS_DE_term_no_synonym_merge
Cancer cells,2,raw_WoS_DE_term_no_synonym_merge
cancer diagnosis,2,raw_WoS_DE_term_no_synonym_merge
Cancer treatment,2,raw_WoS_DE_term_no_synonym_merge
Canine,2,raw_WoS_DE_term_no_synonym_merge
Carcinoma-associated fibroblast,2,raw_WoS_DE_term_no_synonym_merge
Cardiac cells,2,raw_WoS_DE_term_no_synonym_merge
Cardiac dysfunction,2,raw_WoS_DE_term_no_synonym_merge
cardiac extracellular matrix,2,raw_WoS_DE_term_no_synonym_merge
cardiac function,2,raw_WoS_DE_term_no_synonym_merge
Cardiac injury,2,raw_WoS_DE_term_no_synonym_merge
Cardiac progenitor cells,2,raw_WoS_DE_term_no_synonym_merge
cardiac telocytes,2,raw_WoS_DE_term_no_synonym_merge
cardiomyocyte,2,raw_WoS_DE_term_no_synonym_merge
Cardiomyopathy,2,raw_WoS_DE_term_no_synonym_merge
cardiovascular risk,2,raw_WoS_DE_term_no_synonym_merge
Carotid artery injury,2,raw_WoS_DE_term_no_synonym_merge
Cartilage,2,raw_WoS_DE_term_no_synonym_merge
Cas9,2,raw_WoS_DE_term_no_synonym_merge
caspase-1,2,raw_WoS_DE_term_no_synonym_merge
Caspase-1,2,raw_WoS_DE_term_no_synonym_merge
caspase-3,2,raw_WoS_DE_term_no_synonym_merge
CD133,2,raw_WoS_DE_term_no_synonym_merge
CD146,2,raw_WoS_DE_term_no_synonym_merge
CD34+,2,raw_WoS_DE_term_no_synonym_merge
CD73,2,raw_WoS_DE_term_no_synonym_merge
CD81,2,raw_WoS_DE_term_no_synonym_merge
CELL,2,raw_WoS_DE_term_no_synonym_merge
cell biology,2,raw_WoS_DE_term_no_synonym_merge
cell function,2,raw_WoS_DE_term_no_synonym_merge
cell interactions,2,raw_WoS_DE_term_no_synonym_merge
Cell invasion,2,raw_WoS_DE_term_no_synonym_merge
cell invasion,2,raw_WoS_DE_term_no_synonym_merge
Cell membrane,2,raw_WoS_DE_term_no_synonym_merge
Cell spheroids,2,raw_WoS_DE_term_no_synonym_merge
cell&#8211,2,raw_WoS_DE_term_no_synonym_merge
cell-cell interaction,2,raw_WoS_DE_term_no_synonym_merge
cell-cell junction,2,raw_WoS_DE_term_no_synonym_merge
cell-free DNA,2,raw_WoS_DE_term_no_synonym_merge
cells,2,raw_WoS_DE_term_no_synonym_merge
CELLS OF BONE,2,raw_WoS_DE_term_no_synonym_merge
cellular interactions,2,raw_WoS_DE_term_no_synonym_merge
Cellular senescence,2,raw_WoS_DE_term_no_synonym_merge
central nervous system (CNS),2,raw_WoS_DE_term_no_synonym_merge
Central nervous system lymphoma,2,raw_WoS_DE_term_no_synonym_merge
Cerebral malaria,2,raw_WoS_DE_term_no_synonym_merge
Cerebral microvascular endothelial cells,2,raw_WoS_DE_term_no_synonym_merge
cerebrospinal fluid,2,raw_WoS_DE_term_no_synonym_merge
Cerebrovascular,2,raw_WoS_DE_term_no_synonym_merge
ceRNAs,2,raw_WoS_DE_term_no_synonym_merge
characterization,2,raw_WoS_DE_term_no_synonym_merge
Chemokine,2,raw_WoS_DE_term_no_synonym_merge
chemokine,2,raw_WoS_DE_term_no_synonym_merge
chemoresistance,2,raw_WoS_DE_term_no_synonym_merge
chitosan,2,raw_WoS_DE_term_no_synonym_merge
cholesterol,2,raw_WoS_DE_term_no_synonym_merge
chondrogenesis,2,raw_WoS_DE_term_no_synonym_merge
Chronic intermittent hypoxia,2,raw_WoS_DE_term_no_synonym_merge
Chronic myeloid leukemia,2,raw_WoS_DE_term_no_synonym_merge
chronic wound,2,raw_WoS_DE_term_no_synonym_merge
circHIPK3,2,raw_WoS_DE_term_no_synonym_merge
Circulating endothelial cells,2,raw_WoS_DE_term_no_synonym_merge
circulating endothelial cells,2,raw_WoS_DE_term_no_synonym_merge
circulating endothelial cells (CECs),2,raw_WoS_DE_term_no_synonym_merge
circulating microRNA,2,raw_WoS_DE_term_no_synonym_merge
Circulating microRNA,2,raw_WoS_DE_term_no_synonym_merge
circulating microvesicles,2,raw_WoS_DE_term_no_synonym_merge
circulating miRNA,2,raw_WoS_DE_term_no_synonym_merge
circulating tumor DNA,2,raw_WoS_DE_term_no_synonym_merge
cisplatin resistance,2,raw_WoS_DE_term_no_synonym_merge
CiteSpace,2,raw_WoS_DE_term_no_synonym_merge
clathrin,2,raw_WoS_DE_term_no_synonym_merge
claudin-5,2,raw_WoS_DE_term_no_synonym_merge
clear cell renal cell carcinoma,2,raw_WoS_DE_term_no_synonym_merge
Click chemistry,2,raw_WoS_DE_term_no_synonym_merge
clinical application,2,raw_WoS_DE_term_no_synonym_merge
clinical trials,2,raw_WoS_DE_term_no_synonym_merge
CNS diseases,2,raw_WoS_DE_term_no_synonym_merge
co-culture,2,raw_WoS_DE_term_no_synonym_merge
co-morbidities,2,raw_WoS_DE_term_no_synonym_merge
coagulation factors,2,raw_WoS_DE_term_no_synonym_merge
Coagulopathy,2,raw_WoS_DE_term_no_synonym_merge
coculture,2,raw_WoS_DE_term_no_synonym_merge
Cognitive impairment,2,raw_WoS_DE_term_no_synonym_merge
Collagen,2,raw_WoS_DE_term_no_synonym_merge
collagen deposition,2,raw_WoS_DE_term_no_synonym_merge
Colon cancer,2,raw_WoS_DE_term_no_synonym_merge
complement,2,raw_WoS_DE_term_no_synonym_merge
complement inhibitors,2,raw_WoS_DE_term_no_synonym_merge
Conditioned media,2,raw_WoS_DE_term_no_synonym_merge
conditioned media,2,raw_WoS_DE_term_no_synonym_merge
Connexin43,2,raw_WoS_DE_term_no_synonym_merge
convalescent plasma therapy,2,raw_WoS_DE_term_no_synonym_merge
cord blood,2,raw_WoS_DE_term_no_synonym_merge
corneal epithelium,2,raw_WoS_DE_term_no_synonym_merge
corneal regeneration,2,raw_WoS_DE_term_no_synonym_merge
coronary artery bypass graft surgery,2,raw_WoS_DE_term_no_synonym_merge
coronary heart disease,2,raw_WoS_DE_term_no_synonym_merge
Coronary microvascular dysfunction,2,raw_WoS_DE_term_no_synonym_merge
coronavirus disease 2019,2,raw_WoS_DE_term_no_synonym_merge
CRISPR/Cas9,2,raw_WoS_DE_term_no_synonym_merge
Crohn's disease,2,raw_WoS_DE_term_no_synonym_merge
Cross-talk,2,raw_WoS_DE_term_no_synonym_merge
Crosstalk,2,raw_WoS_DE_term_no_synonym_merge
cryopreservation,2,raw_WoS_DE_term_no_synonym_merge
Curcumin,2,raw_WoS_DE_term_no_synonym_merge
CXCR4,2,raw_WoS_DE_term_no_synonym_merge
cytokine receptors,2,raw_WoS_DE_term_no_synonym_merge
Cytoskeleton,2,raw_WoS_DE_term_no_synonym_merge
cytotoxicity,2,raw_WoS_DE_term_no_synonym_merge
DAMPs,2,raw_WoS_DE_term_no_synonym_merge
dengue,2,raw_WoS_DE_term_no_synonym_merge
dermatomyositis,2,raw_WoS_DE_term_no_synonym_merge
dexamethasone,2,raw_WoS_DE_term_no_synonym_merge
DFU,2,raw_WoS_DE_term_no_synonym_merge
DIA-MS,2,raw_WoS_DE_term_no_synonym_merge
Diabetes mellitus type 2,2,raw_WoS_DE_term_no_synonym_merge
diabetic foot ulcers,2,raw_WoS_DE_term_no_synonym_merge
Diabetic peripheral neuropathy,2,raw_WoS_DE_term_no_synonym_merge
diabetic retinopathy (DR),2,raw_WoS_DE_term_no_synonym_merge
diagnostic,2,raw_WoS_DE_term_no_synonym_merge
Diagnostic,2,raw_WoS_DE_term_no_synonym_merge
Diagnostic marker,2,raw_WoS_DE_term_no_synonym_merge
disease biomarker,2,raw_WoS_DE_term_no_synonym_merge
Distraction osteogenesis,2,raw_WoS_DE_term_no_synonym_merge
distraction osteogenesis,2,raw_WoS_DE_term_no_synonym_merge
DMBT1,2,raw_WoS_DE_term_no_synonym_merge
DNA damage repair,2,raw_WoS_DE_term_no_synonym_merge
Doxorubicin,2,raw_WoS_DE_term_no_synonym_merge
drug targeting,2,raw_WoS_DE_term_no_synonym_merge
DVL3,2,raw_WoS_DE_term_no_synonym_merge
e-cigarette,2,raw_WoS_DE_term_no_synonym_merge
E-selectin,2,raw_WoS_DE_term_no_synonym_merge
E6,2,raw_WoS_DE_term_no_synonym_merge
ECFC,2,raw_WoS_DE_term_no_synonym_merge
Echinococcus multilocularis,2,raw_WoS_DE_term_no_synonym_merge
ECs,2,raw_WoS_DE_term_no_synonym_merge
Ectosome,2,raw_WoS_DE_term_no_synonym_merge
edema,2,raw_WoS_DE_term_no_synonym_merge
electron microscopy,2,raw_WoS_DE_term_no_synonym_merge
Electronic cigarette,2,raw_WoS_DE_term_no_synonym_merge
Embryonic stem cells,2,raw_WoS_DE_term_no_synonym_merge
Endoglin,2,raw_WoS_DE_term_no_synonym_merge
endometrial cancer,2,raw_WoS_DE_term_no_synonym_merge
endometrial injury,2,raw_WoS_DE_term_no_synonym_merge
Endometrial stromal cells,2,raw_WoS_DE_term_no_synonym_merge
endosome,2,raw_WoS_DE_term_no_synonym_merge
endothelial (dys)function,2,raw_WoS_DE_term_no_synonym_merge
Endothelial barrier,2,raw_WoS_DE_term_no_synonym_merge
endothelial barrier,2,raw_WoS_DE_term_no_synonym_merge
Endothelial cell angiogenesis,2,raw_WoS_DE_term_no_synonym_merge
Endothelial cell derived exosomes,2,raw_WoS_DE_term_no_synonym_merge
Endothelial Cells,2,raw_WoS_DE_term_no_synonym_merge
Endothelial damage,2,raw_WoS_DE_term_no_synonym_merge
endothelial nitric oxide synthase,2,raw_WoS_DE_term_no_synonym_merge
Endothelial progenitor cell-derived exosomes,2,raw_WoS_DE_term_no_synonym_merge
Endothelial progenitors,2,raw_WoS_DE_term_no_synonym_merge
Endothelial to mesenchymal transition,2,raw_WoS_DE_term_no_synonym_merge
endothelial-derived extracellular vesicles,2,raw_WoS_DE_term_no_synonym_merge
Endothelin-1,2,raw_WoS_DE_term_no_synonym_merge
endotoxemia,2,raw_WoS_DE_term_no_synonym_merge
Engineered EVs,2,raw_WoS_DE_term_no_synonym_merge
Engineered exosomes,2,raw_WoS_DE_term_no_synonym_merge
engineered extracellular vesicles,2,raw_WoS_DE_term_no_synonym_merge
Engineered extracellular vesicles,2,raw_WoS_DE_term_no_synonym_merge
EPCs,2,raw_WoS_DE_term_no_synonym_merge
epigenetic,2,raw_WoS_DE_term_no_synonym_merge
epigenomics,2,raw_WoS_DE_term_no_synonym_merge
epithelial to mesenchymal transition,2,raw_WoS_DE_term_no_synonym_merge
Epstein-Barr virus,2,raw_WoS_DE_term_no_synonym_merge
EREG,2,raw_WoS_DE_term_no_synonym_merge
ERK pathway,2,raw_WoS_DE_term_no_synonym_merge
Erk1,2,raw_WoS_DE_term_no_synonym_merge
Erythrocytes,2,raw_WoS_DE_term_no_synonym_merge
exocytosis,2,raw_WoS_DE_term_no_synonym_merge
Exos,2,raw_WoS_DE_term_no_synonym_merge
exosomal microRNA,2,raw_WoS_DE_term_no_synonym_merge
Exosomal proteins,2,raw_WoS_DE_term_no_synonym_merge
exosome (vesicle),2,raw_WoS_DE_term_no_synonym_merge
Exosome biogenesis,2,raw_WoS_DE_term_no_synonym_merge
exosome-like vesicles,2,raw_WoS_DE_term_no_synonym_merge
experimental human model,2,raw_WoS_DE_term_no_synonym_merge
export,2,raw_WoS_DE_term_no_synonym_merge
Extracellular,2,raw_WoS_DE_term_no_synonym_merge
extracellular,2,raw_WoS_DE_term_no_synonym_merge
extracellular matrix (ECM),2,raw_WoS_DE_term_no_synonym_merge
extracellular membrane vesicles,2,raw_WoS_DE_term_no_synonym_merge
extracellular microvesicles,2,raw_WoS_DE_term_no_synonym_merge
extracellular particles,2,raw_WoS_DE_term_no_synonym_merge
eye,2,raw_WoS_DE_term_no_synonym_merge
Fabry disease,2,raw_WoS_DE_term_no_synonym_merge
Fat grafting,2,raw_WoS_DE_term_no_synonym_merge
fertility restoration,2,raw_WoS_DE_term_no_synonym_merge
FGF2,2,raw_WoS_DE_term_no_synonym_merge
Fibrinolysis,2,raw_WoS_DE_term_no_synonym_merge
fibroblast,2,raw_WoS_DE_term_no_synonym_merge
Fibronectin,2,raw_WoS_DE_term_no_synonym_merge
Focal cerebral ischemia,2,raw_WoS_DE_term_no_synonym_merge
function,2,raw_WoS_DE_term_no_synonym_merge
Functional recovery,2,raw_WoS_DE_term_no_synonym_merge
gap junction,2,raw_WoS_DE_term_no_synonym_merge
Gap junctions,2,raw_WoS_DE_term_no_synonym_merge
GDF15,2,raw_WoS_DE_term_no_synonym_merge
gemcitabine,2,raw_WoS_DE_term_no_synonym_merge
gene delivery,2,raw_WoS_DE_term_no_synonym_merge
gene ontology,2,raw_WoS_DE_term_no_synonym_merge
Gene therapy,2,raw_WoS_DE_term_no_synonym_merge
Genetic engineering,2,raw_WoS_DE_term_no_synonym_merge
gestational diabetes,2,raw_WoS_DE_term_no_synonym_merge
gestational diabetes mellitus,2,raw_WoS_DE_term_no_synonym_merge
glial cells,2,raw_WoS_DE_term_no_synonym_merge
Glioblastoma multiforme,2,raw_WoS_DE_term_no_synonym_merge
Glomerular mesangial cells,2,raw_WoS_DE_term_no_synonym_merge
glucocorticoid,2,raw_WoS_DE_term_no_synonym_merge
Glutathione (GSH)-liposomes,2,raw_WoS_DE_term_no_synonym_merge
glycans,2,raw_WoS_DE_term_no_synonym_merge
Glycocalyx,2,raw_WoS_DE_term_no_synonym_merge
glycoengineering,2,raw_WoS_DE_term_no_synonym_merge
Glycosylation,2,raw_WoS_DE_term_no_synonym_merge
Growth factors,2,raw_WoS_DE_term_no_synonym_merge
growth factors,2,raw_WoS_DE_term_no_synonym_merge
GRP78,2,raw_WoS_DE_term_no_synonym_merge
GSK-3 beta,2,raw_WoS_DE_term_no_synonym_merge
GSK3B,2,raw_WoS_DE_term_no_synonym_merge
gut microbiome,2,raw_WoS_DE_term_no_synonym_merge
gut microbiota,2,raw_WoS_DE_term_no_synonym_merge
GW4869,2,raw_WoS_DE_term_no_synonym_merge
hallmarks of cancer,2,raw_WoS_DE_term_no_synonym_merge
HBMEC,2,raw_WoS_DE_term_no_synonym_merge
HBMECs,2,raw_WoS_DE_term_no_synonym_merge
Head and neck cancer,2,raw_WoS_DE_term_no_synonym_merge
head and neck squamous cell carcinoma,2,raw_WoS_DE_term_no_synonym_merge
heat shock proteins,2,raw_WoS_DE_term_no_synonym_merge
Heat stroke,2,raw_WoS_DE_term_no_synonym_merge
Hematological malignancies,2,raw_WoS_DE_term_no_synonym_merge
hematopoietic stem cell transplantation,2,raw_WoS_DE_term_no_synonym_merge
hemodynamics,2,raw_WoS_DE_term_no_synonym_merge
heparanase,2,raw_WoS_DE_term_no_synonym_merge
heparin,2,raw_WoS_DE_term_no_synonym_merge
Hepatic progenitor cells,2,raw_WoS_DE_term_no_synonym_merge
Hepatic stellate cell,2,raw_WoS_DE_term_no_synonym_merge
hepatic stellate cells (HSCs),2,raw_WoS_DE_term_no_synonym_merge
hepatitis B virus,2,raw_WoS_DE_term_no_synonym_merge
hepatocyte-derived exosomes,2,raw_WoS_DE_term_no_synonym_merge
heterogeneity,2,raw_WoS_DE_term_no_synonym_merge
HFpEF,2,raw_WoS_DE_term_no_synonym_merge
HIF-1,2,raw_WoS_DE_term_no_synonym_merge
high-throughput sequencing,2,raw_WoS_DE_term_no_synonym_merge
HIPK2,2,raw_WoS_DE_term_no_synonym_merge
hiPSC-EC,2,raw_WoS_DE_term_no_synonym_merge
hnRNPU,2,raw_WoS_DE_term_no_synonym_merge
homeostasis,2,raw_WoS_DE_term_no_synonym_merge
homing,2,raw_WoS_DE_term_no_synonym_merge
Hsp70,2,raw_WoS_DE_term_no_synonym_merge
HSPA12B,2,raw_WoS_DE_term_no_synonym_merge
human,2,raw_WoS_DE_term_no_synonym_merge
Human,2,raw_WoS_DE_term_no_synonym_merge
human adipose-derived stem cell,2,raw_WoS_DE_term_no_synonym_merge
Human adipose-derived stem cells,2,raw_WoS_DE_term_no_synonym_merge
human brain microvascular endothelial cells,2,raw_WoS_DE_term_no_synonym_merge
Human coronary artery endothelial cells,2,raw_WoS_DE_term_no_synonym_merge
human induced pluripotent stem cells,2,raw_WoS_DE_term_no_synonym_merge
Human lung microvascular endothelial cell,2,raw_WoS_DE_term_no_synonym_merge
Human papillomavirus,2,raw_WoS_DE_term_no_synonym_merge
Human placenta,2,raw_WoS_DE_term_no_synonym_merge
human plasma,2,raw_WoS_DE_term_no_synonym_merge
human platelet lysate,2,raw_WoS_DE_term_no_synonym_merge
Human umbilical cord mesenchymal stem cell,2,raw_WoS_DE_term_no_synonym_merge
human umbilical vein endothelial cell,2,raw_WoS_DE_term_no_synonym_merge
humans,2,raw_WoS_DE_term_no_synonym_merge
HUVECS,2,raw_WoS_DE_term_no_synonym_merge
Hyaluronan,2,raw_WoS_DE_term_no_synonym_merge
hyaluronic acid,2,raw_WoS_DE_term_no_synonym_merge
Hydrogels,2,raw_WoS_DE_term_no_synonym_merge
Hyperglycaemia,2,raw_WoS_DE_term_no_synonym_merge
hyperinsulinemia,2,raw_WoS_DE_term_no_synonym_merge
Hyperlipidemia,2,raw_WoS_DE_term_no_synonym_merge
hyperoxia,2,raw_WoS_DE_term_no_synonym_merge
hyperthermia,2,raw_WoS_DE_term_no_synonym_merge
hypertrophy,2,raw_WoS_DE_term_no_synonym_merge
Hypoxia inducible factor-1 alpha,2,raw_WoS_DE_term_no_synonym_merge
hypoxia-inducible factor 1-alpha,2,raw_WoS_DE_term_no_synonym_merge
hypoxic microenvironment,2,raw_WoS_DE_term_no_synonym_merge
Hypoxic preconditioning,2,raw_WoS_DE_term_no_synonym_merge
IGF2BP2,2,raw_WoS_DE_term_no_synonym_merge
IL-8,2,raw_WoS_DE_term_no_synonym_merge
immune escape,2,raw_WoS_DE_term_no_synonym_merge
immune evasion,2,raw_WoS_DE_term_no_synonym_merge
immune microenvironment,2,raw_WoS_DE_term_no_synonym_merge
Immune modulation,2,raw_WoS_DE_term_no_synonym_merge
immune regulation,2,raw_WoS_DE_term_no_synonym_merge
immune suppression,2,raw_WoS_DE_term_no_synonym_merge
Immune surveillance,2,raw_WoS_DE_term_no_synonym_merge
immune-modulation,2,raw_WoS_DE_term_no_synonym_merge
immunogenic cell death,2,raw_WoS_DE_term_no_synonym_merge
Immunohistochemistry,2,raw_WoS_DE_term_no_synonym_merge
Immunometabolism,2,raw_WoS_DE_term_no_synonym_merge
immunoregulation,2,raw_WoS_DE_term_no_synonym_merge
In vitro,2,raw_WoS_DE_term_no_synonym_merge
In vivo rat model,2,raw_WoS_DE_term_no_synonym_merge
induced pluripotent stem cells (iPSCs),2,raw_WoS_DE_term_no_synonym_merge
inflammaging,2,raw_WoS_DE_term_no_synonym_merge
inflammasomes,2,raw_WoS_DE_term_no_synonym_merge
inflammation regulation,2,raw_WoS_DE_term_no_synonym_merge
inflammatory cytokines,2,raw_WoS_DE_term_no_synonym_merge
Inflammatory factors,2,raw_WoS_DE_term_no_synonym_merge
influenza virus,2,raw_WoS_DE_term_no_synonym_merge
Insulin,2,raw_WoS_DE_term_no_synonym_merge
insulin secretion,2,raw_WoS_DE_term_no_synonym_merge
Integrins,2,raw_WoS_DE_term_no_synonym_merge
Intercellular communications,2,raw_WoS_DE_term_no_synonym_merge
interferon-gamma,2,raw_WoS_DE_term_no_synonym_merge
interleukin-8,2,raw_WoS_DE_term_no_synonym_merge
internal thoracic artery,2,raw_WoS_DE_term_no_synonym_merge
internalization,2,raw_WoS_DE_term_no_synonym_merge
Interstitial cells,2,raw_WoS_DE_term_no_synonym_merge
interventions,2,raw_WoS_DE_term_no_synonym_merge
intracellular communication,2,raw_WoS_DE_term_no_synonym_merge
Intracellular trafficking,2,raw_WoS_DE_term_no_synonym_merge
Invadosomes,2,raw_WoS_DE_term_no_synonym_merge
iPSC,2,raw_WoS_DE_term_no_synonym_merge
IRF1,2,raw_WoS_DE_term_no_synonym_merge
Iron overload,2,raw_WoS_DE_term_no_synonym_merge
Ischaemia,2,raw_WoS_DE_term_no_synonym_merge
Ischemia-reperfusion injury,2,raw_WoS_DE_term_no_synonym_merge
Ischemia/reperfusion injury,2,raw_WoS_DE_term_no_synonym_merge
ischemic cardiomyopathy,2,raw_WoS_DE_term_no_synonym_merge
ischemic heart disease,2,raw_WoS_DE_term_no_synonym_merge
Ischemic heart disease,2,raw_WoS_DE_term_no_synonym_merge
Isolation,2,raw_WoS_DE_term_no_synonym_merge
ITGA6,2,raw_WoS_DE_term_no_synonym_merge
ITGB1,2,raw_WoS_DE_term_no_synonym_merge
iTRAQ,2,raw_WoS_DE_term_no_synonym_merge
JAG1,2,raw_WoS_DE_term_no_synonym_merge
KLF2,2,raw_WoS_DE_term_no_synonym_merge
KLF5,2,raw_WoS_DE_term_no_synonym_merge
Kras,2,raw_WoS_DE_term_no_synonym_merge
Lactate,2,raw_WoS_DE_term_no_synonym_merge
Laminar shear stress,2,raw_WoS_DE_term_no_synonym_merge
large extracellular vesicles,2,raw_WoS_DE_term_no_synonym_merge
lectins,2,raw_WoS_DE_term_no_synonym_merge
Legg-Calve-Perthes disease,2,raw_WoS_DE_term_no_synonym_merge
Let-7,2,raw_WoS_DE_term_no_synonym_merge
let-7f-5p,2,raw_WoS_DE_term_no_synonym_merge
leukocyte,2,raw_WoS_DE_term_no_synonym_merge
Leukocyte,2,raw_WoS_DE_term_no_synonym_merge
limb ischemia,2,raw_WoS_DE_term_no_synonym_merge
Limbal stem cells,2,raw_WoS_DE_term_no_synonym_merge
lipid,2,raw_WoS_DE_term_no_synonym_merge
lipid nanoparticles,2,raw_WoS_DE_term_no_synonym_merge
Liposome,2,raw_WoS_DE_term_no_synonym_merge
Liver,2,raw_WoS_DE_term_no_synonym_merge
liver cancer,2,raw_WoS_DE_term_no_synonym_merge
Liver disease,2,raw_WoS_DE_term_no_synonym_merge
Liver metastasis,2,raw_WoS_DE_term_no_synonym_merge
liver microenvironment,2,raw_WoS_DE_term_no_synonym_merge
liver regeneration,2,raw_WoS_DE_term_no_synonym_merge
liver sinusoidal endothelial cells,2,raw_WoS_DE_term_no_synonym_merge
liver sinusoidal endothelial cells (LSECs),2,raw_WoS_DE_term_no_synonym_merge
LncRNAs,2,raw_WoS_DE_term_no_synonym_merge
long COVID,2,raw_WoS_DE_term_no_synonym_merge
Long non-coding RNAs,2,raw_WoS_DE_term_no_synonym_merge
low-intensity pulsed ultrasound (LIPUS),2,raw_WoS_DE_term_no_synonym_merge
LSEC,2,raw_WoS_DE_term_no_synonym_merge
Lung adenocarcinoma,2,raw_WoS_DE_term_no_synonym_merge
Lupus nephritis,2,raw_WoS_DE_term_no_synonym_merge
lymph node,2,raw_WoS_DE_term_no_synonym_merge
Lymph node,2,raw_WoS_DE_term_no_synonym_merge
lymph node metastasis,2,raw_WoS_DE_term_no_synonym_merge
lymphatic endothelial cells,2,raw_WoS_DE_term_no_synonym_merge
Lymphatic endothelial cells,2,raw_WoS_DE_term_no_synonym_merge
lymphatic function,2,raw_WoS_DE_term_no_synonym_merge
lymphoma,2,raw_WoS_DE_term_no_synonym_merge
lysosomes,2,raw_WoS_DE_term_no_synonym_merge
Lysosomes,2,raw_WoS_DE_term_no_synonym_merge
lysyl oxidase-like 2,2,raw_WoS_DE_term_no_synonym_merge
M2 macrophage-derived exosomes,2,raw_WoS_DE_term_no_synonym_merge
Macrophage reprogramming,2,raw_WoS_DE_term_no_synonym_merge
macrophages polarization,2,raw_WoS_DE_term_no_synonym_merge
malignant melanoma,2,raw_WoS_DE_term_no_synonym_merge
MAPK,2,raw_WoS_DE_term_no_synonym_merge
MAPK1,2,raw_WoS_DE_term_no_synonym_merge
Mass spectrometry,2,raw_WoS_DE_term_no_synonym_merge
mast cell,2,raw_WoS_DE_term_no_synonym_merge
mast cells,2,raw_WoS_DE_term_no_synonym_merge
matrix,2,raw_WoS_DE_term_no_synonym_merge
matrix metalloproteinase,2,raw_WoS_DE_term_no_synonym_merge
Matrix metalloproteinases,2,raw_WoS_DE_term_no_synonym_merge
Maturation,2,raw_WoS_DE_term_no_synonym_merge
MCF-7,2,raw_WoS_DE_term_no_synonym_merge
MDA-MB-231,2,raw_WoS_DE_term_no_synonym_merge
Mechanical stress,2,raw_WoS_DE_term_no_synonym_merge
Mechanism of action,2,raw_WoS_DE_term_no_synonym_merge
mechanisms,2,raw_WoS_DE_term_no_synonym_merge
melatonin,2,raw_WoS_DE_term_no_synonym_merge
Melatonin,2,raw_WoS_DE_term_no_synonym_merge
Membrane fusion,2,raw_WoS_DE_term_no_synonym_merge
membrane fusion,2,raw_WoS_DE_term_no_synonym_merge
Membrane microparticles,2,raw_WoS_DE_term_no_synonym_merge
membrane particles,2,raw_WoS_DE_term_no_synonym_merge
mesangial cells,2,raw_WoS_DE_term_no_synonym_merge
mesenchymal,2,raw_WoS_DE_term_no_synonym_merge
mesenchymal stem cell-derived exosomes,2,raw_WoS_DE_term_no_synonym_merge
mesenchymal stem cell-derived extracellular vesicles,2,raw_WoS_DE_term_no_synonym_merge
Mesenchymal stem cells (MSCs),2,raw_WoS_DE_term_no_synonym_merge
Mesenchymal stem/stromal cells,2,raw_WoS_DE_term_no_synonym_merge
Mesenchymal stromal cell,2,raw_WoS_DE_term_no_synonym_merge
mesenchymal stromal cell,2,raw_WoS_DE_term_no_synonym_merge
mesenchymal stromal cell (MSC),2,raw_WoS_DE_term_no_synonym_merge
mesenchymal stromal cells (MSCs),2,raw_WoS_DE_term_no_synonym_merge
messenger RNA,2,raw_WoS_DE_term_no_synonym_merge
meta-analysis,2,raw_WoS_DE_term_no_synonym_merge
metabolic diseases,2,raw_WoS_DE_term_no_synonym_merge
Metabolic dysfunction,2,raw_WoS_DE_term_no_synonym_merge
metabolism,2,raw_WoS_DE_term_no_synonym_merge
Metabolomics,2,raw_WoS_DE_term_no_synonym_merge
Metal-organic framework,2,raw_WoS_DE_term_no_synonym_merge
Metastatic breast cancer,2,raw_WoS_DE_term_no_synonym_merge
Metformin,2,raw_WoS_DE_term_no_synonym_merge
metformin,2,raw_WoS_DE_term_no_synonym_merge
MI,2,raw_WoS_DE_term_no_synonym_merge
Micro RNA,2,raw_WoS_DE_term_no_synonym_merge
microarray,2,raw_WoS_DE_term_no_synonym_merge
microbiome,2,raw_WoS_DE_term_no_synonym_merge
Microglial polarization,2,raw_WoS_DE_term_no_synonym_merge
microneedle,2,raw_WoS_DE_term_no_synonym_merge
microRNA (miR),2,raw_WoS_DE_term_no_synonym_merge
microRNA (miRNA),2,raw_WoS_DE_term_no_synonym_merge
microRNA profile,2,raw_WoS_DE_term_no_synonym_merge
MicroRNA-126,2,raw_WoS_DE_term_no_synonym_merge
microRNA-155,2,raw_WoS_DE_term_no_synonym_merge
microRNA-21,2,raw_WoS_DE_term_no_synonym_merge
microRNA-29b-3p,2,raw_WoS_DE_term_no_synonym_merge
microRNA-30c-5p,2,raw_WoS_DE_term_no_synonym_merge
microRNA-423-5p,2,raw_WoS_DE_term_no_synonym_merge
microvascular rarefaction,2,raw_WoS_DE_term_no_synonym_merge
Microvesicles (MVs),2,raw_WoS_DE_term_no_synonym_merge
middle cerebral artery,2,raw_WoS_DE_term_no_synonym_merge
middle cerebral artery occlusion/reperfusion,2,raw_WoS_DE_term_no_synonym_merge
mild cognitive impairment,2,raw_WoS_DE_term_no_synonym_merge
milk exosomes,2,raw_WoS_DE_term_no_synonym_merge
Milk-derived exosomes,2,raw_WoS_DE_term_no_synonym_merge
mineralization,2,raw_WoS_DE_term_no_synonym_merge
miR&#8208,2,raw_WoS_DE_term_no_synonym_merge
miR-124-3p,2,raw_WoS_DE_term_no_synonym_merge
miR-125b,2,raw_WoS_DE_term_no_synonym_merge
miR-125b-5p,2,raw_WoS_DE_term_no_synonym_merge
MiR-126-3p,2,raw_WoS_DE_term_no_synonym_merge
miR-128-3p,2,raw_WoS_DE_term_no_synonym_merge
miR-130a,2,raw_WoS_DE_term_no_synonym_merge
miR-132-3p,2,raw_WoS_DE_term_no_synonym_merge
miR-141,2,raw_WoS_DE_term_no_synonym_merge
miR-144-5p,2,raw_WoS_DE_term_no_synonym_merge
miR-146a,2,raw_WoS_DE_term_no_synonym_merge
miR-148a-3p,2,raw_WoS_DE_term_no_synonym_merge
miR-150-5p,2,raw_WoS_DE_term_no_synonym_merge
miR-155-5p,2,raw_WoS_DE_term_no_synonym_merge
miR-1825,2,raw_WoS_DE_term_no_synonym_merge
miR-186,2,raw_WoS_DE_term_no_synonym_merge
miR-195-5p,2,raw_WoS_DE_term_no_synonym_merge
miR-205-5p,2,raw_WoS_DE_term_no_synonym_merge
miR-20b-5p,2,raw_WoS_DE_term_no_synonym_merge
miR-214,2,raw_WoS_DE_term_no_synonym_merge
miR-23a-3p,2,raw_WoS_DE_term_no_synonym_merge
miR-30a-5p,2,raw_WoS_DE_term_no_synonym_merge
miR-30b,2,raw_WoS_DE_term_no_synonym_merge
miR-30b-5p,2,raw_WoS_DE_term_no_synonym_merge
miR-320,2,raw_WoS_DE_term_no_synonym_merge
miR-34a-5p,2,raw_WoS_DE_term_no_synonym_merge
miR-375-3p,2,raw_WoS_DE_term_no_synonym_merge
miR-424-5p,2,raw_WoS_DE_term_no_synonym_merge
miR-503,2,raw_WoS_DE_term_no_synonym_merge
miR-92b-3p,2,raw_WoS_DE_term_no_synonym_merge
miRNA transfer,2,raw_WoS_DE_term_no_synonym_merge
miRNA-126-3p,2,raw_WoS_DE_term_no_synonym_merge
miRNA-seq,2,raw_WoS_DE_term_no_synonym_merge
mitochondrial transfer,2,raw_WoS_DE_term_no_synonym_merge
Mitochondrion,2,raw_WoS_DE_term_no_synonym_merge
MMP,2,raw_WoS_DE_term_no_synonym_merge
MMP14,2,raw_WoS_DE_term_no_synonym_merge
MMPs,2,raw_WoS_DE_term_no_synonym_merge
Molecular imaging,2,raw_WoS_DE_term_no_synonym_merge
Molecular mechanism,2,raw_WoS_DE_term_no_synonym_merge
Monocrotaline,2,raw_WoS_DE_term_no_synonym_merge
mouse model,2,raw_WoS_DE_term_no_synonym_merge
Moyamoya disease,2,raw_WoS_DE_term_no_synonym_merge
MSC-EVs,2,raw_WoS_DE_term_no_synonym_merge
MSC-Exos,2,raw_WoS_DE_term_no_synonym_merge
mTOR pathway,2,raw_WoS_DE_term_no_synonym_merge
multidrug resistance,2,raw_WoS_DE_term_no_synonym_merge
Multidrug resistance,2,raw_WoS_DE_term_no_synonym_merge
Multifunctional hydrogel,2,raw_WoS_DE_term_no_synonym_merge
multifunctional hydrogel,2,raw_WoS_DE_term_no_synonym_merge
Multiple myeloma,2,raw_WoS_DE_term_no_synonym_merge
Multiple myeloma (MM),2,raw_WoS_DE_term_no_synonym_merge
multivesicular body,2,raw_WoS_DE_term_no_synonym_merge
Multivesicular body,2,raw_WoS_DE_term_no_synonym_merge
MYO1C,2,raw_WoS_DE_term_no_synonym_merge
myocardial fibrosis,2,raw_WoS_DE_term_no_synonym_merge
Myocardial fibrosis,2,raw_WoS_DE_term_no_synonym_merge
Myocardial injury,2,raw_WoS_DE_term_no_synonym_merge
Myocardial ischemia,2,raw_WoS_DE_term_no_synonym_merge
N6-methyladenosine,2,raw_WoS_DE_term_no_synonym_merge
NADPH oxidase,2,raw_WoS_DE_term_no_synonym_merge
Nanocarrier,2,raw_WoS_DE_term_no_synonym_merge
nanocarriers,2,raw_WoS_DE_term_no_synonym_merge
Nanocarriers,2,raw_WoS_DE_term_no_synonym_merge
Nanomaterial,2,raw_WoS_DE_term_no_synonym_merge
Nanoparticle,2,raw_WoS_DE_term_no_synonym_merge
nanoparticle tracking analysis,2,raw_WoS_DE_term_no_synonym_merge
Nanoparticle tracking analysis,2,raw_WoS_DE_term_no_synonym_merge
nanotechnology,2,raw_WoS_DE_term_no_synonym_merge
ncRNA,2,raw_WoS_DE_term_no_synonym_merge
NEDD4L,2,raw_WoS_DE_term_no_synonym_merge
Nerve regeneration,2,raw_WoS_DE_term_no_synonym_merge
Netrin-1,2,raw_WoS_DE_term_no_synonym_merge
neural progenitor cells,2,raw_WoS_DE_term_no_synonym_merge
Neural progenitor cells,2,raw_WoS_DE_term_no_synonym_merge
Neural stem cells,2,raw_WoS_DE_term_no_synonym_merge
neuroangiogenesis,2,raw_WoS_DE_term_no_synonym_merge
neurodegeneration,2,raw_WoS_DE_term_no_synonym_merge
Neurodegenerative diseases,2,raw_WoS_DE_term_no_synonym_merge
Neurogenesis,2,raw_WoS_DE_term_no_synonym_merge
neurological disorder,2,raw_WoS_DE_term_no_synonym_merge
Neuropathic pain,2,raw_WoS_DE_term_no_synonym_merge
Neuroregeneration,2,raw_WoS_DE_term_no_synonym_merge
neurotrophic factor,2,raw_WoS_DE_term_no_synonym_merge
Neurovascular regeneration,2,raw_WoS_DE_term_no_synonym_merge
NF-kappa B pathway,2,raw_WoS_DE_term_no_synonym_merge
Nicotine,2,raw_WoS_DE_term_no_synonym_merge
Nitrite,2,raw_WoS_DE_term_no_synonym_merge
NK cells,2,raw_WoS_DE_term_no_synonym_merge
non-alcoholic fatty liver disease,2,raw_WoS_DE_term_no_synonym_merge
Non-small cell lung cancer,2,raw_WoS_DE_term_no_synonym_merge
Noncoding RNA,2,raw_WoS_DE_term_no_synonym_merge
Nontraumatic osteonecrosis of the femoral head,2,raw_WoS_DE_term_no_synonym_merge
normalization,2,raw_WoS_DE_term_no_synonym_merge
Notch signaling,2,raw_WoS_DE_term_no_synonym_merge
NRF2,2,raw_WoS_DE_term_no_synonym_merge
Obstructive sleep apnea,2,raw_WoS_DE_term_no_synonym_merge
Olfactory mucosa,2,raw_WoS_DE_term_no_synonym_merge
omics,2,raw_WoS_DE_term_no_synonym_merge
Oncogenes,2,raw_WoS_DE_term_no_synonym_merge
oncosomes,2,raw_WoS_DE_term_no_synonym_merge
Optogenetics,2,raw_WoS_DE_term_no_synonym_merge
organ-on-chip,2,raw_WoS_DE_term_no_synonym_merge
Oscillatory shear stress,2,raw_WoS_DE_term_no_synonym_merge
Osseointegration,2,raw_WoS_DE_term_no_synonym_merge
Osteoarthritis,2,raw_WoS_DE_term_no_synonym_merge
Osteoblasts,2,raw_WoS_DE_term_no_synonym_merge
osteoclastogenesis,2,raw_WoS_DE_term_no_synonym_merge
osteocyte,2,raw_WoS_DE_term_no_synonym_merge
osteonecrosis of the femoral head,2,raw_WoS_DE_term_no_synonym_merge
Osteoporosis,2,raw_WoS_DE_term_no_synonym_merge
oxygen,2,raw_WoS_DE_term_no_synonym_merge
p38,2,raw_WoS_DE_term_no_synonym_merge
p53,2,raw_WoS_DE_term_no_synonym_merge
P53,2,raw_WoS_DE_term_no_synonym_merge
PABPC1,2,raw_WoS_DE_term_no_synonym_merge
Paeonol,2,raw_WoS_DE_term_no_synonym_merge
PAI-1,2,raw_WoS_DE_term_no_synonym_merge
Panax notoginseng saponins,2,raw_WoS_DE_term_no_synonym_merge
pancreatic ductal adenocarcinoma,2,raw_WoS_DE_term_no_synonym_merge
PAQR3,2,raw_WoS_DE_term_no_synonym_merge
Paracrine activity,2,raw_WoS_DE_term_no_synonym_merge
Parkinson&apos,2,raw_WoS_DE_term_no_synonym_merge
Pathophysiology,2,raw_WoS_DE_term_no_synonym_merge
pathway analysis,2,raw_WoS_DE_term_no_synonym_merge
PDAC,2,raw_WoS_DE_term_no_synonym_merge
PECAM1,2,raw_WoS_DE_term_no_synonym_merge
Peptidome,2,raw_WoS_DE_term_no_synonym_merge
Percutaneous coronary intervention,2,raw_WoS_DE_term_no_synonym_merge
periodontitis,2,raw_WoS_DE_term_no_synonym_merge
Peripheral nerve injury,2,raw_WoS_DE_term_no_synonym_merge
peripheral nerve regeneration,2,raw_WoS_DE_term_no_synonym_merge
personalized medicine,2,raw_WoS_DE_term_no_synonym_merge
PGC-1 alpha,2,raw_WoS_DE_term_no_synonym_merge
Pharmacokinetics,2,raw_WoS_DE_term_no_synonym_merge
phenotype switch,2,raw_WoS_DE_term_no_synonym_merge
phenotypic switching,2,raw_WoS_DE_term_no_synonym_merge
Photobiomodulation,2,raw_WoS_DE_term_no_synonym_merge
PI3K/AKT pathway,2,raw_WoS_DE_term_no_synonym_merge
piRNA,2,raw_WoS_DE_term_no_synonym_merge
placental extracellular vesicles,2,raw_WoS_DE_term_no_synonym_merge
placentation,2,raw_WoS_DE_term_no_synonym_merge
plant,2,raw_WoS_DE_term_no_synonym_merge
Plasma exosome,2,raw_WoS_DE_term_no_synonym_merge
plasma extracellular vesicles,2,raw_WoS_DE_term_no_synonym_merge
plasticity,2,raw_WoS_DE_term_no_synonym_merge
Platelet lysate,2,raw_WoS_DE_term_no_synonym_merge
platelet microparticles,2,raw_WoS_DE_term_no_synonym_merge
platelet reactivity,2,raw_WoS_DE_term_no_synonym_merge
platelet releasate,2,raw_WoS_DE_term_no_synonym_merge
Platelet-derived exosomes,2,raw_WoS_DE_term_no_synonym_merge
platelet-mimetic,2,raw_WoS_DE_term_no_synonym_merge
platelet-rich plasma (PRP),2,raw_WoS_DE_term_no_synonym_merge
Platelet-rich plasma-derived exosomes,2,raw_WoS_DE_term_no_synonym_merge
pluripotent stem cells,2,raw_WoS_DE_term_no_synonym_merge
pneumonia,2,raw_WoS_DE_term_no_synonym_merge
podocyte,2,raw_WoS_DE_term_no_synonym_merge
Podoplanin,2,raw_WoS_DE_term_no_synonym_merge
podosomes,2,raw_WoS_DE_term_no_synonym_merge
primary cilia,2,raw_WoS_DE_term_no_synonym_merge
procoagulant,2,raw_WoS_DE_term_no_synonym_merge
profilin 2,2,raw_WoS_DE_term_no_synonym_merge
progression,2,raw_WoS_DE_term_no_synonym_merge
proinflammation,2,raw_WoS_DE_term_no_synonym_merge
Proliferative diabetic retinopathy,2,raw_WoS_DE_term_no_synonym_merge
protease-activated receptors,2,raw_WoS_DE_term_no_synonym_merge
protein kinase B,2,raw_WoS_DE_term_no_synonym_merge
protein kinase D,2,raw_WoS_DE_term_no_synonym_merge
proteomic analyses,2,raw_WoS_DE_term_no_synonym_merge
pulmonary artery endothelial cells,2,raw_WoS_DE_term_no_synonym_merge
pulmonary endothelial barrier,2,raw_WoS_DE_term_no_synonym_merge
pulmonary microvascular endothelial cells,2,raw_WoS_DE_term_no_synonym_merge
Pulmonary microvascular endothelial cells,2,raw_WoS_DE_term_no_synonym_merge
Pulmonary vascular remodeling,2,raw_WoS_DE_term_no_synonym_merge
pulmonary vascular remodelling,2,raw_WoS_DE_term_no_synonym_merge
RANKL,2,raw_WoS_DE_term_no_synonym_merge
re-endothelialization,2,raw_WoS_DE_term_no_synonym_merge
receptor,2,raw_WoS_DE_term_no_synonym_merge
regulation,2,raw_WoS_DE_term_no_synonym_merge
Regulatory T cell,2,raw_WoS_DE_term_no_synonym_merge
Relapse,2,raw_WoS_DE_term_no_synonym_merge
remodeling,2,raw_WoS_DE_term_no_synonym_merge
remote ischemic conditioning,2,raw_WoS_DE_term_no_synonym_merge
Remote ischemic conditioning,2,raw_WoS_DE_term_no_synonym_merge
Renal Fibrosis,2,raw_WoS_DE_term_no_synonym_merge
Resistance,2,raw_WoS_DE_term_no_synonym_merge
Retinal pigment epithelial cell,2,raw_WoS_DE_term_no_synonym_merge
retinal pigment epithelium,2,raw_WoS_DE_term_no_synonym_merge
RGD peptide,2,raw_WoS_DE_term_no_synonym_merge
rickettsial infection,2,raw_WoS_DE_term_no_synonym_merge
RNA interference,2,raw_WoS_DE_term_no_synonym_merge
RNA-binding protein,2,raw_WoS_DE_term_no_synonym_merge
RNA-binding proteins,2,raw_WoS_DE_term_no_synonym_merge
safety,2,raw_WoS_DE_term_no_synonym_merge
saliva,2,raw_WoS_DE_term_no_synonym_merge
Scaffold,2,raw_WoS_DE_term_no_synonym_merge
scaffold,2,raw_WoS_DE_term_no_synonym_merge
SCLC,2,raw_WoS_DE_term_no_synonym_merge
scRNA-seq,2,raw_WoS_DE_term_no_synonym_merge
ScRNA-seq,2,raw_WoS_DE_term_no_synonym_merge
secretomes,2,raw_WoS_DE_term_no_synonym_merge
Secretomes,2,raw_WoS_DE_term_no_synonym_merge
Semaglutide,2,raw_WoS_DE_term_no_synonym_merge
Senolytic,2,raw_WoS_DE_term_no_synonym_merge
senolytic,2,raw_WoS_DE_term_no_synonym_merge
senolytics,2,raw_WoS_DE_term_no_synonym_merge
Serum,2,raw_WoS_DE_term_no_synonym_merge
severe acute respiratory syndrome coronavirus-2,2,raw_WoS_DE_term_no_synonym_merge
severity,2,raw_WoS_DE_term_no_synonym_merge
Sex differences,2,raw_WoS_DE_term_no_synonym_merge
Shear stress,2,raw_WoS_DE_term_no_synonym_merge
sickle cell anaemia,2,raw_WoS_DE_term_no_synonym_merge
Sickle cell disease,2,raw_WoS_DE_term_no_synonym_merge
Signaling pathways,2,raw_WoS_DE_term_no_synonym_merge
silk fibroin,2,raw_WoS_DE_term_no_synonym_merge
siRNA delivery,2,raw_WoS_DE_term_no_synonym_merge
SIRT3,2,raw_WoS_DE_term_no_synonym_merge
size exclusion chromatography,2,raw_WoS_DE_term_no_synonym_merge
Size-exclusion chromatography,2,raw_WoS_DE_term_no_synonym_merge
Skin wound healing,2,raw_WoS_DE_term_no_synonym_merge
small cell lung cancer,2,raw_WoS_DE_term_no_synonym_merge
Small hepatocytes,2,raw_WoS_DE_term_no_synonym_merge
small noncoding RNA,2,raw_WoS_DE_term_no_synonym_merge
Small RNA,2,raw_WoS_DE_term_no_synonym_merge
Smooth muscle cell,2,raw_WoS_DE_term_no_synonym_merge
SOCS3,2,raw_WoS_DE_term_no_synonym_merge
soft tissue reconstruction,2,raw_WoS_DE_term_no_synonym_merge
soluble,2,raw_WoS_DE_term_no_synonym_merge
sonic hedgehog,2,raw_WoS_DE_term_no_synonym_merge
sorting,2,raw_WoS_DE_term_no_synonym_merge
spermatogonia,2,raw_WoS_DE_term_no_synonym_merge
spheroids,2,raw_WoS_DE_term_no_synonym_merge
Spleen,2,raw_WoS_DE_term_no_synonym_merge
Stanniocalcin-1,2,raw_WoS_DE_term_no_synonym_merge
stem/progenitor cells,2,raw_WoS_DE_term_no_synonym_merge
Stroma,2,raw_WoS_DE_term_no_synonym_merge
Stromal cells,2,raw_WoS_DE_term_no_synonym_merge
subpopulations,2,raw_WoS_DE_term_no_synonym_merge
Sufu,2,raw_WoS_DE_term_no_synonym_merge
Surface modification,2,raw_WoS_DE_term_no_synonym_merge
surface modification,2,raw_WoS_DE_term_no_synonym_merge
sustained release,2,raw_WoS_DE_term_no_synonym_merge
syncytiotrophoblast,2,raw_WoS_DE_term_no_synonym_merge
syndecan-4,2,raw_WoS_DE_term_no_synonym_merge
syntenin,2,raw_WoS_DE_term_no_synonym_merge
syphilis,2,raw_WoS_DE_term_no_synonym_merge
systemic inflammatory response,2,raw_WoS_DE_term_no_synonym_merge
systemic inflammatory response syndrome,2,raw_WoS_DE_term_no_synonym_merge
Systemic lupus erythematosus,2,raw_WoS_DE_term_no_synonym_merge
Systemic vasculitis,2,raw_WoS_DE_term_no_synonym_merge
T1D,2,raw_WoS_DE_term_no_synonym_merge
T2D,2,raw_WoS_DE_term_no_synonym_merge
T2DM,2,raw_WoS_DE_term_no_synonym_merge
targeted drug delivery,2,raw_WoS_DE_term_no_synonym_merge
Tears,2,raw_WoS_DE_term_no_synonym_merge
Tendon healing,2,raw_WoS_DE_term_no_synonym_merge
tetraspanin,2,raw_WoS_DE_term_no_synonym_merge
Tetraspanins,2,raw_WoS_DE_term_no_synonym_merge
TGF beta R2,2,raw_WoS_DE_term_no_synonym_merge
TGFBR1,2,raw_WoS_DE_term_no_synonym_merge
therapeutic angiogenesis,2,raw_WoS_DE_term_no_synonym_merge
Therapeutic application,2,raw_WoS_DE_term_no_synonym_merge
therapeutic delivery,2,raw_WoS_DE_term_no_synonym_merge
therapeutic strategy,2,raw_WoS_DE_term_no_synonym_merge
therapies,2,raw_WoS_DE_term_no_synonym_merge
Therapy resistance,2,raw_WoS_DE_term_no_synonym_merge
thrombin generation,2,raw_WoS_DE_term_no_synonym_merge
thrombolysis,2,raw_WoS_DE_term_no_synonym_merge
Tight junction,2,raw_WoS_DE_term_no_synonym_merge
tight junction proteins,2,raw_WoS_DE_term_no_synonym_merge
TNFAIP8,2,raw_WoS_DE_term_no_synonym_merge
toll-like receptor 4,2,raw_WoS_DE_term_no_synonym_merge
traditional Chinese medicine,2,raw_WoS_DE_term_no_synonym_merge
Traditional Chinese medicine,2,raw_WoS_DE_term_no_synonym_merge
TRAF6,2,raw_WoS_DE_term_no_synonym_merge
Trafficking,2,raw_WoS_DE_term_no_synonym_merge
transdifferentiation,2,raw_WoS_DE_term_no_synonym_merge
transendothelial migration,2,raw_WoS_DE_term_no_synonym_merge
Transforming growth factor-beta,2,raw_WoS_DE_term_no_synonym_merge
Trauma,2,raw_WoS_DE_term_no_synonym_merge
Treg,2,raw_WoS_DE_term_no_synonym_merge
Triple-negative breast cancer,2,raw_WoS_DE_term_no_synonym_merge
TrkB,2,raw_WoS_DE_term_no_synonym_merge
trogocytosis,2,raw_WoS_DE_term_no_synonym_merge
trophoblasts,2,raw_WoS_DE_term_no_synonym_merge
TRPM7,2,raw_WoS_DE_term_no_synonym_merge
TRPV4,2,raw_WoS_DE_term_no_synonym_merge
TSPAN6,2,raw_WoS_DE_term_no_synonym_merge
Tube formation,2,raw_WoS_DE_term_no_synonym_merge
TUG1,2,raw_WoS_DE_term_no_synonym_merge
tumor endothelial cell,2,raw_WoS_DE_term_no_synonym_merge
tumor growth,2,raw_WoS_DE_term_no_synonym_merge
Tumor Microenvironment,2,raw_WoS_DE_term_no_synonym_merge
tumor microenvironment (TME),2,raw_WoS_DE_term_no_synonym_merge
tumor niche,2,raw_WoS_DE_term_no_synonym_merge
Tumor progression,2,raw_WoS_DE_term_no_synonym_merge
tumor therapy,2,raw_WoS_DE_term_no_synonym_merge
tumor-associated macrophage,2,raw_WoS_DE_term_no_synonym_merge
tumor-associated macrophages,2,raw_WoS_DE_term_no_synonym_merge
Tumor-associated macrophages,2,raw_WoS_DE_term_no_synonym_merge
Tumor-derived exosomes,2,raw_WoS_DE_term_no_synonym_merge
Tumorigenesis,2,raw_WoS_DE_term_no_synonym_merge
tumorigenesis,2,raw_WoS_DE_term_no_synonym_merge
tumors,2,raw_WoS_DE_term_no_synonym_merge
Tumour endothelial cells,2,raw_WoS_DE_term_no_synonym_merge
Tumour immune editing,2,raw_WoS_DE_term_no_synonym_merge
TWIST1,2,raw_WoS_DE_term_no_synonym_merge
type 1 diabetes mellitus,2,raw_WoS_DE_term_no_synonym_merge
Type 2 Diabetes,2,raw_WoS_DE_term_no_synonym_merge
Type H blood vessel,2,raw_WoS_DE_term_no_synonym_merge
Ultracentrifugation,2,raw_WoS_DE_term_no_synonym_merge
umbilical cord blood,2,raw_WoS_DE_term_no_synonym_merge
Umbilical cord blood,2,raw_WoS_DE_term_no_synonym_merge
umbilical cord mesenchymal stem cells,2,raw_WoS_DE_term_no_synonym_merge
Uremic toxins,2,raw_WoS_DE_term_no_synonym_merge
UTX,2,raw_WoS_DE_term_no_synonym_merge
vaping,2,raw_WoS_DE_term_no_synonym_merge
vascular aging,2,raw_WoS_DE_term_no_synonym_merge
Vascular cells,2,raw_WoS_DE_term_no_synonym_merge
vascular disease,2,raw_WoS_DE_term_no_synonym_merge
Vascular diseases,2,raw_WoS_DE_term_no_synonym_merge
vascular endothelial growth factor (VEGF),2,raw_WoS_DE_term_no_synonym_merge
Vascular endothelial growth factor (VEGF),2,raw_WoS_DE_term_no_synonym_merge
vascular endothelial growth factor A,2,raw_WoS_DE_term_no_synonym_merge
vascular endothelial injury,2,raw_WoS_DE_term_no_synonym_merge
Vascular endothelium,2,raw_WoS_DE_term_no_synonym_merge
Vascular function,2,raw_WoS_DE_term_no_synonym_merge
Vascular normalization,2,raw_WoS_DE_term_no_synonym_merge
Vascular rarefaction,2,raw_WoS_DE_term_no_synonym_merge
vascular regeneration,2,raw_WoS_DE_term_no_synonym_merge
Vascular smooth muscle cell,2,raw_WoS_DE_term_no_synonym_merge
vascular tissue engineering,2,raw_WoS_DE_term_no_synonym_merge
Vascularisation,2,raw_WoS_DE_term_no_synonym_merge
Vascularized bone regeneration,2,raw_WoS_DE_term_no_synonym_merge
vasculature,2,raw_WoS_DE_term_no_synonym_merge
Vasculature,2,raw_WoS_DE_term_no_synonym_merge
vasculitis,2,raw_WoS_DE_term_no_synonym_merge
Vasculogenic mimicry,2,raw_WoS_DE_term_no_synonym_merge
vasculopathy,2,raw_WoS_DE_term_no_synonym_merge
vasoconstriction,2,raw_WoS_DE_term_no_synonym_merge
VCAM-1,2,raw_WoS_DE_term_no_synonym_merge
vesicle,2,raw_WoS_DE_term_no_synonym_merge
vesicle trafficking,2,raw_WoS_DE_term_no_synonym_merge
vesicular trafficking,2,raw_WoS_DE_term_no_synonym_merge
vesiculation,2,raw_WoS_DE_term_no_synonym_merge
vessel,2,raw_WoS_DE_term_no_synonym_merge
viability,2,raw_WoS_DE_term_no_synonym_merge
virus,2,raw_WoS_DE_term_no_synonym_merge
Von Willebrand factor,2,raw_WoS_DE_term_no_synonym_merge
VOSviewer,2,raw_WoS_DE_term_no_synonym_merge
WGCNA,2,raw_WoS_DE_term_no_synonym_merge
Wnt signaling,2,raw_WoS_DE_term_no_synonym_merge
Wound,2,raw_WoS_DE_term_no_synonym_merge
wound,2,raw_WoS_DE_term_no_synonym_merge
Wounds,2,raw_WoS_DE_term_no_synonym_merge
WWP1,2,raw_WoS_DE_term_no_synonym_merge
YAP,2,raw_WoS_DE_term_no_synonym_merge
YTHDF1,2,raw_WoS_DE_term_no_synonym_merge
ZO-1,2,raw_WoS_DE_term_no_synonym_merge
"""catch and display for liquid biopsy (CAD-LB)""",1,raw_WoS_DE_term_no_synonym_merge
&#8208,1,raw_WoS_DE_term_no_synonym_merge
&#945,1,raw_WoS_DE_term_no_synonym_merge
&#946,1,raw_WoS_DE_term_no_synonym_merge
(HUVECs),1,raw_WoS_DE_term_no_synonym_merge
-Perthes,1,raw_WoS_DE_term_no_synonym_merge
-synuclein,1,raw_WoS_DE_term_no_synonym_merge
0-ceramide,1,raw_WoS_DE_term_no_synonym_merge
106b,1,raw_WoS_DE_term_no_synonym_merge
11q13,1,raw_WoS_DE_term_no_synonym_merge
12-lipoxygenase,1,raw_WoS_DE_term_no_synonym_merge
126,1,raw_WoS_DE_term_no_synonym_merge
129,1,raw_WoS_DE_term_no_synonym_merge
13,1,raw_WoS_DE_term_no_synonym_merge
132,1,raw_WoS_DE_term_no_synonym_merge
17 beta-estradiol,1,raw_WoS_DE_term_no_synonym_merge
192,1,raw_WoS_DE_term_no_synonym_merge
2 signaling pathway,1,raw_WoS_DE_term_no_synonym_merge
2 signalling pathway,1,raw_WoS_DE_term_no_synonym_merge
26 October 2021,1,raw_WoS_DE_term_no_synonym_merge
3,1,raw_WoS_DE_term_no_synonym_merge
3 cells,1,raw_WoS_DE_term_no_synonym_merge
3-MA,1,raw_WoS_DE_term_no_synonym_merge
338,1,raw_WoS_DE_term_no_synonym_merge
3D assay,1,raw_WoS_DE_term_no_synonym_merge
3D BBB models,1,raw_WoS_DE_term_no_synonym_merge
3D cell cultures,1,raw_WoS_DE_term_no_synonym_merge
3D cocultures,1,raw_WoS_DE_term_no_synonym_merge
3D culture model,1,raw_WoS_DE_term_no_synonym_merge
3D cultures,1,raw_WoS_DE_term_no_synonym_merge
3D growth,1,raw_WoS_DE_term_no_synonym_merge
3D HA scaffolds,1,raw_WoS_DE_term_no_synonym_merge
3D micro-tumors,1,raw_WoS_DE_term_no_synonym_merge
3D microbeads,1,raw_WoS_DE_term_no_synonym_merge
3D microcarriers,1,raw_WoS_DE_term_no_synonym_merge
3D microfiber culture,1,raw_WoS_DE_term_no_synonym_merge
3D microfluidics,1,raw_WoS_DE_term_no_synonym_merge
3D microvascular model,1,raw_WoS_DE_term_no_synonym_merge
3D painting,1,raw_WoS_DE_term_no_synonym_merge
3D spheroids,1,raw_WoS_DE_term_no_synonym_merge
3D visualization,1,raw_WoS_DE_term_no_synonym_merge
3D-printed,1,raw_WoS_DE_term_no_synonym_merge
3Dbioprinting,1,raw_WoS_DE_term_no_synonym_merge
3p,1,raw_WoS_DE_term_no_synonym_merge
3R4F cigarette,1,raw_WoS_DE_term_no_synonym_merge
3xTg-AD mice,1,raw_WoS_DE_term_no_synonym_merge
4-octyl itaconate,1,raw_WoS_DE_term_no_synonym_merge
486&#8208,1,raw_WoS_DE_term_no_synonym_merge
4D culture,1,raw_WoS_DE_term_no_synonym_merge
512&#8208,1,raw_WoS_DE_term_no_synonym_merge
5p,1,raw_WoS_DE_term_no_synonym_merge
5xFAD,1,raw_WoS_DE_term_no_synonym_merge
7d,1,raw_WoS_DE_term_no_synonym_merge
8OHdG,1,raw_WoS_DE_term_no_synonym_merge
<sc>l</sc>-Arginine,1,raw_WoS_DE_term_no_synonym_merge
>,1,raw_WoS_DE_term_no_synonym_merge
A,1,raw_WoS_DE_term_no_synonym_merge
A beta clearance,1,raw_WoS_DE_term_no_synonym_merge
A disintegrin and metalloprotease 10,1,raw_WoS_DE_term_no_synonym_merge
a disintegrin and metalloproteinase,1,raw_WoS_DE_term_no_synonym_merge
A2 protein,1,raw_WoS_DE_term_no_synonym_merge
A2BR,1,raw_WoS_DE_term_no_synonym_merge
A549 cell line,1,raw_WoS_DE_term_no_synonym_merge
A549 cells,1,raw_WoS_DE_term_no_synonym_merge
A804598,1,raw_WoS_DE_term_no_synonym_merge
AA metabolome,1,raw_WoS_DE_term_no_synonym_merge
ABCA1,1,raw_WoS_DE_term_no_synonym_merge
ABCB1,1,raw_WoS_DE_term_no_synonym_merge
Abdominal aorta,1,raw_WoS_DE_term_no_synonym_merge
ABHD11-AS1,1,raw_WoS_DE_term_no_synonym_merge
ABI,1,raw_WoS_DE_term_no_synonym_merge
ABL2,1,raw_WoS_DE_term_no_synonym_merge
abnormal placentation,1,raw_WoS_DE_term_no_synonym_merge
Abscopal effect,1,raw_WoS_DE_term_no_synonym_merge
ACCEPT,1,raw_WoS_DE_term_no_synonym_merge
ACE2-EPCs-EXs,1,raw_WoS_DE_term_no_synonym_merge
acellular,1,raw_WoS_DE_term_no_synonym_merge
Acellular amniotic membrane,1,raw_WoS_DE_term_no_synonym_merge
Acellular dermal matrix,1,raw_WoS_DE_term_no_synonym_merge
acellular nerve allograft,1,raw_WoS_DE_term_no_synonym_merge
acellular therapy,1,raw_WoS_DE_term_no_synonym_merge
Acellular therapy,1,raw_WoS_DE_term_no_synonym_merge
Acetaminophen subtoxic exposure,1,raw_WoS_DE_term_no_synonym_merge
acetaminophen toxicity,1,raw_WoS_DE_term_no_synonym_merge
Acetylation,1,raw_WoS_DE_term_no_synonym_merge
Achilles tendon injury,1,raw_WoS_DE_term_no_synonym_merge
acid ceramidase,1,raw_WoS_DE_term_no_synonym_merge
Acid ceramidase,1,raw_WoS_DE_term_no_synonym_merge
Acid sphingomyelinase,1,raw_WoS_DE_term_no_synonym_merge
acid sphingomyelinase,1,raw_WoS_DE_term_no_synonym_merge
acidic tumor microenvironment,1,raw_WoS_DE_term_no_synonym_merge
acidity,1,raw_WoS_DE_term_no_synonym_merge
Acidosis,1,raw_WoS_DE_term_no_synonym_merge
ACSL4,1,raw_WoS_DE_term_no_synonym_merge
actin filaments,1,raw_WoS_DE_term_no_synonym_merge
actin reorganization,1,raw_WoS_DE_term_no_synonym_merge
Activated neutrophils,1,raw_WoS_DE_term_no_synonym_merge
Activated protein C,1,raw_WoS_DE_term_no_synonym_merge
activating protein 1,1,raw_WoS_DE_term_no_synonym_merge
Activation,1,raw_WoS_DE_term_no_synonym_merge
Active cathepsin B,1,raw_WoS_DE_term_no_synonym_merge
active loading,1,raw_WoS_DE_term_no_synonym_merge
active targeting,1,raw_WoS_DE_term_no_synonym_merge
acute brain injury,1,raw_WoS_DE_term_no_synonym_merge
Acute brain injury,1,raw_WoS_DE_term_no_synonym_merge
acute cellular rejection,1,raw_WoS_DE_term_no_synonym_merge
acute chest syndrome,1,raw_WoS_DE_term_no_synonym_merge
Acute coronary syndrome,1,raw_WoS_DE_term_no_synonym_merge
Acute diabetic wound,1,raw_WoS_DE_term_no_synonym_merge
acute exercise,1,raw_WoS_DE_term_no_synonym_merge
Acute heart failure,1,raw_WoS_DE_term_no_synonym_merge
Acute injury,1,raw_WoS_DE_term_no_synonym_merge
acute ischemic stroke (AIS),1,raw_WoS_DE_term_no_synonym_merge
Acute kidney injury (AKI),1,raw_WoS_DE_term_no_synonym_merge
Acute liver failure,1,raw_WoS_DE_term_no_synonym_merge
acute lung inflammation (ALI),1,raw_WoS_DE_term_no_synonym_merge
Acute lung injury (ALI),1,raw_WoS_DE_term_no_synonym_merge
acute lymphoblastic leukemia,1,raw_WoS_DE_term_no_synonym_merge
Acute myelogenous Leukemia,1,raw_WoS_DE_term_no_synonym_merge
acute myeloid leukaemia,1,raw_WoS_DE_term_no_synonym_merge
acute myeloid leukemia,1,raw_WoS_DE_term_no_synonym_merge
acute pancreatitis,1,raw_WoS_DE_term_no_synonym_merge
acute phase response,1,raw_WoS_DE_term_no_synonym_merge
Acute promyelocytic leukemia,1,raw_WoS_DE_term_no_synonym_merge
acute radiation syndrome,1,raw_WoS_DE_term_no_synonym_merge
acute rejection,1,raw_WoS_DE_term_no_synonym_merge
acute renal injury,1,raw_WoS_DE_term_no_synonym_merge
Acute renal injury,1,raw_WoS_DE_term_no_synonym_merge
Acute respiratory distress syndrome (ARDS),1,raw_WoS_DE_term_no_synonym_merge
acute stroke,1,raw_WoS_DE_term_no_synonym_merge
Acute thrombosis,1,raw_WoS_DE_term_no_synonym_merge
acute tubular necrosis,1,raw_WoS_DE_term_no_synonym_merge
acyl-CoA oxidase 1 (ACOX-1),1,raw_WoS_DE_term_no_synonym_merge
Ad-EVs,1,raw_WoS_DE_term_no_synonym_merge
Ad-MSCs,1,raw_WoS_DE_term_no_synonym_merge
ADAM,1,raw_WoS_DE_term_no_synonym_merge
Adam10,1,raw_WoS_DE_term_no_synonym_merge
ADAM10,1,raw_WoS_DE_term_no_synonym_merge
adamts 13,1,raw_WoS_DE_term_no_synonym_merge
ADAMTS&#8208,1,raw_WoS_DE_term_no_synonym_merge
ADAMTS-13,1,raw_WoS_DE_term_no_synonym_merge
ADAMTS-13 inhibitor,1,raw_WoS_DE_term_no_synonym_merge
ADAMTS13,1,raw_WoS_DE_term_no_synonym_merge
adaptable materials,1,raw_WoS_DE_term_no_synonym_merge
Adaptation,1,raw_WoS_DE_term_no_synonym_merge
adaptive and innate immunity,1,raw_WoS_DE_term_no_synonym_merge
Adaptive immunity,1,raw_WoS_DE_term_no_synonym_merge
ADCC,1,raw_WoS_DE_term_no_synonym_merge
adenine,1,raw_WoS_DE_term_no_synonym_merge
Adenocarcinoma,1,raw_WoS_DE_term_no_synonym_merge
Adenomyosis,1,raw_WoS_DE_term_no_synonym_merge
adenosine A2A&nbsp,1,raw_WoS_DE_term_no_synonym_merge
adenosine diphosphate receptors,1,raw_WoS_DE_term_no_synonym_merge
adenosine kinase,1,raw_WoS_DE_term_no_synonym_merge
Adherens junctions,1,raw_WoS_DE_term_no_synonym_merge
Adherent culture,1,raw_WoS_DE_term_no_synonym_merge
adhesion mechanisms,1,raw_WoS_DE_term_no_synonym_merge
Adhesive force,1,raw_WoS_DE_term_no_synonym_merge
adhesive molecules,1,raw_WoS_DE_term_no_synonym_merge
adhesiveness,1,raw_WoS_DE_term_no_synonym_merge
adipocyte,1,raw_WoS_DE_term_no_synonym_merge
Adipocyte differentiation,1,raw_WoS_DE_term_no_synonym_merge
adipocyte precursors,1,raw_WoS_DE_term_no_synonym_merge
Adipocyte-derived exosomes,1,raw_WoS_DE_term_no_synonym_merge
Adipocytes-derived exosomes,1,raw_WoS_DE_term_no_synonym_merge
Adipogenesis,1,raw_WoS_DE_term_no_synonym_merge
adipogenic differentiation,1,raw_WoS_DE_term_no_synonym_merge
Adipogenic differentiation,1,raw_WoS_DE_term_no_synonym_merge
Adipokine,1,raw_WoS_DE_term_no_synonym_merge
adipokine,1,raw_WoS_DE_term_no_synonym_merge
Adiponectin receptors,1,raw_WoS_DE_term_no_synonym_merge
Adipose,1,raw_WoS_DE_term_no_synonym_merge
Adipose -derived stem cell,1,raw_WoS_DE_term_no_synonym_merge
Adipose -derived stem cells (ADSCs),1,raw_WoS_DE_term_no_synonym_merge
Adipose cells,1,raw_WoS_DE_term_no_synonym_merge
adipose derived mesenchymal stem cell,1,raw_WoS_DE_term_no_synonym_merge
Adipose mesenchymal stem cell,1,raw_WoS_DE_term_no_synonym_merge
Adipose mesenchymal stem cells,1,raw_WoS_DE_term_no_synonym_merge
adipose stem cell,1,raw_WoS_DE_term_no_synonym_merge
adipose stem cell exosome,1,raw_WoS_DE_term_no_synonym_merge
Adipose stem cell-derived exosomes,1,raw_WoS_DE_term_no_synonym_merge
adipose stem cells,1,raw_WoS_DE_term_no_synonym_merge
Adipose stem cells (ASCs),1,raw_WoS_DE_term_no_synonym_merge
Adipose stromal cells,1,raw_WoS_DE_term_no_synonym_merge
adipose tissue extract,1,raw_WoS_DE_term_no_synonym_merge
Adipose tissue extract,1,raw_WoS_DE_term_no_synonym_merge
adipose tissue macrophage,1,raw_WoS_DE_term_no_synonym_merge
Adipose tissue regeneration,1,raw_WoS_DE_term_no_synonym_merge
Adipose tissue-derived mesenchymal stem cell,1,raw_WoS_DE_term_no_synonym_merge
adipose tissue-derived mesenchymal stem cells,1,raw_WoS_DE_term_no_synonym_merge
adipose tissue-derived mesenchymal stem/stromal cells,1,raw_WoS_DE_term_no_synonym_merge
Adipose tissue-derived mesenchymal stromal cells,1,raw_WoS_DE_term_no_synonym_merge
adipose tissue-derived small extracellular vesicles,1,raw_WoS_DE_term_no_synonym_merge
Adipose tissue-derived stromal cells,1,raw_WoS_DE_term_no_synonym_merge
adipose-derived exosomes,1,raw_WoS_DE_term_no_synonym_merge
Adipose-derived Mesenchymal Stem Cell,1,raw_WoS_DE_term_no_synonym_merge
adipose-derived mesenchymal stem/stromal cell,1,raw_WoS_DE_term_no_synonym_merge
adipose-derived regenerative cells (ADRCs),1,raw_WoS_DE_term_no_synonym_merge
adipose-derived stem cell (ADSC),1,raw_WoS_DE_term_no_synonym_merge
Adipose-derived stem cell (ASC),1,raw_WoS_DE_term_no_synonym_merge
Adipose-derived stem cell exosomes,1,raw_WoS_DE_term_no_synonym_merge
Adipose-derived stem cell sheet,1,raw_WoS_DE_term_no_synonym_merge
Adipose-derived stem cells (ADSCs),1,raw_WoS_DE_term_no_synonym_merge
adipose-derived stromal cells,1,raw_WoS_DE_term_no_synonym_merge
adiposomes,1,raw_WoS_DE_term_no_synonym_merge
Adipsin,1,raw_WoS_DE_term_no_synonym_merge
adjuvant chemotherapy,1,raw_WoS_DE_term_no_synonym_merge
Administration route,1,raw_WoS_DE_term_no_synonym_merge
ADMSC-Exo,1,raw_WoS_DE_term_no_synonym_merge
Adoptive T cell therapy,1,raw_WoS_DE_term_no_synonym_merge
ADP,1,raw_WoS_DE_term_no_synonym_merge
ADP receptors,1,raw_WoS_DE_term_no_synonym_merge
Adriamycin,1,raw_WoS_DE_term_no_synonym_merge
Adriamycin-induced nephropathy,1,raw_WoS_DE_term_no_synonym_merge
ADSC exosomes,1,raw_WoS_DE_term_no_synonym_merge
ADSC-derived extracellular vesicles,1,raw_WoS_DE_term_no_synonym_merge
ADSC-EVs,1,raw_WoS_DE_term_no_synonym_merge
ADSC-Exo,1,raw_WoS_DE_term_no_synonym_merge
ADSCs exosome,1,raw_WoS_DE_term_no_synonym_merge
ADSCs-derived exosomes,1,raw_WoS_DE_term_no_synonym_merge
Adsorption,1,raw_WoS_DE_term_no_synonym_merge
Adsorptive-mediated transcytosis (AMT),1,raw_WoS_DE_term_no_synonym_merge
adult,1,raw_WoS_DE_term_no_synonym_merge
Adult neurogenesis,1,raw_WoS_DE_term_no_synonym_merge
advanced glycation end products,1,raw_WoS_DE_term_no_synonym_merge
Advanced oxidation protein products,1,raw_WoS_DE_term_no_synonym_merge
advances and limitations,1,raw_WoS_DE_term_no_synonym_merge
Adventitia fibroblasts,1,raw_WoS_DE_term_no_synonym_merge
adventitial fibroblasts,1,raw_WoS_DE_term_no_synonym_merge
adverse outcome pathway,1,raw_WoS_DE_term_no_synonym_merge
aerobic training,1,raw_WoS_DE_term_no_synonym_merge
AFLD,1,raw_WoS_DE_term_no_synonym_merge
Agarose,1,raw_WoS_DE_term_no_synonym_merge
age,1,raw_WoS_DE_term_no_synonym_merge
age difference,1,raw_WoS_DE_term_no_synonym_merge
Age-related,1,raw_WoS_DE_term_no_synonym_merge
age-related cardiovascular parameters,1,raw_WoS_DE_term_no_synonym_merge
age-related dementia,1,raw_WoS_DE_term_no_synonym_merge
age-related diseases,1,raw_WoS_DE_term_no_synonym_merge
Age-related macular degeneration,1,raw_WoS_DE_term_no_synonym_merge
aged bone regeneration,1,raw_WoS_DE_term_no_synonym_merge
Ageing,1,raw_WoS_DE_term_no_synonym_merge
aggregation,1,raw_WoS_DE_term_no_synonym_merge
aggregation-inducedemission,1,raw_WoS_DE_term_no_synonym_merge
Aging trajectories,1,raw_WoS_DE_term_no_synonym_merge
aging-related diseases,1,raw_WoS_DE_term_no_synonym_merge
AGO2,1,raw_WoS_DE_term_no_synonym_merge
Ago2-dependent RNA-RNA interaction,1,raw_WoS_DE_term_no_synonym_merge
aHUS,1,raw_WoS_DE_term_no_synonym_merge
AIM2 inflammasome,1,raw_WoS_DE_term_no_synonym_merge
Air pollution,1,raw_WoS_DE_term_no_synonym_merge
airway epithelium,1,raw_WoS_DE_term_no_synonym_merge
Airway obstruction,1,raw_WoS_DE_term_no_synonym_merge
Aki,1,raw_WoS_DE_term_no_synonym_merge
AKI to CKD transition,1,raw_WoS_DE_term_no_synonym_merge
AKI-CKD,1,raw_WoS_DE_term_no_synonym_merge
Akt signaling,1,raw_WoS_DE_term_no_synonym_merge
Akt/beta-catenin pathway,1,raw_WoS_DE_term_no_synonym_merge
alanine,1,raw_WoS_DE_term_no_synonym_merge
alarmin,1,raw_WoS_DE_term_no_synonym_merge
Alarmins,1,raw_WoS_DE_term_no_synonym_merge
albumin,1,raw_WoS_DE_term_no_synonym_merge
albuminuria,1,raw_WoS_DE_term_no_synonym_merge
Alcohol,1,raw_WoS_DE_term_no_synonym_merge
alcohol-associated hepatitis,1,raw_WoS_DE_term_no_synonym_merge
alcohol-associated liver disease,1,raw_WoS_DE_term_no_synonym_merge
alcoholic liver disease,1,raw_WoS_DE_term_no_synonym_merge
Aldosterone,1,raw_WoS_DE_term_no_synonym_merge
alendronate,1,raw_WoS_DE_term_no_synonym_merge
ALI,1,raw_WoS_DE_term_no_synonym_merge
ali,1,raw_WoS_DE_term_no_synonym_merge
Alix,1,raw_WoS_DE_term_no_synonym_merge
ALK1,1,raw_WoS_DE_term_no_synonym_merge
ALK5,1,raw_WoS_DE_term_no_synonym_merge
Alk5,1,raw_WoS_DE_term_no_synonym_merge
Alkaline ceramidase 2,1,raw_WoS_DE_term_no_synonym_merge
Allogeneic stem cell-based therapy,1,raw_WoS_DE_term_no_synonym_merge
Allogeneic stem cells,1,raw_WoS_DE_term_no_synonym_merge
allograft,1,raw_WoS_DE_term_no_synonym_merge
Alloimmunity,1,raw_WoS_DE_term_no_synonym_merge
Aloe saponaria,1,raw_WoS_DE_term_no_synonym_merge
ALP,1,raw_WoS_DE_term_no_synonym_merge
Alpha,1,raw_WoS_DE_term_no_synonym_merge
alpha v beta 6 integrin,1,raw_WoS_DE_term_no_synonym_merge
Alpha-2-macroglobulin,1,raw_WoS_DE_term_no_synonym_merge
alpha-galactosidase A (GLA),1,raw_WoS_DE_term_no_synonym_merge
alpha-lipoic acid,1,raw_WoS_DE_term_no_synonym_merge
Alpha-smooth muscle actin,1,raw_WoS_DE_term_no_synonym_merge
alpha-smooth muscle actin (alpha SMA),1,raw_WoS_DE_term_no_synonym_merge
ALPL,1,raw_WoS_DE_term_no_synonym_merge
ALS,1,raw_WoS_DE_term_no_synonym_merge
ALS mouse plasma,1,raw_WoS_DE_term_no_synonym_merge
ALS2,1,raw_WoS_DE_term_no_synonym_merge
alternative complement pathway,1,raw_WoS_DE_term_no_synonym_merge
alternative polyadenylation,1,raw_WoS_DE_term_no_synonym_merge
alternative splicing,1,raw_WoS_DE_term_no_synonym_merge
Alternatively spliced Tissue Factor,1,raw_WoS_DE_term_no_synonym_merge
Alveolar bone defect,1,raw_WoS_DE_term_no_synonym_merge
Alveolar epithelial cells,1,raw_WoS_DE_term_no_synonym_merge
Alveolar macrophages,1,raw_WoS_DE_term_no_synonym_merge
Alveolar ridge preservation,1,raw_WoS_DE_term_no_synonym_merge
alveolar space,1,raw_WoS_DE_term_no_synonym_merge
alveolar-capillary barrier model,1,raw_WoS_DE_term_no_synonym_merge
alveoli,1,raw_WoS_DE_term_no_synonym_merge
ALX/GPR32,1,raw_WoS_DE_term_no_synonym_merge
Alzheimer disease,1,raw_WoS_DE_term_no_synonym_merge
Alzheimer&#8217,1,raw_WoS_DE_term_no_synonym_merge
Alzheimer&apos,1,raw_WoS_DE_term_no_synonym_merge
Alzheimer's,1,raw_WoS_DE_term_no_synonym_merge
AMD,1,raw_WoS_DE_term_no_synonym_merge
American cockroach,1,raw_WoS_DE_term_no_synonym_merge
AMIGO2,1,raw_WoS_DE_term_no_synonym_merge
AML,1,raw_WoS_DE_term_no_synonym_merge
ammonium sulfate,1,raw_WoS_DE_term_no_synonym_merge
amniotic cells,1,raw_WoS_DE_term_no_synonym_merge
Amniotic fluid,1,raw_WoS_DE_term_no_synonym_merge
Amniotic membrane,1,raw_WoS_DE_term_no_synonym_merge
amniotic membrane stem cell,1,raw_WoS_DE_term_no_synonym_merge
AMOT,1,raw_WoS_DE_term_no_synonym_merge
amoxicillin,1,raw_WoS_DE_term_no_synonym_merge
Amphiphilic block copolymer,1,raw_WoS_DE_term_no_synonym_merge
amphisome,1,raw_WoS_DE_term_no_synonym_merge
AMSCs,1,raw_WoS_DE_term_no_synonym_merge
amyloid beta,1,raw_WoS_DE_term_no_synonym_merge
Amyloid beta peptide,1,raw_WoS_DE_term_no_synonym_merge
Amyloid precursor protein,1,raw_WoS_DE_term_no_synonym_merge
Amyloid-beta,1,raw_WoS_DE_term_no_synonym_merge
anaerobic,1,raw_WoS_DE_term_no_synonym_merge
analgesia,1,raw_WoS_DE_term_no_synonym_merge
Anaplasma phagocytophilum,1,raw_WoS_DE_term_no_synonym_merge
ANCA-Associated vasculitis,1,raw_WoS_DE_term_no_synonym_merge
And reoxygenation (H,1,raw_WoS_DE_term_no_synonym_merge
androgen receptor,1,raw_WoS_DE_term_no_synonym_merge
androgens,1,raw_WoS_DE_term_no_synonym_merge
aneurysm,1,raw_WoS_DE_term_no_synonym_merge
Ang-1,1,raw_WoS_DE_term_no_synonym_merge
ANG-RNH1 system,1,raw_WoS_DE_term_no_synonym_merge
Angelica dahurica,1,raw_WoS_DE_term_no_synonym_merge
Angiocrine effect,1,raw_WoS_DE_term_no_synonym_merge
angiocrine factors,1,raw_WoS_DE_term_no_synonym_merge
angiogenesis assay,1,raw_WoS_DE_term_no_synonym_merge
angiogenesis factor,1,raw_WoS_DE_term_no_synonym_merge
Angiogenesis factors,1,raw_WoS_DE_term_no_synonym_merge
Angiogenesis microRNAs,1,raw_WoS_DE_term_no_synonym_merge
angiogenesis promoters,1,raw_WoS_DE_term_no_synonym_merge
Angiogenesis-osteogenesis,1,raw_WoS_DE_term_no_synonym_merge
Angiogenesis-osteogenesis coupling,1,raw_WoS_DE_term_no_synonym_merge
angiogenic,1,raw_WoS_DE_term_no_synonym_merge
angiogenic capability,1,raw_WoS_DE_term_no_synonym_merge
Angiogenic capacity,1,raw_WoS_DE_term_no_synonym_merge
angiogenic cytokines,1,raw_WoS_DE_term_no_synonym_merge
Angiogenic dormancy,1,raw_WoS_DE_term_no_synonym_merge
angiogenic signaling,1,raw_WoS_DE_term_no_synonym_merge
Angiogenic signature,1,raw_WoS_DE_term_no_synonym_merge
angiogenic-osteogenic coupling,1,raw_WoS_DE_term_no_synonym_merge
Angiogenin,1,raw_WoS_DE_term_no_synonym_merge
angiogenin-1 hydrogel,1,raw_WoS_DE_term_no_synonym_merge
Angiogensis,1,raw_WoS_DE_term_no_synonym_merge
Angiognesis,1,raw_WoS_DE_term_no_synonym_merge
angiontensin II,1,raw_WoS_DE_term_no_synonym_merge
angiopoetin-2 (ANG2),1,raw_WoS_DE_term_no_synonym_merge
Angiopoietin,1,raw_WoS_DE_term_no_synonym_merge
angiopoietin,1,raw_WoS_DE_term_no_synonym_merge
angiopoietin 2,1,raw_WoS_DE_term_no_synonym_merge
Angiopoietin-like,1,raw_WoS_DE_term_no_synonym_merge
Angiopoietin-related protein 6,1,raw_WoS_DE_term_no_synonym_merge
angiosarcoma,1,raw_WoS_DE_term_no_synonym_merge
angiotensin converting enzyme,1,raw_WoS_DE_term_no_synonym_merge
angiotensin receptor,1,raw_WoS_DE_term_no_synonym_merge
angiotensin-converting enzyme,1,raw_WoS_DE_term_no_synonym_merge
angiotensin-converting enzyme 2,1,raw_WoS_DE_term_no_synonym_merge
Angiotensin-II,1,raw_WoS_DE_term_no_synonym_merge
Angpt1,1,raw_WoS_DE_term_no_synonym_merge
ANGPT2,1,raw_WoS_DE_term_no_synonym_merge
ANGPTL2,1,raw_WoS_DE_term_no_synonym_merge
ANGPTL7,1,raw_WoS_DE_term_no_synonym_merge
animal experiments,1,raw_WoS_DE_term_no_synonym_merge
Animal models,1,raw_WoS_DE_term_no_synonym_merge
Animal studies,1,raw_WoS_DE_term_no_synonym_merge
Anisodamine,1,raw_WoS_DE_term_no_synonym_merge
Annexin A1,1,raw_WoS_DE_term_no_synonym_merge
Annexin a1,1,raw_WoS_DE_term_no_synonym_merge
Annexin A1/Formyl peptide receptor axis,1,raw_WoS_DE_term_no_synonym_merge
Annexin A2,1,raw_WoS_DE_term_no_synonym_merge
annexin A5,1,raw_WoS_DE_term_no_synonym_merge
Annulus fibrosus,1,raw_WoS_DE_term_no_synonym_merge
Anoxia-reoxygenation,1,raw_WoS_DE_term_no_synonym_merge
antagomiR,1,raw_WoS_DE_term_no_synonym_merge
antagomir,1,raw_WoS_DE_term_no_synonym_merge
antagomiRs,1,raw_WoS_DE_term_no_synonym_merge
Anterior cruciate ligament reconstruction,1,raw_WoS_DE_term_no_synonym_merge
anti-aging,1,raw_WoS_DE_term_no_synonym_merge
Anti-angiogenesis,1,raw_WoS_DE_term_no_synonym_merge
anti-angiogenic drugs,1,raw_WoS_DE_term_no_synonym_merge
anti-apoptosis,1,raw_WoS_DE_term_no_synonym_merge
anti-autophagy,1,raw_WoS_DE_term_no_synonym_merge
anti-cancer drugs,1,raw_WoS_DE_term_no_synonym_merge
anti-cancer immunity,1,raw_WoS_DE_term_no_synonym_merge
anti-cancer therapy,1,raw_WoS_DE_term_no_synonym_merge
anti-CD,1,raw_WoS_DE_term_no_synonym_merge
Anti-endothelial cell antibodies,1,raw_WoS_DE_term_no_synonym_merge
Anti-FZ,1,raw_WoS_DE_term_no_synonym_merge
anti-inflammatory agents,1,raw_WoS_DE_term_no_synonym_merge
anti-inflammatory macrophage,1,raw_WoS_DE_term_no_synonym_merge
Anti-inflammatory macrophages,1,raw_WoS_DE_term_no_synonym_merge
Anti-inflammatory therapy,1,raw_WoS_DE_term_no_synonym_merge
Anti-OX40L,1,raw_WoS_DE_term_no_synonym_merge
Anti-oxidation,1,raw_WoS_DE_term_no_synonym_merge
anti-oxidative stress,1,raw_WoS_DE_term_no_synonym_merge
Anti-tumor immunity,1,raw_WoS_DE_term_no_synonym_merge
Anti-viral effect,1,raw_WoS_DE_term_no_synonym_merge
antiangiogenesis,1,raw_WoS_DE_term_no_synonym_merge
Antibacterial,1,raw_WoS_DE_term_no_synonym_merge
antibacterial hydrogel,1,raw_WoS_DE_term_no_synonym_merge
antibacterial properties,1,raw_WoS_DE_term_no_synonym_merge
Antibacterial viability,1,raw_WoS_DE_term_no_synonym_merge
Antibody,1,raw_WoS_DE_term_no_synonym_merge
Antibody mediated rejection,1,raw_WoS_DE_term_no_synonym_merge
antibody therapeutics,1,raw_WoS_DE_term_no_synonym_merge
antibody treatment,1,raw_WoS_DE_term_no_synonym_merge
antibody-dependent cellular cytotoxicity (ADCC),1,raw_WoS_DE_term_no_synonym_merge
antibody-mediated allograft rejection,1,raw_WoS_DE_term_no_synonym_merge
antibody-mediated rejection,1,raw_WoS_DE_term_no_synonym_merge
anticancer,1,raw_WoS_DE_term_no_synonym_merge
Anticancer therapy,1,raw_WoS_DE_term_no_synonym_merge
anticoagulant therapy,1,raw_WoS_DE_term_no_synonym_merge
Anticoagulant vesicles,1,raw_WoS_DE_term_no_synonym_merge
Anticoagulation and anticalcification,1,raw_WoS_DE_term_no_synonym_merge
Antidepressants,1,raw_WoS_DE_term_no_synonym_merge
antigen presentation,1,raw_WoS_DE_term_no_synonym_merge
antigen processing and presentation,1,raw_WoS_DE_term_no_synonym_merge
antigenic assays,1,raw_WoS_DE_term_no_synonym_merge
Antimicrobial activities,1,raw_WoS_DE_term_no_synonym_merge
Antimicrobial peptide,1,raw_WoS_DE_term_no_synonym_merge
antioxidant molecules,1,raw_WoS_DE_term_no_synonym_merge
Antioxidative stress,1,raw_WoS_DE_term_no_synonym_merge
Antiphospholipid,1,raw_WoS_DE_term_no_synonym_merge
Antiphospholipid antibody syndrome,1,raw_WoS_DE_term_no_synonym_merge
antiplatelet drugs,1,raw_WoS_DE_term_no_synonym_merge
Antiplatelet therapy,1,raw_WoS_DE_term_no_synonym_merge
antiplatelet therapy,1,raw_WoS_DE_term_no_synonym_merge
antiretroviral therapy,1,raw_WoS_DE_term_no_synonym_merge
antisense transcript 1,1,raw_WoS_DE_term_no_synonym_merge
antitumor drug,1,raw_WoS_DE_term_no_synonym_merge
antitumor efficacies,1,raw_WoS_DE_term_no_synonym_merge
Antiviral,1,raw_WoS_DE_term_no_synonym_merge
antiviral resistance,1,raw_WoS_DE_term_no_synonym_merge
antiviral response,1,raw_WoS_DE_term_no_synonym_merge
Anxiety-like behavior,1,raw_WoS_DE_term_no_synonym_merge
aortic aneurysms,1,raw_WoS_DE_term_no_synonym_merge
Aortic calcific stenosis,1,raw_WoS_DE_term_no_synonym_merge
aortic dissection,1,raw_WoS_DE_term_no_synonym_merge
aortic endothelial cell,1,raw_WoS_DE_term_no_synonym_merge
Aortic endothelial cell,1,raw_WoS_DE_term_no_synonym_merge
aortic graft,1,raw_WoS_DE_term_no_synonym_merge
aortic stenosis,1,raw_WoS_DE_term_no_synonym_merge
Aortic Stiffness,1,raw_WoS_DE_term_no_synonym_merge
apatinib,1,raw_WoS_DE_term_no_synonym_merge
APCs,1,raw_WoS_DE_term_no_synonym_merge
Apelin,1,raw_WoS_DE_term_no_synonym_merge
API5,1,raw_WoS_DE_term_no_synonym_merge
apolipoprotein C3,1,raw_WoS_DE_term_no_synonym_merge
Apolipoprotein E,1,raw_WoS_DE_term_no_synonym_merge
Apolipoprotein E-knockout mice,1,raw_WoS_DE_term_no_synonym_merge
APOPTOSIS,1,raw_WoS_DE_term_no_synonym_merge
Apoptosis and autophagy,1,raw_WoS_DE_term_no_synonym_merge
apoptosis of endothelial cells,1,raw_WoS_DE_term_no_synonym_merge
Apoptosis-linked gene 2-interacting protein X,1,raw_WoS_DE_term_no_synonym_merge
apoptotic blebs,1,raw_WoS_DE_term_no_synonym_merge
Apoptotic cell disassembly,1,raw_WoS_DE_term_no_synonym_merge
apoptotic nanovesicles,1,raw_WoS_DE_term_no_synonym_merge
apoptotic small extracellular vesicles,1,raw_WoS_DE_term_no_synonym_merge
apoptotic vesicle subtypes,1,raw_WoS_DE_term_no_synonym_merge
applications,1,raw_WoS_DE_term_no_synonym_merge
APT1,1,raw_WoS_DE_term_no_synonym_merge
apurinic/apyrimidinic endonuclease-1/redox factor-1,1,raw_WoS_DE_term_no_synonym_merge
AQP1,1,raw_WoS_DE_term_no_synonym_merge
aquaporins (AQPs),1,raw_WoS_DE_term_no_synonym_merge
Aqueous humor,1,raw_WoS_DE_term_no_synonym_merge
ARDS (acute respiratory distress syndrome),1,raw_WoS_DE_term_no_synonym_merge
ARF6,1,raw_WoS_DE_term_no_synonym_merge
arginase 1,1,raw_WoS_DE_term_no_synonym_merge
Arginine,1,raw_WoS_DE_term_no_synonym_merge
arginine,1,raw_WoS_DE_term_no_synonym_merge
Argonaute,1,raw_WoS_DE_term_no_synonym_merge
arterial,1,raw_WoS_DE_term_no_synonym_merge
arterial hypertension,1,raw_WoS_DE_term_no_synonym_merge
Arterial restenosis,1,raw_WoS_DE_term_no_synonym_merge
arterial specification,1,raw_WoS_DE_term_no_synonym_merge
ARTERIAL STIFFNESS,1,raw_WoS_DE_term_no_synonym_merge
Arterial stiffness,1,raw_WoS_DE_term_no_synonym_merge
arterialisation,1,raw_WoS_DE_term_no_synonym_merge
arteriogenesis,1,raw_WoS_DE_term_no_synonym_merge
Arteriole,1,raw_WoS_DE_term_no_synonym_merge
arteriosclerosis,1,raw_WoS_DE_term_no_synonym_merge
Arteriosclerotic cardiovascular disease (ASCVD),1,raw_WoS_DE_term_no_synonym_merge
artery injury,1,raw_WoS_DE_term_no_synonym_merge
Arthritis,1,raw_WoS_DE_term_no_synonym_merge
arthritis,1,raw_WoS_DE_term_no_synonym_merge
arthropod EVs,1,raw_WoS_DE_term_no_synonym_merge
artificial intelligence,1,raw_WoS_DE_term_no_synonym_merge
Artificial liver lobules,1,raw_WoS_DE_term_no_synonym_merge
Artificial microRNA,1,raw_WoS_DE_term_no_synonym_merge
Artificial stem cells,1,raw_WoS_DE_term_no_synonym_merge
ARTS-1,1,raw_WoS_DE_term_no_synonym_merge
Aryl hydrocarbon receptor,1,raw_WoS_DE_term_no_synonym_merge
aryl hydrocarbon receptor,1,raw_WoS_DE_term_no_synonym_merge
aSAH,1,raw_WoS_DE_term_no_synonym_merge
ASC,1,raw_WoS_DE_term_no_synonym_merge
ASC differentiation,1,raw_WoS_DE_term_no_synonym_merge
ascorbic acid,1,raw_WoS_DE_term_no_synonym_merge
ASCs,1,raw_WoS_DE_term_no_synonym_merge
Asian diabetes,1,raw_WoS_DE_term_no_synonym_merge
asperuloside,1,raw_WoS_DE_term_no_synonym_merge
astrocycte,1,raw_WoS_DE_term_no_synonym_merge
Astrocyte,1,raw_WoS_DE_term_no_synonym_merge
astrocyte EV-mito,1,raw_WoS_DE_term_no_synonym_merge
Astrocytic endfeet,1,raw_WoS_DE_term_no_synonym_merge
astronauts,1,raw_WoS_DE_term_no_synonym_merge
asymmetric molecular distribution,1,raw_WoS_DE_term_no_synonym_merge
Asymmetrical-flow field -flow fractionation,1,raw_WoS_DE_term_no_synonym_merge
AT2R,1,raw_WoS_DE_term_no_synonym_merge
ataxia telangiectasia mutated (ATM),1,raw_WoS_DE_term_no_synonym_merge
ATG12,1,raw_WoS_DE_term_no_synonym_merge
Atherogenic,1,raw_WoS_DE_term_no_synonym_merge
Atheroprotection,1,raw_WoS_DE_term_no_synonym_merge
atheroscelorsis,1,raw_WoS_DE_term_no_synonym_merge
atherosclerosis (AS),1,raw_WoS_DE_term_no_synonym_merge
Atherosclerosis (AS),1,raw_WoS_DE_term_no_synonym_merge
Atherosclerotic disease,1,raw_WoS_DE_term_no_synonym_merge
atherosclerotic plaque,1,raw_WoS_DE_term_no_synonym_merge
Atherothrombosis,1,raw_WoS_DE_term_no_synonym_merge
ATM,1,raw_WoS_DE_term_no_synonym_merge
Atomic force microscope,1,raw_WoS_DE_term_no_synonym_merge
atomic force microscopy (AFM),1,raw_WoS_DE_term_no_synonym_merge
Atomic force microscopy (AFM),1,raw_WoS_DE_term_no_synonym_merge
atomic force spectroscopy,1,raw_WoS_DE_term_no_synonym_merge
atopic dermatitis,1,raw_WoS_DE_term_no_synonym_merge
ATP increase,1,raw_WoS_DE_term_no_synonym_merge
ATP synthase beta-subunit,1,raw_WoS_DE_term_no_synonym_merge
ATPase plasma membrane Ca2+ transporting 2,1,raw_WoS_DE_term_no_synonym_merge
ATRA,1,raw_WoS_DE_term_no_synonym_merge
atrial fibrosis,1,raw_WoS_DE_term_no_synonym_merge
atypical chemokine receptor 1,1,raw_WoS_DE_term_no_synonym_merge
Au NPs,1,raw_WoS_DE_term_no_synonym_merge
auditory brainstem,1,raw_WoS_DE_term_no_synonym_merge
autoantibodies,1,raw_WoS_DE_term_no_synonym_merge
Autoantigen,1,raw_WoS_DE_term_no_synonym_merge
Autoimmune disease,1,raw_WoS_DE_term_no_synonym_merge
Autoimmune diseases,1,raw_WoS_DE_term_no_synonym_merge
autoimmune disorders,1,raw_WoS_DE_term_no_synonym_merge
autoimmune liver disease,1,raw_WoS_DE_term_no_synonym_merge
autoimmune uveitis,1,raw_WoS_DE_term_no_synonym_merge
autoinflammatory disease,1,raw_WoS_DE_term_no_synonym_merge
autologous fat grafting,1,raw_WoS_DE_term_no_synonym_merge
Autologous fat grafting,1,raw_WoS_DE_term_no_synonym_merge
autologous fat grafts,1,raw_WoS_DE_term_no_synonym_merge
Autologous fat grafts,1,raw_WoS_DE_term_no_synonym_merge
autologous stem cell transplantation,1,raw_WoS_DE_term_no_synonym_merge
Autologous stem cells,1,raw_WoS_DE_term_no_synonym_merge
Autophagic flux,1,raw_WoS_DE_term_no_synonym_merge
autophagic vacuoles,1,raw_WoS_DE_term_no_synonym_merge
autophagosomes,1,raw_WoS_DE_term_no_synonym_merge
autophagy enhancers,1,raw_WoS_DE_term_no_synonym_merge
Autophagy modulation,1,raw_WoS_DE_term_no_synonym_merge
autophagy-lysosomal pathways,1,raw_WoS_DE_term_no_synonym_merge
Axon growth,1,raw_WoS_DE_term_no_synonym_merge
axonal remodeling,1,raw_WoS_DE_term_no_synonym_merge
axons,1,raw_WoS_DE_term_no_synonym_merge
AZD4547,1,raw_WoS_DE_term_no_synonym_merge
azurocidin,1,raw_WoS_DE_term_no_synonym_merge
azurocidin (AZU1),1,raw_WoS_DE_term_no_synonym_merge
B,1,raw_WoS_DE_term_no_synonym_merge
B lymphocyte,1,raw_WoS_DE_term_no_synonym_merge
B-ALL development,1,raw_WoS_DE_term_no_synonym_merge
B-cell development,1,raw_WoS_DE_term_no_synonym_merge
B-cell malignancies,1,raw_WoS_DE_term_no_synonym_merge
B-cell niche,1,raw_WoS_DE_term_no_synonym_merge
B1-INTEGRIN,1,raw_WoS_DE_term_no_synonym_merge
B7-H1,1,raw_WoS_DE_term_no_synonym_merge
B7-H3,1,raw_WoS_DE_term_no_synonym_merge
Bach1,1,raw_WoS_DE_term_no_synonym_merge
bacteria,1,raw_WoS_DE_term_no_synonym_merge
Bacterial extracellular vesicles,1,raw_WoS_DE_term_no_synonym_merge
Bacterial extracellular vesicles (BEVs),1,raw_WoS_DE_term_no_synonym_merge
bacterial infection,1,raw_WoS_DE_term_no_synonym_merge
bacterial membrane vesicles,1,raw_WoS_DE_term_no_synonym_merge
bacterial outer membrane proteins,1,raw_WoS_DE_term_no_synonym_merge
bacterium-released membrane vesicles,1,raw_WoS_DE_term_no_synonym_merge
baicalin,1,raw_WoS_DE_term_no_synonym_merge
BAMBI,1,raw_WoS_DE_term_no_synonym_merge
BAP31,1,raw_WoS_DE_term_no_synonym_merge
barrier disruption,1,raw_WoS_DE_term_no_synonym_merge
barrier dysfunction,1,raw_WoS_DE_term_no_synonym_merge
Barrier function,1,raw_WoS_DE_term_no_synonym_merge
basic (laboratory) research,1,raw_WoS_DE_term_no_synonym_merge
basic science research,1,raw_WoS_DE_term_no_synonym_merge
BBB crossing,1,raw_WoS_DE_term_no_synonym_merge
BBB metabolic protection,1,raw_WoS_DE_term_no_synonym_merge
BCKDK,1,raw_WoS_DE_term_no_synonym_merge
Bcl2/Bax/Caspase-3 pathway,1,raw_WoS_DE_term_no_synonym_merge
BCR-ABL,1,raw_WoS_DE_term_no_synonym_merge
BCR/ABL1,1,raw_WoS_DE_term_no_synonym_merge
BCYRN1,1,raw_WoS_DE_term_no_synonym_merge
BDNF,1,raw_WoS_DE_term_no_synonym_merge
Behavior,1,raw_WoS_DE_term_no_synonym_merge
bEnd,1,raw_WoS_DE_term_no_synonym_merge
bEnd.3 cells,1,raw_WoS_DE_term_no_synonym_merge
benzo(a)pyrene,1,raw_WoS_DE_term_no_synonym_merge
benzo[a]pyrene,1,raw_WoS_DE_term_no_synonym_merge
berberine hydrochloride,1,raw_WoS_DE_term_no_synonym_merge
Besnoitia besnoiti,1,raw_WoS_DE_term_no_synonym_merge
beta 2-glycoprotein I,1,raw_WoS_DE_term_no_synonym_merge
beta cells,1,raw_WoS_DE_term_no_synonym_merge
Beta vulgaris,1,raw_WoS_DE_term_no_synonym_merge
beta-arrestin,1,raw_WoS_DE_term_no_synonym_merge
beta-catenin,1,raw_WoS_DE_term_no_synonym_merge
beta-cell,1,raw_WoS_DE_term_no_synonym_merge
beta-cell function,1,raw_WoS_DE_term_no_synonym_merge
beta-cell injury,1,raw_WoS_DE_term_no_synonym_merge
beta-thalassemia major,1,raw_WoS_DE_term_no_synonym_merge
BGC-823,1,raw_WoS_DE_term_no_synonym_merge
Bibliometric,1,raw_WoS_DE_term_no_synonym_merge
bibliometrics,1,raw_WoS_DE_term_no_synonym_merge
bibliometrix,1,raw_WoS_DE_term_no_synonym_merge
Bidirectional crosstalk,1,raw_WoS_DE_term_no_synonym_merge
Bilayer patche,1,raw_WoS_DE_term_no_synonym_merge
bilberries,1,raw_WoS_DE_term_no_synonym_merge
binding activity,1,raw_WoS_DE_term_no_synonym_merge
Bio-adhesive hydrogel,1,raw_WoS_DE_term_no_synonym_merge
bio-distribution analysis,1,raw_WoS_DE_term_no_synonym_merge
bio-heterojunctions,1,raw_WoS_DE_term_no_synonym_merge
Bio-particles,1,raw_WoS_DE_term_no_synonym_merge
Bioactive,1,raw_WoS_DE_term_no_synonym_merge
Bioactive cargo,1,raw_WoS_DE_term_no_synonym_merge
Bioactive chitosan scaffold,1,raw_WoS_DE_term_no_synonym_merge
Bioactive compounds,1,raw_WoS_DE_term_no_synonym_merge
Bioactive ECM,1,raw_WoS_DE_term_no_synonym_merge
bioactive exosomes,1,raw_WoS_DE_term_no_synonym_merge
Bioactive factors,1,raw_WoS_DE_term_no_synonym_merge
bioactive hydrogel,1,raw_WoS_DE_term_no_synonym_merge
Bioactive peptides,1,raw_WoS_DE_term_no_synonym_merge
bioactive scaffolds,1,raw_WoS_DE_term_no_synonym_merge
bioactivity,1,raw_WoS_DE_term_no_synonym_merge
biochanin A,1,raw_WoS_DE_term_no_synonym_merge
biocompatibility,1,raw_WoS_DE_term_no_synonym_merge
biodegradable implant,1,raw_WoS_DE_term_no_synonym_merge
bioenergetics,1,raw_WoS_DE_term_no_synonym_merge
Bioengineering,1,raw_WoS_DE_term_no_synonym_merge
biofabrication,1,raw_WoS_DE_term_no_synonym_merge
biofilm,1,raw_WoS_DE_term_no_synonym_merge
biofilms,1,raw_WoS_DE_term_no_synonym_merge
Bioglass ion products,1,raw_WoS_DE_term_no_synonym_merge
bioglass scaffolds,1,raw_WoS_DE_term_no_synonym_merge
biohybrid nanorobots,1,raw_WoS_DE_term_no_synonym_merge
Bioinformatics,1,raw_WoS_DE_term_no_synonym_merge
Bioinspired,1,raw_WoS_DE_term_no_synonym_merge
bioinspired materials,1,raw_WoS_DE_term_no_synonym_merge
Bioinspired nanovesicles,1,raw_WoS_DE_term_no_synonym_merge
bioinspired nanovesicles,1,raw_WoS_DE_term_no_synonym_merge
biologic markers,1,raw_WoS_DE_term_no_synonym_merge
Biologic-based therapeutics,1,raw_WoS_DE_term_no_synonym_merge
biological barriers,1,raw_WoS_DE_term_no_synonym_merge
biological fluid,1,raw_WoS_DE_term_no_synonym_merge
Biological function,1,raw_WoS_DE_term_no_synonym_merge
biological functions,1,raw_WoS_DE_term_no_synonym_merge
biological half-life,1,raw_WoS_DE_term_no_synonym_merge
biological impact,1,raw_WoS_DE_term_no_synonym_merge
Biological Markers,1,raw_WoS_DE_term_no_synonym_merge
biological mediators,1,raw_WoS_DE_term_no_synonym_merge
biologically based dose-response,1,raw_WoS_DE_term_no_synonym_merge
Biologics,1,raw_WoS_DE_term_no_synonym_merge
biologics,1,raw_WoS_DE_term_no_synonym_merge
Bioluminescence imaging (BLI),1,raw_WoS_DE_term_no_synonym_merge
Biomanufacturing,1,raw_WoS_DE_term_no_synonym_merge
biomarker profiling,1,raw_WoS_DE_term_no_synonym_merge
biomarkers and therapeutics,1,raw_WoS_DE_term_no_synonym_merge
biomaterial interactions,1,raw_WoS_DE_term_no_synonym_merge
biomaterial-free,1,raw_WoS_DE_term_no_synonym_merge
Biomechanical force,1,raw_WoS_DE_term_no_synonym_merge
Biomedical engineering,1,raw_WoS_DE_term_no_synonym_merge
biomedical engineering,1,raw_WoS_DE_term_no_synonym_merge
Biomedicine,1,raw_WoS_DE_term_no_synonym_merge
biomimetic delivery,1,raw_WoS_DE_term_no_synonym_merge
Biomimetic engineered nanoparticle,1,raw_WoS_DE_term_no_synonym_merge
Biomimetic nanoparticle,1,raw_WoS_DE_term_no_synonym_merge
Biomimetic nanoparticles,1,raw_WoS_DE_term_no_synonym_merge
Biomimetic nanotechnology,1,raw_WoS_DE_term_no_synonym_merge
Biomimetic nanovesicle,1,raw_WoS_DE_term_no_synonym_merge
biomimetic systems,1,raw_WoS_DE_term_no_synonym_merge
biomimetic trabecular scaffold,1,raw_WoS_DE_term_no_synonym_merge
Biomimetics,1,raw_WoS_DE_term_no_synonym_merge
biomolecules,1,raw_WoS_DE_term_no_synonym_merge
Bionanotechnology,1,raw_WoS_DE_term_no_synonym_merge
bioprinting,1,raw_WoS_DE_term_no_synonym_merge
bioprocessing,1,raw_WoS_DE_term_no_synonym_merge
Bioprosthetic heart valves,1,raw_WoS_DE_term_no_synonym_merge
Bioresorbable scaffolds,1,raw_WoS_DE_term_no_synonym_merge
Biosensor,1,raw_WoS_DE_term_no_synonym_merge
Biosensors,1,raw_WoS_DE_term_no_synonym_merge
BIP,1,raw_WoS_DE_term_no_synonym_merge
bisphosphonate-related osteonecrosis of the jaw,1,raw_WoS_DE_term_no_synonym_merge
BK polyomavirus,1,raw_WoS_DE_term_no_synonym_merge
Black phosphorus quantum dots,1,raw_WoS_DE_term_no_synonym_merge
Bladder angiogenesis,1,raw_WoS_DE_term_no_synonym_merge
bleeding,1,raw_WoS_DE_term_no_synonym_merge
blood and lymph flow,1,raw_WoS_DE_term_no_synonym_merge
blood biomarkers,1,raw_WoS_DE_term_no_synonym_merge
blood clots,1,raw_WoS_DE_term_no_synonym_merge
blood coagulation,1,raw_WoS_DE_term_no_synonym_merge
blood coagulation disorders,1,raw_WoS_DE_term_no_synonym_merge
Blood derived product,1,raw_WoS_DE_term_no_synonym_merge
Blood disease,1,raw_WoS_DE_term_no_synonym_merge
blood endothelial barrier breaching,1,raw_WoS_DE_term_no_synonym_merge
blood endothelium,1,raw_WoS_DE_term_no_synonym_merge
Blood flow shear stress,1,raw_WoS_DE_term_no_synonym_merge
blood mononuclear cells,1,raw_WoS_DE_term_no_synonym_merge
blood nerve barrier,1,raw_WoS_DE_term_no_synonym_merge
Blood pressure,1,raw_WoS_DE_term_no_synonym_merge
Blood pressure genes,1,raw_WoS_DE_term_no_synonym_merge
blood pressure threshold,1,raw_WoS_DE_term_no_synonym_merge
Blood processing,1,raw_WoS_DE_term_no_synonym_merge
Blood rheology,1,raw_WoS_DE_term_no_synonym_merge
blood rheology,1,raw_WoS_DE_term_no_synonym_merge
blood spinal cord barrier,1,raw_WoS_DE_term_no_synonym_merge
blood tumor barrier,1,raw_WoS_DE_term_no_synonym_merge
Blood vessel,1,raw_WoS_DE_term_no_synonym_merge
blood&#8208,1,raw_WoS_DE_term_no_synonym_merge
Blood&#8211,1,raw_WoS_DE_term_no_synonym_merge
blood&#8211,1,raw_WoS_DE_term_no_synonym_merge
Blood-brain barrier (BBB),1,raw_WoS_DE_term_no_synonym_merge
Blood-Brain Barrier (BBB),1,raw_WoS_DE_term_no_synonym_merge
Blood-brain-barrier,1,raw_WoS_DE_term_no_synonym_merge
blood-CNS-barrier,1,raw_WoS_DE_term_no_synonym_merge
blood-CSF barrier,1,raw_WoS_DE_term_no_synonym_merge
blood-placental barrier,1,raw_WoS_DE_term_no_synonym_merge
blood-retinal barrier,1,raw_WoS_DE_term_no_synonym_merge
Blood-Spinal Cord Barrier,1,raw_WoS_DE_term_no_synonym_merge
Blood-spinal-cord-barrier,1,raw_WoS_DE_term_no_synonym_merge
blood-testis barrier,1,raw_WoS_DE_term_no_synonym_merge
Blotting,1,raw_WoS_DE_term_no_synonym_merge
blueberry,1,raw_WoS_DE_term_no_synonym_merge
BM-MSCs,1,raw_WoS_DE_term_no_synonym_merge
BMAL1,1,raw_WoS_DE_term_no_synonym_merge
BMDC (bone marrow-derived cell),1,raw_WoS_DE_term_no_synonym_merge
BMMSCs,1,raw_WoS_DE_term_no_synonym_merge
BMP2,1,raw_WoS_DE_term_no_synonym_merge
BMP5,1,raw_WoS_DE_term_no_synonym_merge
BMSCs exosome,1,raw_WoS_DE_term_no_synonym_merge
BMSCs-EVs,1,raw_WoS_DE_term_no_synonym_merge
BMSCs-exosomes,1,raw_WoS_DE_term_no_synonym_merge
Body fluids,1,raw_WoS_DE_term_no_synonym_merge
bone and cartilage homeostasis,1,raw_WoS_DE_term_no_synonym_merge
bone defect,1,raw_WoS_DE_term_no_synonym_merge
Bone defects,1,raw_WoS_DE_term_no_synonym_merge
bone development,1,raw_WoS_DE_term_no_synonym_merge
Bone formation,1,raw_WoS_DE_term_no_synonym_merge
bone graft material,1,raw_WoS_DE_term_no_synonym_merge
bone homeostasis,1,raw_WoS_DE_term_no_synonym_merge
bone marrow (BM),1,raw_WoS_DE_term_no_synonym_merge
bone marrow (BM) niche,1,raw_WoS_DE_term_no_synonym_merge
Bone marrow adipose tissue,1,raw_WoS_DE_term_no_synonym_merge
bone marrow derived mesenchymal stem cell,1,raw_WoS_DE_term_no_synonym_merge
bone marrow endothelial cells,1,raw_WoS_DE_term_no_synonym_merge
Bone marrow mesenchymal stem cell,1,raw_WoS_DE_term_no_synonym_merge
Bone Marrow Mesenchymal Stem Cells,1,raw_WoS_DE_term_no_synonym_merge
Bone marrow mesenchymal stem cells (BMSCs),1,raw_WoS_DE_term_no_synonym_merge
bone marrow mesenchymal stem cells-derived exosomes,1,raw_WoS_DE_term_no_synonym_merge
Bone marrow microenviroment,1,raw_WoS_DE_term_no_synonym_merge
Bone marrow microenvironment,1,raw_WoS_DE_term_no_synonym_merge
bone marrow microenvironment (BMM),1,raw_WoS_DE_term_no_synonym_merge
Bone marrow stem,1,raw_WoS_DE_term_no_synonym_merge
Bone marrow stem cell,1,raw_WoS_DE_term_no_synonym_merge
bone marrow stem cell,1,raw_WoS_DE_term_no_synonym_merge
bone marrow stromal cell,1,raw_WoS_DE_term_no_synonym_merge
Bone marrow-derived cells,1,raw_WoS_DE_term_no_synonym_merge
bone marrow-derived macrophages,1,raw_WoS_DE_term_no_synonym_merge
bone marrow-derived mesenchymal stromal,1,raw_WoS_DE_term_no_synonym_merge
bone marrow-derived mesenchymal stromal cells,1,raw_WoS_DE_term_no_synonym_merge
Bone marrow-derived mononuclear cells,1,raw_WoS_DE_term_no_synonym_merge
bone marrow-derived stem cells,1,raw_WoS_DE_term_no_synonym_merge
bone marrow-derived stem cells (BMMSCs),1,raw_WoS_DE_term_no_synonym_merge
bone mesenchymal stem cells,1,raw_WoS_DE_term_no_synonym_merge
bone metabolism,1,raw_WoS_DE_term_no_synonym_merge
Bone metastasis,1,raw_WoS_DE_term_no_synonym_merge
bone metastasis (BM),1,raw_WoS_DE_term_no_synonym_merge
bone microenvironment,1,raw_WoS_DE_term_no_synonym_merge
Bone microenvironment,1,raw_WoS_DE_term_no_synonym_merge
Bone mimetic microenvironment,1,raw_WoS_DE_term_no_synonym_merge
bone morphogenetic protein receptor type 2,1,raw_WoS_DE_term_no_synonym_merge
bone morphogenetic proteins,1,raw_WoS_DE_term_no_synonym_merge
Bone regeneration and repair,1,raw_WoS_DE_term_no_synonym_merge
"bone regeneration, exosomes",1,raw_WoS_DE_term_no_synonym_merge
Bone remodeling,1,raw_WoS_DE_term_no_synonym_merge
bone remodelling,1,raw_WoS_DE_term_no_synonym_merge
bone resorption,1,raw_WoS_DE_term_no_synonym_merge
Bone sarcomas,1,raw_WoS_DE_term_no_synonym_merge
bone tumor,1,raw_WoS_DE_term_no_synonym_merge
Bone-organ axes,1,raw_WoS_DE_term_no_synonym_merge
Bone-targeting,1,raw_WoS_DE_term_no_synonym_merge
border-associated macrophages,1,raw_WoS_DE_term_no_synonym_merge
bortezomib,1,raw_WoS_DE_term_no_synonym_merge
botanicals,1,raw_WoS_DE_term_no_synonym_merge
bovine milk,1,raw_WoS_DE_term_no_synonym_merge
Bovine milk exosomes,1,raw_WoS_DE_term_no_synonym_merge
BPD,1,raw_WoS_DE_term_no_synonym_merge
brachial artery,1,raw_WoS_DE_term_no_synonym_merge
Bradykinin,1,raw_WoS_DE_term_no_synonym_merge
brain arteriovenous malformations,1,raw_WoS_DE_term_no_synonym_merge
brain atrophy,1,raw_WoS_DE_term_no_synonym_merge
brain cancer,1,raw_WoS_DE_term_no_synonym_merge
brain capillaries,1,raw_WoS_DE_term_no_synonym_merge
brain capillary endothelial cell,1,raw_WoS_DE_term_no_synonym_merge
brain capillary endothelial cell(s),1,raw_WoS_DE_term_no_synonym_merge
brain capillary endothelial cells (BCECs),1,raw_WoS_DE_term_no_synonym_merge
brain cells,1,raw_WoS_DE_term_no_synonym_merge
Brain delivery,1,raw_WoS_DE_term_no_synonym_merge
Brain disease,1,raw_WoS_DE_term_no_synonym_merge
brain diseases,1,raw_WoS_DE_term_no_synonym_merge
Brain distribution,1,raw_WoS_DE_term_no_synonym_merge
Brain drug delivery,1,raw_WoS_DE_term_no_synonym_merge
Brain endothelial cell,1,raw_WoS_DE_term_no_synonym_merge
Brain endothelial cells (BECs),1,raw_WoS_DE_term_no_synonym_merge
brain endothelial cells (ECs),1,raw_WoS_DE_term_no_synonym_merge
Brain extract,1,raw_WoS_DE_term_no_synonym_merge
brain infarct size,1,raw_WoS_DE_term_no_synonym_merge
brain ischemic,1,raw_WoS_DE_term_no_synonym_merge
Brain metastases,1,raw_WoS_DE_term_no_synonym_merge
brain metastasis molecular markers,1,raw_WoS_DE_term_no_synonym_merge
brain microenvironment,1,raw_WoS_DE_term_no_synonym_merge
brain microenvironment responsive hydrogels,1,raw_WoS_DE_term_no_synonym_merge
Brain microvascular endothelial barrier,1,raw_WoS_DE_term_no_synonym_merge
brain microvascular endothelial cell,1,raw_WoS_DE_term_no_synonym_merge
Brain microvascular endothelial cell,1,raw_WoS_DE_term_no_synonym_merge
brain organoid,1,raw_WoS_DE_term_no_synonym_merge
brain parenchyma,1,raw_WoS_DE_term_no_synonym_merge
Brain peptides,1,raw_WoS_DE_term_no_synonym_merge
brain protection,1,raw_WoS_DE_term_no_synonym_merge
Brain repair,1,raw_WoS_DE_term_no_synonym_merge
brain targeting,1,raw_WoS_DE_term_no_synonym_merge
Brain tumor,1,raw_WoS_DE_term_no_synonym_merge
brain tumor,1,raw_WoS_DE_term_no_synonym_merge
brain tumor related edema,1,raw_WoS_DE_term_no_synonym_merge
brain tumor therapy,1,raw_WoS_DE_term_no_synonym_merge
Brain tumors,1,raw_WoS_DE_term_no_synonym_merge
Brain tumour,1,raw_WoS_DE_term_no_synonym_merge
brain vascular integrity,1,raw_WoS_DE_term_no_synonym_merge
Brain-Blood Barrier,1,raw_WoS_DE_term_no_synonym_merge
Brain-derived neurotrophic factor,1,raw_WoS_DE_term_no_synonym_merge
Brain-heart interaction,1,raw_WoS_DE_term_no_synonym_merge
brain-metastatic cancer,1,raw_WoS_DE_term_no_synonym_merge
Brain-organoid-on-a-chip,1,raw_WoS_DE_term_no_synonym_merge
Brain-targeting ligands,1,raw_WoS_DE_term_no_synonym_merge
BRD4,1,raw_WoS_DE_term_no_synonym_merge
breast and ovarian cancers,1,raw_WoS_DE_term_no_synonym_merge
Breast Cancer,1,raw_WoS_DE_term_no_synonym_merge
breast cancer (BC),1,raw_WoS_DE_term_no_synonym_merge
breast cancer brain metastasis,1,raw_WoS_DE_term_no_synonym_merge
breast cancer cells,1,raw_WoS_DE_term_no_synonym_merge
Breast cancer cells,1,raw_WoS_DE_term_no_synonym_merge
breast cancer molecular subtypes,1,raw_WoS_DE_term_no_synonym_merge
breast cancer patients,1,raw_WoS_DE_term_no_synonym_merge
breast cancer-brain metastasis,1,raw_WoS_DE_term_no_synonym_merge
breast milk,1,raw_WoS_DE_term_no_synonym_merge
breastfeeding,1,raw_WoS_DE_term_no_synonym_merge
bromine,1,raw_WoS_DE_term_no_synonym_merge
Bromodomain 4,1,raw_WoS_DE_term_no_synonym_merge
bronchoalveolar lavage fluid,1,raw_WoS_DE_term_no_synonym_merge
bronchoalveolar lavage fluid (BALF),1,raw_WoS_DE_term_no_synonym_merge
bronchopulmonary dysplasia (BPD),1,raw_WoS_DE_term_no_synonym_merge
brown adipose tissue,1,raw_WoS_DE_term_no_synonym_merge
BT-474,1,raw_WoS_DE_term_no_synonym_merge
BTG2,1,raw_WoS_DE_term_no_synonym_merge
BTRC,1,raw_WoS_DE_term_no_synonym_merge
Budd-Chiari syndrome,1,raw_WoS_DE_term_no_synonym_merge
Burkitt's lymphoma,1,raw_WoS_DE_term_no_synonym_merge
Burn,1,raw_WoS_DE_term_no_synonym_merge
Burn healing,1,raw_WoS_DE_term_no_synonym_merge
Burn injury,1,raw_WoS_DE_term_no_synonym_merge
Burn wound,1,raw_WoS_DE_term_no_synonym_merge
burn wound,1,raw_WoS_DE_term_no_synonym_merge
Burn wound healing,1,raw_WoS_DE_term_no_synonym_merge
Burns,1,raw_WoS_DE_term_no_synonym_merge
burns,1,raw_WoS_DE_term_no_synonym_merge
burst analysis spectroscopy,1,raw_WoS_DE_term_no_synonym_merge
Buyang Huanwu decoction,1,raw_WoS_DE_term_no_synonym_merge
C,1,raw_WoS_DE_term_no_synonym_merge
c-Jun,1,raw_WoS_DE_term_no_synonym_merge
C-type lectins,1,raw_WoS_DE_term_no_synonym_merge
C-X-C motif chemokine ligand 12 (CXCL12),1,raw_WoS_DE_term_no_synonym_merge
C-X-C motif chemokine receptor 4,1,raw_WoS_DE_term_no_synonym_merge
C16,1,raw_WoS_DE_term_no_synonym_merge
C1q,1,raw_WoS_DE_term_no_synonym_merge
C4,1,raw_WoS_DE_term_no_synonym_merge
C5a,1,raw_WoS_DE_term_no_synonym_merge
C6-ceramide,1,raw_WoS_DE_term_no_synonym_merge
Ca2+,1,raw_WoS_DE_term_no_synonym_merge
Ca2+ homeostasis,1,raw_WoS_DE_term_no_synonym_merge
Caco-2,1,raw_WoS_DE_term_no_synonym_merge
Caco-2 cells,1,raw_WoS_DE_term_no_synonym_merge
cadherin,1,raw_WoS_DE_term_no_synonym_merge
cadherin switching,1,raw_WoS_DE_term_no_synonym_merge
CADM1,1,raw_WoS_DE_term_no_synonym_merge
CAFs-exos,1,raw_WoS_DE_term_no_synonym_merge
CAIRO2,1,raw_WoS_DE_term_no_synonym_merge
CAL,1,raw_WoS_DE_term_no_synonym_merge
calcein-AM,1,raw_WoS_DE_term_no_synonym_merge
Calcified particles,1,raw_WoS_DE_term_no_synonym_merge
calcitonin gene-related peptide (CGRP),1,raw_WoS_DE_term_no_synonym_merge
calcium gluconate,1,raw_WoS_DE_term_no_synonym_merge
calcium mobilization,1,raw_WoS_DE_term_no_synonym_merge
Calcium phosphate,1,raw_WoS_DE_term_no_synonym_merge
calcium phosphate ceramic,1,raw_WoS_DE_term_no_synonym_merge
Calcium-calmodulin-dependent protein kinase,1,raw_WoS_DE_term_no_synonym_merge
caloric restriction,1,raw_WoS_DE_term_no_synonym_merge
CAM assay,1,raw_WoS_DE_term_no_synonym_merge
cAMP response element binding protein,1,raw_WoS_DE_term_no_synonym_merge
Canagliflozin,1,raw_WoS_DE_term_no_synonym_merge
Cancer anticancer strategy,1,raw_WoS_DE_term_no_synonym_merge
cancer associate fibroblast,1,raw_WoS_DE_term_no_synonym_merge
Cancer associated fibroblasts,1,raw_WoS_DE_term_no_synonym_merge
Cancer associated thrombosis,1,raw_WoS_DE_term_no_synonym_merge
Cancer Biology,1,raw_WoS_DE_term_no_synonym_merge
cancer biology,1,raw_WoS_DE_term_no_synonym_merge
cancer biomarker,1,raw_WoS_DE_term_no_synonym_merge
Cancer biomarker,1,raw_WoS_DE_term_no_synonym_merge
Cancer Biomarker,1,raw_WoS_DE_term_no_synonym_merge
Cancer cell dormancy,1,raw_WoS_DE_term_no_synonym_merge
Cancer cell epigenome,1,raw_WoS_DE_term_no_synonym_merge
Cancer cell interactions,1,raw_WoS_DE_term_no_synonym_merge
cancer cell invasion,1,raw_WoS_DE_term_no_synonym_merge
Cancer cell invasiveness,1,raw_WoS_DE_term_no_synonym_merge
Cancer diagnosis and prognosis,1,raw_WoS_DE_term_no_synonym_merge
cancer drug resistance,1,raw_WoS_DE_term_no_synonym_merge
cancer exosomes,1,raw_WoS_DE_term_no_synonym_merge
cancer hallmarks,1,raw_WoS_DE_term_no_synonym_merge
cancer heterogeneity,1,raw_WoS_DE_term_no_synonym_merge
cancer imaging,1,raw_WoS_DE_term_no_synonym_merge
cancer immunity,1,raw_WoS_DE_term_no_synonym_merge
cancer immunotherapy,1,raw_WoS_DE_term_no_synonym_merge
Cancer initiating cells,1,raw_WoS_DE_term_no_synonym_merge
cancer invasion,1,raw_WoS_DE_term_no_synonym_merge
cancer metabolism,1,raw_WoS_DE_term_no_synonym_merge
Cancer metastasis,1,raw_WoS_DE_term_no_synonym_merge
cancer metastasis,1,raw_WoS_DE_term_no_synonym_merge
cancer microenvironment,1,raw_WoS_DE_term_no_synonym_merge
Cancer models,1,raw_WoS_DE_term_no_synonym_merge
cancer pathophysiology,1,raw_WoS_DE_term_no_synonym_merge
cancer plasticity,1,raw_WoS_DE_term_no_synonym_merge
cancer progression,1,raw_WoS_DE_term_no_synonym_merge
cancer stem cell,1,raw_WoS_DE_term_no_synonym_merge
cancer stem-like cells,1,raw_WoS_DE_term_no_synonym_merge
Cancer stem-like cells,1,raw_WoS_DE_term_no_synonym_merge
cancer stemcells,1,raw_WoS_DE_term_no_synonym_merge
Cancer stroma,1,raw_WoS_DE_term_no_synonym_merge
Cancer therapeutics,1,raw_WoS_DE_term_no_synonym_merge
Cancer therapies,1,raw_WoS_DE_term_no_synonym_merge
cancer treatment,1,raw_WoS_DE_term_no_synonym_merge
cancer-associated adipocytes,1,raw_WoS_DE_term_no_synonym_merge
cancer-associated endothelial cells,1,raw_WoS_DE_term_no_synonym_merge
Cancer-associated fibroblast,1,raw_WoS_DE_term_no_synonym_merge
Cancer-associated fibroblasts-derived exosome,1,raw_WoS_DE_term_no_synonym_merge
Cancer-associated fibroblasts-derived exosomes,1,raw_WoS_DE_term_no_synonym_merge
cancer-associated neutrophil,1,raw_WoS_DE_term_no_synonym_merge
Cancer-associated thrombosis,1,raw_WoS_DE_term_no_synonym_merge
Cancer-biomarkers,1,raw_WoS_DE_term_no_synonym_merge
Cancer-derived exosomes,1,raw_WoS_DE_term_no_synonym_merge
Cancer-induced cardiac cachexia,1,raw_WoS_DE_term_no_synonym_merge
cancerous niche,1,raw_WoS_DE_term_no_synonym_merge
cancers,1,raw_WoS_DE_term_no_synonym_merge
Cannabidiol,1,raw_WoS_DE_term_no_synonym_merge
canonical and noncanonical secretomes,1,raw_WoS_DE_term_no_synonym_merge
canonical signaling,1,raw_WoS_DE_term_no_synonym_merge
Capillarisation,1,raw_WoS_DE_term_no_synonym_merge
Capillary,1,raw_WoS_DE_term_no_synonym_merge
capillary beds,1,raw_WoS_DE_term_no_synonym_merge
capillary isolation,1,raw_WoS_DE_term_no_synonym_merge
capillary rarefaction,1,raw_WoS_DE_term_no_synonym_merge
capsule,1,raw_WoS_DE_term_no_synonym_merge
CAR cells,1,raw_WoS_DE_term_no_synonym_merge
Carbon nanotubes,1,raw_WoS_DE_term_no_synonym_merge
Carbon nanovesicles,1,raw_WoS_DE_term_no_synonym_merge
Carbonic anhydrase 9,1,raw_WoS_DE_term_no_synonym_merge
carcinogenesis,1,raw_WoS_DE_term_no_synonym_merge
Carcinoma,1,raw_WoS_DE_term_no_synonym_merge
carcinoma-associated fibroblasts,1,raw_WoS_DE_term_no_synonym_merge
cardiac activity,1,raw_WoS_DE_term_no_synonym_merge
cardiac and vascular remodeling,1,raw_WoS_DE_term_no_synonym_merge
cardiac angiogenesis,1,raw_WoS_DE_term_no_synonym_merge
cardiac benign tumors,1,raw_WoS_DE_term_no_synonym_merge
Cardiac cell engineering,1,raw_WoS_DE_term_no_synonym_merge
cardiac cells,1,raw_WoS_DE_term_no_synonym_merge
cardiac cells-derived exosome,1,raw_WoS_DE_term_no_synonym_merge
cardiac ckit plus progenitor cell,1,raw_WoS_DE_term_no_synonym_merge
cardiac damage,1,raw_WoS_DE_term_no_synonym_merge
Cardiac drug delivery systems,1,raw_WoS_DE_term_no_synonym_merge
cardiac dysfunction,1,raw_WoS_DE_term_no_synonym_merge
cardiac exosomes,1,raw_WoS_DE_term_no_synonym_merge
cardiac fibroblast,1,raw_WoS_DE_term_no_synonym_merge
Cardiac fibroblasts,1,raw_WoS_DE_term_no_synonym_merge
Cardiac fibrosis,1,raw_WoS_DE_term_no_synonym_merge
cardiac function analysis,1,raw_WoS_DE_term_no_synonym_merge
cardiac glycoside,1,raw_WoS_DE_term_no_synonym_merge
cardiac health,1,raw_WoS_DE_term_no_synonym_merge
Cardiac hypertrophy,1,raw_WoS_DE_term_no_synonym_merge
cardiac hypertrophy,1,raw_WoS_DE_term_no_synonym_merge
cardiac infiltrated monocytes,1,raw_WoS_DE_term_no_synonym_merge
cardiac intercellular communication,1,raw_WoS_DE_term_no_synonym_merge
Cardiac ischemia reperfusion injury,1,raw_WoS_DE_term_no_synonym_merge
Cardiac Mesenchymal Cells,1,raw_WoS_DE_term_no_synonym_merge
cardiac mesenchymal stem cells,1,raw_WoS_DE_term_no_synonym_merge
Cardiac Microenvironments,1,raw_WoS_DE_term_no_synonym_merge
cardiac microvascular endothelial cell,1,raw_WoS_DE_term_no_synonym_merge
Cardiac microvascular endothelial cells,1,raw_WoS_DE_term_no_synonym_merge
cardiac microvascular endothelial cells,1,raw_WoS_DE_term_no_synonym_merge
Cardiac muscle,1,raw_WoS_DE_term_no_synonym_merge
cardiac myocyte,1,raw_WoS_DE_term_no_synonym_merge
Cardiac non-myocyte cells,1,raw_WoS_DE_term_no_synonym_merge
cardiac papillary fibroelastoma,1,raw_WoS_DE_term_no_synonym_merge
cardiac patch,1,raw_WoS_DE_term_no_synonym_merge
cardiac patches,1,raw_WoS_DE_term_no_synonym_merge
cardiac pathological remodeling,1,raw_WoS_DE_term_no_synonym_merge
cardiac progenitor cell,1,raw_WoS_DE_term_no_synonym_merge
cardiac recovery,1,raw_WoS_DE_term_no_synonym_merge
Cardiac regenerative therapy,1,raw_WoS_DE_term_no_synonym_merge
cardiac regions,1,raw_WoS_DE_term_no_synonym_merge
cardiac resident macrophages,1,raw_WoS_DE_term_no_synonym_merge
Cardiac surgical procedures,1,raw_WoS_DE_term_no_synonym_merge
cardiac targeting,1,raw_WoS_DE_term_no_synonym_merge
cardiac therapy,1,raw_WoS_DE_term_no_synonym_merge
Cardiac tissue engineering,1,raw_WoS_DE_term_no_synonym_merge
cardiac tissue regeneration,1,raw_WoS_DE_term_no_synonym_merge
cardiac-regeneration,1,raw_WoS_DE_term_no_synonym_merge
Cardiac-resident macrophage,1,raw_WoS_DE_term_no_synonym_merge
cardiac-specific c-kit(+) cells,1,raw_WoS_DE_term_no_synonym_merge
cardiomyocyte hypertrophy,1,raw_WoS_DE_term_no_synonym_merge
Cardiomyocyte hypertrophy,1,raw_WoS_DE_term_no_synonym_merge
cardiomyopathy,1,raw_WoS_DE_term_no_synonym_merge
cardiopulmonary bypass,1,raw_WoS_DE_term_no_synonym_merge
cardiopulmonary progenitor cells,1,raw_WoS_DE_term_no_synonym_merge
cardiosphere-derived cells,1,raw_WoS_DE_term_no_synonym_merge
Cardiosphere-derived cells (CDCs),1,raw_WoS_DE_term_no_synonym_merge
Cardiotoxicity,1,raw_WoS_DE_term_no_synonym_merge
cardiotoxicity,1,raw_WoS_DE_term_no_synonym_merge
cardiotrophin-1,1,raw_WoS_DE_term_no_synonym_merge
cardiovascular calcification,1,raw_WoS_DE_term_no_synonym_merge
cardiovascular cells,1,raw_WoS_DE_term_no_synonym_merge
Cardiovascular complication,1,raw_WoS_DE_term_no_synonym_merge
cardiovascular complications,1,raw_WoS_DE_term_no_synonym_merge
Cardiovascular disease (CVD),1,raw_WoS_DE_term_no_synonym_merge
cardiovascular disease (CVD),1,raw_WoS_DE_term_no_synonym_merge
cardiovascular disease risk factors,1,raw_WoS_DE_term_no_synonym_merge
cardiovascular disease.,1,raw_WoS_DE_term_no_synonym_merge
cardiovascular diseases (CVD),1,raw_WoS_DE_term_no_synonym_merge
"cardiovascular diseases, cerebrovascular diseases",1,raw_WoS_DE_term_no_synonym_merge
Cardiovascular Events,1,raw_WoS_DE_term_no_synonym_merge
Cardiovascular injury,1,raw_WoS_DE_term_no_synonym_merge
cardiovascular metal stents,1,raw_WoS_DE_term_no_synonym_merge
Cardiovascular protective effect,1,raw_WoS_DE_term_no_synonym_merge
Cardiovascular risk,1,raw_WoS_DE_term_no_synonym_merge
Cardiovascular risk factor,1,raw_WoS_DE_term_no_synonym_merge
cardiovascular risk factor,1,raw_WoS_DE_term_no_synonym_merge
Cardiovascular stents,1,raw_WoS_DE_term_no_synonym_merge
cardiovascular system,1,raw_WoS_DE_term_no_synonym_merge
cardiovascular therapeutics,1,raw_WoS_DE_term_no_synonym_merge
cardiovascular toxicity,1,raw_WoS_DE_term_no_synonym_merge
cargo delivery,1,raw_WoS_DE_term_no_synonym_merge
cargo loading,1,raw_WoS_DE_term_no_synonym_merge
Cargo profile,1,raw_WoS_DE_term_no_synonym_merge
Carotid artery,1,raw_WoS_DE_term_no_synonym_merge
carotid artery injury,1,raw_WoS_DE_term_no_synonym_merge
carotid atherosclerosis,1,raw_WoS_DE_term_no_synonym_merge
carotid intima-media,1,raw_WoS_DE_term_no_synonym_merge
carotid stenosis,1,raw_WoS_DE_term_no_synonym_merge
Carotid stenosis,1,raw_WoS_DE_term_no_synonym_merge
carrier,1,raw_WoS_DE_term_no_synonym_merge
carrier-mediated transport,1,raw_WoS_DE_term_no_synonym_merge
cartilage,1,raw_WoS_DE_term_no_synonym_merge
cartilage degeneration,1,raw_WoS_DE_term_no_synonym_merge
cartilage regeneration,1,raw_WoS_DE_term_no_synonym_merge
Cas9 genome editing technique,1,raw_WoS_DE_term_no_synonym_merge
caspase activation,1,raw_WoS_DE_term_no_synonym_merge
Castration resistance,1,raw_WoS_DE_term_no_synonym_merge
Catalase,1,raw_WoS_DE_term_no_synonym_merge
catalase,1,raw_WoS_DE_term_no_synonym_merge
Catecholamine excess,1,raw_WoS_DE_term_no_synonym_merge
catenin,1,raw_WoS_DE_term_no_synonym_merge
Catenin,1,raw_WoS_DE_term_no_synonym_merge
catheter injection,1,raw_WoS_DE_term_no_synonym_merge
Cav-1,1,raw_WoS_DE_term_no_synonym_merge
Caveolae,1,raw_WoS_DE_term_no_synonym_merge
caveolae-mediated vesicles,1,raw_WoS_DE_term_no_synonym_merge
caveolin,1,raw_WoS_DE_term_no_synonym_merge
caveolin 1,1,raw_WoS_DE_term_no_synonym_merge
caveolin-1,1,raw_WoS_DE_term_no_synonym_merge
caveolin-1 (cav-1),1,raw_WoS_DE_term_no_synonym_merge
Caveolin1 (Cav1),1,raw_WoS_DE_term_no_synonym_merge
cavernosa injury,1,raw_WoS_DE_term_no_synonym_merge
cavernous nerve injury,1,raw_WoS_DE_term_no_synonym_merge
Cavernous Nerve Injury,1,raw_WoS_DE_term_no_synonym_merge
cavernous sinus endothelial cells,1,raw_WoS_DE_term_no_synonym_merge
CBL,1,raw_WoS_DE_term_no_synonym_merge
CCA,1,raw_WoS_DE_term_no_synonym_merge
CCL18,1,raw_WoS_DE_term_no_synonym_merge
CCL2,1,raw_WoS_DE_term_no_synonym_merge
CD10 (neprilysin),1,raw_WoS_DE_term_no_synonym_merge
CD105,1,raw_WoS_DE_term_no_synonym_merge
CD11-a,1,raw_WoS_DE_term_no_synonym_merge
CD137 signaling,1,raw_WoS_DE_term_no_synonym_merge
CD144,1,raw_WoS_DE_term_no_synonym_merge
CD15,1,raw_WoS_DE_term_no_synonym_merge
CD151,1,raw_WoS_DE_term_no_synonym_merge
CD151 knockout,1,raw_WoS_DE_term_no_synonym_merge
CD15s,1,raw_WoS_DE_term_no_synonym_merge
CD163+macrophage,1,raw_WoS_DE_term_no_synonym_merge
CD169,1,raw_WoS_DE_term_no_synonym_merge
CD18,1,raw_WoS_DE_term_no_synonym_merge
CD209,1,raw_WoS_DE_term_no_synonym_merge
CD24,1,raw_WoS_DE_term_no_synonym_merge
CD29,1,raw_WoS_DE_term_no_synonym_merge
CD3,1,raw_WoS_DE_term_no_synonym_merge
CD31,1,raw_WoS_DE_term_no_synonym_merge
CD34 cells,1,raw_WoS_DE_term_no_synonym_merge
CD34 positive cells,1,raw_WoS_DE_term_no_synonym_merge
CD34(+) cells,1,raw_WoS_DE_term_no_synonym_merge
CD34(+) stem cells,1,raw_WoS_DE_term_no_synonym_merge
CD34+stromal cells,1,raw_WoS_DE_term_no_synonym_merge
CD38,1,raw_WoS_DE_term_no_synonym_merge
CD4(+),1,raw_WoS_DE_term_no_synonym_merge
CD4(+) T ells,1,raw_WoS_DE_term_no_synonym_merge
CD4+T-cell,1,raw_WoS_DE_term_no_synonym_merge
CD41/61,1,raw_WoS_DE_term_no_synonym_merge
CD42a,1,raw_WoS_DE_term_no_synonym_merge
CD44 and CD133,1,raw_WoS_DE_term_no_synonym_merge
CD44-CD44 homophilic interaction,1,raw_WoS_DE_term_no_synonym_merge
CD44-positive extracellular vesicles,1,raw_WoS_DE_term_no_synonym_merge
CD44v6,1,raw_WoS_DE_term_no_synonym_merge
CD46,1,raw_WoS_DE_term_no_synonym_merge
CD63-Alix-Rab axis,1,raw_WoS_DE_term_no_synonym_merge
CD8 T cells,1,raw_WoS_DE_term_no_synonym_merge
CD8 Treg,1,raw_WoS_DE_term_no_synonym_merge
CD8(+),1,raw_WoS_DE_term_no_synonym_merge
CD82/KAI1,1,raw_WoS_DE_term_no_synonym_merge
CD90+liver cancer cells,1,raw_WoS_DE_term_no_synonym_merge
CDC42,1,raw_WoS_DE_term_no_synonym_merge
CDEGs,1,raw_WoS_DE_term_no_synonym_merge
Cdip1 gene,1,raw_WoS_DE_term_no_synonym_merge
CDK5RAP3,1,raw_WoS_DE_term_no_synonym_merge
CDKN1B,1,raw_WoS_DE_term_no_synonym_merge
Ceftazidime,1,raw_WoS_DE_term_no_synonym_merge
Cell -cell communication,1,raw_WoS_DE_term_no_synonym_merge
Cell -derived extracellular vesicles,1,raw_WoS_DE_term_no_synonym_merge
Cell -free therapy,1,raw_WoS_DE_term_no_synonym_merge
cell activation,1,raw_WoS_DE_term_no_synonym_merge
cell activity,1,raw_WoS_DE_term_no_synonym_merge
Cell adhesion,1,raw_WoS_DE_term_no_synonym_merge
cell adhesion molecules,1,raw_WoS_DE_term_no_synonym_merge
Cell adhesion molecules,1,raw_WoS_DE_term_no_synonym_merge
cell and gene therapy,1,raw_WoS_DE_term_no_synonym_merge
cell apoptosis,1,raw_WoS_DE_term_no_synonym_merge
Cell apoptosis,1,raw_WoS_DE_term_no_synonym_merge
cell behavior,1,raw_WoS_DE_term_no_synonym_merge
cell biofactory,1,raw_WoS_DE_term_no_synonym_merge
cell body,1,raw_WoS_DE_term_no_synonym_merge
Cell coculture,1,raw_WoS_DE_term_no_synonym_merge
cell communications,1,raw_WoS_DE_term_no_synonym_merge
Cell coupling,1,raw_WoS_DE_term_no_synonym_merge
cell cross talk,1,raw_WoS_DE_term_no_synonym_merge
cell crosstalk,1,raw_WoS_DE_term_no_synonym_merge
Cell culture,1,raw_WoS_DE_term_no_synonym_merge
Cell culture coating,1,raw_WoS_DE_term_no_synonym_merge
Cell cycle arrest,1,raw_WoS_DE_term_no_synonym_merge
Cell delivery,1,raw_WoS_DE_term_no_synonym_merge
Cell differentiation,1,raw_WoS_DE_term_no_synonym_merge
Cell division cycle 42,1,raw_WoS_DE_term_no_synonym_merge
cell dynamics,1,raw_WoS_DE_term_no_synonym_merge
cell energy,1,raw_WoS_DE_term_no_synonym_merge
Cell engulfment,1,raw_WoS_DE_term_no_synonym_merge
Cell free therapy,1,raw_WoS_DE_term_no_synonym_merge
Cell fusion,1,raw_WoS_DE_term_no_synonym_merge
Cell heterogeneity,1,raw_WoS_DE_term_no_synonym_merge
cell homing,1,raw_WoS_DE_term_no_synonym_merge
Cell injury,1,raw_WoS_DE_term_no_synonym_merge
cell isolation,1,raw_WoS_DE_term_no_synonym_merge
cell junction,1,raw_WoS_DE_term_no_synonym_merge
cell mechanical property,1,raw_WoS_DE_term_no_synonym_merge
cell membrane,1,raw_WoS_DE_term_no_synonym_merge
Cell membrane fluidity,1,raw_WoS_DE_term_no_synonym_merge
cell membrane-based nanoparticles,1,raw_WoS_DE_term_no_synonym_merge
Cell membrane-coating nanotechnology,1,raw_WoS_DE_term_no_synonym_merge
Cell metabolism,1,raw_WoS_DE_term_no_synonym_merge
Cell metastasis,1,raw_WoS_DE_term_no_synonym_merge
Cell Migration,1,raw_WoS_DE_term_no_synonym_merge
Cell morphology,1,raw_WoS_DE_term_no_synonym_merge
cell morphology,1,raw_WoS_DE_term_no_synonym_merge
cell movement,1,raw_WoS_DE_term_no_synonym_merge
Cell patch,1,raw_WoS_DE_term_no_synonym_merge
Cell priming,1,raw_WoS_DE_term_no_synonym_merge
Cell proliferation and migration,1,raw_WoS_DE_term_no_synonym_merge
cell protection,1,raw_WoS_DE_term_no_synonym_merge
cell regeneration,1,raw_WoS_DE_term_no_synonym_merge
Cell secretome,1,raw_WoS_DE_term_no_synonym_merge
cell senescence,1,raw_WoS_DE_term_no_synonym_merge
Cell sheet,1,raw_WoS_DE_term_no_synonym_merge
cell softness,1,raw_WoS_DE_term_no_synonym_merge
cell stemness,1,raw_WoS_DE_term_no_synonym_merge
cell surface receptors,1,raw_WoS_DE_term_no_synonym_merge
cell survival,1,raw_WoS_DE_term_no_synonym_merge
cell therapeutics,1,raw_WoS_DE_term_no_synonym_merge
Cell transplantation,1,raw_WoS_DE_term_no_synonym_merge
cell type-specific extracellular vesicles,1,raw_WoS_DE_term_no_synonym_merge
Cell-autonomous,1,raw_WoS_DE_term_no_synonym_merge
Cell-based therapies,1,raw_WoS_DE_term_no_synonym_merge
Cell-bound membrane vesicles (CBMVs),1,raw_WoS_DE_term_no_synonym_merge
Cell-cell Interaction,1,raw_WoS_DE_term_no_synonym_merge
Cell-cell interaction,1,raw_WoS_DE_term_no_synonym_merge
cell-derived extracellular vesicles,1,raw_WoS_DE_term_no_synonym_merge
Cell-derived nanoparticles,1,raw_WoS_DE_term_no_synonym_merge
cell-derived nanovesicles,1,raw_WoS_DE_term_no_synonym_merge
Cell-derived nanovesicles,1,raw_WoS_DE_term_no_synonym_merge
cell-free,1,raw_WoS_DE_term_no_synonym_merge
Cell-free DNA,1,raw_WoS_DE_term_no_synonym_merge
cell-free microRNAs,1,raw_WoS_DE_term_no_synonym_merge
cell-free strategy,1,raw_WoS_DE_term_no_synonym_merge
cell-free therapeutic,1,raw_WoS_DE_term_no_synonym_merge
Cell-in-a-Box (R) encapsulation,1,raw_WoS_DE_term_no_synonym_merge
cell-material interactions,1,raw_WoS_DE_term_no_synonym_merge
cell-mediated drug delivery,1,raw_WoS_DE_term_no_synonym_merge
cell-mimicking,1,raw_WoS_DE_term_no_synonym_merge
Cell-penetrating peptide (CPP),1,raw_WoS_DE_term_no_synonym_merge
cell-penetrating peptides,1,raw_WoS_DE_term_no_synonym_merge
cell-sheet scaffold,1,raw_WoS_DE_term_no_synonym_merge
CellMask,1,raw_WoS_DE_term_no_synonym_merge
Cells,1,raw_WoS_DE_term_no_synonym_merge
CellSearch,1,raw_WoS_DE_term_no_synonym_merge
cellular adhesion,1,raw_WoS_DE_term_no_synonym_merge
Cellular barriers,1,raw_WoS_DE_term_no_synonym_merge
cellular biomarkers,1,raw_WoS_DE_term_no_synonym_merge
cellular cardiomyoplasty,1,raw_WoS_DE_term_no_synonym_merge
cellular changes,1,raw_WoS_DE_term_no_synonym_merge
Cellular combinations,1,raw_WoS_DE_term_no_synonym_merge
Cellular communication,1,raw_WoS_DE_term_no_synonym_merge
cellular dysfunction,1,raw_WoS_DE_term_no_synonym_merge
cellular effectors,1,raw_WoS_DE_term_no_synonym_merge
cellular extravesicles,1,raw_WoS_DE_term_no_synonym_merge
Cellular factors,1,raw_WoS_DE_term_no_synonym_merge
Cellular ferroptosis,1,raw_WoS_DE_term_no_synonym_merge
Cellular fusion,1,raw_WoS_DE_term_no_synonym_merge
Cellular gases,1,raw_WoS_DE_term_no_synonym_merge
cellular heterogeneity,1,raw_WoS_DE_term_no_synonym_merge
Cellular interaction,1,raw_WoS_DE_term_no_synonym_merge
Cellular interactions,1,raw_WoS_DE_term_no_synonym_merge
Cellular medicine,1,raw_WoS_DE_term_no_synonym_merge
cellular metabolism,1,raw_WoS_DE_term_no_synonym_merge
Cellular motion,1,raw_WoS_DE_term_no_synonym_merge
Cellular nanovesicles,1,raw_WoS_DE_term_no_synonym_merge
cellular phenotype,1,raw_WoS_DE_term_no_synonym_merge
cellular prion protein,1,raw_WoS_DE_term_no_synonym_merge
Cellular prion protein,1,raw_WoS_DE_term_no_synonym_merge
cellular protein targets,1,raw_WoS_DE_term_no_synonym_merge
Cellular reprogramming,1,raw_WoS_DE_term_no_synonym_merge
cellular therapy,1,raw_WoS_DE_term_no_synonym_merge
cellulose sulphate microbeads,1,raw_WoS_DE_term_no_synonym_merge
Centenarians,1,raw_WoS_DE_term_no_synonym_merge
Central nervous system,1,raw_WoS_DE_term_no_synonym_merge
central nervous system disease,1,raw_WoS_DE_term_no_synonym_merge
central nervous system diseases,1,raw_WoS_DE_term_no_synonym_merge
Central nervous system injuries,1,raw_WoS_DE_term_no_synonym_merge
Central serous chorioretinopathy,1,raw_WoS_DE_term_no_synonym_merge
centrifugal enhancement,1,raw_WoS_DE_term_no_synonym_merge
Cerebral blood flow,1,raw_WoS_DE_term_no_synonym_merge
cerebral blood flow,1,raw_WoS_DE_term_no_synonym_merge
Cerebral circulation,1,raw_WoS_DE_term_no_synonym_merge
cerebral drug delivery,1,raw_WoS_DE_term_no_synonym_merge
cerebral endothelial cell,1,raw_WoS_DE_term_no_synonym_merge
cerebral endothelial cells,1,raw_WoS_DE_term_no_synonym_merge
cerebral ischemia reperfusion,1,raw_WoS_DE_term_no_synonym_merge
Cerebral ischemia-reperfusion injury,1,raw_WoS_DE_term_no_synonym_merge
Cerebral ischemic stroke,1,raw_WoS_DE_term_no_synonym_merge
Cerebral microvascular endothelium,1,raw_WoS_DE_term_no_synonym_merge
Cerebral small vessel disease,1,raw_WoS_DE_term_no_synonym_merge
cerebral venous disease,1,raw_WoS_DE_term_no_synonym_merge
Cerebrospinal fluid,1,raw_WoS_DE_term_no_synonym_merge
cerebrovascular disease,1,raw_WoS_DE_term_no_synonym_merge
cerebrovascular endothelial cells,1,raw_WoS_DE_term_no_synonym_merge
cerebrovascular pathology,1,raw_WoS_DE_term_no_synonym_merge
cerebrovascular proteomics,1,raw_WoS_DE_term_no_synonym_merge
Cerebrovasculature,1,raw_WoS_DE_term_no_synonym_merge
Cervical squamous cell carcinoma,1,raw_WoS_DE_term_no_synonym_merge
cfDNA,1,raw_WoS_DE_term_no_synonym_merge
cGAS,1,raw_WoS_DE_term_no_synonym_merge
cGMP,1,raw_WoS_DE_term_no_synonym_merge
cGMP/PKG pathway,1,raw_WoS_DE_term_no_synonym_merge
changes,1,raw_WoS_DE_term_no_synonym_merge
checkpoint inhibitors,1,raw_WoS_DE_term_no_synonym_merge
chemerin,1,raw_WoS_DE_term_no_synonym_merge
Chemo-resistance,1,raw_WoS_DE_term_no_synonym_merge
chemoexcited photodynamic therapy,1,raw_WoS_DE_term_no_synonym_merge
chemokine CXCL12,1,raw_WoS_DE_term_no_synonym_merge
chemokine ligand 2,1,raw_WoS_DE_term_no_synonym_merge
Chemokines,1,raw_WoS_DE_term_no_synonym_merge
chemoradiation,1,raw_WoS_DE_term_no_synonym_merge
Chemotactic factors,1,raw_WoS_DE_term_no_synonym_merge
chemotaxis,1,raw_WoS_DE_term_no_synonym_merge
Chemotherapy synergism,1,raw_WoS_DE_term_no_synonym_merge
Chemotherapy-induced peripheral neuropathy,1,raw_WoS_DE_term_no_synonym_merge
childhood leukemia,1,raw_WoS_DE_term_no_synonym_merge
children,1,raw_WoS_DE_term_no_synonym_merge
Children,1,raw_WoS_DE_term_no_synonym_merge
Chinese medicine,1,raw_WoS_DE_term_no_synonym_merge
chitosan hydrogel,1,raw_WoS_DE_term_no_synonym_merge
chitosan-polyethylene glycol hydrogel,1,raw_WoS_DE_term_no_synonym_merge
Chlorin e6,1,raw_WoS_DE_term_no_synonym_merge
choleasteatoma,1,raw_WoS_DE_term_no_synonym_merge
cholestasis,1,raw_WoS_DE_term_no_synonym_merge
Cholesterol,1,raw_WoS_DE_term_no_synonym_merge
cholesterol efflux,1,raw_WoS_DE_term_no_synonym_merge
Chondrocytes,1,raw_WoS_DE_term_no_synonym_merge
Chondrogenesis,1,raw_WoS_DE_term_no_synonym_merge
chondroitin sulfate proteoglycan 4,1,raw_WoS_DE_term_no_synonym_merge
chondrosarcoma,1,raw_WoS_DE_term_no_synonym_merge
chorioallantoic membrane,1,raw_WoS_DE_term_no_synonym_merge
chorioallantoic membrane assay,1,raw_WoS_DE_term_no_synonym_merge
Choroid plexus,1,raw_WoS_DE_term_no_synonym_merge
Choroidal endothelial cell,1,raw_WoS_DE_term_no_synonym_merge
choroidal neovascularization,1,raw_WoS_DE_term_no_synonym_merge
Choroidal neovascularization,1,raw_WoS_DE_term_no_synonym_merge
CHPF2,1,raw_WoS_DE_term_no_synonym_merge
chronic cerebral circulation insufficiency,1,raw_WoS_DE_term_no_synonym_merge
chronic constriction injury,1,raw_WoS_DE_term_no_synonym_merge
Chronic diabetic wound,1,raw_WoS_DE_term_no_synonym_merge
chronic disease,1,raw_WoS_DE_term_no_synonym_merge
chronic diseases,1,raw_WoS_DE_term_no_synonym_merge
chronic graft-versus-host disease (cGvHD),1,raw_WoS_DE_term_no_synonym_merge
chronic heart failure,1,raw_WoS_DE_term_no_synonym_merge
chronic hypoxia,1,raw_WoS_DE_term_no_synonym_merge
chronic immune activation,1,raw_WoS_DE_term_no_synonym_merge
chronic inflammation,1,raw_WoS_DE_term_no_synonym_merge
Chronic kidney disease (CKD),1,raw_WoS_DE_term_no_synonym_merge
chronic liver damage,1,raw_WoS_DE_term_no_synonym_merge
Chronic lung disease,1,raw_WoS_DE_term_no_synonym_merge
chronic lymphocytic leukemia,1,raw_WoS_DE_term_no_synonym_merge
chronic myelogenous leukemia cells,1,raw_WoS_DE_term_no_synonym_merge
Chronic Myelogenous Leukemia Cells,1,raw_WoS_DE_term_no_synonym_merge
chronic myeloid leukemia,1,raw_WoS_DE_term_no_synonym_merge
Chronic Myeloid Leukemia,1,raw_WoS_DE_term_no_synonym_merge
chronic myocardial ischemia,1,raw_WoS_DE_term_no_synonym_merge
Chronic non-communicable disease,1,raw_WoS_DE_term_no_synonym_merge
chronic obstructive pulmonary diseases,1,raw_WoS_DE_term_no_synonym_merge
Chronic pelvic pain,1,raw_WoS_DE_term_no_synonym_merge
chronic periodontitis,1,raw_WoS_DE_term_no_synonym_merge
chronic rejection,1,raw_WoS_DE_term_no_synonym_merge
chronic subdural hematoma,1,raw_WoS_DE_term_no_synonym_merge
Chronic Total occlusion,1,raw_WoS_DE_term_no_synonym_merge
chronic wound healing,1,raw_WoS_DE_term_no_synonym_merge
Chronic wound healing,1,raw_WoS_DE_term_no_synonym_merge
Chronic wounds,1,raw_WoS_DE_term_no_synonym_merge
Chrysin,1,raw_WoS_DE_term_no_synonym_merge
CIE,1,raw_WoS_DE_term_no_synonym_merge
Cigarette smoke,1,raw_WoS_DE_term_no_synonym_merge
ciliary ectosomes,1,raw_WoS_DE_term_no_synonym_merge
ciliary exosomes,1,raw_WoS_DE_term_no_synonym_merge
ciliary extracellular vesicles,1,raw_WoS_DE_term_no_synonym_merge
ciliary protein classes,1,raw_WoS_DE_term_no_synonym_merge
ciliary vesicle proteome,1,raw_WoS_DE_term_no_synonym_merge
CINC-2,1,raw_WoS_DE_term_no_synonym_merge
circ-1199,1,raw_WoS_DE_term_no_synonym_merge
circ-ABCB10,1,raw_WoS_DE_term_no_synonym_merge
circ-Ash1l,1,raw_WoS_DE_term_no_synonym_merge
circ-IGF1R,1,raw_WoS_DE_term_no_synonym_merge
Circ-ITCH,1,raw_WoS_DE_term_no_synonym_merge
Circ-Snhg11,1,raw_WoS_DE_term_no_synonym_merge
circ-Snhg11,1,raw_WoS_DE_term_no_synonym_merge
circ_0000495,1,raw_WoS_DE_term_no_synonym_merge
Circ_0004104,1,raw_WoS_DE_term_no_synonym_merge
Circ_0008362,1,raw_WoS_DE_term_no_synonym_merge
Circ_001422,1,raw_WoS_DE_term_no_synonym_merge
circ_0018553,1,raw_WoS_DE_term_no_synonym_merge
circ_0026218,1,raw_WoS_DE_term_no_synonym_merge
circ_0026611,1,raw_WoS_DE_term_no_synonym_merge
circ_0064516,1,raw_WoS_DE_term_no_synonym_merge
circ_0074673,1,raw_WoS_DE_term_no_synonym_merge
circ_0086296,1,raw_WoS_DE_term_no_synonym_merge
Circadian rhythm,1,raw_WoS_DE_term_no_synonym_merge
circCMTM3,1,raw_WoS_DE_term_no_synonym_merge
circEDIL3,1,raw_WoS_DE_term_no_synonym_merge
circFUNDC1,1,raw_WoS_DE_term_no_synonym_merge
circHDAC1_004,1,raw_WoS_DE_term_no_synonym_merge
circIARS1,1,raw_WoS_DE_term_no_synonym_merge
circNFIX,1,raw_WoS_DE_term_no_synonym_merge
circPARD3B,1,raw_WoS_DE_term_no_synonym_merge
circPTPRK,1,raw_WoS_DE_term_no_synonym_merge
circRNA DLGAP4,1,raw_WoS_DE_term_no_synonym_merge
CircRNA-100,1,raw_WoS_DE_term_no_synonym_merge
circTAOK1,1,raw_WoS_DE_term_no_synonym_merge
Circular RNA astrotactin 1,1,raw_WoS_DE_term_no_synonym_merge
circular RNA-0006896,1,raw_WoS_DE_term_no_synonym_merge
Circular RNAs,1,raw_WoS_DE_term_no_synonym_merge
Circular RNAs (circRNAs),1,raw_WoS_DE_term_no_synonym_merge
Circulating,1,raw_WoS_DE_term_no_synonym_merge
circulating,1,raw_WoS_DE_term_no_synonym_merge
circulating cancer stem cells (CCSCs),1,raw_WoS_DE_term_no_synonym_merge
circulating endothelial cells (CEC),1,raw_WoS_DE_term_no_synonym_merge
circulating exosomal aHIF,1,raw_WoS_DE_term_no_synonym_merge
circulating exosome,1,raw_WoS_DE_term_no_synonym_merge
circulating extracellular vesicles,1,raw_WoS_DE_term_no_synonym_merge
Circulating extracellular vesicles (EVs),1,raw_WoS_DE_term_no_synonym_merge
circulating free tumor DNA,1,raw_WoS_DE_term_no_synonym_merge
Circulating lncRNAs,1,raw_WoS_DE_term_no_synonym_merge
circulating marker,1,raw_WoS_DE_term_no_synonym_merge
circulating microparticles and exosomes,1,raw_WoS_DE_term_no_synonym_merge
Circulating microRNAs,1,raw_WoS_DE_term_no_synonym_merge
circulating microRNAs,1,raw_WoS_DE_term_no_synonym_merge
circulating miRNAs,1,raw_WoS_DE_term_no_synonym_merge
Circulating miRNAs,1,raw_WoS_DE_term_no_synonym_merge
Circulating mitochondria,1,raw_WoS_DE_term_no_synonym_merge
circulating MSCs,1,raw_WoS_DE_term_no_synonym_merge
Circulating nucleosomes,1,raw_WoS_DE_term_no_synonym_merge
circulating pathogens,1,raw_WoS_DE_term_no_synonym_merge
circulating plasma exosomes,1,raw_WoS_DE_term_no_synonym_merge
Circulating progenitor cell,1,raw_WoS_DE_term_no_synonym_merge
circulating tumor cell clusters,1,raw_WoS_DE_term_no_synonym_merge
circulating tumor cells (CTCs),1,raw_WoS_DE_term_no_synonym_merge
Circulating tumor DNA,1,raw_WoS_DE_term_no_synonym_merge
Circulating tumour cells,1,raw_WoS_DE_term_no_synonym_merge
Circulating tumour DNA,1,raw_WoS_DE_term_no_synonym_merge
circulating vesicles,1,raw_WoS_DE_term_no_synonym_merge
circulation,1,raw_WoS_DE_term_no_synonym_merge
Circulatory extracellular vesicles,1,raw_WoS_DE_term_no_synonym_merge
Circulome,1,raw_WoS_DE_term_no_synonym_merge
cirrhosis,1,raw_WoS_DE_term_no_synonym_merge
Cirrhosis,1,raw_WoS_DE_term_no_synonym_merge
cis-interaction,1,raw_WoS_DE_term_no_synonym_merge
cisplatin,1,raw_WoS_DE_term_no_synonym_merge
citespace,1,raw_WoS_DE_term_no_synonym_merge
citrullinated histone H 3,1,raw_WoS_DE_term_no_synonym_merge
CKAP4,1,raw_WoS_DE_term_no_synonym_merge
CKD-MBD,1,raw_WoS_DE_term_no_synonym_merge
Clathrin,1,raw_WoS_DE_term_no_synonym_merge
clathrin light chain A,1,raw_WoS_DE_term_no_synonym_merge
clathrin-mediated vesicles,1,raw_WoS_DE_term_no_synonym_merge
Claudin 5,1,raw_WoS_DE_term_no_synonym_merge
claudin-11,1,raw_WoS_DE_term_no_synonym_merge
CLDN18,1,raw_WoS_DE_term_no_synonym_merge
clear cell renal cell carcinoma (ccRCC),1,raw_WoS_DE_term_no_synonym_merge
CLEC10A,1,raw_WoS_DE_term_no_synonym_merge
CLEC3B,1,raw_WoS_DE_term_no_synonym_merge
CLIC1,1,raw_WoS_DE_term_no_synonym_merge
click chemistry,1,raw_WoS_DE_term_no_synonym_merge
Clinical application,1,raw_WoS_DE_term_no_synonym_merge
clinical application of EPC exosomes,1,raw_WoS_DE_term_no_synonym_merge
clinical biomarker,1,raw_WoS_DE_term_no_synonym_merge
clinical implications,1,raw_WoS_DE_term_no_synonym_merge
clinical research,1,raw_WoS_DE_term_no_synonym_merge
clinical studies,1,raw_WoS_DE_term_no_synonym_merge
clinical study,1,raw_WoS_DE_term_no_synonym_merge
Clinical translation,1,raw_WoS_DE_term_no_synonym_merge
clinical translation,1,raw_WoS_DE_term_no_synonym_merge
Clinical trial,1,raw_WoS_DE_term_no_synonym_merge
clinical trial,1,raw_WoS_DE_term_no_synonym_merge
Clinical trials,1,raw_WoS_DE_term_no_synonym_merge
clinicaltranslation,1,raw_WoS_DE_term_no_synonym_merge
CLL,1,raw_WoS_DE_term_no_synonym_merge
clopidogrel,1,raw_WoS_DE_term_no_synonym_merge
Clot degradation,1,raw_WoS_DE_term_no_synonym_merge
CM,1,raw_WoS_DE_term_no_synonym_merge
CML leukemia stem cells,1,raw_WoS_DE_term_no_synonym_merge
CMTM7,1,raw_WoS_DE_term_no_synonym_merge
CNS injury,1,raw_WoS_DE_term_no_synonym_merge
CNS metastasis,1,raw_WoS_DE_term_no_synonym_merge
CO-029,1,raw_WoS_DE_term_no_synonym_merge
co-culture system,1,raw_WoS_DE_term_no_synonym_merge
co-cultures,1,raw_WoS_DE_term_no_synonym_merge
Co-morbidities,1,raw_WoS_DE_term_no_synonym_merge
co-option,1,raw_WoS_DE_term_no_synonym_merge
co-transplantation,1,raw_WoS_DE_term_no_synonym_merge
coagulation activation,1,raw_WoS_DE_term_no_synonym_merge
coagulation cascade,1,raw_WoS_DE_term_no_synonym_merge
coagulation dysregulation,1,raw_WoS_DE_term_no_synonym_merge
coagulation factor,1,raw_WoS_DE_term_no_synonym_merge
coagulation/thrombosis,1,raw_WoS_DE_term_no_synonym_merge
coated doxorubicin&#8208,1,raw_WoS_DE_term_no_synonym_merge
Cobalt ions,1,raw_WoS_DE_term_no_synonym_merge
cocaine,1,raw_WoS_DE_term_no_synonym_merge
Cocaine,1,raw_WoS_DE_term_no_synonym_merge
cocktail therapy,1,raw_WoS_DE_term_no_synonym_merge
Coculture techniques,1,raw_WoS_DE_term_no_synonym_merge
cocultures,1,raw_WoS_DE_term_no_synonym_merge
coding and non-coding RNA species,1,raw_WoS_DE_term_no_synonym_merge
coding RNA,1,raw_WoS_DE_term_no_synonym_merge
coding RNAs,1,raw_WoS_DE_term_no_synonym_merge
cognitive function,1,raw_WoS_DE_term_no_synonym_merge
cold atmospheric plasma,1,raw_WoS_DE_term_no_synonym_merge
Cold exposure,1,raw_WoS_DE_term_no_synonym_merge
collagen -binding,1,raw_WoS_DE_term_no_synonym_merge
collagen expression,1,raw_WoS_DE_term_no_synonym_merge
collagen sponge,1,raw_WoS_DE_term_no_synonym_merge
Collagen sponge,1,raw_WoS_DE_term_no_synonym_merge
collagen synthesis,1,raw_WoS_DE_term_no_synonym_merge
collagen type 1,1,raw_WoS_DE_term_no_synonym_merge
Collagen-binding domain,1,raw_WoS_DE_term_no_synonym_merge
Collaterals,1,raw_WoS_DE_term_no_synonym_merge
collective cell migration,1,raw_WoS_DE_term_no_synonym_merge
Colorectal adenocarcinoma,1,raw_WoS_DE_term_no_synonym_merge
colorectal adenoma,1,raw_WoS_DE_term_no_synonym_merge
Colorectal Cancer,1,raw_WoS_DE_term_no_synonym_merge
Colorectal cancer (CRC),1,raw_WoS_DE_term_no_synonym_merge
colorectal cancer cell,1,raw_WoS_DE_term_no_synonym_merge
colorectal tumor,1,raw_WoS_DE_term_no_synonym_merge
combination therapy,1,raw_WoS_DE_term_no_synonym_merge
Combinational therapy,1,raw_WoS_DE_term_no_synonym_merge
Combinatorial therapy,1,raw_WoS_DE_term_no_synonym_merge
Combined treatment,1,raw_WoS_DE_term_no_synonym_merge
Communicasome,1,raw_WoS_DE_term_no_synonym_merge
communicasomes,1,raw_WoS_DE_term_no_synonym_merge
Communication,1,raw_WoS_DE_term_no_synonym_merge
communication junctions,1,raw_WoS_DE_term_no_synonym_merge
Comorbidities,1,raw_WoS_DE_term_no_synonym_merge
Comparative oncology,1,raw_WoS_DE_term_no_synonym_merge
Comparative transcriptomics,1,raw_WoS_DE_term_no_synonym_merge
Competing endogenous RNA,1,raw_WoS_DE_term_no_synonym_merge
competing endogenous RNA,1,raw_WoS_DE_term_no_synonym_merge
Competing endogenous RNAs,1,raw_WoS_DE_term_no_synonym_merge
competing endogenous RNAs,1,raw_WoS_DE_term_no_synonym_merge
competitive inhibition,1,raw_WoS_DE_term_no_synonym_merge
complement cascade,1,raw_WoS_DE_term_no_synonym_merge
complement components,1,raw_WoS_DE_term_no_synonym_merge
complement membrane attack complex,1,raw_WoS_DE_term_no_synonym_merge
Complement system,1,raw_WoS_DE_term_no_synonym_merge
Complex regional pain syndrome,1,raw_WoS_DE_term_no_synonym_merge
complications,1,raw_WoS_DE_term_no_synonym_merge
Component,1,raw_WoS_DE_term_no_synonym_merge
Composite hydrogel,1,raw_WoS_DE_term_no_synonym_merge
comprehensive proteomics SWATH,1,raw_WoS_DE_term_no_synonym_merge
Comprehensive review,1,raw_WoS_DE_term_no_synonym_merge
comprehensive therapies,1,raw_WoS_DE_term_no_synonym_merge
Compression,1,raw_WoS_DE_term_no_synonym_merge
compression stress,1,raw_WoS_DE_term_no_synonym_merge
conditioned-media,1,raw_WoS_DE_term_no_synonym_merge
conditioning,1,raw_WoS_DE_term_no_synonym_merge
conductive biomaterial,1,raw_WoS_DE_term_no_synonym_merge
condylar cartilage,1,raw_WoS_DE_term_no_synonym_merge
Confocal microscopy,1,raw_WoS_DE_term_no_synonym_merge
confocal microscopy,1,raw_WoS_DE_term_no_synonym_merge
congenital diaphragmatic hernia,1,raw_WoS_DE_term_no_synonym_merge
Congenital heart disease,1,raw_WoS_DE_term_no_synonym_merge
congenital heart disease,1,raw_WoS_DE_term_no_synonym_merge
Connective tissue,1,raw_WoS_DE_term_no_synonym_merge
connexin,1,raw_WoS_DE_term_no_synonym_merge
Connexin,1,raw_WoS_DE_term_no_synonym_merge
connexins,1,raw_WoS_DE_term_no_synonym_merge
Connexins,1,raw_WoS_DE_term_no_synonym_merge
Contaminants,1,raw_WoS_DE_term_no_synonym_merge
contaminants,1,raw_WoS_DE_term_no_synonym_merge
Contents,1,raw_WoS_DE_term_no_synonym_merge
Continuous collection,1,raw_WoS_DE_term_no_synonym_merge
contrast nanoagents,1,raw_WoS_DE_term_no_synonym_merge
Control release,1,raw_WoS_DE_term_no_synonym_merge
control release,1,raw_WoS_DE_term_no_synonym_merge
controlled release,1,raw_WoS_DE_term_no_synonym_merge
convallatoxin,1,raw_WoS_DE_term_no_synonym_merge
Copper ions,1,raw_WoS_DE_term_no_synonym_merge
Cord blood,1,raw_WoS_DE_term_no_synonym_merge
cordycepin,1,raw_WoS_DE_term_no_synonym_merge
Core-shell nanoparticles,1,raw_WoS_DE_term_no_synonym_merge
corneal diseases,1,raw_WoS_DE_term_no_synonym_merge
Corneal disorders,1,raw_WoS_DE_term_no_synonym_merge
corneal dystrophy,1,raw_WoS_DE_term_no_synonym_merge
Corneal endothelial decompensation,1,raw_WoS_DE_term_no_synonym_merge
corneal endothelial dysfunction,1,raw_WoS_DE_term_no_synonym_merge
corneal epithelial cells,1,raw_WoS_DE_term_no_synonym_merge
Corneal epithelium,1,raw_WoS_DE_term_no_synonym_merge
corneal fibroblasts,1,raw_WoS_DE_term_no_synonym_merge
Corneal neovascularization,1,raw_WoS_DE_term_no_synonym_merge
corneal neovascularization therapy,1,raw_WoS_DE_term_no_synonym_merge
corneal stroma,1,raw_WoS_DE_term_no_synonym_merge
Corneal Stromal Cells,1,raw_WoS_DE_term_no_synonym_merge
corneal stromal fibroblasts,1,raw_WoS_DE_term_no_synonym_merge
corneal transplant,1,raw_WoS_DE_term_no_synonym_merge
Corneal transplantation,1,raw_WoS_DE_term_no_synonym_merge
coronary artery,1,raw_WoS_DE_term_no_synonym_merge
Coronary artery bypass grafting,1,raw_WoS_DE_term_no_synonym_merge
coronary artery calcification,1,raw_WoS_DE_term_no_synonym_merge
Coronary artery disease (CAD),1,raw_WoS_DE_term_no_synonym_merge
Coronary artery diseases,1,raw_WoS_DE_term_no_synonym_merge
Coronary artery endothelial cells,1,raw_WoS_DE_term_no_synonym_merge
coronary artery syndrome,1,raw_WoS_DE_term_no_synonym_merge
Coronary atherosclerosis,1,raw_WoS_DE_term_no_synonym_merge
Coronary collateral circulation,1,raw_WoS_DE_term_no_synonym_merge
Coronary collateralization,1,raw_WoS_DE_term_no_synonym_merge
Coronary microcirculatory disease,1,raw_WoS_DE_term_no_synonym_merge
coronary vascular endothelial cell,1,raw_WoS_DE_term_no_synonym_merge
coronavirus infection,1,raw_WoS_DE_term_no_synonym_merge
Coronin,1,raw_WoS_DE_term_no_synonym_merge
Cortactin,1,raw_WoS_DE_term_no_synonym_merge
cortactin,1,raw_WoS_DE_term_no_synonym_merge
corticosteroid,1,raw_WoS_DE_term_no_synonym_merge
cosmetology,1,raw_WoS_DE_term_no_synonym_merge
Costimulatory pathways,1,raw_WoS_DE_term_no_synonym_merge
COUP-TFII,1,raw_WoS_DE_term_no_synonym_merge
Coupling,1,raw_WoS_DE_term_no_synonym_merge
coupling factor,1,raw_WoS_DE_term_no_synonym_merge
COUPLING FACTOR 6,1,raw_WoS_DE_term_no_synonym_merge
COVID-19 disease,1,raw_WoS_DE_term_no_synonym_merge
COVID-19 pneumonia,1,raw_WoS_DE_term_no_synonym_merge
Cow,1,raw_WoS_DE_term_no_synonym_merge
cow's milk,1,raw_WoS_DE_term_no_synonym_merge
COX2,1,raw_WoS_DE_term_no_synonym_merge
CPAP,1,raw_WoS_DE_term_no_synonym_merge
CPRS,1,raw_WoS_DE_term_no_synonym_merge
CRC,1,raw_WoS_DE_term_no_synonym_merge
Cre-loxP,1,raw_WoS_DE_term_no_synonym_merge
Cre-loxP system,1,raw_WoS_DE_term_no_synonym_merge
CREB1,1,raw_WoS_DE_term_no_synonym_merge
CrebH,1,raw_WoS_DE_term_no_synonym_merge
creeping fat,1,raw_WoS_DE_term_no_synonym_merge
CREKA,1,raw_WoS_DE_term_no_synonym_merge
CRISPR-Cas systems,1,raw_WoS_DE_term_no_synonym_merge
Critical limb ischemia,1,raw_WoS_DE_term_no_synonym_merge
CRK,1,raw_WoS_DE_term_no_synonym_merge
Crohn's disease (CD),1,raw_WoS_DE_term_no_synonym_merge
Cross talk,1,raw_WoS_DE_term_no_synonym_merge
cross-kingdom,1,raw_WoS_DE_term_no_synonym_merge
cross-linking,1,raw_WoS_DE_term_no_synonym_merge
crosstalk mechanism,1,raw_WoS_DE_term_no_synonym_merge
Cryogenic 3D printing technology,1,raw_WoS_DE_term_no_synonym_merge
cryoprecipitate,1,raw_WoS_DE_term_no_synonym_merge
Cryopreserve,1,raw_WoS_DE_term_no_synonym_merge
cryoprotectant,1,raw_WoS_DE_term_no_synonym_merge
cryptococcosis,1,raw_WoS_DE_term_no_synonym_merge
CSC-specific therapies,1,raw_WoS_DE_term_no_synonym_merge
CSCs,1,raw_WoS_DE_term_no_synonym_merge
CSF,1,raw_WoS_DE_term_no_synonym_merge
CSPG4,1,raw_WoS_DE_term_no_synonym_merge
CSWT,1,raw_WoS_DE_term_no_synonym_merge
CTB invasion,1,raw_WoS_DE_term_no_synonym_merge
ctDNA,1,raw_WoS_DE_term_no_synonym_merge
CTRP9,1,raw_WoS_DE_term_no_synonym_merge
CTTN,1,raw_WoS_DE_term_no_synonym_merge
culture,1,raw_WoS_DE_term_no_synonym_merge
culture preconditioning,1,raw_WoS_DE_term_no_synonym_merge
culture time,1,raw_WoS_DE_term_no_synonym_merge
cultures,1,raw_WoS_DE_term_no_synonym_merge
curcumin analogue H8,1,raw_WoS_DE_term_no_synonym_merge
Cutaneous injury,1,raw_WoS_DE_term_no_synonym_merge
Cutaneous wound,1,raw_WoS_DE_term_no_synonym_merge
cutaneous wound,1,raw_WoS_DE_term_no_synonym_merge
Cutaneous wound healing,1,raw_WoS_DE_term_no_synonym_merge
cutaneous wound healing,1,raw_WoS_DE_term_no_synonym_merge
Cutaneous wounds,1,raw_WoS_DE_term_no_synonym_merge
CVDs,1,raw_WoS_DE_term_no_synonym_merge
CX(3)CR1,1,raw_WoS_DE_term_no_synonym_merge
Cx43,1,raw_WoS_DE_term_no_synonym_merge
Cx46,1,raw_WoS_DE_term_no_synonym_merge
CXCL10,1,raw_WoS_DE_term_no_synonym_merge
CXCL7,1,raw_WoS_DE_term_no_synonym_merge
CXCL8,1,raw_WoS_DE_term_no_synonym_merge
CXCR4/SDF-1 alpha pathway,1,raw_WoS_DE_term_no_synonym_merge
CXCR6,1,raw_WoS_DE_term_no_synonym_merge
Cyclase associated protein-1 (CAP1),1,raw_WoS_DE_term_no_synonym_merge
Cyclic adenosine monophosphate,1,raw_WoS_DE_term_no_synonym_merge
cyclic adenosine monophosphate,1,raw_WoS_DE_term_no_synonym_merge
Cyclic stretch,1,raw_WoS_DE_term_no_synonym_merge
cyclic stretch,1,raw_WoS_DE_term_no_synonym_merge
cyclooxygenase 2,1,raw_WoS_DE_term_no_synonym_merge
cyclosporine A,1,raw_WoS_DE_term_no_synonym_merge
CYR61,1,raw_WoS_DE_term_no_synonym_merge
cystatin C,1,raw_WoS_DE_term_no_synonym_merge
cytochalasin B-induced membrane vesicles,1,raw_WoS_DE_term_no_synonym_merge
Cytokine array,1,raw_WoS_DE_term_no_synonym_merge
Cytokine neutralization,1,raw_WoS_DE_term_no_synonym_merge
CYTOKINES,1,raw_WoS_DE_term_no_synonym_merge
Cytokines/Chemokines,1,raw_WoS_DE_term_no_synonym_merge
Cytomegalovirus,1,raw_WoS_DE_term_no_synonym_merge
Cytoplasmic domain,1,raw_WoS_DE_term_no_synonym_merge
cytoprotection,1,raw_WoS_DE_term_no_synonym_merge
cytosolic extracellular vesicles,1,raw_WoS_DE_term_no_synonym_merge
cytotoxic T cells,1,raw_WoS_DE_term_no_synonym_merge
cZFP609,1,raw_WoS_DE_term_no_synonym_merge
D,1,raw_WoS_DE_term_no_synonym_merge
D-dimer,1,raw_WoS_DE_term_no_synonym_merge
D-dimers,1,raw_WoS_DE_term_no_synonym_merge
D2-40,1,raw_WoS_DE_term_no_synonym_merge
D3 cells,1,raw_WoS_DE_term_no_synonym_merge
damage,1,raw_WoS_DE_term_no_synonym_merge
Damage Associated Molecular Pattern molecules (DAMPs),1,raw_WoS_DE_term_no_synonym_merge
DAMP,1,raw_WoS_DE_term_no_synonym_merge
DAMP - damage-associated molecular pattern,1,raw_WoS_DE_term_no_synonym_merge
Danger -associated molecular patterns,1,raw_WoS_DE_term_no_synonym_merge
Danhong Injection,1,raw_WoS_DE_term_no_synonym_merge
Danshen-derived exosome-like nanoparticles,1,raw_WoS_DE_term_no_synonym_merge
dapagliflozin,1,raw_WoS_DE_term_no_synonym_merge
Dasatinib,1,raw_WoS_DE_term_no_synonym_merge
Daunorubicin-induced cardiac injury,1,raw_WoS_DE_term_no_synonym_merge
DCM,1,raw_WoS_DE_term_no_synonym_merge
DDIT4,1,raw_WoS_DE_term_no_synonym_merge
DDR,1,raw_WoS_DE_term_no_synonym_merge
DDX55,1,raw_WoS_DE_term_no_synonym_merge
Death signal,1,raw_WoS_DE_term_no_synonym_merge
decellularized cornea,1,raw_WoS_DE_term_no_synonym_merge
Decellularized extracellular matrix,1,raw_WoS_DE_term_no_synonym_merge
Decellularized porcine pericardium,1,raw_WoS_DE_term_no_synonym_merge
decellularized tissue,1,raw_WoS_DE_term_no_synonym_merge
Decidua,1,raw_WoS_DE_term_no_synonym_merge
decidualization,1,raw_WoS_DE_term_no_synonym_merge
Decoction,1,raw_WoS_DE_term_no_synonym_merge
decompression sickness,1,raw_WoS_DE_term_no_synonym_merge
decursin,1,raw_WoS_DE_term_no_synonym_merge
Dedifferentiated fat cells,1,raw_WoS_DE_term_no_synonym_merge
dedifferentiation,1,raw_WoS_DE_term_no_synonym_merge
Deep learning,1,raw_WoS_DE_term_no_synonym_merge
deep medullary veins,1,raw_WoS_DE_term_no_synonym_merge
Deep sequencing,1,raw_WoS_DE_term_no_synonym_merge
deep vein thrombosis,1,raw_WoS_DE_term_no_synonym_merge
deep vein thrombosis (DVT),1,raw_WoS_DE_term_no_synonym_merge
deep venous thrombosis,1,raw_WoS_DE_term_no_synonym_merge
Deer antler,1,raw_WoS_DE_term_no_synonym_merge
deer antler,1,raw_WoS_DE_term_no_synonym_merge
defensins,1,raw_WoS_DE_term_no_synonym_merge
deferoxamine mesylate,1,raw_WoS_DE_term_no_synonym_merge
degradation,1,raw_WoS_DE_term_no_synonym_merge
Degraded peptides,1,raw_WoS_DE_term_no_synonym_merge
dehydroepiandrosterone sulfate,1,raw_WoS_DE_term_no_synonym_merge
deiminated histone H3,1,raw_WoS_DE_term_no_synonym_merge
delayed cerebral ischemia,1,raw_WoS_DE_term_no_synonym_merge
delayed therapy,1,raw_WoS_DE_term_no_synonym_merge
Delivery,1,raw_WoS_DE_term_no_synonym_merge
Delivery routes,1,raw_WoS_DE_term_no_synonym_merge
delivery system,1,raw_WoS_DE_term_no_synonym_merge
Delivery system,1,raw_WoS_DE_term_no_synonym_merge
Delivery tools,1,raw_WoS_DE_term_no_synonym_merge
delphinidin,1,raw_WoS_DE_term_no_synonym_merge
dementia,1,raw_WoS_DE_term_no_synonym_merge
Dementia,1,raw_WoS_DE_term_no_synonym_merge
Demyelinating disease,1,raw_WoS_DE_term_no_synonym_merge
Dendrimers,1,raw_WoS_DE_term_no_synonym_merge
dendritic,1,raw_WoS_DE_term_no_synonym_merge
dendritic cell,1,raw_WoS_DE_term_no_synonym_merge
Dendritic cell,1,raw_WoS_DE_term_no_synonym_merge
dendritic cells (DCs),1,raw_WoS_DE_term_no_synonym_merge
denervated muscle atrophy,1,raw_WoS_DE_term_no_synonym_merge
dengue virus,1,raw_WoS_DE_term_no_synonym_merge
dental pulp,1,raw_WoS_DE_term_no_synonym_merge
dental pulp cells,1,raw_WoS_DE_term_no_synonym_merge
dental pulp regeneration,1,raw_WoS_DE_term_no_synonym_merge
Dental pulp regeneration,1,raw_WoS_DE_term_no_synonym_merge
dental pulp stromal cells,1,raw_WoS_DE_term_no_synonym_merge
Dental regeneration engineering,1,raw_WoS_DE_term_no_synonym_merge
Depressed,1,raw_WoS_DE_term_no_synonym_merge
depression,1,raw_WoS_DE_term_no_synonym_merge
dermal fibroblasts,1,raw_WoS_DE_term_no_synonym_merge
Dermal papilla cells,1,raw_WoS_DE_term_no_synonym_merge
Dermis,1,raw_WoS_DE_term_no_synonym_merge
Descemet's membrane,1,raw_WoS_DE_term_no_synonym_merge
desferrioxamine,1,raw_WoS_DE_term_no_synonym_merge
design of experiment,1,raw_WoS_DE_term_no_synonym_merge
Design strategy,1,raw_WoS_DE_term_no_synonym_merge
DETA,1,raw_WoS_DE_term_no_synonym_merge
Detection,1,raw_WoS_DE_term_no_synonym_merge
Detergent resistance,1,raw_WoS_DE_term_no_synonym_merge
Development,1,raw_WoS_DE_term_no_synonym_merge
development,1,raw_WoS_DE_term_no_synonym_merge
DHODH,1,raw_WoS_DE_term_no_synonym_merge
Diabesity,1,raw_WoS_DE_term_no_synonym_merge
diabete mellitus,1,raw_WoS_DE_term_no_synonym_merge
Diabetes foot ulcer,1,raw_WoS_DE_term_no_synonym_merge
"diabetes mellitus, type 2",1,raw_WoS_DE_term_no_synonym_merge
"Diabetes Mellitus, type 2",1,raw_WoS_DE_term_no_synonym_merge
Diabetes wound healing,1,raw_WoS_DE_term_no_synonym_merge
"diabetes, type 2",1,raw_WoS_DE_term_no_synonym_merge
Diabetes-related cardiovascular complication,1,raw_WoS_DE_term_no_synonym_merge
diabetic,1,raw_WoS_DE_term_no_synonym_merge
Diabetic,1,raw_WoS_DE_term_no_synonym_merge
Diabetic angiopathy,1,raw_WoS_DE_term_no_synonym_merge
Diabetic bone defect,1,raw_WoS_DE_term_no_synonym_merge
diabetic cardiovascular complications,1,raw_WoS_DE_term_no_synonym_merge
Diabetic chronic cutaneous ulcers model,1,raw_WoS_DE_term_no_synonym_merge
Diabetic chronic wounds,1,raw_WoS_DE_term_no_synonym_merge
diabetic complications,1,raw_WoS_DE_term_no_synonym_merge
Diabetic complications,1,raw_WoS_DE_term_no_synonym_merge
diabetic cutaneous wound healing,1,raw_WoS_DE_term_no_synonym_merge
Diabetic dyslipidemia,1,raw_WoS_DE_term_no_synonym_merge
diabetic endothelial dysfunction,1,raw_WoS_DE_term_no_synonym_merge
Diabetic foot,1,raw_WoS_DE_term_no_synonym_merge
diabetic foot ulcer (DFU),1,raw_WoS_DE_term_no_synonym_merge
diabetic healing,1,raw_WoS_DE_term_no_synonym_merge
Diabetic heart,1,raw_WoS_DE_term_no_synonym_merge
Diabetic hind limb ischemia,1,raw_WoS_DE_term_no_synonym_merge
Diabetic kidney disease,1,raw_WoS_DE_term_no_synonym_merge
Diabetic Nephropathy,1,raw_WoS_DE_term_no_synonym_merge
diabetic nephropathy (DN),1,raw_WoS_DE_term_no_synonym_merge
Diabetic nephropathy (DN),1,raw_WoS_DE_term_no_synonym_merge
Diabetic peripheral angiopathy,1,raw_WoS_DE_term_no_synonym_merge
diabetic ulcers,1,raw_WoS_DE_term_no_synonym_merge
Diabetic ulcers,1,raw_WoS_DE_term_no_synonym_merge
Diabetic vascular complications,1,raw_WoS_DE_term_no_synonym_merge
diabetic vasculopathy,1,raw_WoS_DE_term_no_synonym_merge
diabetic-wound healing,1,raw_WoS_DE_term_no_synonym_merge
diabeticwound,1,raw_WoS_DE_term_no_synonym_merge
diacylglycerol,1,raw_WoS_DE_term_no_synonym_merge
Diaexosomes,1,raw_WoS_DE_term_no_synonym_merge
diagnostic and therapeutic applications,1,raw_WoS_DE_term_no_synonym_merge
diagnostic biomarkers,1,raw_WoS_DE_term_no_synonym_merge
diagnostic markers,1,raw_WoS_DE_term_no_synonym_merge
Diagnostic value,1,raw_WoS_DE_term_no_synonym_merge
diagnosticbiomarker,1,raw_WoS_DE_term_no_synonym_merge
Dialysis,1,raw_WoS_DE_term_no_synonym_merge
dialysis,1,raw_WoS_DE_term_no_synonym_merge
dialysis membrane,1,raw_WoS_DE_term_no_synonym_merge
Diastolic dysfunction,1,raw_WoS_DE_term_no_synonym_merge
DIC (disseminated intravascular coagulation),1,raw_WoS_DE_term_no_synonym_merge
DICER,1,raw_WoS_DE_term_no_synonym_merge
dichloroacetate,1,raw_WoS_DE_term_no_synonym_merge
DIET,1,raw_WoS_DE_term_no_synonym_merge
dietary microRNA,1,raw_WoS_DE_term_no_synonym_merge
differential ultracentrifugation,1,raw_WoS_DE_term_no_synonym_merge
Differentially expressed genes,1,raw_WoS_DE_term_no_synonym_merge
differentially expressed genes,1,raw_WoS_DE_term_no_synonym_merge
digital PCR,1,raw_WoS_DE_term_no_synonym_merge
digital protein assay,1,raw_WoS_DE_term_no_synonym_merge
DII4,1,raw_WoS_DE_term_no_synonym_merge
Dilated cardiomyopathy,1,raw_WoS_DE_term_no_synonym_merge
Dimethyloxaloylglycine,1,raw_WoS_DE_term_no_synonym_merge
dioleoylphosphatidylserine,1,raw_WoS_DE_term_no_synonym_merge
Direct cell reprogramming,1,raw_WoS_DE_term_no_synonym_merge
direct cell reprogramming,1,raw_WoS_DE_term_no_synonym_merge
directional lyophilization,1,raw_WoS_DE_term_no_synonym_merge
directionality,1,raw_WoS_DE_term_no_synonym_merge
discovery,1,raw_WoS_DE_term_no_synonym_merge
DISDIVO,1,raw_WoS_DE_term_no_synonym_merge
Disease,1,raw_WoS_DE_term_no_synonym_merge
disease biomarkers,1,raw_WoS_DE_term_no_synonym_merge
disease monitoring,1,raw_WoS_DE_term_no_synonym_merge
disease pathogenesis,1,raw_WoS_DE_term_no_synonym_merge
disease progression,1,raw_WoS_DE_term_no_synonym_merge
disease state,1,raw_WoS_DE_term_no_synonym_merge
Disease treatment,1,raw_WoS_DE_term_no_synonym_merge
diseases,1,raw_WoS_DE_term_no_synonym_merge
diseases related to obesity,1,raw_WoS_DE_term_no_synonym_merge
dissection,1,raw_WoS_DE_term_no_synonym_merge
Disseminated intravascular coagulation,1,raw_WoS_DE_term_no_synonym_merge
disseminated intravascular coagulopathy,1,raw_WoS_DE_term_no_synonym_merge
Disseminated tumor cell,1,raw_WoS_DE_term_no_synonym_merge
disturbed blood flow,1,raw_WoS_DE_term_no_synonym_merge
Disturbed flow,1,raw_WoS_DE_term_no_synonym_merge
disturbed flow,1,raw_WoS_DE_term_no_synonym_merge
diving,1,raw_WoS_DE_term_no_synonym_merge
DJ-1,1,raw_WoS_DE_term_no_synonym_merge
DKC1,1,raw_WoS_DE_term_no_synonym_merge
Dkk-1,1,raw_WoS_DE_term_no_synonym_merge
DLL4,1,raw_WoS_DE_term_no_synonym_merge
DLL4 siRNA,1,raw_WoS_DE_term_no_synonym_merge
DLL4/Notch,1,raw_WoS_DE_term_no_synonym_merge
DN,1,raw_WoS_DE_term_no_synonym_merge
DNA hydrogel,1,raw_WoS_DE_term_no_synonym_merge
DNA hydroxymethylation,1,raw_WoS_DE_term_no_synonym_merge
DNMT1,1,raw_WoS_DE_term_no_synonym_merge
Docosahexaenoic acid,1,raw_WoS_DE_term_no_synonym_merge
docosahexaenoic acid,1,raw_WoS_DE_term_no_synonym_merge
Dog,1,raw_WoS_DE_term_no_synonym_merge
dog,1,raw_WoS_DE_term_no_synonym_merge
dolines,1,raw_WoS_DE_term_no_synonym_merge
Donation after circulatory death,1,raw_WoS_DE_term_no_synonym_merge
donepezil,1,raw_WoS_DE_term_no_synonym_merge
dormancy,1,raw_WoS_DE_term_no_synonym_merge
dovitinib,1,raw_WoS_DE_term_no_synonym_merge
Down syndrome,1,raw_WoS_DE_term_no_synonym_merge
Doxil,1,raw_WoS_DE_term_no_synonym_merge
Doxorubicin (Dox),1,raw_WoS_DE_term_no_synonym_merge
doxycycline hydrochloride (DH),1,raw_WoS_DE_term_no_synonym_merge
DP7,1,raw_WoS_DE_term_no_synonym_merge
DPP4,1,raw_WoS_DE_term_no_synonym_merge
droplet microfluidics,1,raw_WoS_DE_term_no_synonym_merge
Droplet PCR,1,raw_WoS_DE_term_no_synonym_merge
drug abuse,1,raw_WoS_DE_term_no_synonym_merge
drug adducts,1,raw_WoS_DE_term_no_synonym_merge
drug carrier,1,raw_WoS_DE_term_no_synonym_merge
Drug delivery nanovesicles,1,raw_WoS_DE_term_no_synonym_merge
Drug delivery strategy,1,raw_WoS_DE_term_no_synonym_merge
drug discovery,1,raw_WoS_DE_term_no_synonym_merge
Drug eluting stent,1,raw_WoS_DE_term_no_synonym_merge
Drug release,1,raw_WoS_DE_term_no_synonym_merge
drug screening,1,raw_WoS_DE_term_no_synonym_merge
Drug targeting,1,raw_WoS_DE_term_no_synonym_merge
Drug Testing,1,raw_WoS_DE_term_no_synonym_merge
Drug therapeutic tool,1,raw_WoS_DE_term_no_synonym_merge
Drug-delivery,1,raw_WoS_DE_term_no_synonym_merge
drug-induced hepatitis,1,raw_WoS_DE_term_no_synonym_merge
drug-loaded,1,raw_WoS_DE_term_no_synonym_merge
Drug-resistance,1,raw_WoS_DE_term_no_synonym_merge
drugs,1,raw_WoS_DE_term_no_synonym_merge
dSTORM microscopy,1,raw_WoS_DE_term_no_synonym_merge
DTMUV,1,raw_WoS_DE_term_no_synonym_merge
dual inhibition,1,raw_WoS_DE_term_no_synonym_merge
Dual signal,1,raw_WoS_DE_term_no_synonym_merge
Dual target,1,raw_WoS_DE_term_no_synonym_merge
Dual-ligand,1,raw_WoS_DE_term_no_synonym_merge
Dual-responsive hydrogel,1,raw_WoS_DE_term_no_synonym_merge
Duchenne muscular dystrophy,1,raw_WoS_DE_term_no_synonym_merge
Duffy antigen,1,raw_WoS_DE_term_no_synonym_merge
DUSP1,1,raw_WoS_DE_term_no_synonym_merge
DUSP14,1,raw_WoS_DE_term_no_synonym_merge
DUSP2,1,raw_WoS_DE_term_no_synonym_merge
DUSP5,1,raw_WoS_DE_term_no_synonym_merge
dynamin,1,raw_WoS_DE_term_no_synonym_merge
Dysfunction,1,raw_WoS_DE_term_no_synonym_merge
dysfunction,1,raw_WoS_DE_term_no_synonym_merge
dysfunctional vasculature,1,raw_WoS_DE_term_no_synonym_merge
Dyslipidemia,1,raw_WoS_DE_term_no_synonym_merge
dyslipidemia,1,raw_WoS_DE_term_no_synonym_merge
Dysplasia,1,raw_WoS_DE_term_no_synonym_merge
E-Cadherin,1,raw_WoS_DE_term_no_synonym_merge
E. coli,1,raw_WoS_DE_term_no_synonym_merge
E7,1,raw_WoS_DE_term_no_synonym_merge
EA,1,raw_WoS_DE_term_no_synonym_merge
EAG1,1,raw_WoS_DE_term_no_synonym_merge
Early -stage detection,1,raw_WoS_DE_term_no_synonym_merge
early anticoagulation,1,raw_WoS_DE_term_no_synonym_merge
early detection,1,raw_WoS_DE_term_no_synonym_merge
early onset preeclampsia,1,raw_WoS_DE_term_no_synonym_merge
early pregnancy,1,raw_WoS_DE_term_no_synonym_merge
Early vascular aging,1,raw_WoS_DE_term_no_synonym_merge
early-onset preeclampsia,1,raw_WoS_DE_term_no_synonym_merge
EBV,1,raw_WoS_DE_term_no_synonym_merge
EC&#8208,1,raw_WoS_DE_term_no_synonym_merge
EC-to-OSB conversion,1,raw_WoS_DE_term_no_synonym_merge
ECFCs,1,raw_WoS_DE_term_no_synonym_merge
Echocardiography,1,raw_WoS_DE_term_no_synonym_merge
echocardiography,1,raw_WoS_DE_term_no_synonym_merge
ECIS,1,raw_WoS_DE_term_no_synonym_merge
eclampsia,1,raw_WoS_DE_term_no_synonym_merge
ECM degradation,1,raw_WoS_DE_term_no_synonym_merge
ECM molecules,1,raw_WoS_DE_term_no_synonym_merge
Ecosystem,1,raw_WoS_DE_term_no_synonym_merge
ECRG4,1,raw_WoS_DE_term_no_synonym_merge
ECs-Exo,1,raw_WoS_DE_term_no_synonym_merge
ECTO-F1FO COMPLEX,1,raw_WoS_DE_term_no_synonym_merge
ectodomain shedding,1,raw_WoS_DE_term_no_synonym_merge
Ectopic xenograft mouse model,1,raw_WoS_DE_term_no_synonym_merge
Eczema,1,raw_WoS_DE_term_no_synonym_merge
"EDIL-3 protein, human",1,raw_WoS_DE_term_no_synonym_merge
eef2k,1,raw_WoS_DE_term_no_synonym_merge
Efferocytosis,1,raw_WoS_DE_term_no_synonym_merge
efferocytosis,1,raw_WoS_DE_term_no_synonym_merge
efficacy,1,raw_WoS_DE_term_no_synonym_merge
Efflux transporter,1,raw_WoS_DE_term_no_synonym_merge
EFNA3,1,raw_WoS_DE_term_no_synonym_merge
EGF,1,raw_WoS_DE_term_no_synonym_merge
EGFL6,1,raw_WoS_DE_term_no_synonym_merge
egg white hydrogel,1,raw_WoS_DE_term_no_synonym_merge
EGR-1,1,raw_WoS_DE_term_no_synonym_merge
EGR1,1,raw_WoS_DE_term_no_synonym_merge
Egr2,1,raw_WoS_DE_term_no_synonym_merge
eicosanoids,1,raw_WoS_DE_term_no_synonym_merge
EIF4A3,1,raw_WoS_DE_term_no_synonym_merge
eIF4G,1,raw_WoS_DE_term_no_synonym_merge
elastic fibers,1,raw_WoS_DE_term_no_synonym_merge
elasticity modulus,1,raw_WoS_DE_term_no_synonym_merge
Elastin-like polypeptides,1,raw_WoS_DE_term_no_synonym_merge
ELAVL1,1,raw_WoS_DE_term_no_synonym_merge
electric cell-substrate impedance sensing (ECIS),1,raw_WoS_DE_term_no_synonym_merge
electric field,1,raw_WoS_DE_term_no_synonym_merge
electrical coupling,1,raw_WoS_DE_term_no_synonym_merge
Electroactive,1,raw_WoS_DE_term_no_synonym_merge
Electrochemical biosensors,1,raw_WoS_DE_term_no_synonym_merge
Electron beam,1,raw_WoS_DE_term_no_synonym_merge
Electron microscopy,1,raw_WoS_DE_term_no_synonym_merge
Electron transport chain,1,raw_WoS_DE_term_no_synonym_merge
Electronic (e)-cigarette,1,raw_WoS_DE_term_no_synonym_merge
Electroporation,1,raw_WoS_DE_term_no_synonym_merge
Electrospinning,1,raw_WoS_DE_term_no_synonym_merge
electrospun nanofibers,1,raw_WoS_DE_term_no_synonym_merge
electrospun nanofibrous scaffold,1,raw_WoS_DE_term_no_synonym_merge
ELF5,1,raw_WoS_DE_term_no_synonym_merge
EMAPH,1,raw_WoS_DE_term_no_synonym_merge
embryonic stem cells,1,raw_WoS_DE_term_no_synonym_merge
EMMPRIN,1,raw_WoS_DE_term_no_synonym_merge
empagliflozin,1,raw_WoS_DE_term_no_synonym_merge
emphysema,1,raw_WoS_DE_term_no_synonym_merge
Emphysema,1,raw_WoS_DE_term_no_synonym_merge
Emps,1,raw_WoS_DE_term_no_synonym_merge
EMT progression,1,raw_WoS_DE_term_no_synonym_merge
End stage kidney disease,1,raw_WoS_DE_term_no_synonym_merge
end-stage kidney disease,1,raw_WoS_DE_term_no_synonym_merge
end-stage kidney failure,1,raw_WoS_DE_term_no_synonym_merge
EndMT,1,raw_WoS_DE_term_no_synonym_merge
endo-lysosomal system,1,raw_WoS_DE_term_no_synonym_merge
endocardial endothelium,1,raw_WoS_DE_term_no_synonym_merge
endocrine,1,raw_WoS_DE_term_no_synonym_merge
endogenous thrombin potential,1,raw_WoS_DE_term_no_synonym_merge
endoglin,1,raw_WoS_DE_term_no_synonym_merge
endoglin (ENG),1,raw_WoS_DE_term_no_synonym_merge
endolysosomal dysfunction,1,raw_WoS_DE_term_no_synonym_merge
Endolysosomal trafficking,1,raw_WoS_DE_term_no_synonym_merge
Endometrial carcinoma,1,raw_WoS_DE_term_no_synonym_merge
Endometrial epithelial cells,1,raw_WoS_DE_term_no_synonym_merge
Endometrial injury,1,raw_WoS_DE_term_no_synonym_merge
endometrial metastasis,1,raw_WoS_DE_term_no_synonym_merge
endometrial regeneration,1,raw_WoS_DE_term_no_synonym_merge
endometrial stem cell,1,raw_WoS_DE_term_no_synonym_merge
Endometriosis,1,raw_WoS_DE_term_no_synonym_merge
endometrium,1,raw_WoS_DE_term_no_synonym_merge
Endometrium,1,raw_WoS_DE_term_no_synonym_merge
endoplasmic,1,raw_WoS_DE_term_no_synonym_merge
endoplasmic reticulum,1,raw_WoS_DE_term_no_synonym_merge
Endoplasmic reticulum (ER) stress,1,raw_WoS_DE_term_no_synonym_merge
endoplasmic reticulum (ER) stress,1,raw_WoS_DE_term_no_synonym_merge
Endosomal escape,1,raw_WoS_DE_term_no_synonym_merge
Endosomal proteomics,1,raw_WoS_DE_term_no_synonym_merge
Endosomal sorting complex required for transport,1,raw_WoS_DE_term_no_synonym_merge
Endosome escape,1,raw_WoS_DE_term_no_synonym_merge
endothelial adherens junction proteins,1,raw_WoS_DE_term_no_synonym_merge
endothelial adhesion molecules,1,raw_WoS_DE_term_no_synonym_merge
Endothelial affinity,1,raw_WoS_DE_term_no_synonym_merge
endothelial barrier function,1,raw_WoS_DE_term_no_synonym_merge
Endothelial barrier permeability,1,raw_WoS_DE_term_no_synonym_merge
Endothelial biomarkers,1,raw_WoS_DE_term_no_synonym_merge
Endothelial Cell,1,raw_WoS_DE_term_no_synonym_merge
endothelial cell (EC),1,raw_WoS_DE_term_no_synonym_merge
endothelial cell activation,1,raw_WoS_DE_term_no_synonym_merge
Endothelial cell activation,1,raw_WoS_DE_term_no_synonym_merge
Endothelial cell dysfunction,1,raw_WoS_DE_term_no_synonym_merge
Endothelial cell functionality,1,raw_WoS_DE_term_no_synonym_merge
endothelial cell injury,1,raw_WoS_DE_term_no_synonym_merge
Endothelial cell injury,1,raw_WoS_DE_term_no_synonym_merge
Endothelial cell junctions,1,raw_WoS_DE_term_no_synonym_merge
Endothelial cell migration,1,raw_WoS_DE_term_no_synonym_merge
Endothelial cell protection,1,raw_WoS_DE_term_no_synonym_merge
Endothelial cell senescence,1,raw_WoS_DE_term_no_synonym_merge
endothelial cell targeting property,1,raw_WoS_DE_term_no_synonym_merge
Endothelial cell to macrophage transfer,1,raw_WoS_DE_term_no_synonym_merge
Endothelial cell uptake,1,raw_WoS_DE_term_no_synonym_merge
Endothelial cell vesicles,1,raw_WoS_DE_term_no_synonym_merge
endothelial cell-derived exosome,1,raw_WoS_DE_term_no_synonym_merge
Endothelial cell-derived extracellular vesicles,1,raw_WoS_DE_term_no_synonym_merge
Endothelial cell-mesenchymal stem cell interactions,1,raw_WoS_DE_term_no_synonym_merge
Endothelial cell-targeted,1,raw_WoS_DE_term_no_synonym_merge
ENDOTHELIAL CELLS,1,raw_WoS_DE_term_no_synonym_merge
endothelial cells (EC),1,raw_WoS_DE_term_no_synonym_merge
Endothelial cells (EC),1,raw_WoS_DE_term_no_synonym_merge
Endothelial cells (ECs),1,raw_WoS_DE_term_no_synonym_merge
"Endothelial cells, engineer",1,raw_WoS_DE_term_no_synonym_merge
Endothelial cells-derived exosome,1,raw_WoS_DE_term_no_synonym_merge
endothelial cellular barrier,1,raw_WoS_DE_term_no_synonym_merge
Endothelial colony -forming cell,1,raw_WoS_DE_term_no_synonym_merge
endothelial colony-forming cell,1,raw_WoS_DE_term_no_synonym_merge
endothelial colony-forming cells,1,raw_WoS_DE_term_no_synonym_merge
Endothelial colony-forming cells,1,raw_WoS_DE_term_no_synonym_merge
endothelial demesenchymalization,1,raw_WoS_DE_term_no_synonym_merge
endothelial derived particles,1,raw_WoS_DE_term_no_synonym_merge
endothelial disruption,1,raw_WoS_DE_term_no_synonym_merge
endothelial EVs,1,raw_WoS_DE_term_no_synonym_merge
Endothelial extracellular vesicles,1,raw_WoS_DE_term_no_synonym_merge
endothelial extracellular vesicles,1,raw_WoS_DE_term_no_synonym_merge
endothelial function (dysfunction),1,raw_WoS_DE_term_no_synonym_merge
endothelial glycocalyx,1,raw_WoS_DE_term_no_synonym_merge
Endothelial glycocalyx,1,raw_WoS_DE_term_no_synonym_merge
endothelial heterogeneity,1,raw_WoS_DE_term_no_synonym_merge
endothelial HSPA12B,1,raw_WoS_DE_term_no_synonym_merge
endothelial integrity,1,raw_WoS_DE_term_no_synonym_merge
endothelial intercellular junctions,1,raw_WoS_DE_term_no_synonym_merge
endothelial junctions,1,raw_WoS_DE_term_no_synonym_merge
endothelial lineage tracing,1,raw_WoS_DE_term_no_synonym_merge
Endothelial microvesicles,1,raw_WoS_DE_term_no_synonym_merge
Endothelial microvesicles (EMVs),1,raw_WoS_DE_term_no_synonym_merge
endothelial migration,1,raw_WoS_DE_term_no_synonym_merge
Endothelial migration,1,raw_WoS_DE_term_no_synonym_merge
Endothelial morphology,1,raw_WoS_DE_term_no_synonym_merge
endothelial nitric oxide synthase (eNOS),1,raw_WoS_DE_term_no_synonym_merge
Endothelial permeability,1,raw_WoS_DE_term_no_synonym_merge
endothelial progenitor cell (EPC),1,raw_WoS_DE_term_no_synonym_merge
Endothelial progenitor cell derived exosomes,1,raw_WoS_DE_term_no_synonym_merge
Endothelial progenitor cell exosomes,1,raw_WoS_DE_term_no_synonym_merge
Endothelial progenitor cells-derived,1,raw_WoS_DE_term_no_synonym_merge
ENDOTHELIAL PROGENITOR CELLS-DERIVED EXOSOMES,1,raw_WoS_DE_term_no_synonym_merge
endothelial progenitorcell,1,raw_WoS_DE_term_no_synonym_merge
endothelial progenitors,1,raw_WoS_DE_term_no_synonym_merge
Endothelial quiescence,1,raw_WoS_DE_term_no_synonym_merge
Endothelial regeneration,1,raw_WoS_DE_term_no_synonym_merge
endothelial regenerative capacity,1,raw_WoS_DE_term_no_synonym_merge
endothelial repair,1,raw_WoS_DE_term_no_synonym_merge
endothelial sodium channels,1,raw_WoS_DE_term_no_synonym_merge
endothelial to mesenchymal transition,1,raw_WoS_DE_term_no_synonym_merge
endothelial vaccination,1,raw_WoS_DE_term_no_synonym_merge
Endothelial-1,1,raw_WoS_DE_term_no_synonym_merge
Endothelial-derived exosomes,1,raw_WoS_DE_term_no_synonym_merge
Endothelial-derived microparticles,1,raw_WoS_DE_term_no_synonym_merge
Endothelial-mesenchymal transformation,1,raw_WoS_DE_term_no_synonym_merge
Endothelial-mesenchymal transition (EndMT),1,raw_WoS_DE_term_no_synonym_merge
endothelial-monocyte communication,1,raw_WoS_DE_term_no_synonym_merge
Endothelial-to-mesenchymal transformation,1,raw_WoS_DE_term_no_synonym_merge
endothelialized microfluidics,1,raw_WoS_DE_term_no_synonym_merge
endothelin,1,raw_WoS_DE_term_no_synonym_merge
Endothelin A receptor,1,raw_WoS_DE_term_no_synonym_merge
endotheline-1,1,raw_WoS_DE_term_no_synonym_merge
Endotheliocytes,1,raw_WoS_DE_term_no_synonym_merge
Endotheliopathy,1,raw_WoS_DE_term_no_synonym_merge
endotheliopathy,1,raw_WoS_DE_term_no_synonym_merge
Endotheliopathy of trauma,1,raw_WoS_DE_term_no_synonym_merge
endothelium adhesion,1,raw_WoS_DE_term_no_synonym_merge
endothelium dysfunction,1,raw_WoS_DE_term_no_synonym_merge
Endothelium inflammation,1,raw_WoS_DE_term_no_synonym_merge
endothelium markers,1,raw_WoS_DE_term_no_synonym_merge
endothelium-derived extracellular vesicles (edEVs),1,raw_WoS_DE_term_no_synonym_merge
Endothelium-derived microparticles,1,raw_WoS_DE_term_no_synonym_merge
Endothelium-mesenchymal transition,1,raw_WoS_DE_term_no_synonym_merge
endothelium-myocyte coupling,1,raw_WoS_DE_term_no_synonym_merge
Endotoxin,1,raw_WoS_DE_term_no_synonym_merge
engineered apoptotic bodies,1,raw_WoS_DE_term_no_synonym_merge
engineered exosome,1,raw_WoS_DE_term_no_synonym_merge
Engineered extracellular vesicle,1,raw_WoS_DE_term_no_synonym_merge
engineered macrophages,1,raw_WoS_DE_term_no_synonym_merge
Engineered Small Extracellular vesicles,1,raw_WoS_DE_term_no_synonym_merge
Engineering,1,raw_WoS_DE_term_no_synonym_merge
engineering modification,1,raw_WoS_DE_term_no_synonym_merge
Engineering stem cell-derived exosomes,1,raw_WoS_DE_term_no_synonym_merge
Engineering strategies,1,raw_WoS_DE_term_no_synonym_merge
enhanced cancer therapy,1,raw_WoS_DE_term_no_synonym_merge
enhancer of zest homolog 2,1,raw_WoS_DE_term_no_synonym_merge
enterohemorrhagic Escherichia coli,1,raw_WoS_DE_term_no_synonym_merge
Enterovirus 71 (EV71),1,raw_WoS_DE_term_no_synonym_merge
environmental medicine,1,raw_WoS_DE_term_no_synonym_merge
Enzyme,1,raw_WoS_DE_term_no_synonym_merge
Enzyme-triggered,1,raw_WoS_DE_term_no_synonym_merge
Enzymes,1,raw_WoS_DE_term_no_synonym_merge
EPC exosomes,1,raw_WoS_DE_term_no_synonym_merge
EPC-MVs,1,raw_WoS_DE_term_no_synonym_merge
EPCs exosomes,1,raw_WoS_DE_term_no_synonym_merge
EPHA2,1,raw_WoS_DE_term_no_synonym_merge
EphA2,1,raw_WoS_DE_term_no_synonym_merge
Ephrin-A3,1,raw_WoS_DE_term_no_synonym_merge
ephrin-B2,1,raw_WoS_DE_term_no_synonym_merge
Epicardial fat,1,raw_WoS_DE_term_no_synonym_merge
epicardial patch,1,raw_WoS_DE_term_no_synonym_merge
epidemiology,1,raw_WoS_DE_term_no_synonym_merge
Epidemiology,1,raw_WoS_DE_term_no_synonym_merge
Epidermal growth factor-like domain,1,raw_WoS_DE_term_no_synonym_merge
epigallocatechin gallate (EGCG),1,raw_WoS_DE_term_no_synonym_merge
epigenetic alterations,1,raw_WoS_DE_term_no_synonym_merge
epigenetic changes,1,raw_WoS_DE_term_no_synonym_merge
epigenetic signals,1,raw_WoS_DE_term_no_synonym_merge
epigenome,1,raw_WoS_DE_term_no_synonym_merge
Epileptogenesis,1,raw_WoS_DE_term_no_synonym_merge
epithelial mesenchymal transition,1,raw_WoS_DE_term_no_synonym_merge
Epithelial ovarian cancer,1,raw_WoS_DE_term_no_synonym_merge
Epithelial-mesenchymal transformation,1,raw_WoS_DE_term_no_synonym_merge
epithelial-mesenchymal transition (EMT),1,raw_WoS_DE_term_no_synonym_merge
epithelial-to-mesenchymal transition,1,raw_WoS_DE_term_no_synonym_merge
Epithelial-to-mesenchymal transition,1,raw_WoS_DE_term_no_synonym_merge
Epstein Barr virus,1,raw_WoS_DE_term_no_synonym_merge
ER71/ETV2,1,raw_WoS_DE_term_no_synonym_merge
ErbB,1,raw_WoS_DE_term_no_synonym_merge
ERBB receptor feedback inhibitor 1,1,raw_WoS_DE_term_no_synonym_merge
ErbB receptors,1,raw_WoS_DE_term_no_synonym_merge
ErbB2,1,raw_WoS_DE_term_no_synonym_merge
ERK,1,raw_WoS_DE_term_no_synonym_merge
Erk1/2,1,raw_WoS_DE_term_no_synonym_merge
ERK1/2,1,raw_WoS_DE_term_no_synonym_merge
ERM,1,raw_WoS_DE_term_no_synonym_merge
erythroblasts,1,raw_WoS_DE_term_no_synonym_merge
erythrocyte,1,raw_WoS_DE_term_no_synonym_merge
ESCRT,1,raw_WoS_DE_term_no_synonym_merge
Esenchymal stem cells,1,raw_WoS_DE_term_no_synonym_merge
ESI-MS2,1,raw_WoS_DE_term_no_synonym_merge
Esophageal squamous cell carcinoma,1,raw_WoS_DE_term_no_synonym_merge
esophagus cancer,1,raw_WoS_DE_term_no_synonym_merge
ESRD,1,raw_WoS_DE_term_no_synonym_merge
essential hypertension,1,raw_WoS_DE_term_no_synonym_merge
essential thrombocythemia,1,raw_WoS_DE_term_no_synonym_merge
Estradiol,1,raw_WoS_DE_term_no_synonym_merge
estradiol,1,raw_WoS_DE_term_no_synonym_merge
estrogen,1,raw_WoS_DE_term_no_synonym_merge
estrogen receptor,1,raw_WoS_DE_term_no_synonym_merge
Estrogen receptor,1,raw_WoS_DE_term_no_synonym_merge
Ethanol,1,raw_WoS_DE_term_no_synonym_merge
ethanol,1,raw_WoS_DE_term_no_synonym_merge
ETS1,1,raw_WoS_DE_term_no_synonym_merge
ETV2,1,raw_WoS_DE_term_no_synonym_merge
EV array,1,raw_WoS_DE_term_no_synonym_merge
EV biogenesis,1,raw_WoS_DE_term_no_synonym_merge
EV fluorescence activated cell sorting isolation,1,raw_WoS_DE_term_no_synonym_merge
EV functionalization,1,raw_WoS_DE_term_no_synonym_merge
EV labeling dye,1,raw_WoS_DE_term_no_synonym_merge
EV proteomics,1,raw_WoS_DE_term_no_synonym_merge
EV therapeutics,1,raw_WoS_DE_term_no_synonym_merge
EV toxicity,1,raw_WoS_DE_term_no_synonym_merge
EV tracking models,1,raw_WoS_DE_term_no_synonym_merge
EV uptake,1,raw_WoS_DE_term_no_synonym_merge
EV-based therapy,1,raw_WoS_DE_term_no_synonym_merge
EV-Bound VEGF,1,raw_WoS_DE_term_no_synonym_merge
EVs - extracellular vesicles,1,raw_WoS_DE_term_no_synonym_merge
EVs sorting,1,raw_WoS_DE_term_no_synonym_merge
EWSAT1,1,raw_WoS_DE_term_no_synonym_merge
ex vivo cell surface engineering,1,raw_WoS_DE_term_no_synonym_merge
ex vivo expansion,1,raw_WoS_DE_term_no_synonym_merge
Ex vivo lung perfusion,1,raw_WoS_DE_term_no_synonym_merge
Ex vivo preconditioning,1,raw_WoS_DE_term_no_synonym_merge
excisional wounds,1,raw_WoS_DE_term_no_synonym_merge
exercice,1,raw_WoS_DE_term_no_synonym_merge
EXERCISE,1,raw_WoS_DE_term_no_synonym_merge
exercise therapy,1,raw_WoS_DE_term_no_synonym_merge
exercise-released exosomes,1,raw_WoS_DE_term_no_synonym_merge
Exerkine,1,raw_WoS_DE_term_no_synonym_merge
EXO,1,raw_WoS_DE_term_no_synonym_merge
Exo-HUVEC,1,raw_WoS_DE_term_no_synonym_merge
EXO-miR-146a,1,raw_WoS_DE_term_no_synonym_merge
exo-miR-21,1,raw_WoS_DE_term_no_synonym_merge
Exo-OVCAR-3,1,raw_WoS_DE_term_no_synonym_merge
Exogenous electrical stimulation,1,raw_WoS_DE_term_no_synonym_merge
exomere,1,raw_WoS_DE_term_no_synonym_merge
exomiRs,1,raw_WoS_DE_term_no_synonym_merge
Exoquick (TM),1,raw_WoS_DE_term_no_synonym_merge
EXOSC3 mutation,1,raw_WoS_DE_term_no_synonym_merge
exosomal cargo,1,raw_WoS_DE_term_no_synonym_merge
exosomal communication,1,raw_WoS_DE_term_no_synonym_merge
exosomal content,1,raw_WoS_DE_term_no_synonym_merge
Exosomal export,1,raw_WoS_DE_term_no_synonym_merge
Exosomal formulation,1,raw_WoS_DE_term_no_synonym_merge
Exosomal KLF3-AS1,1,raw_WoS_DE_term_no_synonym_merge
exosomal lncRNA,1,raw_WoS_DE_term_no_synonym_merge
Exosomal microRNA-148a-3p,1,raw_WoS_DE_term_no_synonym_merge
exosomal microRNAs,1,raw_WoS_DE_term_no_synonym_merge
Exosomal miR-146a,1,raw_WoS_DE_term_no_synonym_merge
exosomal miR-205-5p,1,raw_WoS_DE_term_no_synonym_merge
exosomal miR-21,1,raw_WoS_DE_term_no_synonym_merge
Exosomal miR-424-5p,1,raw_WoS_DE_term_no_synonym_merge
Exosomal miR-494-3p,1,raw_WoS_DE_term_no_synonym_merge
Exosomal miRNAs,1,raw_WoS_DE_term_no_synonym_merge
exosomal ncRNA,1,raw_WoS_DE_term_no_synonym_merge
Exosomal non -coding RNA,1,raw_WoS_DE_term_no_synonym_merge
exosomal RNAs,1,raw_WoS_DE_term_no_synonym_merge
Exosomal SNHG16,1,raw_WoS_DE_term_no_synonym_merge
exosomal therapeutics,1,raw_WoS_DE_term_no_synonym_merge
exosomal transfer,1,raw_WoS_DE_term_no_synonym_merge
exosomal uc.189,1,raw_WoS_DE_term_no_synonym_merge
EXOSOME,1,raw_WoS_DE_term_no_synonym_merge
exosome (EXO),1,raw_WoS_DE_term_no_synonym_merge
Exosome activity,1,raw_WoS_DE_term_no_synonym_merge
exosome apoptosis,1,raw_WoS_DE_term_no_synonym_merge
exosome biogenesis,1,raw_WoS_DE_term_no_synonym_merge
Exosome biogenesis and release,1,raw_WoS_DE_term_no_synonym_merge
exosome cargo,1,raw_WoS_DE_term_no_synonym_merge
exosome characterization,1,raw_WoS_DE_term_no_synonym_merge
exosome circulating miRNA,1,raw_WoS_DE_term_no_synonym_merge
exosome DNA,1,raw_WoS_DE_term_no_synonym_merge
exosome engineering,1,raw_WoS_DE_term_no_synonym_merge
exosome function,1,raw_WoS_DE_term_no_synonym_merge
Exosome functionality,1,raw_WoS_DE_term_no_synonym_merge
Exosome interaction with stromal cells,1,raw_WoS_DE_term_no_synonym_merge
Exosome manipulating,1,raw_WoS_DE_term_no_synonym_merge
exosome microRNAs,1,raw_WoS_DE_term_no_synonym_merge
Exosome mimetic vesicles,1,raw_WoS_DE_term_no_synonym_merge
exosome mimetics,1,raw_WoS_DE_term_no_synonym_merge
Exosome miRNA,1,raw_WoS_DE_term_no_synonym_merge
exosome origin,1,raw_WoS_DE_term_no_synonym_merge
Exosome origin,1,raw_WoS_DE_term_no_synonym_merge
exosome patents,1,raw_WoS_DE_term_no_synonym_merge
exosome proteome,1,raw_WoS_DE_term_no_synonym_merge
exosome RNA,1,raw_WoS_DE_term_no_synonym_merge
Exosome signaling,1,raw_WoS_DE_term_no_synonym_merge
exosome therapeutics,1,raw_WoS_DE_term_no_synonym_merge
Exosome therapy,1,raw_WoS_DE_term_no_synonym_merge
exosome therapy,1,raw_WoS_DE_term_no_synonym_merge
exosome transfer,1,raw_WoS_DE_term_no_synonym_merge
Exosome uptake,1,raw_WoS_DE_term_no_synonym_merge
exosome&#8208,1,raw_WoS_DE_term_no_synonym_merge
exosome-assistedsphere formation,1,raw_WoS_DE_term_no_synonym_merge
Exosome-associated microRNA,1,raw_WoS_DE_term_no_synonym_merge
Exosome-based therapy,1,raw_WoS_DE_term_no_synonym_merge
exosome-educated macrophages,1,raw_WoS_DE_term_no_synonym_merge
exosome-like nanoparticles,1,raw_WoS_DE_term_no_synonym_merge
Exosome-like nanoparticles,1,raw_WoS_DE_term_no_synonym_merge
Exosome-like nanovesicles,1,raw_WoS_DE_term_no_synonym_merge
exosome-mediated signaling,1,raw_WoS_DE_term_no_synonym_merge
Exosome-mediated transfer,1,raw_WoS_DE_term_no_synonym_merge
Exosome-mimetic nanovesicles,1,raw_WoS_DE_term_no_synonym_merge
Exosome-mimetic nanovesicles (NVs),1,raw_WoS_DE_term_no_synonym_merge
exosome-mimetics,1,raw_WoS_DE_term_no_synonym_merge
exosome-rich conditioned medium (ERCM),1,raw_WoS_DE_term_no_synonym_merge
EXOSOMES,1,raw_WoS_DE_term_no_synonym_merge
Exosomes (120K EVs),1,raw_WoS_DE_term_no_synonym_merge
Exosomes (EXOs),1,raw_WoS_DE_term_no_synonym_merge
exosomes and microvesicles,1,raw_WoS_DE_term_no_synonym_merge
exosomes biogenesis,1,raw_WoS_DE_term_no_synonym_merge
exosomes cargo,1,raw_WoS_DE_term_no_synonym_merge
Exosomes Delivery,1,raw_WoS_DE_term_no_synonym_merge
Exosomes delivery,1,raw_WoS_DE_term_no_synonym_merge
Exosomes hypoxia-inducible factor,1,raw_WoS_DE_term_no_synonym_merge
exosomes microvesicles,1,raw_WoS_DE_term_no_synonym_merge
Exosomes of endothelial progenitor,1,raw_WoS_DE_term_no_synonym_merge
"Exosomes, miR-21-5p",1,raw_WoS_DE_term_no_synonym_merge
exosomes-derived non-coding RNAs,1,raw_WoS_DE_term_no_synonym_merge
Exosomes/microvesicles,1,raw_WoS_DE_term_no_synonym_merge
Expanded CD133(+) cells,1,raw_WoS_DE_term_no_synonym_merge
experimental autoimmune encephalomyelitis,1,raw_WoS_DE_term_no_synonym_merge
experimental intracerebral hemorrhage,1,raw_WoS_DE_term_no_synonym_merge
experimental lung metastasis,1,raw_WoS_DE_term_no_synonym_merge
Experimental models,1,raw_WoS_DE_term_no_synonym_merge
Expression,1,raw_WoS_DE_term_no_synonym_merge
expression profile,1,raw_WoS_DE_term_no_synonym_merge
extra cellular vesicles,1,raw_WoS_DE_term_no_synonym_merge
extra cellular vesicles (EV),1,raw_WoS_DE_term_no_synonym_merge
extra virgin olive oil,1,raw_WoS_DE_term_no_synonym_merge
Extra-cellular vesicles,1,raw_WoS_DE_term_no_synonym_merge
extra-cellular vesicles,1,raw_WoS_DE_term_no_synonym_merge
extra-virgin olive oil,1,raw_WoS_DE_term_no_synonym_merge
Extracelluar Vesicles,1,raw_WoS_DE_term_no_synonym_merge
extracellular cyclic adenosine monophosphate,1,raw_WoS_DE_term_no_synonym_merge
extracellular DNA (eDNA),1,raw_WoS_DE_term_no_synonym_merge
Extracellular matrix (ECM),1,raw_WoS_DE_term_no_synonym_merge
Extracellular matrix component,1,raw_WoS_DE_term_no_synonym_merge
extracellular matrix components,1,raw_WoS_DE_term_no_synonym_merge
extracellular matrix remodeling,1,raw_WoS_DE_term_no_synonym_merge
extracellular matrix remodelling,1,raw_WoS_DE_term_no_synonym_merge
Extracellular Matrix Synthesis,1,raw_WoS_DE_term_no_synonym_merge
Extracellular membrane vesicles (EVs),1,raw_WoS_DE_term_no_synonym_merge
Extracellular microparticles,1,raw_WoS_DE_term_no_synonym_merge
extracellular microRNA,1,raw_WoS_DE_term_no_synonym_merge
Extracellular miRNA,1,raw_WoS_DE_term_no_synonym_merge
extracellular nanovesicles,1,raw_WoS_DE_term_no_synonym_merge
Extracellular nucleic acids,1,raw_WoS_DE_term_no_synonym_merge
Extracellular particles,1,raw_WoS_DE_term_no_synonym_merge
Extracellular RNA,1,raw_WoS_DE_term_no_synonym_merge
extracellular traps,1,raw_WoS_DE_term_no_synonym_merge
extracellular vehicles,1,raw_WoS_DE_term_no_synonym_merge
extracellular vehicles (EVs),1,raw_WoS_DE_term_no_synonym_merge
extracellular vesciles,1,raw_WoS_DE_term_no_synonym_merge
Extracellular Vesicle,1,raw_WoS_DE_term_no_synonym_merge
EXTRACELLULAR VESICLE,1,raw_WoS_DE_term_no_synonym_merge
Extracellular vesicle engineering,1,raw_WoS_DE_term_no_synonym_merge
Extracellular vesicle markers,1,raw_WoS_DE_term_no_synonym_merge
extracellular vesicle shedding,1,raw_WoS_DE_term_no_synonym_merge
extracellular vesicle subpopulations,1,raw_WoS_DE_term_no_synonym_merge
Extracellular Vesicle Therapy,1,raw_WoS_DE_term_no_synonym_merge
extracellular vesicle vascular inflammation,1,raw_WoS_DE_term_no_synonym_merge
extracellular vesicle-mimetic ghost nanovesicles,1,raw_WoS_DE_term_no_synonym_merge
Extracellular vesicle-scavenging factor,1,raw_WoS_DE_term_no_synonym_merge
extracellular Vesicles,1,raw_WoS_DE_term_no_synonym_merge
EXTRACELLULAR VESICLES,1,raw_WoS_DE_term_no_synonym_merge
extracellular vesicles (EV),1,raw_WoS_DE_term_no_synonym_merge
Extracellular vesicles (EV),1,raw_WoS_DE_term_no_synonym_merge
Extracellular vesicles heterogeneous,1,raw_WoS_DE_term_no_synonym_merge
Extracellular vesicles of adipose derived mesenchymal stem cells,1,raw_WoS_DE_term_no_synonym_merge
Extracellular vesicles or cell-derived microparticles,1,raw_WoS_DE_term_no_synonym_merge
Extracellular vesicles Procoagulant activity,1,raw_WoS_DE_term_no_synonym_merge
extracellular vesicular,1,raw_WoS_DE_term_no_synonym_merge
extracellular-signalregulated kinase,1,raw_WoS_DE_term_no_synonym_merge
extracellularvesicles,1,raw_WoS_DE_term_no_synonym_merge
Extracelluler vesicles (EVs),1,raw_WoS_DE_term_no_synonym_merge
extracorporeal circulation,1,raw_WoS_DE_term_no_synonym_merge
extracorporeal membrane oxygenation,1,raw_WoS_DE_term_no_synonym_merge
extracorporeal shock wave,1,raw_WoS_DE_term_no_synonym_merge
Extrahepatic metastasis,1,raw_WoS_DE_term_no_synonym_merge
Eye diseases,1,raw_WoS_DE_term_no_synonym_merge
Eye drops,1,raw_WoS_DE_term_no_synonym_merge
EZH2,1,raw_WoS_DE_term_no_synonym_merge
Ezrin,1,raw_WoS_DE_term_no_synonym_merge
F-actin,1,raw_WoS_DE_term_no_synonym_merge
FABP4,1,raw_WoS_DE_term_no_synonym_merge
FACS sorting,1,raw_WoS_DE_term_no_synonym_merge
Factor VIIa,1,raw_WoS_DE_term_no_synonym_merge
FAK pathway,1,raw_WoS_DE_term_no_synonym_merge
familial hypercholesterolemia,1,raw_WoS_DE_term_no_synonym_merge
Familial hypercholesterolemia,1,raw_WoS_DE_term_no_synonym_merge
familiar Alzheimer&#8217,1,raw_WoS_DE_term_no_synonym_merge
faps,1,raw_WoS_DE_term_no_synonym_merge
fascin,1,raw_WoS_DE_term_no_synonym_merge
fasting,1,raw_WoS_DE_term_no_synonym_merge
fat graft,1,raw_WoS_DE_term_no_synonym_merge
Fat graft,1,raw_WoS_DE_term_no_synonym_merge
fat grafting,1,raw_WoS_DE_term_no_synonym_merge
fat transplantation,1,raw_WoS_DE_term_no_synonym_merge
fate decision,1,raw_WoS_DE_term_no_synonym_merge
Fatemeh Sokouti Nasimi Habib Tajalli,1,raw_WoS_DE_term_no_synonym_merge
fatty acid,1,raw_WoS_DE_term_no_synonym_merge
fatty acids,1,raw_WoS_DE_term_no_synonym_merge
Fatty liver,1,raw_WoS_DE_term_no_synonym_merge
FBS - fetal bovine serum,1,raw_WoS_DE_term_no_synonym_merge
Fc gamma R,1,raw_WoS_DE_term_no_synonym_merge
FECD,1,raw_WoS_DE_term_no_synonym_merge
feedback signaling,1,raw_WoS_DE_term_no_synonym_merge
female,1,raw_WoS_DE_term_no_synonym_merge
female infertility,1,raw_WoS_DE_term_no_synonym_merge
femoral head,1,raw_WoS_DE_term_no_synonym_merge
Femoral head,1,raw_WoS_DE_term_no_synonym_merge
Femoral head necrosis,1,raw_WoS_DE_term_no_synonym_merge
Femur fracture,1,raw_WoS_DE_term_no_synonym_merge
ferric carboxymaltose,1,raw_WoS_DE_term_no_synonym_merge
Ferritin,1,raw_WoS_DE_term_no_synonym_merge
Ferroptosis resistant microenvironment,1,raw_WoS_DE_term_no_synonym_merge
fetal bovine serum,1,raw_WoS_DE_term_no_synonym_merge
fetal brains,1,raw_WoS_DE_term_no_synonym_merge
fetal growth restriction,1,raw_WoS_DE_term_no_synonym_merge
feto-maternal communication,1,raw_WoS_DE_term_no_synonym_merge
Fetoplacental vasculature,1,raw_WoS_DE_term_no_synonym_merge
fetus,1,raw_WoS_DE_term_no_synonym_merge
FFP,1,raw_WoS_DE_term_no_synonym_merge
FGF-2,1,raw_WoS_DE_term_no_synonym_merge
FGF4/p38MAPK pathway,1,raw_WoS_DE_term_no_synonym_merge
FGFR2 signaling pathway,1,raw_WoS_DE_term_no_synonym_merge
FGFR3,1,raw_WoS_DE_term_no_synonym_merge
fibrin,1,raw_WoS_DE_term_no_synonym_merge
fibrin structure,1,raw_WoS_DE_term_no_synonym_merge
Fibrin-targeting,1,raw_WoS_DE_term_no_synonym_merge
fibrinolysis,1,raw_WoS_DE_term_no_synonym_merge
fibroblast activation,1,raw_WoS_DE_term_no_synonym_merge
Fibroblast growth factor 1,1,raw_WoS_DE_term_no_synonym_merge
fibroblast growth factor-2,1,raw_WoS_DE_term_no_synonym_merge
fibroblast growth factors,1,raw_WoS_DE_term_no_synonym_merge
Fibroblast migration,1,raw_WoS_DE_term_no_synonym_merge
fibroblast-endothelial transition,1,raw_WoS_DE_term_no_synonym_merge
fibroblast-like synoviocytes,1,raw_WoS_DE_term_no_synonym_merge
fibroblastic exosomes,1,raw_WoS_DE_term_no_synonym_merge
fibroid,1,raw_WoS_DE_term_no_synonym_merge
fibrotic liver disease,1,raw_WoS_DE_term_no_synonym_merge
fibrynolysis,1,raw_WoS_DE_term_no_synonym_merge
field cancerization,1,raw_WoS_DE_term_no_synonym_merge
filamentous actin,1,raw_WoS_DE_term_no_synonym_merge
Filamin-B,1,raw_WoS_DE_term_no_synonym_merge
FimH,1,raw_WoS_DE_term_no_synonym_merge
FIP200,1,raw_WoS_DE_term_no_synonym_merge
First trimester,1,raw_WoS_DE_term_no_synonym_merge
first-in-human platelet EV therapy,1,raw_WoS_DE_term_no_synonym_merge
fish serum,1,raw_WoS_DE_term_no_synonym_merge
FITNESS,1,raw_WoS_DE_term_no_synonym_merge
flap,1,raw_WoS_DE_term_no_synonym_merge
Flavonoids,1,raw_WoS_DE_term_no_synonym_merge
FLK1/VEGFR2,1,raw_WoS_DE_term_no_synonym_merge
Flow Cytometry,1,raw_WoS_DE_term_no_synonym_merge
flow virometry,1,raw_WoS_DE_term_no_synonym_merge
flow-induced dilation (FID),1,raw_WoS_DE_term_no_synonym_merge
Flt1,1,raw_WoS_DE_term_no_synonym_merge
fluorescence,1,raw_WoS_DE_term_no_synonym_merge
Fluorescence bio-imaging,1,raw_WoS_DE_term_no_synonym_merge
fluorescence imaging,1,raw_WoS_DE_term_no_synonym_merge
fluorescence microscopy,1,raw_WoS_DE_term_no_synonym_merge
fluorescence triggering flow cytometry,1,raw_WoS_DE_term_no_synonym_merge
FMD,1,raw_WoS_DE_term_no_synonym_merge
FMNL2,1,raw_WoS_DE_term_no_synonym_merge
FN1,1,raw_WoS_DE_term_no_synonym_merge
Foam cell,1,raw_WoS_DE_term_no_synonym_merge
focal adhesion kinase,1,raw_WoS_DE_term_no_synonym_merge
Focal adhesion kinase (FAK),1,raw_WoS_DE_term_no_synonym_merge
Focal adhesion signaling pathway,1,raw_WoS_DE_term_no_synonym_merge
focal and segmental glomerulosclerosis,1,raw_WoS_DE_term_no_synonym_merge
Foetal renal dysplasia,1,raw_WoS_DE_term_no_synonym_merge
Foetal stem cells,1,raw_WoS_DE_term_no_synonym_merge
Foetoplacental vasculature,1,raw_WoS_DE_term_no_synonym_merge
folate receptor,1,raw_WoS_DE_term_no_synonym_merge
folliculogenesis,1,raw_WoS_DE_term_no_synonym_merge
follistatin-like protein 1,1,raw_WoS_DE_term_no_synonym_merge
foot ulcer,1,raw_WoS_DE_term_no_synonym_merge
Foot ulcer,1,raw_WoS_DE_term_no_synonym_merge
Footprint analysis,1,raw_WoS_DE_term_no_synonym_merge
Forkhead box M1,1,raw_WoS_DE_term_no_synonym_merge
forkhead box protein O3a,1,raw_WoS_DE_term_no_synonym_merge
Fox03a,1,raw_WoS_DE_term_no_synonym_merge
FOXD1 signaling,1,raw_WoS_DE_term_no_synonym_merge
FoxM1,1,raw_WoS_DE_term_no_synonym_merge
FoxO,1,raw_WoS_DE_term_no_synonym_merge
FOXP1,1,raw_WoS_DE_term_no_synonym_merge
FPRs,1,raw_WoS_DE_term_no_synonym_merge
Fracture,1,raw_WoS_DE_term_no_synonym_merge
fracture healing,1,raw_WoS_DE_term_no_synonym_merge
Freeze and thaw (FT) procedure,1,raw_WoS_DE_term_no_synonym_merge
freeze-dried platelets,1,raw_WoS_DE_term_no_synonym_merge
FTIR,1,raw_WoS_DE_term_no_synonym_merge
Full length Tissue Factor,1,raw_WoS_DE_term_no_synonym_merge
full-thickness skin defect,1,raw_WoS_DE_term_no_synonym_merge
Function recovery,1,raw_WoS_DE_term_no_synonym_merge
functional assays,1,raw_WoS_DE_term_no_synonym_merge
functional connectivity,1,raw_WoS_DE_term_no_synonym_merge
Functional modification,1,raw_WoS_DE_term_no_synonym_merge
Functionality,1,raw_WoS_DE_term_no_synonym_merge
functionalization,1,raw_WoS_DE_term_no_synonym_merge
functionalized nanoparticles,1,raw_WoS_DE_term_no_synonym_merge
fundamental research,1,raw_WoS_DE_term_no_synonym_merge
fusion protein,1,raw_WoS_DE_term_no_synonym_merge
Fusion protein,1,raw_WoS_DE_term_no_synonym_merge
G protein-coupled receptor family C group 6 member A,1,raw_WoS_DE_term_no_synonym_merge
G93A SOD1 mice,1,raw_WoS_DE_term_no_synonym_merge
galectin-3,1,raw_WoS_DE_term_no_synonym_merge
galectin-9,1,raw_WoS_DE_term_no_synonym_merge
galectins,1,raw_WoS_DE_term_no_synonym_merge
Gallbladder cancer,1,raw_WoS_DE_term_no_synonym_merge
Gallic acid,1,raw_WoS_DE_term_no_synonym_merge
GALNT1,1,raw_WoS_DE_term_no_synonym_merge
Gap junction,1,raw_WoS_DE_term_no_synonym_merge
gap junction assembly,1,raw_WoS_DE_term_no_synonym_merge
gap junctions,1,raw_WoS_DE_term_no_synonym_merge
garlic,1,raw_WoS_DE_term_no_synonym_merge
Gasotransmitters,1,raw_WoS_DE_term_no_synonym_merge
Gastric adenocarcinoma,1,raw_WoS_DE_term_no_synonym_merge
Gastric Cancer,1,raw_WoS_DE_term_no_synonym_merge
Gastric cancer (GC),1,raw_WoS_DE_term_no_synonym_merge
gastric cancer (GC),1,raw_WoS_DE_term_no_synonym_merge
gastric cancer cell,1,raw_WoS_DE_term_no_synonym_merge
gastric cancer cells,1,raw_WoS_DE_term_no_synonym_merge
gastric cancer cells-derived exosomes,1,raw_WoS_DE_term_no_synonym_merge
gastrointestinal cancer,1,raw_WoS_DE_term_no_synonym_merge
Gastrointestinal cancers,1,raw_WoS_DE_term_no_synonym_merge
Gastrointestinal tumors,1,raw_WoS_DE_term_no_synonym_merge
GATA-4,1,raw_WoS_DE_term_no_synonym_merge
GATA6,1,raw_WoS_DE_term_no_synonym_merge
GAX,1,raw_WoS_DE_term_no_synonym_merge
GBM,1,raw_WoS_DE_term_no_synonym_merge
GBP-1,1,raw_WoS_DE_term_no_synonym_merge
GBS,1,raw_WoS_DE_term_no_synonym_merge
GC,1,raw_WoS_DE_term_no_synonym_merge
GDF-15,1,raw_WoS_DE_term_no_synonym_merge
GE11 peptide,1,raw_WoS_DE_term_no_synonym_merge
GEC,1,raw_WoS_DE_term_no_synonym_merge
gefitinib,1,raw_WoS_DE_term_no_synonym_merge
Gege3,1,raw_WoS_DE_term_no_synonym_merge
Gelatin fiber,1,raw_WoS_DE_term_no_synonym_merge
Gelatin methacryloyl,1,raw_WoS_DE_term_no_synonym_merge
gelatin methacryloyl (Gelma),1,raw_WoS_DE_term_no_synonym_merge
gelatin methacryloyl hydrogel,1,raw_WoS_DE_term_no_synonym_merge
gelatin microspheres,1,raw_WoS_DE_term_no_synonym_merge
gender,1,raw_WoS_DE_term_no_synonym_merge
gender difference,1,raw_WoS_DE_term_no_synonym_merge
gene,1,raw_WoS_DE_term_no_synonym_merge
gene copy number,1,raw_WoS_DE_term_no_synonym_merge
Gene expression,1,raw_WoS_DE_term_no_synonym_merge
Gene expression profile,1,raw_WoS_DE_term_no_synonym_merge
Gene expression profiling,1,raw_WoS_DE_term_no_synonym_merge
Gene expressions,1,raw_WoS_DE_term_no_synonym_merge
Gene modification,1,raw_WoS_DE_term_no_synonym_merge
Gene profiling,1,raw_WoS_DE_term_no_synonym_merge
Gene regulation,1,raw_WoS_DE_term_no_synonym_merge
Gene regulatory network,1,raw_WoS_DE_term_no_synonym_merge
Gene silencing,1,raw_WoS_DE_term_no_synonym_merge
gene-engineered cerium-exosomes,1,raw_WoS_DE_term_no_synonym_merge
gene-modified MSCs,1,raw_WoS_DE_term_no_synonym_merge
general endocrinology,1,raw_WoS_DE_term_no_synonym_merge
Genetic communication,1,raw_WoS_DE_term_no_synonym_merge
genetic enginerring,1,raw_WoS_DE_term_no_synonym_merge
Genetic epigenesis,1,raw_WoS_DE_term_no_synonym_merge
genetic factors,1,raw_WoS_DE_term_no_synonym_merge
genetic modification,1,raw_WoS_DE_term_no_synonym_merge
genetic therapy,1,raw_WoS_DE_term_no_synonym_merge
Genetics,1,raw_WoS_DE_term_no_synonym_merge
Geniposide,1,raw_WoS_DE_term_no_synonym_merge
Genomics,1,raw_WoS_DE_term_no_synonym_merge
genomics,1,raw_WoS_DE_term_no_synonym_merge
genomics-metabolomics-proteomics,1,raw_WoS_DE_term_no_synonym_merge
geriatric diseases,1,raw_WoS_DE_term_no_synonym_merge
germ cell,1,raw_WoS_DE_term_no_synonym_merge
germ cell tumour,1,raw_WoS_DE_term_no_synonym_merge
Gestational age,1,raw_WoS_DE_term_no_synonym_merge
Gestational vascular complications (GVC),1,raw_WoS_DE_term_no_synonym_merge
Giant plasma membrane vesicles,1,raw_WoS_DE_term_no_synonym_merge
gingival,1,raw_WoS_DE_term_no_synonym_merge
ginseng-derived nanoparticles,1,raw_WoS_DE_term_no_synonym_merge
ginsenoside Rg1,1,raw_WoS_DE_term_no_synonym_merge
Ginsenoside Rg3,1,raw_WoS_DE_term_no_synonym_merge
Givinostat,1,raw_WoS_DE_term_no_synonym_merge
GJIC,1,raw_WoS_DE_term_no_synonym_merge
GLAST,1,raw_WoS_DE_term_no_synonym_merge
Glial cell line-derived neurotrophic factor,1,raw_WoS_DE_term_no_synonym_merge
Glial cells,1,raw_WoS_DE_term_no_synonym_merge
glioblastoma multiforme,1,raw_WoS_DE_term_no_synonym_merge
glioblastoma multiforme (GBM),1,raw_WoS_DE_term_no_synonym_merge
Glioblastoma stem cells,1,raw_WoS_DE_term_no_synonym_merge
Glioblastoma stem-like cells,1,raw_WoS_DE_term_no_synonym_merge
glioblastomas,1,raw_WoS_DE_term_no_synonym_merge
glioma cancer stem cells,1,raw_WoS_DE_term_no_synonym_merge
glioma cells,1,raw_WoS_DE_term_no_synonym_merge
Glioma cells,1,raw_WoS_DE_term_no_synonym_merge
Glioma stem cells,1,raw_WoS_DE_term_no_synonym_merge
gliotransmitter,1,raw_WoS_DE_term_no_synonym_merge
global gene expression,1,raw_WoS_DE_term_no_synonym_merge
Globo H ceramide,1,raw_WoS_DE_term_no_synonym_merge
glomerular basement membrane,1,raw_WoS_DE_term_no_synonym_merge
glomerular disease,1,raw_WoS_DE_term_no_synonym_merge
Glomerular endothelial cells,1,raw_WoS_DE_term_no_synonym_merge
Glomerular Endothelial Cells,1,raw_WoS_DE_term_no_synonym_merge
Glomerular filtration barrier,1,raw_WoS_DE_term_no_synonym_merge
glomerular filtration barrier,1,raw_WoS_DE_term_no_synonym_merge
glomerular filtration rate,1,raw_WoS_DE_term_no_synonym_merge
Glomerular Mesangial Cells,1,raw_WoS_DE_term_no_synonym_merge
Glomerular permeability,1,raw_WoS_DE_term_no_synonym_merge
Glomeruli,1,raw_WoS_DE_term_no_synonym_merge
Glomerulonephritis,1,raw_WoS_DE_term_no_synonym_merge
glomerulus,1,raw_WoS_DE_term_no_synonym_merge
Glucagon-like peptide-1 receptor agonists,1,raw_WoS_DE_term_no_synonym_merge
Glucocorticoid,1,raw_WoS_DE_term_no_synonym_merge
Glucocorticoid-induced femoral head necrosis,1,raw_WoS_DE_term_no_synonym_merge
glucocorticoids,1,raw_WoS_DE_term_no_synonym_merge
glucose,1,raw_WoS_DE_term_no_synonym_merge
Glucose transporter-1,1,raw_WoS_DE_term_no_synonym_merge
GLUT-1,1,raw_WoS_DE_term_no_synonym_merge
glutamate,1,raw_WoS_DE_term_no_synonym_merge
glutaminase,1,raw_WoS_DE_term_no_synonym_merge
Glutamine synthetase,1,raw_WoS_DE_term_no_synonym_merge
glutamine-fructose-6-phosphate aminotransferase 1,1,raw_WoS_DE_term_no_synonym_merge
Glutathione peroxidase 1,1,raw_WoS_DE_term_no_synonym_merge
glycan,1,raw_WoS_DE_term_no_synonym_merge
Glycan node analysis,1,raw_WoS_DE_term_no_synonym_merge
Glycan Therapeutics,1,raw_WoS_DE_term_no_synonym_merge
"glycolysis, ischemic retinopathy",1,raw_WoS_DE_term_no_synonym_merge
glycomics,1,raw_WoS_DE_term_no_synonym_merge
glycoproteins,1,raw_WoS_DE_term_no_synonym_merge
Glycosaminoglycan,1,raw_WoS_DE_term_no_synonym_merge
glycosaminoglycan,1,raw_WoS_DE_term_no_synonym_merge
Glycosaminoglycans,1,raw_WoS_DE_term_no_synonym_merge
glycosaminoglycans,1,raw_WoS_DE_term_no_synonym_merge
Glycoside components of Buyang Huanwu,1,raw_WoS_DE_term_no_synonym_merge
Glycosphingolipids,1,raw_WoS_DE_term_no_synonym_merge
glycosphingolipids,1,raw_WoS_DE_term_no_synonym_merge
glycosphingolipids (GSLs),1,raw_WoS_DE_term_no_synonym_merge
Glycyrrhizinate,1,raw_WoS_DE_term_no_synonym_merge
glymphatic system,1,raw_WoS_DE_term_no_synonym_merge
Glyoxalase-1,1,raw_WoS_DE_term_no_synonym_merge
Glyoxylate deprivation,1,raw_WoS_DE_term_no_synonym_merge
Glypican-3,1,raw_WoS_DE_term_no_synonym_merge
GM1,1,raw_WoS_DE_term_no_synonym_merge
GOLPH3,1,raw_WoS_DE_term_no_synonym_merge
GPR137,1,raw_WoS_DE_term_no_synonym_merge
GPR18,1,raw_WoS_DE_term_no_synonym_merge
GPX4,1,raw_WoS_DE_term_no_synonym_merge
Graft -bone integration,1,raw_WoS_DE_term_no_synonym_merge
Graft angiogenesis,1,raw_WoS_DE_term_no_synonym_merge
graft endothelialization,1,raw_WoS_DE_term_no_synonym_merge
graft vascularization,1,raw_WoS_DE_term_no_synonym_merge
graft-versus-host disease,1,raw_WoS_DE_term_no_synonym_merge
granulocytes,1,raw_WoS_DE_term_no_synonym_merge
Granulosa cell,1,raw_WoS_DE_term_no_synonym_merge
graphene oxide,1,raw_WoS_DE_term_no_synonym_merge
Green coffee,1,raw_WoS_DE_term_no_synonym_merge
Growth,1,raw_WoS_DE_term_no_synonym_merge
growth differentiation factor 11,1,raw_WoS_DE_term_no_synonym_merge
Growth factor,1,raw_WoS_DE_term_no_synonym_merge
growth factor,1,raw_WoS_DE_term_no_synonym_merge
GSC,1,raw_WoS_DE_term_no_synonym_merge
GSC niche,1,raw_WoS_DE_term_no_synonym_merge
GSCs,1,raw_WoS_DE_term_no_synonym_merge
GSDMD-N,1,raw_WoS_DE_term_no_synonym_merge
Guanylate binding protein 1,1,raw_WoS_DE_term_no_synonym_merge
Guggulsterone,1,raw_WoS_DE_term_no_synonym_merge
guidance cues,1,raw_WoS_DE_term_no_synonym_merge
Guided tissue regeneration,1,raw_WoS_DE_term_no_synonym_merge
Gut-Brain Axis,1,raw_WoS_DE_term_no_synonym_merge
gut-brain immune axis,1,raw_WoS_DE_term_no_synonym_merge
GvHD,1,raw_WoS_DE_term_no_synonym_merge
H-type vascular,1,raw_WoS_DE_term_no_synonym_merge
H-type vessels,1,raw_WoS_DE_term_no_synonym_merge
H. somni,1,raw_WoS_DE_term_no_synonym_merge
H1 degrees histone,1,raw_WoS_DE_term_no_synonym_merge
H1975 cell,1,raw_WoS_DE_term_no_synonym_merge
H2O2,1,raw_WoS_DE_term_no_synonym_merge
H3K27me3,1,raw_WoS_DE_term_no_synonym_merge
Habib Tajalli contributed equally to this work and considered co-first authors,1,raw_WoS_DE_term_no_synonym_merge
HaCaT keratinocytes,1,raw_WoS_DE_term_no_synonym_merge
hAECs,1,raw_WoS_DE_term_no_synonym_merge
Haematopoietic stem cells,1,raw_WoS_DE_term_no_synonym_merge
haemoglobin,1,raw_WoS_DE_term_no_synonym_merge
haemostasis,1,raw_WoS_DE_term_no_synonym_merge
Haemostasis and thrombosis,1,raw_WoS_DE_term_no_synonym_merge
Hair follicle,1,raw_WoS_DE_term_no_synonym_merge
Hair regrowth,1,raw_WoS_DE_term_no_synonym_merge
Hallux valgus,1,raw_WoS_DE_term_no_synonym_merge
Halofuginone,1,raw_WoS_DE_term_no_synonym_merge
halogen,1,raw_WoS_DE_term_no_synonym_merge
HAMA,1,raw_WoS_DE_term_no_synonym_merge
hAMSCs,1,raw_WoS_DE_term_no_synonym_merge
HAND,1,raw_WoS_DE_term_no_synonym_merge
HANR,1,raw_WoS_DE_term_no_synonym_merge
haptenation,1,raw_WoS_DE_term_no_synonym_merge
HAX-1,1,raw_WoS_DE_term_no_synonym_merge
HAX1,1,raw_WoS_DE_term_no_synonym_merge
hBMSCs,1,raw_WoS_DE_term_no_synonym_merge
HBMVECs-Ex,1,raw_WoS_DE_term_no_synonym_merge
HCC diagnosis,1,raw_WoS_DE_term_no_synonym_merge
HCC prognosis,1,raw_WoS_DE_term_no_synonym_merge
hCMEC,1,raw_WoS_DE_term_no_synonym_merge
HCT,1,raw_WoS_DE_term_no_synonym_merge
HCT116,1,raw_WoS_DE_term_no_synonym_merge
Hcy,1,raw_WoS_DE_term_no_synonym_merge
HDAC1,1,raw_WoS_DE_term_no_synonym_merge
HDAC10,1,raw_WoS_DE_term_no_synonym_merge
HDAd,1,raw_WoS_DE_term_no_synonym_merge
HDL,1,raw_WoS_DE_term_no_synonym_merge
head and neck cancer,1,raw_WoS_DE_term_no_synonym_merge
Head and neck squamous cell carcinoma,1,raw_WoS_DE_term_no_synonym_merge
healthy human volunteers,1,raw_WoS_DE_term_no_synonym_merge
hearing,1,raw_WoS_DE_term_no_synonym_merge
Heart,1,raw_WoS_DE_term_no_synonym_merge
heart and vascular cells,1,raw_WoS_DE_term_no_synonym_merge
Heart disease,1,raw_WoS_DE_term_no_synonym_merge
Heart failure with preserved ejection fraction,1,raw_WoS_DE_term_no_synonym_merge
heart infarction,1,raw_WoS_DE_term_no_synonym_merge
heart regeneration,1,raw_WoS_DE_term_no_synonym_merge
heart valve,1,raw_WoS_DE_term_no_synonym_merge
heart-on-a-chip,1,raw_WoS_DE_term_no_synonym_merge
heart-on-chip,1,raw_WoS_DE_term_no_synonym_merge
heat,1,raw_WoS_DE_term_no_synonym_merge
heat shock protein,1,raw_WoS_DE_term_no_synonym_merge
Heat shock protein,1,raw_WoS_DE_term_no_synonym_merge
heat shock protein (HSP),1,raw_WoS_DE_term_no_synonym_merge
heat shock protein 90,1,raw_WoS_DE_term_no_synonym_merge
heat stress,1,raw_WoS_DE_term_no_synonym_merge
Heat Stroke,1,raw_WoS_DE_term_no_synonym_merge
heavy menstrual bleeding,1,raw_WoS_DE_term_no_synonym_merge
Hedgehog signaling,1,raw_WoS_DE_term_no_synonym_merge
helicobacter pylori,1,raw_WoS_DE_term_no_synonym_merge
helium conditioning,1,raw_WoS_DE_term_no_synonym_merge
helper-dependent adenovirus,1,raw_WoS_DE_term_no_synonym_merge
Hemangioma,1,raw_WoS_DE_term_no_synonym_merge
Hemangioma endothelial cells,1,raw_WoS_DE_term_no_synonym_merge
hemangioma-derived endothelial cell,1,raw_WoS_DE_term_no_synonym_merge
Hematogenous metastasis,1,raw_WoS_DE_term_no_synonym_merge
Hematologic neoplasms,1,raw_WoS_DE_term_no_synonym_merge
hematological disorder,1,raw_WoS_DE_term_no_synonym_merge
hematological malignancy,1,raw_WoS_DE_term_no_synonym_merge
Hematological malignancy,1,raw_WoS_DE_term_no_synonym_merge
hematoma absorption,1,raw_WoS_DE_term_no_synonym_merge
Hematopoiesis,1,raw_WoS_DE_term_no_synonym_merge
Hematopoietic,1,raw_WoS_DE_term_no_synonym_merge
hematopoietic stem,1,raw_WoS_DE_term_no_synonym_merge
Hematopoietic stem and progenitor cells,1,raw_WoS_DE_term_no_synonym_merge
hematopoietic stem cell,1,raw_WoS_DE_term_no_synonym_merge
Hematopoietic stem cell transplantation,1,raw_WoS_DE_term_no_synonym_merge
Hemichrome,1,raw_WoS_DE_term_no_synonym_merge
Hemodialysis,1,raw_WoS_DE_term_no_synonym_merge
hemodialysis,1,raw_WoS_DE_term_no_synonym_merge
hemogenic angioblasts,1,raw_WoS_DE_term_no_synonym_merge
hemoglobin,1,raw_WoS_DE_term_no_synonym_merge
hemoglobinopathies,1,raw_WoS_DE_term_no_synonym_merge
hemolysis,1,raw_WoS_DE_term_no_synonym_merge
hemolytic uremic syndrome,1,raw_WoS_DE_term_no_synonym_merge
Hemorrhage,1,raw_WoS_DE_term_no_synonym_merge
hemorrhage,1,raw_WoS_DE_term_no_synonym_merge
hemorrhagic cystitis,1,raw_WoS_DE_term_no_synonym_merge
hemorrhagic fever with renal syndrome,1,raw_WoS_DE_term_no_synonym_merge
hemorrhagic shock,1,raw_WoS_DE_term_no_synonym_merge
Hemorrhagic transformation,1,raw_WoS_DE_term_no_synonym_merge
Hemostasis,1,raw_WoS_DE_term_no_synonym_merge
hemostatic disorders,1,raw_WoS_DE_term_no_synonym_merge
heparan sulfate,1,raw_WoS_DE_term_no_synonym_merge
heparan sulfate proteoglycans,1,raw_WoS_DE_term_no_synonym_merge
Heparanase,1,raw_WoS_DE_term_no_synonym_merge
heparanase inhibitors,1,raw_WoS_DE_term_no_synonym_merge
Heparanase-inhibiting compounds,1,raw_WoS_DE_term_no_synonym_merge
Heparin,1,raw_WoS_DE_term_no_synonym_merge
Heparinase,1,raw_WoS_DE_term_no_synonym_merge
heparinase,1,raw_WoS_DE_term_no_synonym_merge
hepatectomy,1,raw_WoS_DE_term_no_synonym_merge
Hepatic myofibroblasts,1,raw_WoS_DE_term_no_synonym_merge
hepatic stem cells,1,raw_WoS_DE_term_no_synonym_merge
hepatitis C virus,1,raw_WoS_DE_term_no_synonym_merge
hepatitis E virus,1,raw_WoS_DE_term_no_synonym_merge
hepatitis E virus (HEV),1,raw_WoS_DE_term_no_synonym_merge
Hepatocarcinogenesis,1,raw_WoS_DE_term_no_synonym_merge
hepatocarcinoma,1,raw_WoS_DE_term_no_synonym_merge
Hepatocellular cancer,1,raw_WoS_DE_term_no_synonym_merge
Hepatocellular carcino-ma,1,raw_WoS_DE_term_no_synonym_merge
Hepatocellular Carcinoma,1,raw_WoS_DE_term_no_synonym_merge
Hepatocellular carcinoma (HCC),1,raw_WoS_DE_term_no_synonym_merge
hepatocellular carcinoma (HCC),1,raw_WoS_DE_term_no_synonym_merge
Hepatocyte,1,raw_WoS_DE_term_no_synonym_merge
hepatocyte cell adhesion molecule,1,raw_WoS_DE_term_no_synonym_merge
hepatocyte growth factor,1,raw_WoS_DE_term_no_synonym_merge
Hepatocyte growth factor,1,raw_WoS_DE_term_no_synonym_merge
Hepatocytic progenitor cells,1,raw_WoS_DE_term_no_synonym_merge
Hepatoma-initiating cells,1,raw_WoS_DE_term_no_synonym_merge
Hepatopulmonary syndrome,1,raw_WoS_DE_term_no_synonym_merge
hepatopulmonary syndrome,1,raw_WoS_DE_term_no_synonym_merge
HepG2 cells-derived exosomes,1,raw_WoS_DE_term_no_synonym_merge
HER2,1,raw_WoS_DE_term_no_synonym_merge
HER2+breast cancer,1,raw_WoS_DE_term_no_synonym_merge
Herbal medicine,1,raw_WoS_DE_term_no_synonym_merge
herbal medicines,1,raw_WoS_DE_term_no_synonym_merge
hereditary hemorrhagic telangiectasia (HHT),1,raw_WoS_DE_term_no_synonym_merge
herpesvirus,1,raw_WoS_DE_term_no_synonym_merge
herpesviruses,1,raw_WoS_DE_term_no_synonym_merge
Heterogeneous blood vessel,1,raw_WoS_DE_term_no_synonym_merge
heterogeneous nuclear ribonucleprotein,1,raw_WoS_DE_term_no_synonym_merge
heteroplasmy,1,raw_WoS_DE_term_no_synonym_merge
Heterostructures,1,raw_WoS_DE_term_no_synonym_merge
Heterotypic cell interaction,1,raw_WoS_DE_term_no_synonym_merge
Hh-GLI signaling,1,raw_WoS_DE_term_no_synonym_merge
HIC1,1,raw_WoS_DE_term_no_synonym_merge
HIF - hypoxia inducible factor,1,raw_WoS_DE_term_no_synonym_merge
Hif-1,1,raw_WoS_DE_term_no_synonym_merge
HIF-1 alpha/VEGF signaling pathway,1,raw_WoS_DE_term_no_synonym_merge
HIF1 alpha,1,raw_WoS_DE_term_no_synonym_merge
HIF1A-AS2,1,raw_WoS_DE_term_no_synonym_merge
HIF1AN/HIF-1 alpha axis,1,raw_WoS_DE_term_no_synonym_merge
HIF2 alpha,1,raw_WoS_DE_term_no_synonym_merge
HIFs,1,raw_WoS_DE_term_no_synonym_merge
High altitude pulmonary edema,1,raw_WoS_DE_term_no_synonym_merge
High endothelial cell,1,raw_WoS_DE_term_no_synonym_merge
high fat diet,1,raw_WoS_DE_term_no_synonym_merge
high metastatic potential cells,1,raw_WoS_DE_term_no_synonym_merge
High mobility group A1,1,raw_WoS_DE_term_no_synonym_merge
High mobility group box,1,raw_WoS_DE_term_no_synonym_merge
High phosphorus,1,raw_WoS_DE_term_no_synonym_merge
high sensitivity flow cytometry,1,raw_WoS_DE_term_no_synonym_merge
High-density immobilization,1,raw_WoS_DE_term_no_synonym_merge
high-density lipoprotein,1,raw_WoS_DE_term_no_synonym_merge
High-density lipoprotein (HDL),1,raw_WoS_DE_term_no_synonym_merge
High-density lipoproteins,1,raw_WoS_DE_term_no_synonym_merge
high-dose chemotherapy,1,raw_WoS_DE_term_no_synonym_merge
high-glucose,1,raw_WoS_DE_term_no_synonym_merge
high-glucose impaired HKF,1,raw_WoS_DE_term_no_synonym_merge
high-grade glioma,1,raw_WoS_DE_term_no_synonym_merge
high-hydrostatic pressure,1,raw_WoS_DE_term_no_synonym_merge
High-mannose-type glycans,1,raw_WoS_DE_term_no_synonym_merge
high-mobility group box 1,1,raw_WoS_DE_term_no_synonym_merge
High-resolution isoelectric focusing,1,raw_WoS_DE_term_no_synonym_merge
high-sensitivity flow cytometry,1,raw_WoS_DE_term_no_synonym_merge
High-sensitivity flow cytometry,1,raw_WoS_DE_term_no_synonym_merge
High-throughput sequencing (HTS),1,raw_WoS_DE_term_no_synonym_merge
hind limb ischemia,1,raw_WoS_DE_term_no_synonym_merge
Hind limb ischemia model,1,raw_WoS_DE_term_no_synonym_merge
hindlimb,1,raw_WoS_DE_term_no_synonym_merge
Hippocampus,1,raw_WoS_DE_term_no_synonym_merge
hiPSC,1,raw_WoS_DE_term_no_synonym_merge
hiPSC-ECs,1,raw_WoS_DE_term_no_synonym_merge
Histone,1,raw_WoS_DE_term_no_synonym_merge
Histone acetylation,1,raw_WoS_DE_term_no_synonym_merge
histone deacetylase,1,raw_WoS_DE_term_no_synonym_merge
Histone deacetylase inhibitor,1,raw_WoS_DE_term_no_synonym_merge
histone modification,1,raw_WoS_DE_term_no_synonym_merge
histone variants,1,raw_WoS_DE_term_no_synonym_merge
Histones,1,raw_WoS_DE_term_no_synonym_merge
histones,1,raw_WoS_DE_term_no_synonym_merge
HIV infection,1,raw_WoS_DE_term_no_synonym_merge
HIV Tat,1,raw_WoS_DE_term_no_synonym_merge
HIV-Nef,1,raw_WoS_DE_term_no_synonym_merge
HIV-PAH,1,raw_WoS_DE_term_no_synonym_merge
HK2,1,raw_WoS_DE_term_no_synonym_merge
HLECs,1,raw_WoS_DE_term_no_synonym_merge
HMECs,1,raw_WoS_DE_term_no_synonym_merge
HMGB1c NLRP3 inflammasome,1,raw_WoS_DE_term_no_synonym_merge
HMGCS1,1,raw_WoS_DE_term_no_synonym_merge
HMOX1,1,raw_WoS_DE_term_no_synonym_merge
hMSCs-Exo,1,raw_WoS_DE_term_no_synonym_merge
HNRNPA1,1,raw_WoS_DE_term_no_synonym_merge
HO-1,1,raw_WoS_DE_term_no_synonym_merge
Hodgkin lymphoma,1,raw_WoS_DE_term_no_synonym_merge
Hofbauer cells,1,raw_WoS_DE_term_no_synonym_merge
Homeostasis,1,raw_WoS_DE_term_no_synonym_merge
Homocysteine,1,raw_WoS_DE_term_no_synonym_merge
homocysteine,1,raw_WoS_DE_term_no_synonym_merge
homoharringtonine,1,raw_WoS_DE_term_no_synonym_merge
horizonal transfer,1,raw_WoS_DE_term_no_synonym_merge
Horizontal transfer,1,raw_WoS_DE_term_no_synonym_merge
horizontal transformation,1,raw_WoS_DE_term_no_synonym_merge
Hormones,1,raw_WoS_DE_term_no_synonym_merge
Horse,1,raw_WoS_DE_term_no_synonym_merge
host response,1,raw_WoS_DE_term_no_synonym_merge
host-intrinsic factors,1,raw_WoS_DE_term_no_synonym_merge
host-microbe interactions,1,raw_WoS_DE_term_no_synonym_merge
host-pathogen interaction,1,raw_WoS_DE_term_no_synonym_merge
hotspots,1,raw_WoS_DE_term_no_synonym_merge
Houshiheisan,1,raw_WoS_DE_term_no_synonym_merge
HOXD11,1,raw_WoS_DE_term_no_synonym_merge
HPMEC co-culture,1,raw_WoS_DE_term_no_synonym_merge
hPSC,1,raw_WoS_DE_term_no_synonym_merge
HPSE,1,raw_WoS_DE_term_no_synonym_merge
HPV,1,raw_WoS_DE_term_no_synonym_merge
HPV infection,1,raw_WoS_DE_term_no_synonym_merge
HPV-16 E7,1,raw_WoS_DE_term_no_synonym_merge
HPVEC,1,raw_WoS_DE_term_no_synonym_merge
HS2ST1,1,raw_WoS_DE_term_no_synonym_merge
Hsa-miR-184,1,raw_WoS_DE_term_no_synonym_merge
Hsa_circ_0003204,1,raw_WoS_DE_term_no_synonym_merge
HSC niche,1,raw_WoS_DE_term_no_synonym_merge
hsCRP,1,raw_WoS_DE_term_no_synonym_merge
HSCs,1,raw_WoS_DE_term_no_synonym_merge
Hsp60,1,raw_WoS_DE_term_no_synonym_merge
HSP90,1,raw_WoS_DE_term_no_synonym_merge
HT29,1,raw_WoS_DE_term_no_synonym_merge
hTERT,1,raw_WoS_DE_term_no_synonym_merge
HTNV,1,raw_WoS_DE_term_no_synonym_merge
HUAEC,1,raw_WoS_DE_term_no_synonym_merge
hUC-MSCs,1,raw_WoS_DE_term_no_synonym_merge
hUCESCs,1,raw_WoS_DE_term_no_synonym_merge
hUCMSC-derived exosomes,1,raw_WoS_DE_term_no_synonym_merge
HucMSC-Ex,1,raw_WoS_DE_term_no_synonym_merge
hUCMSC-Ex,1,raw_WoS_DE_term_no_synonym_merge
hUCMSC-exos,1,raw_WoS_DE_term_no_synonym_merge
hucMSCs,1,raw_WoS_DE_term_no_synonym_merge
hUCMSCs,1,raw_WoS_DE_term_no_synonym_merge
human adipose mesenchymal stem cells,1,raw_WoS_DE_term_no_synonym_merge
Human adipose tissue-derived small extracellular vesicles,1,raw_WoS_DE_term_no_synonym_merge
human adipose tissue-derived stem cells (ADSCs),1,raw_WoS_DE_term_no_synonym_merge
Human adipose-derived mesenchymal stromal cells,1,raw_WoS_DE_term_no_synonym_merge
human adipose-derived stem cells (hADSCs),1,raw_WoS_DE_term_no_synonym_merge
human ADSC exosomes,1,raw_WoS_DE_term_no_synonym_merge
Human amniotic epithelial cells,1,raw_WoS_DE_term_no_synonym_merge
Human amniotic fluid,1,raw_WoS_DE_term_no_synonym_merge
Human annexin-V,1,raw_WoS_DE_term_no_synonym_merge
human antigen R,1,raw_WoS_DE_term_no_synonym_merge
human aortic endothelial cells,1,raw_WoS_DE_term_no_synonym_merge
human astrocytes,1,raw_WoS_DE_term_no_synonym_merge
human bladder fibroblasts,1,raw_WoS_DE_term_no_synonym_merge
human blood brain barrier,1,raw_WoS_DE_term_no_synonym_merge
Human bone marrow CD146(+) cells,1,raw_WoS_DE_term_no_synonym_merge
Human bone marrow endothelial progenitor cells,1,raw_WoS_DE_term_no_synonym_merge
Human bone marrow mesenchymal stem cell,1,raw_WoS_DE_term_no_synonym_merge
Human bone marrow-derived mesenchymal stem cells,1,raw_WoS_DE_term_no_synonym_merge
human brain vascular endothelial cells,1,raw_WoS_DE_term_no_synonym_merge
Human cancer stem cells,1,raw_WoS_DE_term_no_synonym_merge
human cardiac microvascular endothelial cells,1,raw_WoS_DE_term_no_synonym_merge
human cardiac progenitor cells,1,raw_WoS_DE_term_no_synonym_merge
Human cardiac stem,1,raw_WoS_DE_term_no_synonym_merge
human cartilage regeneration,1,raw_WoS_DE_term_no_synonym_merge
Human cerebral microvascular endothelial cell line (hCMEC/D3) endothelial,1,raw_WoS_DE_term_no_synonym_merge
Human cervical epithelial cells,1,raw_WoS_DE_term_no_synonym_merge
Human choroidal endothelial cells,1,raw_WoS_DE_term_no_synonym_merge
human coronary artery vascular endothelial cell,1,raw_WoS_DE_term_no_synonym_merge
human dental pulp stem cells,1,raw_WoS_DE_term_no_synonym_merge
Human dermal microvascular endothelial cell,1,raw_WoS_DE_term_no_synonym_merge
Human dermal microvascular endothelial cells,1,raw_WoS_DE_term_no_synonym_merge
human endometrial organoids,1,raw_WoS_DE_term_no_synonym_merge
human endometrial stromal cells,1,raw_WoS_DE_term_no_synonym_merge
Human endothelial cell,1,raw_WoS_DE_term_no_synonym_merge
human endothelial cells,1,raw_WoS_DE_term_no_synonym_merge
Human endothelial cells,1,raw_WoS_DE_term_no_synonym_merge
Human endothelial progenitor cells,1,raw_WoS_DE_term_no_synonym_merge
human epithelial growth factor receptor 2,1,raw_WoS_DE_term_no_synonym_merge
Human fetal liver,1,raw_WoS_DE_term_no_synonym_merge
human fetus,1,raw_WoS_DE_term_no_synonym_merge
Human fetus,1,raw_WoS_DE_term_no_synonym_merge
Human foreskin cells,1,raw_WoS_DE_term_no_synonym_merge
human gingival mesenchymal stem cells,1,raw_WoS_DE_term_no_synonym_merge
Human glioblastoma,1,raw_WoS_DE_term_no_synonym_merge
Human glomerular endothelial cell,1,raw_WoS_DE_term_no_synonym_merge
human heart,1,raw_WoS_DE_term_no_synonym_merge
Human hepatoma HepG-2 cells,1,raw_WoS_DE_term_no_synonym_merge
human immunodeficiency virus,1,raw_WoS_DE_term_no_synonym_merge
Human immunodeficiency virus,1,raw_WoS_DE_term_no_synonym_merge
Human induced pluripotent stem cell-derived mesenchymal stem cells,1,raw_WoS_DE_term_no_synonym_merge
human intestinal epithelial cells,1,raw_WoS_DE_term_no_synonym_merge
human iPSCs,1,raw_WoS_DE_term_no_synonym_merge
human liver stem cells,1,raw_WoS_DE_term_no_synonym_merge
Human mesenchymal stem cell (hMSC),1,raw_WoS_DE_term_no_synonym_merge
Human mesenchymal stem cells,1,raw_WoS_DE_term_no_synonym_merge
Human mesenchymal stromal cells,1,raw_WoS_DE_term_no_synonym_merge
human microvascular endothelial cell,1,raw_WoS_DE_term_no_synonym_merge
human microvascular endothelial cells,1,raw_WoS_DE_term_no_synonym_merge
Human microvascular endothelial cells,1,raw_WoS_DE_term_no_synonym_merge
Human microvascular endothelial cells (HMECs),1,raw_WoS_DE_term_no_synonym_merge
human milk,1,raw_WoS_DE_term_no_synonym_merge
Human minor salivary mesenchymal stem cells,1,raw_WoS_DE_term_no_synonym_merge
human monocyte-derived macrophage,1,raw_WoS_DE_term_no_synonym_merge
Human neural progenitor cells,1,raw_WoS_DE_term_no_synonym_merge
Human olfactory ensheathing cell,1,raw_WoS_DE_term_no_synonym_merge
human pathogens,1,raw_WoS_DE_term_no_synonym_merge
Human placenta-derived mesenchymal stem cells,1,raw_WoS_DE_term_no_synonym_merge
human platelet-derived growth factors,1,raw_WoS_DE_term_no_synonym_merge
human retinal endothelial cells (HRECs),1,raw_WoS_DE_term_no_synonym_merge
Human scleral fibroblasts,1,raw_WoS_DE_term_no_synonym_merge
human serum albumin,1,raw_WoS_DE_term_no_synonym_merge
human serum exosomes,1,raw_WoS_DE_term_no_synonym_merge
Human smooth muscle cells,1,raw_WoS_DE_term_no_synonym_merge
human stem cells,1,raw_WoS_DE_term_no_synonym_merge
Human synovial microvascular endothelial cells,1,raw_WoS_DE_term_no_synonym_merge
human T cells,1,raw_WoS_DE_term_no_synonym_merge
human umbilical cord mesenchymal stem cell,1,raw_WoS_DE_term_no_synonym_merge
Human umbilical cord mesenchymal stem cells (hUC-MSCs),1,raw_WoS_DE_term_no_synonym_merge
human umbilical cord mesenchymal stem cells-derived exosomes,1,raw_WoS_DE_term_no_synonym_merge
human umbilical cord MSCs,1,raw_WoS_DE_term_no_synonym_merge
human umbilical cord serum,1,raw_WoS_DE_term_no_synonym_merge
human umbilical mesenchymal stem cell,1,raw_WoS_DE_term_no_synonym_merge
human umbilical vascular endothelial cells,1,raw_WoS_DE_term_no_synonym_merge
Human Umbilical Vein Endothelial Cells,1,raw_WoS_DE_term_no_synonym_merge
human umbilical vein endothelial cells (HUVEC),1,raw_WoS_DE_term_no_synonym_merge
Human Umbilical Vein Endothelial Cells (HUVEC),1,raw_WoS_DE_term_no_synonym_merge
human umbilical vein endothelial cells (HUVECs),1,raw_WoS_DE_term_no_synonym_merge
Human umbilical vein endothelial cells (HUVECs),1,raw_WoS_DE_term_no_synonym_merge
Human umbilical vein vascular endothelial,1,raw_WoS_DE_term_no_synonym_merge
Human urine-derived stem cell,1,raw_WoS_DE_term_no_synonym_merge
human urine-derived stem cells,1,raw_WoS_DE_term_no_synonym_merge
Human urine-derived stem cells,1,raw_WoS_DE_term_no_synonym_merge
human vascular smooth muscle cells,1,raw_WoS_DE_term_no_synonym_merge
Human-induced pluripotent stem cell-derived cardiomyocytes,1,raw_WoS_DE_term_no_synonym_merge
human-induced pluripotent stem cell-derived cardiomyocytes (hiPSC-CMs),1,raw_WoS_DE_term_no_synonym_merge
human-induced pluripotent stem-derived endothelial cells,1,raw_WoS_DE_term_no_synonym_merge
human-umbilical-cord-derived mesenchymal stem cells,1,raw_WoS_DE_term_no_synonym_merge
Humanized Gaussia luciferase (hGluc),1,raw_WoS_DE_term_no_synonym_merge
Huoxue Yiqi Recipe,1,raw_WoS_DE_term_no_synonym_merge
Hutchinson-Gilford progeria syndrome,1,raw_WoS_DE_term_no_synonym_merge
HUVECs-exos,1,raw_WoS_DE_term_no_synonym_merge
hyaluronan,1,raw_WoS_DE_term_no_synonym_merge
hyaluronated glycerosomes,1,raw_WoS_DE_term_no_synonym_merge
hyaluronic acid hydrogel,1,raw_WoS_DE_term_no_synonym_merge
Hyaluronic acid liposomes,1,raw_WoS_DE_term_no_synonym_merge
Hyaluronic acid nanogels,1,raw_WoS_DE_term_no_synonym_merge
Hyaluronicacidderivative,1,raw_WoS_DE_term_no_synonym_merge
hybrid biointerphases,1,raw_WoS_DE_term_no_synonym_merge
Hybrid nanosystems,1,raw_WoS_DE_term_no_synonym_merge
hybrid vesicles,1,raw_WoS_DE_term_no_synonym_merge
Hybridization,1,raw_WoS_DE_term_no_synonym_merge
Hydrogel encapsulation,1,raw_WoS_DE_term_no_synonym_merge
Hydrogel Scaffolds,1,raw_WoS_DE_term_no_synonym_merge
hydrophilic coating,1,raw_WoS_DE_term_no_synonym_merge
hydroxytyrosol,1,raw_WoS_DE_term_no_synonym_merge
hyperaldosteronism,1,raw_WoS_DE_term_no_synonym_merge
hyperammonaemia,1,raw_WoS_DE_term_no_synonym_merge
Hyperbaric oxygen,1,raw_WoS_DE_term_no_synonym_merge
hypercoaguability,1,raw_WoS_DE_term_no_synonym_merge
hypercoagulability,1,raw_WoS_DE_term_no_synonym_merge
Hypercoagulation,1,raw_WoS_DE_term_no_synonym_merge
hyperfiltration,1,raw_WoS_DE_term_no_synonym_merge
hyperinflammation,1,raw_WoS_DE_term_no_synonym_merge
hyperlipidemia,1,raw_WoS_DE_term_no_synonym_merge
hyperpermeability,1,raw_WoS_DE_term_no_synonym_merge
Hyperphosphatemia,1,raw_WoS_DE_term_no_synonym_merge
hyperphosphatemia,1,raw_WoS_DE_term_no_synonym_merge
Hyperplasia,1,raw_WoS_DE_term_no_synonym_merge
hypersplenism,1,raw_WoS_DE_term_no_synonym_merge
"hypertension, pulmonary",1,raw_WoS_DE_term_no_synonym_merge
hypertensive nephropathy,1,raw_WoS_DE_term_no_synonym_merge
Hypertensive pregnancy disorder,1,raw_WoS_DE_term_no_synonym_merge
hypertrophic cardiomyopathy,1,raw_WoS_DE_term_no_synonym_merge
hypertrophic obesity,1,raw_WoS_DE_term_no_synonym_merge
Hypertrophy,1,raw_WoS_DE_term_no_synonym_merge
Hypo-ADSC-Exos,1,raw_WoS_DE_term_no_synonym_merge
Hypophosphatasia,1,raw_WoS_DE_term_no_synonym_merge
Hypospadias,1,raw_WoS_DE_term_no_synonym_merge
hypothalamus,1,raw_WoS_DE_term_no_synonym_merge
hypothermia,1,raw_WoS_DE_term_no_synonym_merge
Hypoxamir,1,raw_WoS_DE_term_no_synonym_merge
hypoxia and reperfusion,1,raw_WoS_DE_term_no_synonym_merge
Hypoxia preconditioning,1,raw_WoS_DE_term_no_synonym_merge
hypoxia pulmonary hypertension,1,raw_WoS_DE_term_no_synonym_merge
Hypoxia-conditioned CMECs-derived exosomes,1,raw_WoS_DE_term_no_synonym_merge
Hypoxia-induced exosomes,1,raw_WoS_DE_term_no_synonym_merge
hypoxia-inducible factor,1,raw_WoS_DE_term_no_synonym_merge
hypoxia-inducible factor 1,1,raw_WoS_DE_term_no_synonym_merge
hypoxia-inducible factor-1,1,raw_WoS_DE_term_no_synonym_merge
hypoxia-inducible factor-1 (HIF-1),1,raw_WoS_DE_term_no_synonym_merge
hypoxia-inducible factor-1 alpha (HIF1 alpha),1,raw_WoS_DE_term_no_synonym_merge
Hypoxia-ischemia,1,raw_WoS_DE_term_no_synonym_merge
Hypoxia-pretreated,1,raw_WoS_DE_term_no_synonym_merge
hypoxia/reoxygenation,1,raw_WoS_DE_term_no_synonym_merge
hypoxic exosomes,1,raw_WoS_DE_term_no_synonym_merge
Hypoxic-ischemic brain injury,1,raw_WoS_DE_term_no_synonym_merge
Hypoxic-ischemic encephalopaty,1,raw_WoS_DE_term_no_synonym_merge
I kappa B alpha,1,raw_WoS_DE_term_no_synonym_merge
I?Ba/NF-?B,1,raw_WoS_DE_term_no_synonym_merge
IBD,1,raw_WoS_DE_term_no_synonym_merge
icariin,1,raw_WoS_DE_term_no_synonym_merge
ICIs,1,raw_WoS_DE_term_no_synonym_merge
ID3,1,raw_WoS_DE_term_no_synonym_merge
Idiopathic pulmonary arterial hypertension,1,raw_WoS_DE_term_no_synonym_merge
Idiopathic pulmonary fibrosis,1,raw_WoS_DE_term_no_synonym_merge
idiopathic pulmonary fibrosis,1,raw_WoS_DE_term_no_synonym_merge
IDO1,1,raw_WoS_DE_term_no_synonym_merge
IEO model,1,raw_WoS_DE_term_no_synonym_merge
IEXs,1,raw_WoS_DE_term_no_synonym_merge
IFI27,1,raw_WoS_DE_term_no_synonym_merge
IFIT1,1,raw_WoS_DE_term_no_synonym_merge
IFITM3,1,raw_WoS_DE_term_no_synonym_merge
IFN-alpha,1,raw_WoS_DE_term_no_synonym_merge
IFN-beta,1,raw_WoS_DE_term_no_synonym_merge
IFN-gamma,1,raw_WoS_DE_term_no_synonym_merge
IFN-stimulated genes,1,raw_WoS_DE_term_no_synonym_merge
IFN-Stimulated genes,1,raw_WoS_DE_term_no_synonym_merge
IgA glomerulonephritis,1,raw_WoS_DE_term_no_synonym_merge
IGF1R,1,raw_WoS_DE_term_no_synonym_merge
IgG fusion proteins,1,raw_WoS_DE_term_no_synonym_merge
IHD,1,raw_WoS_DE_term_no_synonym_merge
IL-3,1,raw_WoS_DE_term_no_synonym_merge
IL-35,1,raw_WoS_DE_term_no_synonym_merge
IL-8 secretion,1,raw_WoS_DE_term_no_synonym_merge
IL17RB signal,1,raw_WoS_DE_term_no_synonym_merge
IL6R,1,raw_WoS_DE_term_no_synonym_merge
Imaging,1,raw_WoS_DE_term_no_synonym_merge
imaging flow cytometry,1,raw_WoS_DE_term_no_synonym_merge
imbalanced angiogenesis,1,raw_WoS_DE_term_no_synonym_merge
Immature fetal retinal vascular endothelial cells,1,raw_WoS_DE_term_no_synonym_merge
Immobilization,1,raw_WoS_DE_term_no_synonym_merge
immobilization of EVs,1,raw_WoS_DE_term_no_synonym_merge
immortalization,1,raw_WoS_DE_term_no_synonym_merge
Immortalized adipose-mesenchymal stem cells,1,raw_WoS_DE_term_no_synonym_merge
immortalized cell line,1,raw_WoS_DE_term_no_synonym_merge
immune activation (IA),1,raw_WoS_DE_term_no_synonym_merge
Immune cell,1,raw_WoS_DE_term_no_synonym_merge
immune cell activation,1,raw_WoS_DE_term_no_synonym_merge
immune cell interaction,1,raw_WoS_DE_term_no_synonym_merge
immune cell trafficking,1,raw_WoS_DE_term_no_synonym_merge
Immune checkpoint,1,raw_WoS_DE_term_no_synonym_merge
immune checkpoint,1,raw_WoS_DE_term_no_synonym_merge
immune checkpoint blockade,1,raw_WoS_DE_term_no_synonym_merge
immune checkpoint blockades,1,raw_WoS_DE_term_no_synonym_merge
Immune complex,1,raw_WoS_DE_term_no_synonym_merge
Immune complexes,1,raw_WoS_DE_term_no_synonym_merge
Immune evading,1,raw_WoS_DE_term_no_synonym_merge
Immune mechanisms,1,raw_WoS_DE_term_no_synonym_merge
immune mediated,1,raw_WoS_DE_term_no_synonym_merge
Immune Modulation,1,raw_WoS_DE_term_no_synonym_merge
Immune modulation in the TME,1,raw_WoS_DE_term_no_synonym_merge
immune nanoparticles,1,raw_WoS_DE_term_no_synonym_merge
Immune Regulation,1,raw_WoS_DE_term_no_synonym_merge
immune surveillance,1,raw_WoS_DE_term_no_synonym_merge
immune tolerance,1,raw_WoS_DE_term_no_synonym_merge
Immune-bone crosstalk,1,raw_WoS_DE_term_no_synonym_merge
Immune-escape,1,raw_WoS_DE_term_no_synonym_merge
Immune-regulatory receptor,1,raw_WoS_DE_term_no_synonym_merge
Immune-related cells,1,raw_WoS_DE_term_no_synonym_merge
immune-system,1,raw_WoS_DE_term_no_synonym_merge
IMMUNEPOTENT CRP,1,raw_WoS_DE_term_no_synonym_merge
immuno-isolation,1,raw_WoS_DE_term_no_synonym_merge
immunobead isolation,1,raw_WoS_DE_term_no_synonym_merge
immunobiology,1,raw_WoS_DE_term_no_synonym_merge
immunocyte,1,raw_WoS_DE_term_no_synonym_merge
immunodulation,1,raw_WoS_DE_term_no_synonym_merge
immunoediting,1,raw_WoS_DE_term_no_synonym_merge
immunoengineering,1,raw_WoS_DE_term_no_synonym_merge
Immunogenicity,1,raw_WoS_DE_term_no_synonym_merge
immunogenicity,1,raw_WoS_DE_term_no_synonym_merge
immunoliposomes,1,raw_WoS_DE_term_no_synonym_merge
immunologic therapy,1,raw_WoS_DE_term_no_synonym_merge
immunological disease,1,raw_WoS_DE_term_no_synonym_merge
Immunology,1,raw_WoS_DE_term_no_synonym_merge
immunomagnetic separation,1,raw_WoS_DE_term_no_synonym_merge
immunometabolism,1,raw_WoS_DE_term_no_synonym_merge
immunomodulating compounds,1,raw_WoS_DE_term_no_synonym_merge
immunomodulators,1,raw_WoS_DE_term_no_synonym_merge
immunomodulatory therapies,1,raw_WoS_DE_term_no_synonym_merge
immunoprecipitation,1,raw_WoS_DE_term_no_synonym_merge
immunoregulatory molecules,1,raw_WoS_DE_term_no_synonym_merge
immunosenescence,1,raw_WoS_DE_term_no_synonym_merge
immunosuppressive agent,1,raw_WoS_DE_term_no_synonym_merge
immunosurveillance,1,raw_WoS_DE_term_no_synonym_merge
Implantation,1,raw_WoS_DE_term_no_synonym_merge
Implants,1,raw_WoS_DE_term_no_synonym_merge
implants,1,raw_WoS_DE_term_no_synonym_merge
in situ boneregeneration,1,raw_WoS_DE_term_no_synonym_merge
in situ retention,1,raw_WoS_DE_term_no_synonym_merge
in vitro aging,1,raw_WoS_DE_term_no_synonym_merge
in vitro an-giogenesis,1,raw_WoS_DE_term_no_synonym_merge
in vitro angiogenesis,1,raw_WoS_DE_term_no_synonym_merge
In vitro angiogenesis,1,raw_WoS_DE_term_no_synonym_merge
In vitro BBB model,1,raw_WoS_DE_term_no_synonym_merge
in vitro BBB models,1,raw_WoS_DE_term_no_synonym_merge
In vitro cell migration,1,raw_WoS_DE_term_no_synonym_merge
In vitro imaging,1,raw_WoS_DE_term_no_synonym_merge
in vitro models,1,raw_WoS_DE_term_no_synonym_merge
In vitro quality,1,raw_WoS_DE_term_no_synonym_merge
in vivo,1,raw_WoS_DE_term_no_synonym_merge
in vivo biodistribution,1,raw_WoS_DE_term_no_synonym_merge
in vivo expansion,1,raw_WoS_DE_term_no_synonym_merge
in vivo imaging,1,raw_WoS_DE_term_no_synonym_merge
in vivo selection,1,raw_WoS_DE_term_no_synonym_merge
in-stent restenosis,1,raw_WoS_DE_term_no_synonym_merge
in-vitro tools,1,raw_WoS_DE_term_no_synonym_merge
indirect co-culture,1,raw_WoS_DE_term_no_synonym_merge
indoxyl sulfate,1,raw_WoS_DE_term_no_synonym_merge
Indoxyl sulfate,1,raw_WoS_DE_term_no_synonym_merge
induced endothelium,1,raw_WoS_DE_term_no_synonym_merge
Induced Mesenchymal stem cells,1,raw_WoS_DE_term_no_synonym_merge
induced pluripotent stem cell,1,raw_WoS_DE_term_no_synonym_merge
induced pluripotent stem cell derived small extracellular vesicles (iPSC-sEVs),1,raw_WoS_DE_term_no_synonym_merge
induced pluripotent stem cell-derived cardiomyocytes,1,raw_WoS_DE_term_no_synonym_merge
Induced pluripotent stem cells (iPSCs),1,raw_WoS_DE_term_no_synonym_merge
infantile hemangioma,1,raw_WoS_DE_term_no_synonym_merge
Infantile hemangioma,1,raw_WoS_DE_term_no_synonym_merge
Infantile hemangioma (IH),1,raw_WoS_DE_term_no_synonym_merge
infants,1,raw_WoS_DE_term_no_synonym_merge
infarction,1,raw_WoS_DE_term_no_synonym_merge
Infected diabetic wound,1,raw_WoS_DE_term_no_synonym_merge
Infected RBCs,1,raw_WoS_DE_term_no_synonym_merge
Infection,1,raw_WoS_DE_term_no_synonym_merge
infection modulation,1,raw_WoS_DE_term_no_synonym_merge
infectious associated diseases,1,raw_WoS_DE_term_no_synonym_merge
infectious diseases,1,raw_WoS_DE_term_no_synonym_merge
Inferior vena cava,1,raw_WoS_DE_term_no_synonym_merge
Infertility,1,raw_WoS_DE_term_no_synonym_merge
Infiltration,1,raw_WoS_DE_term_no_synonym_merge
inflamed endothelium,1,raw_WoS_DE_term_no_synonym_merge
Inflammasome,1,raw_WoS_DE_term_no_synonym_merge
Inflammation propagation,1,raw_WoS_DE_term_no_synonym_merge
Inflammation regulation,1,raw_WoS_DE_term_no_synonym_merge
inflammatory and vasoactive proteins,1,raw_WoS_DE_term_no_synonym_merge
inflammatory bowel disease,1,raw_WoS_DE_term_no_synonym_merge
Inflammatory Bowel Disease,1,raw_WoS_DE_term_no_synonym_merge
inflammatory bowel disease (IBD),1,raw_WoS_DE_term_no_synonym_merge
Inflammatory breast cancer,1,raw_WoS_DE_term_no_synonym_merge
Inflammatory cytokines,1,raw_WoS_DE_term_no_synonym_merge
Inflammatory dilated cardiomyopathy,1,raw_WoS_DE_term_no_synonym_merge
inflammatory diseases,1,raw_WoS_DE_term_no_synonym_merge
inflammatory immune response,1,raw_WoS_DE_term_no_synonym_merge
inflammatory lung diseases,1,raw_WoS_DE_term_no_synonym_merge
inflammatory markers,1,raw_WoS_DE_term_no_synonym_merge
inflammatory mediator,1,raw_WoS_DE_term_no_synonym_merge
inflammatory microenvironment,1,raw_WoS_DE_term_no_synonym_merge
Inflammatory microenvironment,1,raw_WoS_DE_term_no_synonym_merge
inflammatory microenvironment remodeling,1,raw_WoS_DE_term_no_synonym_merge
Inflammatory polyps,1,raw_WoS_DE_term_no_synonym_merge
inflammatory response,1,raw_WoS_DE_term_no_synonym_merge
inflammatory response modulation,1,raw_WoS_DE_term_no_synonym_merge
inflammatory responses,1,raw_WoS_DE_term_no_synonym_merge
Inflammatory responses,1,raw_WoS_DE_term_no_synonym_merge
inflammatoryregulation,1,raw_WoS_DE_term_no_synonym_merge
influenza A virus,1,raw_WoS_DE_term_no_synonym_merge
Influenza virus,1,raw_WoS_DE_term_no_synonym_merge
Information theory,1,raw_WoS_DE_term_no_synonym_merge
infrapatellar fat pad (IFP),1,raw_WoS_DE_term_no_synonym_merge
infrared spectroscopy,1,raw_WoS_DE_term_no_synonym_merge
ING1,1,raw_WoS_DE_term_no_synonym_merge
ING5,1,raw_WoS_DE_term_no_synonym_merge
inhalation,1,raw_WoS_DE_term_no_synonym_merge
inhalation injury,1,raw_WoS_DE_term_no_synonym_merge
Inhibitor of DNA binding-1 protein (Id1),1,raw_WoS_DE_term_no_synonym_merge
INHIBITORY PEPTIDE 1,1,raw_WoS_DE_term_no_synonym_merge
initiating parent cells,1,raw_WoS_DE_term_no_synonym_merge
Injectable hydrogel,1,raw_WoS_DE_term_no_synonym_merge
Injectable nanocomposite hydrogel,1,raw_WoS_DE_term_no_synonym_merge
injury,1,raw_WoS_DE_term_no_synonym_merge
innate,1,raw_WoS_DE_term_no_synonym_merge
Innate Immunity,1,raw_WoS_DE_term_no_synonym_merge
innervation,1,raw_WoS_DE_term_no_synonym_merge
innovative bioinks,1,raw_WoS_DE_term_no_synonym_merge
INOCA,1,raw_WoS_DE_term_no_synonym_merge
inorganic phosphate,1,raw_WoS_DE_term_no_synonym_merge
inositol trisphosphate receptor,1,raw_WoS_DE_term_no_synonym_merge
insect drugs,1,raw_WoS_DE_term_no_synonym_merge
Insig1,1,raw_WoS_DE_term_no_synonym_merge
Insulin action,1,raw_WoS_DE_term_no_synonym_merge
insulin receptor,1,raw_WoS_DE_term_no_synonym_merge
insulin resistant,1,raw_WoS_DE_term_no_synonym_merge
Insulin secretion,1,raw_WoS_DE_term_no_synonym_merge
INSULIN SENSITIVITY,1,raw_WoS_DE_term_no_synonym_merge
insulin-like growth factor 1,1,raw_WoS_DE_term_no_synonym_merge
insulin-like growth factor 1 receptor,1,raw_WoS_DE_term_no_synonym_merge
Integrative analysis,1,raw_WoS_DE_term_no_synonym_merge
Integrin,1,raw_WoS_DE_term_no_synonym_merge
integrin 3,1,raw_WoS_DE_term_no_synonym_merge
integrin ? M,1,raw_WoS_DE_term_no_synonym_merge
Integrin aL,1,raw_WoS_DE_term_no_synonym_merge
Integrin alpha(9),1,raw_WoS_DE_term_no_synonym_merge
integrin alpha(v)beta(1),1,raw_WoS_DE_term_no_synonym_merge
Integrin b2,1,raw_WoS_DE_term_no_synonym_merge
Integrin beta(1),1,raw_WoS_DE_term_no_synonym_merge
integrin trafficking,1,raw_WoS_DE_term_no_synonym_merge
Integrin trafficking,1,raw_WoS_DE_term_no_synonym_merge
integrin-based ligand,1,raw_WoS_DE_term_no_synonym_merge
integrin-beta 1,1,raw_WoS_DE_term_no_synonym_merge
integrin? 2,1,raw_WoS_DE_term_no_synonym_merge
Integrity,1,raw_WoS_DE_term_no_synonym_merge
intensive care unit,1,raw_WoS_DE_term_no_synonym_merge
Inter-organ prometastatic communication,1,raw_WoS_DE_term_no_synonym_merge
interactive communication,1,raw_WoS_DE_term_no_synonym_merge
intercellular crosstalk,1,raw_WoS_DE_term_no_synonym_merge
intercellular epigenetics,1,raw_WoS_DE_term_no_synonym_merge
intercellular interaction,1,raw_WoS_DE_term_no_synonym_merge
intercellular signaling,1,raw_WoS_DE_term_no_synonym_merge
interference RNA,1,raw_WoS_DE_term_no_synonym_merge
interferon-stimulated gens,1,raw_WoS_DE_term_no_synonym_merge
interferons,1,raw_WoS_DE_term_no_synonym_merge
Interleukin 17 receptor b,1,raw_WoS_DE_term_no_synonym_merge
interleukin 3,1,raw_WoS_DE_term_no_synonym_merge
Interleukin 37,1,raw_WoS_DE_term_no_synonym_merge
interleukin 4,1,raw_WoS_DE_term_no_synonym_merge
interleukin-1,1,raw_WoS_DE_term_no_synonym_merge
interleukin-1 beta,1,raw_WoS_DE_term_no_synonym_merge
interleukin-6,1,raw_WoS_DE_term_no_synonym_merge
interleukin-8 (IL-8),1,raw_WoS_DE_term_no_synonym_merge
interleukins,1,raw_WoS_DE_term_no_synonym_merge
Interleukins,1,raw_WoS_DE_term_no_synonym_merge
interorgan communication,1,raw_WoS_DE_term_no_synonym_merge
Intersectin-2,1,raw_WoS_DE_term_no_synonym_merge
Interstitial flow,1,raw_WoS_DE_term_no_synonym_merge
interstitial fluid shear stress,1,raw_WoS_DE_term_no_synonym_merge
Interstitial lung disease,1,raw_WoS_DE_term_no_synonym_merge
intertissue communication,1,raw_WoS_DE_term_no_synonym_merge
Intervertebral disc,1,raw_WoS_DE_term_no_synonym_merge
Intervertebral disc degeneration,1,raw_WoS_DE_term_no_synonym_merge
intervertebral disc degeneration,1,raw_WoS_DE_term_no_synonym_merge
intestinal barrier in vitro,1,raw_WoS_DE_term_no_synonym_merge
Intestinal IR,1,raw_WoS_DE_term_no_synonym_merge
intestinal microvasculature,1,raw_WoS_DE_term_no_synonym_merge
intestinal permeability,1,raw_WoS_DE_term_no_synonym_merge
Intestinal-type sinonasal adenocarcinomas,1,raw_WoS_DE_term_no_synonym_merge
intima,1,raw_WoS_DE_term_no_synonym_merge
intra lymph node injection,1,raw_WoS_DE_term_no_synonym_merge
Intrabody,1,raw_WoS_DE_term_no_synonym_merge
INTRACELLULAR ACIDOSIS,1,raw_WoS_DE_term_no_synonym_merge
Intracellular communication,1,raw_WoS_DE_term_no_synonym_merge
Intracellular delivery,1,raw_WoS_DE_term_no_synonym_merge
intracellular localization,1,raw_WoS_DE_term_no_synonym_merge
Intracellular pH,1,raw_WoS_DE_term_no_synonym_merge
Intracellular signaling,1,raw_WoS_DE_term_no_synonym_merge
intracellular signaling,1,raw_WoS_DE_term_no_synonym_merge
intracellular traffic,1,raw_WoS_DE_term_no_synonym_merge
intracellular trafficking,1,raw_WoS_DE_term_no_synonym_merge
Intracellular transport,1,raw_WoS_DE_term_no_synonym_merge
intracellular uptake,1,raw_WoS_DE_term_no_synonym_merge
Intracranial Aneurysm,1,raw_WoS_DE_term_no_synonym_merge
Intracranial aneurysm,1,raw_WoS_DE_term_no_synonym_merge
Intracranial aneurysms,1,raw_WoS_DE_term_no_synonym_merge
intracranial atherosclerosis,1,raw_WoS_DE_term_no_synonym_merge
intracranial atherosclerotic stenosis,1,raw_WoS_DE_term_no_synonym_merge
intralumenal vesicle,1,raw_WoS_DE_term_no_synonym_merge
Intranasal administration,1,raw_WoS_DE_term_no_synonym_merge
intranasal administration,1,raw_WoS_DE_term_no_synonym_merge
intranasal delivery,1,raw_WoS_DE_term_no_synonym_merge
Intraneural revascularization,1,raw_WoS_DE_term_no_synonym_merge
Intraplaque angiogenesis,1,raw_WoS_DE_term_no_synonym_merge
Intrasinusoidal thrombosis,1,raw_WoS_DE_term_no_synonym_merge
intratracheal,1,raw_WoS_DE_term_no_synonym_merge
Intratunical injection,1,raw_WoS_DE_term_no_synonym_merge
intrauterine adhesion,1,raw_WoS_DE_term_no_synonym_merge
Intrauterine adhesion (IUA),1,raw_WoS_DE_term_no_synonym_merge
intrauterine growth restriction,1,raw_WoS_DE_term_no_synonym_merge
intravasation,1,raw_WoS_DE_term_no_synonym_merge
intravascular stent,1,raw_WoS_DE_term_no_synonym_merge
invadosome,1,raw_WoS_DE_term_no_synonym_merge
Invasion and metastasis,1,raw_WoS_DE_term_no_synonym_merge
invasive cancer cells,1,raw_WoS_DE_term_no_synonym_merge
invasive mammary carcinoma,1,raw_WoS_DE_term_no_synonym_merge
Iodixanol,1,raw_WoS_DE_term_no_synonym_merge
ion channel,1,raw_WoS_DE_term_no_synonym_merge
Ion-doped hydroxyapatite,1,raw_WoS_DE_term_no_synonym_merge
ionising radiation,1,raw_WoS_DE_term_no_synonym_merge
ionizing radiation,1,raw_WoS_DE_term_no_synonym_merge
IPF,1,raw_WoS_DE_term_no_synonym_merge
IPH,1,raw_WoS_DE_term_no_synonym_merge
iPS cells,1,raw_WoS_DE_term_no_synonym_merge
iPSC-MSCs,1,raw_WoS_DE_term_no_synonym_merge
IPSCs,1,raw_WoS_DE_term_no_synonym_merge
IRAK-1,1,raw_WoS_DE_term_no_synonym_merge
IRF-2,1,raw_WoS_DE_term_no_synonym_merge
iRGD,1,raw_WoS_DE_term_no_synonym_merge
iron,1,raw_WoS_DE_term_no_synonym_merge
Iron oxide nanoparticle,1,raw_WoS_DE_term_no_synonym_merge
IS,1,raw_WoS_DE_term_no_synonym_merge
ischaemia,1,raw_WoS_DE_term_no_synonym_merge
Ischaemia-reperfusion,1,raw_WoS_DE_term_no_synonym_merge
Ischaemia-reperfusion injury,1,raw_WoS_DE_term_no_synonym_merge
ischaemia/reperfusion injury,1,raw_WoS_DE_term_no_synonym_merge
ischaemic flaps,1,raw_WoS_DE_term_no_synonym_merge
Ischaemic hindlimb,1,raw_WoS_DE_term_no_synonym_merge
ischaemic stroke,1,raw_WoS_DE_term_no_synonym_merge
ischemia &#8211,1,raw_WoS_DE_term_no_synonym_merge
Ischemia and reperfusion,1,raw_WoS_DE_term_no_synonym_merge
ischemia reoxygenation,1,raw_WoS_DE_term_no_synonym_merge
ischemia reperfusion,1,raw_WoS_DE_term_no_synonym_merge
Ischemia Reperfusion,1,raw_WoS_DE_term_no_synonym_merge
Ischemia reperfusion,1,raw_WoS_DE_term_no_synonym_merge
ischemia training,1,raw_WoS_DE_term_no_synonym_merge
Ischemia-reperfusion,1,raw_WoS_DE_term_no_synonym_merge
Ischemia-reperfusion (IR),1,raw_WoS_DE_term_no_synonym_merge
ischemia-reperfusion syndrome,1,raw_WoS_DE_term_no_synonym_merge
ischemia/reperfusion (I/R),1,raw_WoS_DE_term_no_synonym_merge
ischemia/reperfusion injury,1,raw_WoS_DE_term_no_synonym_merge
Ischemic,1,raw_WoS_DE_term_no_synonym_merge
ischemic brain injury,1,raw_WoS_DE_term_no_synonym_merge
ischemic dis-,1,raw_WoS_DE_term_no_synonym_merge
ischemic disease,1,raw_WoS_DE_term_no_synonym_merge
ischemic disorders,1,raw_WoS_DE_term_no_synonym_merge
ischemic healing,1,raw_WoS_DE_term_no_synonym_merge
ischemic heart diseases,1,raw_WoS_DE_term_no_synonym_merge
ischemic injury,1,raw_WoS_DE_term_no_synonym_merge
Ischemic limb,1,raw_WoS_DE_term_no_synonym_merge
Ischemic necrosis of the femoral head,1,raw_WoS_DE_term_no_synonym_merge
ischemic postconditioning,1,raw_WoS_DE_term_no_synonym_merge
ischemic preconditioning,1,raw_WoS_DE_term_no_synonym_merge
ischemic rat heart extracts,1,raw_WoS_DE_term_no_synonym_merge
Ischemic re-perfusion (I/R) injury,1,raw_WoS_DE_term_no_synonym_merge
ischemic skin flap,1,raw_WoS_DE_term_no_synonym_merge
Ischemic tissue regeneration,1,raw_WoS_DE_term_no_synonym_merge
Ischemic tolerance,1,raw_WoS_DE_term_no_synonym_merge
ischemic/reperfusion injury,1,raw_WoS_DE_term_no_synonym_merge
islet,1,raw_WoS_DE_term_no_synonym_merge
Islet,1,raw_WoS_DE_term_no_synonym_merge
Islet endothelial cells,1,raw_WoS_DE_term_no_synonym_merge
Islet transplantation,1,raw_WoS_DE_term_no_synonym_merge
islet-1,1,raw_WoS_DE_term_no_synonym_merge
Islets of Langerhans,1,raw_WoS_DE_term_no_synonym_merge
ISO-HAS-1,1,raw_WoS_DE_term_no_synonym_merge
Isocitrate dehydrogenase,1,raw_WoS_DE_term_no_synonym_merge
Isoelectric point,1,raw_WoS_DE_term_no_synonym_merge
isoform switching,1,raw_WoS_DE_term_no_synonym_merge
isolated lung,1,raw_WoS_DE_term_no_synonym_merge
Isolation process,1,raw_WoS_DE_term_no_synonym_merge
isolation technique,1,raw_WoS_DE_term_no_synonym_merge
isolation yield,1,raw_WoS_DE_term_no_synonym_merge
Isoproterenol,1,raw_WoS_DE_term_no_synonym_merge
Issue 100,1,raw_WoS_DE_term_no_synonym_merge
Issue 132,1,raw_WoS_DE_term_no_synonym_merge
Itaconate,1,raw_WoS_DE_term_no_synonym_merge
Itaconic acid,1,raw_WoS_DE_term_no_synonym_merge
ITGB4,1,raw_WoS_DE_term_no_synonym_merge
ITGB6,1,raw_WoS_DE_term_no_synonym_merge
ITP,1,raw_WoS_DE_term_no_synonym_merge
itraconazole,1,raw_WoS_DE_term_no_synonym_merge
IUGR,1,raw_WoS_DE_term_no_synonym_merge
ivabradine,1,raw_WoS_DE_term_no_synonym_merge
Jagged 1,1,raw_WoS_DE_term_no_synonym_merge
Jagged1,1,raw_WoS_DE_term_no_synonym_merge
JAK-STAT3,1,raw_WoS_DE_term_no_synonym_merge
JAK-STAT3 pathway,1,raw_WoS_DE_term_no_synonym_merge
JAK/STAT3,1,raw_WoS_DE_term_no_synonym_merge
JAM-C,1,raw_WoS_DE_term_no_synonym_merge
JAZF1,1,raw_WoS_DE_term_no_synonym_merge
JCPyV,1,raw_WoS_DE_term_no_synonym_merge
Jumonji domain containing protein 6,1,raw_WoS_DE_term_no_synonym_merge
JUNB,1,raw_WoS_DE_term_no_synonym_merge
Juvenile dermatomyositis,1,raw_WoS_DE_term_no_synonym_merge
juvenile dermatomyositis,1,raw_WoS_DE_term_no_synonym_merge
K-Ca channel,1,raw_WoS_DE_term_no_synonym_merge
Kaempferol (KM),1,raw_WoS_DE_term_no_synonym_merge
Kaposi&#8217,1,raw_WoS_DE_term_no_synonym_merge
kappa B pathway,1,raw_WoS_DE_term_no_synonym_merge
KARS1,1,raw_WoS_DE_term_no_synonym_merge
KCNQ1 opposite strand,1,raw_WoS_DE_term_no_synonym_merge
KDM6A,1,raw_WoS_DE_term_no_synonym_merge
KDM6B,1,raw_WoS_DE_term_no_synonym_merge
KEAP1-Nrf2,1,raw_WoS_DE_term_no_synonym_merge
KEGG,1,raw_WoS_DE_term_no_synonym_merge
Keloid,1,raw_WoS_DE_term_no_synonym_merge
keratinocyte proliferation,1,raw_WoS_DE_term_no_synonym_merge
Keratinocyte-originated exosomes,1,raw_WoS_DE_term_no_synonym_merge
Keratinocytes,1,raw_WoS_DE_term_no_synonym_merge
Key targets,1,raw_WoS_DE_term_no_synonym_merge
KEY WORDS,1,raw_WoS_DE_term_no_synonym_merge
Ki67,1,raw_WoS_DE_term_no_synonym_merge
kidney damage,1,raw_WoS_DE_term_no_synonym_merge
Kidney diseases,1,raw_WoS_DE_term_no_synonym_merge
kidney diseases,1,raw_WoS_DE_term_no_synonym_merge
kidney injury,1,raw_WoS_DE_term_no_synonym_merge
kidney preservation,1,raw_WoS_DE_term_no_synonym_merge
Kidney regeneration,1,raw_WoS_DE_term_no_synonym_merge
kidney transplant,1,raw_WoS_DE_term_no_synonym_merge
kidney transplant recipients,1,raw_WoS_DE_term_no_synonym_merge
Kidney transplantation,1,raw_WoS_DE_term_no_synonym_merge
Kinesins,1,raw_WoS_DE_term_no_synonym_merge
Kinetics,1,raw_WoS_DE_term_no_synonym_merge
Klebsiella pneumoniae (K.pn),1,raw_WoS_DE_term_no_synonym_merge
KLF10,1,raw_WoS_DE_term_no_synonym_merge
KLF14,1,raw_WoS_DE_term_no_synonym_merge
KLF3-AS1,1,raw_WoS_DE_term_no_synonym_merge
KLF4,1,raw_WoS_DE_term_no_synonym_merge
KLF5 ubiquitination,1,raw_WoS_DE_term_no_synonym_merge
KLF6,1,raw_WoS_DE_term_no_synonym_merge
KLK4,1,raw_WoS_DE_term_no_synonym_merge
klotho,1,raw_WoS_DE_term_no_synonym_merge
knee loading,1,raw_WoS_DE_term_no_synonym_merge
knee osteoarthritis,1,raw_WoS_DE_term_no_synonym_merge
Knockdown,1,raw_WoS_DE_term_no_synonym_merge
Knockout mice,1,raw_WoS_DE_term_no_synonym_merge
knowledge-map,1,raw_WoS_DE_term_no_synonym_merge
Kr & uuml,1,raw_WoS_DE_term_no_synonym_merge
Kruppel-Like Factor 2,1,raw_WoS_DE_term_no_synonym_merge
Kruppel-like factor 4,1,raw_WoS_DE_term_no_synonym_merge
Kupffer cell,1,raw_WoS_DE_term_no_synonym_merge
Kupffer cells (KCs),1,raw_WoS_DE_term_no_synonym_merge
L-Arginine,1,raw_WoS_DE_term_no_synonym_merge
L-Arginine transport,1,raw_WoS_DE_term_no_synonym_merge
laboratory,1,raw_WoS_DE_term_no_synonym_merge
Lactadherin,1,raw_WoS_DE_term_no_synonym_merge
Lactate shuttle,1,raw_WoS_DE_term_no_synonym_merge
lactation,1,raw_WoS_DE_term_no_synonym_merge
lactic acid bacteria,1,raw_WoS_DE_term_no_synonym_merge
Lactobacillus reuteri,1,raw_WoS_DE_term_no_synonym_merge
Lactobacillus rhamnosus GG,1,raw_WoS_DE_term_no_synonym_merge
laminin,1,raw_WoS_DE_term_no_synonym_merge
laminin 2,1,raw_WoS_DE_term_no_synonym_merge
laminin alpha 2,1,raw_WoS_DE_term_no_synonym_merge
laminins,1,raw_WoS_DE_term_no_synonym_merge
Lamp2b,1,raw_WoS_DE_term_no_synonym_merge
Large EVs,1,raw_WoS_DE_term_no_synonym_merge
Large oncosomes,1,raw_WoS_DE_term_no_synonym_merge
Large tumor suppressor kinase 2 (LATS2),1,raw_WoS_DE_term_no_synonym_merge
large-scale production,1,raw_WoS_DE_term_no_synonym_merge
laser capture microdissection,1,raw_WoS_DE_term_no_synonym_merge
late-onset Alzheimer's disease (LOAD),1,raw_WoS_DE_term_no_synonym_merge
Latent membrane protein 1,1,raw_WoS_DE_term_no_synonym_merge
laterality,1,raw_WoS_DE_term_no_synonym_merge
Layered microneedle,1,raw_WoS_DE_term_no_synonym_merge
LBH,1,raw_WoS_DE_term_no_synonym_merge
LbL microcapsules,1,raw_WoS_DE_term_no_synonym_merge
LC,1,raw_WoS_DE_term_no_synonym_merge
LC3-conjugated extracellular vesicle,1,raw_WoS_DE_term_no_synonym_merge
LCN2,1,raw_WoS_DE_term_no_synonym_merge
LDL cholesterol,1,raw_WoS_DE_term_no_synonym_merge
LDL-cholesterol,1,raw_WoS_DE_term_no_synonym_merge
leaflet,1,raw_WoS_DE_term_no_synonym_merge
lectin,1,raw_WoS_DE_term_no_synonym_merge
Lectins,1,raw_WoS_DE_term_no_synonym_merge
left ventricular assist devices,1,raw_WoS_DE_term_no_synonym_merge
left-ventricular remodelling,1,raw_WoS_DE_term_no_synonym_merge
LeggCalve & PRIME,1,raw_WoS_DE_term_no_synonym_merge
LEM domain containing 3 (LEMD3),1,raw_WoS_DE_term_no_synonym_merge
Lemon exosomes,1,raw_WoS_DE_term_no_synonym_merge
lenalidomide,1,raw_WoS_DE_term_no_synonym_merge
lens epithelial cell,1,raw_WoS_DE_term_no_synonym_merge
Lens epithelial cell,1,raw_WoS_DE_term_no_synonym_merge
Lens epithelial cells,1,raw_WoS_DE_term_no_synonym_merge
lentiviral transduction,1,raw_WoS_DE_term_no_synonym_merge
leptin resistance,1,raw_WoS_DE_term_no_synonym_merge
let&#8208,1,raw_WoS_DE_term_no_synonym_merge
let-7,1,raw_WoS_DE_term_no_synonym_merge
let-7f,1,raw_WoS_DE_term_no_synonym_merge
leucine,1,raw_WoS_DE_term_no_synonym_merge
leukaemia,1,raw_WoS_DE_term_no_synonym_merge
Leukemia,1,raw_WoS_DE_term_no_synonym_merge
Leukemia initiating cells,1,raw_WoS_DE_term_no_synonym_merge
leukemic microenvironment,1,raw_WoS_DE_term_no_synonym_merge
Leukemic stem cell,1,raw_WoS_DE_term_no_synonym_merge
leukocidin,1,raw_WoS_DE_term_no_synonym_merge
Leukocyte activation,1,raw_WoS_DE_term_no_synonym_merge
leukocyte extracellular vesicles,1,raw_WoS_DE_term_no_synonym_merge
Leukocyte-derived extracellular vesicles,1,raw_WoS_DE_term_no_synonym_merge
Leukocytes,1,raw_WoS_DE_term_no_synonym_merge
leukosome,1,raw_WoS_DE_term_no_synonym_merge
leukosomes,1,raw_WoS_DE_term_no_synonym_merge
Leukotriene,1,raw_WoS_DE_term_no_synonym_merge
leukotriene B4,1,raw_WoS_DE_term_no_synonym_merge
Leydig cell,1,raw_WoS_DE_term_no_synonym_merge
ligand-drug conjugate,1,raw_WoS_DE_term_no_synonym_merge
ligands,1,raw_WoS_DE_term_no_synonym_merge
Light exposure,1,raw_WoS_DE_term_no_synonym_merge
Light-emitting diodes (LEDs),1,raw_WoS_DE_term_no_synonym_merge
Limisilactobacillus reuteri,1,raw_WoS_DE_term_no_synonym_merge
Linagliptin,1,raw_WoS_DE_term_no_synonym_merge
linc-CCAT2,1,raw_WoS_DE_term_no_synonym_merge
LINC-PINT,1,raw_WoS_DE_term_no_synonym_merge
Linc-POU3F3,1,raw_WoS_DE_term_no_synonym_merge
Linc-ROR,1,raw_WoS_DE_term_no_synonym_merge
Linc00511,1,raw_WoS_DE_term_no_synonym_merge
LINC00662,1,raw_WoS_DE_term_no_synonym_merge
LINC00968,1,raw_WoS_DE_term_no_synonym_merge
LINC01005,1,raw_WoS_DE_term_no_synonym_merge
LINC01963,1,raw_WoS_DE_term_no_synonym_merge
LINCRNA,1,raw_WoS_DE_term_no_synonym_merge
LincRNA,1,raw_WoS_DE_term_no_synonym_merge
lincRNA-p21,1,raw_WoS_DE_term_no_synonym_merge
Lineage-specific differentiation,1,raw_WoS_DE_term_no_synonym_merge
Linoleic acid,1,raw_WoS_DE_term_no_synonym_merge
Lipid composition,1,raw_WoS_DE_term_no_synonym_merge
Lipid droplets,1,raw_WoS_DE_term_no_synonym_merge
Lipid metabolism,1,raw_WoS_DE_term_no_synonym_merge
lipid microdomains,1,raw_WoS_DE_term_no_synonym_merge
Lipid peroxidation,1,raw_WoS_DE_term_no_synonym_merge
Lipid raft,1,raw_WoS_DE_term_no_synonym_merge
Lipid rafts,1,raw_WoS_DE_term_no_synonym_merge
lipid vesicles,1,raw_WoS_DE_term_no_synonym_merge
lipid-lowering drug,1,raw_WoS_DE_term_no_synonym_merge
lipidated peptides,1,raw_WoS_DE_term_no_synonym_merge
Lipidomics,1,raw_WoS_DE_term_no_synonym_merge
lipoaspirate,1,raw_WoS_DE_term_no_synonym_merge
Lipocalin2,1,raw_WoS_DE_term_no_synonym_merge
lipophilic dyes,1,raw_WoS_DE_term_no_synonym_merge
lipoprotein,1,raw_WoS_DE_term_no_synonym_merge
lipoprotein apheresis,1,raw_WoS_DE_term_no_synonym_merge
Lipoproteins,1,raw_WoS_DE_term_no_synonym_merge
Lipoproteins Endothelial cells,1,raw_WoS_DE_term_no_synonym_merge
liposarcoma,1,raw_WoS_DE_term_no_synonym_merge
liposome,1,raw_WoS_DE_term_no_synonym_merge
Liposomes,1,raw_WoS_DE_term_no_synonym_merge
liposomes nano,1,raw_WoS_DE_term_no_synonym_merge
Lipotoxicity,1,raw_WoS_DE_term_no_synonym_merge
lipotoxicity,1,raw_WoS_DE_term_no_synonym_merge
lipoxygenase,1,raw_WoS_DE_term_no_synonym_merge
liquid band-aid,1,raw_WoS_DE_term_no_synonym_merge
Liquid biopsies,1,raw_WoS_DE_term_no_synonym_merge
Liquid chromatography tandem mass spectrometry,1,raw_WoS_DE_term_no_synonym_merge
liquid condensates,1,raw_WoS_DE_term_no_synonym_merge
Lithium,1,raw_WoS_DE_term_no_synonym_merge
live cell imaging,1,raw_WoS_DE_term_no_synonym_merge
Liver biopsy,1,raw_WoS_DE_term_no_synonym_merge
liver cells,1,raw_WoS_DE_term_no_synonym_merge
Liver cells,1,raw_WoS_DE_term_no_synonym_merge
Liver damage,1,raw_WoS_DE_term_no_synonym_merge
Liver Diseases,1,raw_WoS_DE_term_no_synonym_merge
liver fibrogenesis,1,raw_WoS_DE_term_no_synonym_merge
liver immune microenvironment,1,raw_WoS_DE_term_no_synonym_merge
liver immunology,1,raw_WoS_DE_term_no_synonym_merge
Liver injury,1,raw_WoS_DE_term_no_synonym_merge
liver injury,1,raw_WoS_DE_term_no_synonym_merge
liver macrophages,1,raw_WoS_DE_term_no_synonym_merge
liver metastases,1,raw_WoS_DE_term_no_synonym_merge
liver metastasis,1,raw_WoS_DE_term_no_synonym_merge
liver metastasis tumor,1,raw_WoS_DE_term_no_synonym_merge
Liver prometastatic reaction,1,raw_WoS_DE_term_no_synonym_merge
Liver regeneration,1,raw_WoS_DE_term_no_synonym_merge
liver sinusoidal endothelial cells (LSEC),1,raw_WoS_DE_term_no_synonym_merge
LL-37 expression,1,raw_WoS_DE_term_no_synonym_merge
ller cells,1,raw_WoS_DE_term_no_synonym_merge
LMWH,1,raw_WoS_DE_term_no_synonym_merge
Lnc NEAT1,1,raw_WoS_DE_term_no_synonym_merge
Lnc RNAs,1,raw_WoS_DE_term_no_synonym_merge
lncCCT4-2,1,raw_WoS_DE_term_no_synonym_merge
lncHAR1B,1,raw_WoS_DE_term_no_synonym_merge
LncPART1,1,raw_WoS_DE_term_no_synonym_merge
lncRNA ATB,1,raw_WoS_DE_term_no_synonym_merge
lncRNA CLDN10-AS1,1,raw_WoS_DE_term_no_synonym_merge
lncRNA DUXAP8,1,raw_WoS_DE_term_no_synonym_merge
lncRNA H19,1,raw_WoS_DE_term_no_synonym_merge
lncRNA LINC01356,1,raw_WoS_DE_term_no_synonym_merge
lncRNA LIPCAR,1,raw_WoS_DE_term_no_synonym_merge
lncRNA MTUS2-5,1,raw_WoS_DE_term_no_synonym_merge
lncRNA SNHG12,1,raw_WoS_DE_term_no_synonym_merge
LncRNA TRPM2-AS,1,raw_WoS_DE_term_no_synonym_merge
lncRNA TUG1,1,raw_WoS_DE_term_no_synonym_merge
LncRNA UCA1,1,raw_WoS_DE_term_no_synonym_merge
lncRNA-H19 regulation,1,raw_WoS_DE_term_no_synonym_merge
LncRNA-MALAT1,1,raw_WoS_DE_term_no_synonym_merge
LncRNA-MIAT,1,raw_WoS_DE_term_no_synonym_merge
LncRNA-SENCR,1,raw_WoS_DE_term_no_synonym_merge
lncRNA-ZFAS1,1,raw_WoS_DE_term_no_synonym_merge
lncRNAMALAT1,1,raw_WoS_DE_term_no_synonym_merge
loaded nanoparticle,1,raw_WoS_DE_term_no_synonym_merge
Locomotion,1,raw_WoS_DE_term_no_synonym_merge
lomustine,1,raw_WoS_DE_term_no_synonym_merge
long non&#8208,1,raw_WoS_DE_term_no_synonym_merge
long non-coding RNA (lncRNA),1,raw_WoS_DE_term_no_synonym_merge
Long non-coding RNA colon cancer-associated,1,raw_WoS_DE_term_no_synonym_merge
Long non-coding RNA FENDRR,1,raw_WoS_DE_term_no_synonym_merge
long non-coding RNAs (lncRNAs),1,raw_WoS_DE_term_no_synonym_merge
Long Noncoding,1,raw_WoS_DE_term_no_synonym_merge
Long noncoding RNA,1,raw_WoS_DE_term_no_synonym_merge
Long noncoding RNA (lncRNA),1,raw_WoS_DE_term_no_synonym_merge
Long noncoding RNAs,1,raw_WoS_DE_term_no_synonym_merge
long RNAs,1,raw_WoS_DE_term_no_synonym_merge
long-COVID,1,raw_WoS_DE_term_no_synonym_merge
Long-non-coding RNA H19,1,raw_WoS_DE_term_no_synonym_merge
Long-term consequences,1,raw_WoS_DE_term_no_synonym_merge
Losartan,1,raw_WoS_DE_term_no_synonym_merge
Low back pain,1,raw_WoS_DE_term_no_synonym_merge
low back pain,1,raw_WoS_DE_term_no_synonym_merge
low dose irradiation,1,raw_WoS_DE_term_no_synonym_merge
Low molecular weight heparin,1,raw_WoS_DE_term_no_synonym_merge
Low molecular weight heparin (LMWH),1,raw_WoS_DE_term_no_synonym_merge
low-density granulocyte,1,raw_WoS_DE_term_no_synonym_merge
Low-density lipoprotein (LDL),1,raw_WoS_DE_term_no_synonym_merge
low-density lipoprotein receptor (LDLR),1,raw_WoS_DE_term_no_synonym_merge
low-intensity pulsed ultrasound,1,raw_WoS_DE_term_no_synonym_merge
Low-intensity pulsed ultrasound,1,raw_WoS_DE_term_no_synonym_merge
Low-intensity ultrasound stimulation,1,raw_WoS_DE_term_no_synonym_merge
low-intensity-pulsed focused ultrasound (LIPFUS),1,raw_WoS_DE_term_no_synonym_merge
Low-level laser irradiation,1,raw_WoS_DE_term_no_synonym_merge
low-voltage scanning electron microscopy,1,raw_WoS_DE_term_no_synonym_merge
LOXL4,1,raw_WoS_DE_term_no_synonym_merge
Loxosceles,1,raw_WoS_DE_term_no_synonym_merge
LPA,1,raw_WoS_DE_term_no_synonym_merge
LPA receptors,1,raw_WoS_DE_term_no_synonym_merge
lPS,1,raw_WoS_DE_term_no_synonym_merge
LPS axis,1,raw_WoS_DE_term_no_synonym_merge
LRP proteins,1,raw_WoS_DE_term_no_synonym_merge
LRP1,1,raw_WoS_DE_term_no_synonym_merge
lschemia-reperfusion injury,1,raw_WoS_DE_term_no_synonym_merge
LSECs,1,raw_WoS_DE_term_no_synonym_merge
LSPR,1,raw_WoS_DE_term_no_synonym_merge
LUAD,1,raw_WoS_DE_term_no_synonym_merge
Lung,1,raw_WoS_DE_term_no_synonym_merge
Lung cancer cells,1,raw_WoS_DE_term_no_synonym_merge
Lung damage,1,raw_WoS_DE_term_no_synonym_merge
lung disorders,1,raw_WoS_DE_term_no_synonym_merge
Lung inflammation,1,raw_WoS_DE_term_no_synonym_merge
Lung injury,1,raw_WoS_DE_term_no_synonym_merge
Lung ischemia-reperfusion injury,1,raw_WoS_DE_term_no_synonym_merge
Lung metastasis and colonization,1,raw_WoS_DE_term_no_synonym_merge
lung metastasis signature,1,raw_WoS_DE_term_no_synonym_merge
lung microbiome,1,raw_WoS_DE_term_no_synonym_merge
lung on a chip,1,raw_WoS_DE_term_no_synonym_merge
lung pathology,1,raw_WoS_DE_term_no_synonym_merge
lung pericyte fibrosis,1,raw_WoS_DE_term_no_synonym_merge
Lung prematurity,1,raw_WoS_DE_term_no_synonym_merge
Lung protein permeability,1,raw_WoS_DE_term_no_synonym_merge
lung tumor,1,raw_WoS_DE_term_no_synonym_merge
lung vascular disease,1,raw_WoS_DE_term_no_synonym_merge
Lupus coagulation inhibitor,1,raw_WoS_DE_term_no_synonym_merge
LVD,1,raw_WoS_DE_term_no_synonym_merge
lymph,1,raw_WoS_DE_term_no_synonym_merge
Lymph node metastasis (LNM),1,raw_WoS_DE_term_no_synonym_merge
lymph node metastasis (LNM),1,raw_WoS_DE_term_no_synonym_merge
Lymph nodes,1,raw_WoS_DE_term_no_synonym_merge
Lymphatic,1,raw_WoS_DE_term_no_synonym_merge
lymphatic endothelial cell,1,raw_WoS_DE_term_no_synonym_merge
Lymphatic metastasis,1,raw_WoS_DE_term_no_synonym_merge
lymphatic metastasis,1,raw_WoS_DE_term_no_synonym_merge
lymphatic remodeling,1,raw_WoS_DE_term_no_synonym_merge
lymphatic system,1,raw_WoS_DE_term_no_synonym_merge
Lymphatic system,1,raw_WoS_DE_term_no_synonym_merge
Lymphatic vessel endothelial hyaluronan receptor-1,1,raw_WoS_DE_term_no_synonym_merge
Lymphatic vessels,1,raw_WoS_DE_term_no_synonym_merge
lymphatics,1,raw_WoS_DE_term_no_synonym_merge
Lymphedema,1,raw_WoS_DE_term_no_synonym_merge
lymphedema,1,raw_WoS_DE_term_no_synonym_merge
Lymphocyte,1,raw_WoS_DE_term_no_synonym_merge
Lymphocytes,1,raw_WoS_DE_term_no_synonym_merge
lymphomas,1,raw_WoS_DE_term_no_synonym_merge
lymphoproliferative diseases,1,raw_WoS_DE_term_no_synonym_merge
lymphovascular invasion,1,raw_WoS_DE_term_no_synonym_merge
lysosomal degradation,1,raw_WoS_DE_term_no_synonym_merge
lysosomal sequestration,1,raw_WoS_DE_term_no_synonym_merge
Lysosome,1,raw_WoS_DE_term_no_synonym_merge
Lysosome escape,1,raw_WoS_DE_term_no_synonym_merge
lysyl oxidase,1,raw_WoS_DE_term_no_synonym_merge
Lysyl oxidase-like 2,1,raw_WoS_DE_term_no_synonym_merge
M & uuml,1,raw_WoS_DE_term_no_synonym_merge
M1 macrophages,1,raw_WoS_DE_term_no_synonym_merge
M1-like macrophage,1,raw_WoS_DE_term_no_synonym_merge
M2 macrophage polarization,1,raw_WoS_DE_term_no_synonym_merge
M2 polarization,1,raw_WoS_DE_term_no_synonym_merge
M2-polarized macrophage,1,raw_WoS_DE_term_no_synonym_merge
m6A,1,raw_WoS_DE_term_no_synonym_merge
m6A modification,1,raw_WoS_DE_term_no_synonym_merge
Machine learning,1,raw_WoS_DE_term_no_synonym_merge
machine perfusion,1,raw_WoS_DE_term_no_synonym_merge
Macromolecules,1,raw_WoS_DE_term_no_synonym_merge
Macroparticle,1,raw_WoS_DE_term_no_synonym_merge
Macrophage activation,1,raw_WoS_DE_term_no_synonym_merge
Macrophage cell,1,raw_WoS_DE_term_no_synonym_merge
Macrophage exosomes,1,raw_WoS_DE_term_no_synonym_merge
macrophage infiltration,1,raw_WoS_DE_term_no_synonym_merge
macrophage inflammation regulation,1,raw_WoS_DE_term_no_synonym_merge
macrophage M1 polarization,1,raw_WoS_DE_term_no_synonym_merge
macrophage membrane vesicles,1,raw_WoS_DE_term_no_synonym_merge
macrophage membranes,1,raw_WoS_DE_term_no_synonym_merge
Macrophage migration inhibitory factor,1,raw_WoS_DE_term_no_synonym_merge
Macrophage polarisation,1,raw_WoS_DE_term_no_synonym_merge
Macrophage polarization Tumor aggressiveness,1,raw_WoS_DE_term_no_synonym_merge
macrophage repolarization,1,raw_WoS_DE_term_no_synonym_merge
macrophage reprogramming,1,raw_WoS_DE_term_no_synonym_merge
macrophage-derived extracellular vesicles,1,raw_WoS_DE_term_no_synonym_merge
macrophage-derived microvesicles,1,raw_WoS_DE_term_no_synonym_merge
macrophagederived small extracellular vesicles,1,raw_WoS_DE_term_no_synonym_merge
Macrophages and exosomes,1,raw_WoS_DE_term_no_synonym_merge
Macrophages Exosomes,1,raw_WoS_DE_term_no_synonym_merge
Macrophages polarization,1,raw_WoS_DE_term_no_synonym_merge
macropinocytosis,1,raw_WoS_DE_term_no_synonym_merge
Macropinocytosis,1,raw_WoS_DE_term_no_synonym_merge
macropinosomes,1,raw_WoS_DE_term_no_synonym_merge
MAFLD,1,raw_WoS_DE_term_no_synonym_merge
magnesium,1,raw_WoS_DE_term_no_synonym_merge
magnesium cation,1,raw_WoS_DE_term_no_synonym_merge
Magnesium ions,1,raw_WoS_DE_term_no_synonym_merge
Magnesium-doped bioactive glass,1,raw_WoS_DE_term_no_synonym_merge
magnetic field therapy,1,raw_WoS_DE_term_no_synonym_merge
magnetic fields,1,raw_WoS_DE_term_no_synonym_merge
Magnetic Resonance Imaging,1,raw_WoS_DE_term_no_synonym_merge
magnetic resonance imaging (MRI),1,raw_WoS_DE_term_no_synonym_merge
Major adverse cardiovascular events,1,raw_WoS_DE_term_no_synonym_merge
Major depression,1,raw_WoS_DE_term_no_synonym_merge
major histocompatibility complex class I,1,raw_WoS_DE_term_no_synonym_merge
major histocompatibility complex class II,1,raw_WoS_DE_term_no_synonym_merge
Malaria infection,1,raw_WoS_DE_term_no_synonym_merge
malaria protection,1,raw_WoS_DE_term_no_synonym_merge
MALDI-TOF mass spectrometry,1,raw_WoS_DE_term_no_synonym_merge
male infertility,1,raw_WoS_DE_term_no_synonym_merge
Malignant ascites,1,raw_WoS_DE_term_no_synonym_merge
malignant associated pleural effusion,1,raw_WoS_DE_term_no_synonym_merge
Malignant glioma,1,raw_WoS_DE_term_no_synonym_merge
Malignant melanoma,1,raw_WoS_DE_term_no_synonym_merge
Malignant mesothelioma,1,raw_WoS_DE_term_no_synonym_merge
"Mammalian Ste20-like kinase 1, Mst1",1,raw_WoS_DE_term_no_synonym_merge
Mammospheres,1,raw_WoS_DE_term_no_synonym_merge
Manf,1,raw_WoS_DE_term_no_synonym_merge
mangiferin,1,raw_WoS_DE_term_no_synonym_merge
manipulation,1,raw_WoS_DE_term_no_synonym_merge
MAP kinase signaling pathway,1,raw_WoS_DE_term_no_synonym_merge
MAP3K1,1,raw_WoS_DE_term_no_synonym_merge
MAPK Pathway,1,raw_WoS_DE_term_no_synonym_merge
MAPK signaling pathway,1,raw_WoS_DE_term_no_synonym_merge
Mas receptor,1,raw_WoS_DE_term_no_synonym_merge
MASH,1,raw_WoS_DE_term_no_synonym_merge
Maspin,1,raw_WoS_DE_term_no_synonym_merge
Mass cytometry,1,raw_WoS_DE_term_no_synonym_merge
Mass production,1,raw_WoS_DE_term_no_synonym_merge
mass-spectrometry,1,raw_WoS_DE_term_no_synonym_merge
Mast cell,1,raw_WoS_DE_term_no_synonym_merge
Mast cells,1,raw_WoS_DE_term_no_synonym_merge
materials,1,raw_WoS_DE_term_no_synonym_merge
maternal obesity,1,raw_WoS_DE_term_no_synonym_merge
Matrisome,1,raw_WoS_DE_term_no_synonym_merge
Matrix free,1,raw_WoS_DE_term_no_synonym_merge
MATRIX METALLOPROTEINASE,1,raw_WoS_DE_term_no_synonym_merge
Matrix metalloproteinase,1,raw_WoS_DE_term_no_synonym_merge
matrix metalloproteinase 14,1,raw_WoS_DE_term_no_synonym_merge
matrix metalloproteinase 9,1,raw_WoS_DE_term_no_synonym_merge
matrix metalloproteinase 9 (MMP9),1,raw_WoS_DE_term_no_synonym_merge
matrix metalloproteinase-2,1,raw_WoS_DE_term_no_synonym_merge
matrix vesicle,1,raw_WoS_DE_term_no_synonym_merge
matrix vesicles,1,raw_WoS_DE_term_no_synonym_merge
matrix-bound nanovesicles,1,raw_WoS_DE_term_no_synonym_merge
Matrix-bound nanovesicles (MBVs),1,raw_WoS_DE_term_no_synonym_merge
maxillofacial defects,1,raw_WoS_DE_term_no_synonym_merge
MCAM,1,raw_WoS_DE_term_no_synonym_merge
MCM3AP-AS1,1,raw_WoS_DE_term_no_synonym_merge
MCMV,1,raw_WoS_DE_term_no_synonym_merge
MCP-1,1,raw_WoS_DE_term_no_synonym_merge
MCPs-EVs,1,raw_WoS_DE_term_no_synonym_merge
MCSP,1,raw_WoS_DE_term_no_synonym_merge
MDK,1,raw_WoS_DE_term_no_synonym_merge
MDMX,1,raw_WoS_DE_term_no_synonym_merge
MDSC (myeloid-derived suppressor cell),1,raw_WoS_DE_term_no_synonym_merge
MDSC (myeloid-derived suppressor cells),1,raw_WoS_DE_term_no_synonym_merge
MDSC exosomes,1,raw_WoS_DE_term_no_synonym_merge
MEC-1,1,raw_WoS_DE_term_no_synonym_merge
mechanical force,1,raw_WoS_DE_term_no_synonym_merge
Mechanical microenvironment,1,raw_WoS_DE_term_no_synonym_merge
mechanical strain,1,raw_WoS_DE_term_no_synonym_merge
mechanical stretch,1,raw_WoS_DE_term_no_synonym_merge
mechanical unloading,1,raw_WoS_DE_term_no_synonym_merge
mechanical ventilation,1,raw_WoS_DE_term_no_synonym_merge
mechanism application,1,raw_WoS_DE_term_no_synonym_merge
mechanism of action,1,raw_WoS_DE_term_no_synonym_merge
mechanism of heart failure,1,raw_WoS_DE_term_no_synonym_merge
Mechanism Research,1,raw_WoS_DE_term_no_synonym_merge
mechanism research,1,raw_WoS_DE_term_no_synonym_merge
mechanisms of action,1,raw_WoS_DE_term_no_synonym_merge
mechanistic modes,1,raw_WoS_DE_term_no_synonym_merge
mechanobiology,1,raw_WoS_DE_term_no_synonym_merge
medial arterial calcification,1,raw_WoS_DE_term_no_synonym_merge
mediators,1,raw_WoS_DE_term_no_synonym_merge
medical countermeasures against radiation,1,raw_WoS_DE_term_no_synonym_merge
medium/large vesicles,1,raw_WoS_DE_term_no_synonym_merge
Megakaryocytic,1,raw_WoS_DE_term_no_synonym_merge
megakaryocytic extracellular vesicle,1,raw_WoS_DE_term_no_synonym_merge
megakaryopoiesis,1,raw_WoS_DE_term_no_synonym_merge
MEK,1,raw_WoS_DE_term_no_synonym_merge
melanocortin receptors,1,raw_WoS_DE_term_no_synonym_merge
melanocytes,1,raw_WoS_DE_term_no_synonym_merge
Melanoma,1,raw_WoS_DE_term_no_synonym_merge
Melanoma cell adhesion molecule,1,raw_WoS_DE_term_no_synonym_merge
Melanoma Cell Adhesion Molecule,1,raw_WoS_DE_term_no_synonym_merge
Melanoma cells,1,raw_WoS_DE_term_no_synonym_merge
melanoma resistance,1,raw_WoS_DE_term_no_synonym_merge
melanoma-associated chondroitin sulfate proteoglycan,1,raw_WoS_DE_term_no_synonym_merge
Melt electrowriting,1,raw_WoS_DE_term_no_synonym_merge
membrane,1,raw_WoS_DE_term_no_synonym_merge
membrane attack complex (MAC),1,raw_WoS_DE_term_no_synonym_merge
membrane complement regulatory proteins,1,raw_WoS_DE_term_no_synonym_merge
Membrane microdomains,1,raw_WoS_DE_term_no_synonym_merge
Membrane pearling,1,raw_WoS_DE_term_no_synonym_merge
membrane permeation,1,raw_WoS_DE_term_no_synonym_merge
membrane proteins,1,raw_WoS_DE_term_no_synonym_merge
Membrane receptor,1,raw_WoS_DE_term_no_synonym_merge
Membrane transport,1,raw_WoS_DE_term_no_synonym_merge
Membrane vesicle,1,raw_WoS_DE_term_no_synonym_merge
membrane vesicle,1,raw_WoS_DE_term_no_synonym_merge
membranous nephropathy,1,raw_WoS_DE_term_no_synonym_merge
Memory,1,raw_WoS_DE_term_no_synonym_merge
Mendelian randomization,1,raw_WoS_DE_term_no_synonym_merge
Meningioma,1,raw_WoS_DE_term_no_synonym_merge
meningoencephalitis,1,raw_WoS_DE_term_no_synonym_merge
menstrual blood,1,raw_WoS_DE_term_no_synonym_merge
menstrual cycle,1,raw_WoS_DE_term_no_synonym_merge
Menstrual stem cells,1,raw_WoS_DE_term_no_synonym_merge
mesen- chymal stem cells,1,raw_WoS_DE_term_no_synonym_merge
Mesenchymal stem,1,raw_WoS_DE_term_no_synonym_merge
mesenchymal stem cell (MSC),1,raw_WoS_DE_term_no_synonym_merge
Mesenchymal stem cell (MSC),1,raw_WoS_DE_term_no_synonym_merge
mesenchymal stem cell EVs,1,raw_WoS_DE_term_no_synonym_merge
Mesenchymal stem cell exosome,1,raw_WoS_DE_term_no_synonym_merge
Mesenchymal stem cell exosomes,1,raw_WoS_DE_term_no_synonym_merge
Mesenchymal stem cell extracellular vesicles,1,raw_WoS_DE_term_no_synonym_merge
Mesenchymal stem cell secretome,1,raw_WoS_DE_term_no_synonym_merge
Mesenchymal stem cell(MSC),1,raw_WoS_DE_term_no_synonym_merge
Mesenchymal stem cell-derived exosomes,1,raw_WoS_DE_term_no_synonym_merge
Mesenchymal Stem Cells,1,raw_WoS_DE_term_no_synonym_merge
mesenchymal stem cells (MeSH ID D059630),1,raw_WoS_DE_term_no_synonym_merge
Mesenchymal stem cells derived EVs,1,raw_WoS_DE_term_no_synonym_merge
mesenchymal stem cells derived exosomes,1,raw_WoS_DE_term_no_synonym_merge
mesenchymal stem or stromal cells,1,raw_WoS_DE_term_no_synonym_merge
Mesenchymal stem-cells,1,raw_WoS_DE_term_no_synonym_merge
mesenchymal stem/stromal cells,1,raw_WoS_DE_term_no_synonym_merge
mesenchymal stem/stromal cells (MSC),1,raw_WoS_DE_term_no_synonym_merge
Mesenchymal stroma/stem cells,1,raw_WoS_DE_term_no_synonym_merge
mesenchymal stromal,1,raw_WoS_DE_term_no_synonym_merge
mesenchymal stromal (stem) cell (MSC),1,raw_WoS_DE_term_no_synonym_merge
Mesenchymal stromal/stem cells,1,raw_WoS_DE_term_no_synonym_merge
mesenchymal-endothelial transition,1,raw_WoS_DE_term_no_synonym_merge
Mesoglycan,1,raw_WoS_DE_term_no_synonym_merge
mesoglycan,1,raw_WoS_DE_term_no_synonym_merge
Mesoporous silica,1,raw_WoS_DE_term_no_synonym_merge
Mesoporous silica nanoparticles,1,raw_WoS_DE_term_no_synonym_merge
mesothelioma,1,raw_WoS_DE_term_no_synonym_merge
mesothelium,1,raw_WoS_DE_term_no_synonym_merge
message transfer,1,raw_WoS_DE_term_no_synonym_merge
Metabolic diseases,1,raw_WoS_DE_term_no_synonym_merge
Metabolic dysfunction -associated steatotic liver,1,raw_WoS_DE_term_no_synonym_merge
metabolic dysfunction-associated steatohepatitis (MASH),1,raw_WoS_DE_term_no_synonym_merge
Metabolic dysfunction-associated steatotic liver disease,1,raw_WoS_DE_term_no_synonym_merge
metabolic dysfunction-associated steatotic liver disease (MASLD),1,raw_WoS_DE_term_no_synonym_merge
Metabolic function,1,raw_WoS_DE_term_no_synonym_merge
metabolic homeostasis,1,raw_WoS_DE_term_no_synonym_merge
metabolic profiling,1,raw_WoS_DE_term_no_synonym_merge
metabolic reprogramming,1,raw_WoS_DE_term_no_synonym_merge
Metabolic reprogramming,1,raw_WoS_DE_term_no_synonym_merge
Metabolic shift,1,raw_WoS_DE_term_no_synonym_merge
Metabolic stress,1,raw_WoS_DE_term_no_synonym_merge
Metabolites,1,raw_WoS_DE_term_no_synonym_merge
metainflammation,1,raw_WoS_DE_term_no_synonym_merge
Metal phenolic network,1,raw_WoS_DE_term_no_synonym_merge
Metal-organic frameworks,1,raw_WoS_DE_term_no_synonym_merge
metalloproteinase,1,raw_WoS_DE_term_no_synonym_merge
Metalloproteinase,1,raw_WoS_DE_term_no_synonym_merge
metalloproteinase 14,1,raw_WoS_DE_term_no_synonym_merge
metalloproteinases,1,raw_WoS_DE_term_no_synonym_merge
Metalloproteinases,1,raw_WoS_DE_term_no_synonym_merge
metapristone,1,raw_WoS_DE_term_no_synonym_merge
metastasis chemoprevention,1,raw_WoS_DE_term_no_synonym_merge
metastasis esophageal carcinoma,1,raw_WoS_DE_term_no_synonym_merge
metastasis-associated lung adenocarcinoma transcript 1,1,raw_WoS_DE_term_no_synonym_merge
Metastatic carcinoma,1,raw_WoS_DE_term_no_synonym_merge
metastatic colorectal cancer (mCRC),1,raw_WoS_DE_term_no_synonym_merge
Metastatic niche,1,raw_WoS_DE_term_no_synonym_merge
Metastatic stem cells,1,raw_WoS_DE_term_no_synonym_merge
metastatic uveal melanoma,1,raw_WoS_DE_term_no_synonym_merge
Methacrylated hyaluronic acid,1,raw_WoS_DE_term_no_synonym_merge
Methionase,1,raw_WoS_DE_term_no_synonym_merge
methods,1,raw_WoS_DE_term_no_synonym_merge
Methotrexate,1,raw_WoS_DE_term_no_synonym_merge
methylation,1,raw_WoS_DE_term_no_synonym_merge
METTL14,1,raw_WoS_DE_term_no_synonym_merge
METTL3,1,raw_WoS_DE_term_no_synonym_merge
MFGE8/exosome,1,raw_WoS_DE_term_no_synonym_merge
MFI2-AS1,1,raw_WoS_DE_term_no_synonym_merge
MFSD2,1,raw_WoS_DE_term_no_synonym_merge
Mg-Zn-Y-Nd alloy,1,raw_WoS_DE_term_no_synonym_merge
MgF2-PDA/exosome coating,1,raw_WoS_DE_term_no_synonym_merge
MGL,1,raw_WoS_DE_term_no_synonym_merge
MHC,1,raw_WoS_DE_term_no_synonym_merge
mi-RNA,1,raw_WoS_DE_term_no_synonym_merge
Miaovesides,1,raw_WoS_DE_term_no_synonym_merge
Mice,1,raw_WoS_DE_term_no_synonym_merge
mice model,1,raw_WoS_DE_term_no_synonym_merge
mice myocytes,1,raw_WoS_DE_term_no_synonym_merge
Micro RNAs,1,raw_WoS_DE_term_no_synonym_merge
micro- and nanobubbles,1,raw_WoS_DE_term_no_synonym_merge
Micro-RNA,1,raw_WoS_DE_term_no_synonym_merge
Micro-RNAs,1,raw_WoS_DE_term_no_synonym_merge
Microangiopathy,1,raw_WoS_DE_term_no_synonym_merge
Microarray,1,raw_WoS_DE_term_no_synonym_merge
microbe-host,1,raw_WoS_DE_term_no_synonym_merge
Microbiome,1,raw_WoS_DE_term_no_synonym_merge
Microbubbles,1,raw_WoS_DE_term_no_synonym_merge
microenvironment mimetic,1,raw_WoS_DE_term_no_synonym_merge
microenvironment regulation,1,raw_WoS_DE_term_no_synonym_merge
microenvironment targeting,1,raw_WoS_DE_term_no_synonym_merge
Microfiber,1,raw_WoS_DE_term_no_synonym_merge
microfluidic,1,raw_WoS_DE_term_no_synonym_merge
Microfluidic chip,1,raw_WoS_DE_term_no_synonym_merge
Microfluidic culture,1,raw_WoS_DE_term_no_synonym_merge
microfluidic device,1,raw_WoS_DE_term_no_synonym_merge
microfluidic printing,1,raw_WoS_DE_term_no_synonym_merge
Microfluidic system,1,raw_WoS_DE_term_no_synonym_merge
microfluidicchip,1,raw_WoS_DE_term_no_synonym_merge
Microfluidics,1,raw_WoS_DE_term_no_synonym_merge
microglial M1-polarization,1,raw_WoS_DE_term_no_synonym_merge
microgravity,1,raw_WoS_DE_term_no_synonym_merge
microgrooved topography,1,raw_WoS_DE_term_no_synonym_merge
Microneedle,1,raw_WoS_DE_term_no_synonym_merge
microneedles,1,raw_WoS_DE_term_no_synonym_merge
microorganisms,1,raw_WoS_DE_term_no_synonym_merge
Microorganisms,1,raw_WoS_DE_term_no_synonym_merge
MICROPARTICLES,1,raw_WoS_DE_term_no_synonym_merge
microparticles (MP),1,raw_WoS_DE_term_no_synonym_merge
Microparticles (MPs),1,raw_WoS_DE_term_no_synonym_merge
micropatterned hydrogels,1,raw_WoS_DE_term_no_synonym_merge
Microphysiological,1,raw_WoS_DE_term_no_synonym_merge
Microphysiological Systems,1,raw_WoS_DE_term_no_synonym_merge
microporticle,1,raw_WoS_DE_term_no_synonym_merge
MicroRNA (miRNA),1,raw_WoS_DE_term_no_synonym_merge
microRNA 1249,1,raw_WoS_DE_term_no_synonym_merge
microRNA biogenesis,1,raw_WoS_DE_term_no_synonym_merge
microRNA delivery,1,raw_WoS_DE_term_no_synonym_merge
microRNA functions in nucleus,1,raw_WoS_DE_term_no_synonym_merge
microRNA network,1,raw_WoS_DE_term_no_synonym_merge
microRNA profiling,1,raw_WoS_DE_term_no_synonym_merge
microRNA sponge,1,raw_WoS_DE_term_no_synonym_merge
Microrna-10a-5p,1,raw_WoS_DE_term_no_synonym_merge
microRNA-1246,1,raw_WoS_DE_term_no_synonym_merge
microRNA-125b,1,raw_WoS_DE_term_no_synonym_merge
MicroRNA-125b-5p,1,raw_WoS_DE_term_no_synonym_merge
MicroRNA-126-3p,1,raw_WoS_DE_term_no_synonym_merge
microRNA-129,1,raw_WoS_DE_term_no_synonym_merge
microRNA-135a-3p,1,raw_WoS_DE_term_no_synonym_merge
MicroRNA-135b-5p,1,raw_WoS_DE_term_no_synonym_merge
microRNA-136-5p,1,raw_WoS_DE_term_no_synonym_merge
microRNA-137,1,raw_WoS_DE_term_no_synonym_merge
microRNA-138,1,raw_WoS_DE_term_no_synonym_merge
MicroRNA-138-5p,1,raw_WoS_DE_term_no_synonym_merge
microRNA-146a,1,raw_WoS_DE_term_no_synonym_merge
MicroRNA-146a,1,raw_WoS_DE_term_no_synonym_merge
microRNA-146a-5p,1,raw_WoS_DE_term_no_synonym_merge
MicroRNA-155,1,raw_WoS_DE_term_no_synonym_merge
microRNA-15a,1,raw_WoS_DE_term_no_synonym_merge
microRNA-15a-3p,1,raw_WoS_DE_term_no_synonym_merge
microRNA-16,1,raw_WoS_DE_term_no_synonym_merge
MicroRNA-16-5p,1,raw_WoS_DE_term_no_synonym_merge
MicroRNA-181b,1,raw_WoS_DE_term_no_synonym_merge
microRNA-183-5p,1,raw_WoS_DE_term_no_synonym_merge
MicroRNA-185-3p,1,raw_WoS_DE_term_no_synonym_merge
microRNA-18b,1,raw_WoS_DE_term_no_synonym_merge
microRNA-195-5p,1,raw_WoS_DE_term_no_synonym_merge
microRNA-21-5p,1,raw_WoS_DE_term_no_synonym_merge
microRNA-210,1,raw_WoS_DE_term_no_synonym_merge
microRNA-210-3p,1,raw_WoS_DE_term_no_synonym_merge
MicroRNA-212,1,raw_WoS_DE_term_no_synonym_merge
microRNA-22-3p,1,raw_WoS_DE_term_no_synonym_merge
microRNA-221-3p,1,raw_WoS_DE_term_no_synonym_merge
microRNA-222-3p,1,raw_WoS_DE_term_no_synonym_merge
microRNA-223,1,raw_WoS_DE_term_no_synonym_merge
MicroRNA-223,1,raw_WoS_DE_term_no_synonym_merge
microRNA-223-3p,1,raw_WoS_DE_term_no_synonym_merge
microRNA-23a,1,raw_WoS_DE_term_no_synonym_merge
microRNA-23b,1,raw_WoS_DE_term_no_synonym_merge
MicroRNA-24-3p,1,raw_WoS_DE_term_no_synonym_merge
microRNA-25-3p,1,raw_WoS_DE_term_no_synonym_merge
microRNA-26a,1,raw_WoS_DE_term_no_synonym_merge
microRNA-27a,1,raw_WoS_DE_term_no_synonym_merge
microRNA-28,1,raw_WoS_DE_term_no_synonym_merge
microRNA-302,1,raw_WoS_DE_term_no_synonym_merge
microRNA-30b,1,raw_WoS_DE_term_no_synonym_merge
microRNA-342-3p,1,raw_WoS_DE_term_no_synonym_merge
microRNA-34c-5p,1,raw_WoS_DE_term_no_synonym_merge
MicroRNA-375-3p,1,raw_WoS_DE_term_no_synonym_merge
microRNA-376c,1,raw_WoS_DE_term_no_synonym_merge
microRNA-378b,1,raw_WoS_DE_term_no_synonym_merge
microRNA-382-3p,1,raw_WoS_DE_term_no_synonym_merge
microRNA-424,1,raw_WoS_DE_term_no_synonym_merge
microRNA-486-5p,1,raw_WoS_DE_term_no_synonym_merge
microRNA-503-5p,1,raw_WoS_DE_term_no_synonym_merge
microRNA-584-5p,1,raw_WoS_DE_term_no_synonym_merge
MicroRNA-92a,1,raw_WoS_DE_term_no_synonym_merge
microRNA-92a,1,raw_WoS_DE_term_no_synonym_merge
microRNA-93-5p,1,raw_WoS_DE_term_no_synonym_merge
microRNA-944,1,raw_WoS_DE_term_no_synonym_merge
microRNA1264,1,raw_WoS_DE_term_no_synonym_merge
microRNA200,1,raw_WoS_DE_term_no_synonym_merge
microRNA210,1,raw_WoS_DE_term_no_synonym_merge
Micrornas,1,raw_WoS_DE_term_no_synonym_merge
microRNAs (miRNAs),1,raw_WoS_DE_term_no_synonym_merge
Microscopic polyangiitis,1,raw_WoS_DE_term_no_synonym_merge
Microscopy,1,raw_WoS_DE_term_no_synonym_merge
microspheres,1,raw_WoS_DE_term_no_synonym_merge
microtissue,1,raw_WoS_DE_term_no_synonym_merge
Microtopography,1,raw_WoS_DE_term_no_synonym_merge
microtopology,1,raw_WoS_DE_term_no_synonym_merge
Microtubule,1,raw_WoS_DE_term_no_synonym_merge
Microtubules,1,raw_WoS_DE_term_no_synonym_merge
microvascular,1,raw_WoS_DE_term_no_synonym_merge
Microvascular,1,raw_WoS_DE_term_no_synonym_merge
microvascular cells,1,raw_WoS_DE_term_no_synonym_merge
microvascular density,1,raw_WoS_DE_term_no_synonym_merge
microvascular endothelial cell injury,1,raw_WoS_DE_term_no_synonym_merge
microvascular endothelial cell line,1,raw_WoS_DE_term_no_synonym_merge
Microvascular endothelial cells,1,raw_WoS_DE_term_no_synonym_merge
microvascular fragments,1,raw_WoS_DE_term_no_synonym_merge
microvascular leakage,1,raw_WoS_DE_term_no_synonym_merge
Microvascular network characteristics,1,raw_WoS_DE_term_no_synonym_merge
microvascular pathology,1,raw_WoS_DE_term_no_synonym_merge
microvascular regeneration,1,raw_WoS_DE_term_no_synonym_merge
Microvascular remodeling,1,raw_WoS_DE_term_no_synonym_merge
microvascular structure,1,raw_WoS_DE_term_no_synonym_merge
Microvascularization,1,raw_WoS_DE_term_no_synonym_merge
microvasculature,1,raw_WoS_DE_term_no_synonym_merge
Microvasculature,1,raw_WoS_DE_term_no_synonym_merge
Microvescicles,1,raw_WoS_DE_term_no_synonym_merge
Microvesicle (MIV),1,raw_WoS_DE_term_no_synonym_merge
Microvesicle endocytosis,1,raw_WoS_DE_term_no_synonym_merge
Microvesicle formation,1,raw_WoS_DE_term_no_synonym_merge
microvesicle internalization,1,raw_WoS_DE_term_no_synonym_merge
microvesicle processing,1,raw_WoS_DE_term_no_synonym_merge
Microvesicles (20K EVs),1,raw_WoS_DE_term_no_synonym_merge
microvesicles (MV),1,raw_WoS_DE_term_no_synonym_merge
microvesicles (MVs),1,raw_WoS_DE_term_no_synonym_merge
Microvesicles carrying mitochondrial content,1,raw_WoS_DE_term_no_synonym_merge
microvesicular,1,raw_WoS_DE_term_no_synonym_merge
Microvesicular communication,1,raw_WoS_DE_term_no_synonym_merge
Microvesicular functions,1,raw_WoS_DE_term_no_synonym_merge
Microvessel endothelial cells,1,raw_WoS_DE_term_no_synonym_merge
Middle cerebral artery,1,raw_WoS_DE_term_no_synonym_merge
midkine,1,raw_WoS_DE_term_no_synonym_merge
migracytosis,1,raw_WoS_DE_term_no_synonym_merge
migrasome,1,raw_WoS_DE_term_no_synonym_merge
migration.,1,raw_WoS_DE_term_no_synonym_merge
MIIP/PI3K/AKT pathway,1,raw_WoS_DE_term_no_synonym_merge
milk,1,raw_WoS_DE_term_no_synonym_merge
Milk,1,raw_WoS_DE_term_no_synonym_merge
milk fat globule,1,raw_WoS_DE_term_no_synonym_merge
milk-derived exosomes,1,raw_WoS_DE_term_no_synonym_merge
mimic model,1,raw_WoS_DE_term_no_synonym_merge
mineralocorticoid receptor,1,raw_WoS_DE_term_no_synonym_merge
Mini-review,1,raw_WoS_DE_term_no_synonym_merge
Minimal information,1,raw_WoS_DE_term_no_synonym_merge
Minimally invasive biomarkers,1,raw_WoS_DE_term_no_synonym_merge
miR (microRNA),1,raw_WoS_DE_term_no_synonym_merge
miR-103a-3p,1,raw_WoS_DE_term_no_synonym_merge
miR-10527-5p,1,raw_WoS_DE_term_no_synonym_merge
miR-106a-5p,1,raw_WoS_DE_term_no_synonym_merge
miR-106b-5p,1,raw_WoS_DE_term_no_synonym_merge
miR-10a,1,raw_WoS_DE_term_no_synonym_merge
miR-10b,1,raw_WoS_DE_term_no_synonym_merge
miR-122-5p,1,raw_WoS_DE_term_no_synonym_merge
miR-124,1,raw_WoS_DE_term_no_synonym_merge
miR-1247-3p,1,raw_WoS_DE_term_no_synonym_merge
miR-1248,1,raw_WoS_DE_term_no_synonym_merge
miR-125a,1,raw_WoS_DE_term_no_synonym_merge
miR-125a-3p,1,raw_WoS_DE_term_no_synonym_merge
MiR-126,1,raw_WoS_DE_term_no_synonym_merge
miR-126 exosomes,1,raw_WoS_DE_term_no_synonym_merge
miR-126-5p,1,raw_WoS_DE_term_no_synonym_merge
miR-126a-3p,1,raw_WoS_DE_term_no_synonym_merge
miR-126a-5p,1,raw_WoS_DE_term_no_synonym_merge
miR-127,1,raw_WoS_DE_term_no_synonym_merge
MiR-1287-5p,1,raw_WoS_DE_term_no_synonym_merge
miR-1290,1,raw_WoS_DE_term_no_synonym_merge
miR-130a-3p,1,raw_WoS_DE_term_no_synonym_merge
MiR-130a/PTEN/AKT pathway,1,raw_WoS_DE_term_no_synonym_merge
miR-130b-5p,1,raw_WoS_DE_term_no_synonym_merge
miR-133,1,raw_WoS_DE_term_no_synonym_merge
MiR-133a-3p,1,raw_WoS_DE_term_no_synonym_merge
miR-133a-3p,1,raw_WoS_DE_term_no_synonym_merge
miR-135b-5p,1,raw_WoS_DE_term_no_synonym_merge
miR-137,1,raw_WoS_DE_term_no_synonym_merge
miR-138-5p,1,raw_WoS_DE_term_no_synonym_merge
miR-140-3p,1,raw_WoS_DE_term_no_synonym_merge
miR-142-3p,1,raw_WoS_DE_term_no_synonym_merge
miR-142-5p,1,raw_WoS_DE_term_no_synonym_merge
miR-144-3p,1,raw_WoS_DE_term_no_synonym_merge
miR-145-5p,1,raw_WoS_DE_term_no_synonym_merge
MiR-146a-5p,1,raw_WoS_DE_term_no_synonym_merge
miR-150,1,raw_WoS_DE_term_no_synonym_merge
miR-150-3p,1,raw_WoS_DE_term_no_synonym_merge
miR-153-3p,1,raw_WoS_DE_term_no_synonym_merge
MiR-154-3p,1,raw_WoS_DE_term_no_synonym_merge
miR-154-5p,1,raw_WoS_DE_term_no_synonym_merge
miR-155/SOCS6/p65,1,raw_WoS_DE_term_no_synonym_merge
miR-16-2,1,raw_WoS_DE_term_no_synonym_merge
miR-16-2-3p,1,raw_WoS_DE_term_no_synonym_merge
miR-16-5p,1,raw_WoS_DE_term_no_synonym_merge
miR-17-5p/PTEN/ AKT/HIF-1 alpha/VEGF pathway,1,raw_WoS_DE_term_no_synonym_merge
MiR-17-92,1,raw_WoS_DE_term_no_synonym_merge
miR-17-92 cluster,1,raw_WoS_DE_term_no_synonym_merge
miR-181a-5p,1,raw_WoS_DE_term_no_synonym_merge
miR-181b-5p,1,raw_WoS_DE_term_no_synonym_merge
miR-183-5p,1,raw_WoS_DE_term_no_synonym_merge
miR-184,1,raw_WoS_DE_term_no_synonym_merge
miR-188-3p,1,raw_WoS_DE_term_no_synonym_merge
miR-18a,1,raw_WoS_DE_term_no_synonym_merge
miR-194,1,raw_WoS_DE_term_no_synonym_merge
miR-194-5p,1,raw_WoS_DE_term_no_synonym_merge
miR-1972,1,raw_WoS_DE_term_no_synonym_merge
miR-199b-5p,1,raw_WoS_DE_term_no_synonym_merge
miR-19a,1,raw_WoS_DE_term_no_synonym_merge
miR-19a-3p,1,raw_WoS_DE_term_no_synonym_merge
miR-200a-3p,1,raw_WoS_DE_term_no_synonym_merge
miR-200b,1,raw_WoS_DE_term_no_synonym_merge
miR-200c-3p,1,raw_WoS_DE_term_no_synonym_merge
miR-202-5p,1,raw_WoS_DE_term_no_synonym_merge
miR-204,1,raw_WoS_DE_term_no_synonym_merge
miR-204-3p,1,raw_WoS_DE_term_no_synonym_merge
miR-208,1,raw_WoS_DE_term_no_synonym_merge
miR-208a,1,raw_WoS_DE_term_no_synonym_merge
miR-21-5P,1,raw_WoS_DE_term_no_synonym_merge
Mir-210,1,raw_WoS_DE_term_no_synonym_merge
MiR-210-3p,1,raw_WoS_DE_term_no_synonym_merge
miR-216a-5p,1,raw_WoS_DE_term_no_synonym_merge
miR-221 and 222,1,raw_WoS_DE_term_no_synonym_merge
miR-221/222,1,raw_WoS_DE_term_no_synonym_merge
miR-222-3p,1,raw_WoS_DE_term_no_synonym_merge
miR-224,1,raw_WoS_DE_term_no_synonym_merge
miR-224-3p,1,raw_WoS_DE_term_no_synonym_merge
miR-23a,1,raw_WoS_DE_term_no_synonym_merge
miR-23a-5p,1,raw_WoS_DE_term_no_synonym_merge
miR-25,1,raw_WoS_DE_term_no_synonym_merge
miR-26a,1,raw_WoS_DE_term_no_synonym_merge
MiR-26a-3p,1,raw_WoS_DE_term_no_synonym_merge
miR-26a-5p,1,raw_WoS_DE_term_no_synonym_merge
miR-26b-5p,1,raw_WoS_DE_term_no_synonym_merge
miR-27b-3p,1,raw_WoS_DE_term_no_synonym_merge
miR-296,1,raw_WoS_DE_term_no_synonym_merge
miR-29a,1,raw_WoS_DE_term_no_synonym_merge
miR-29a-3p,1,raw_WoS_DE_term_no_synonym_merge
MiR-29b,1,raw_WoS_DE_term_no_synonym_merge
miR-29b,1,raw_WoS_DE_term_no_synonym_merge
miR-302d-3p,1,raw_WoS_DE_term_no_synonym_merge
miR-3059-5p,1,raw_WoS_DE_term_no_synonym_merge
MiR-30b-5p,1,raw_WoS_DE_term_no_synonym_merge
MiR-30c-5p,1,raw_WoS_DE_term_no_synonym_merge
miR-30d-5p,1,raw_WoS_DE_term_no_synonym_merge
miR-30e-5p,1,raw_WoS_DE_term_no_synonym_merge
miR-31-5p,1,raw_WoS_DE_term_no_synonym_merge
miR-3124-5p,1,raw_WoS_DE_term_no_synonym_merge
miR-3131,1,raw_WoS_DE_term_no_synonym_merge
miR-320a-3p,1,raw_WoS_DE_term_no_synonym_merge
miR-322,1,raw_WoS_DE_term_no_synonym_merge
miR-326-3p,1,raw_WoS_DE_term_no_synonym_merge
miR-33,1,raw_WoS_DE_term_no_synonym_merge
miR-339-5p,1,raw_WoS_DE_term_no_synonym_merge
MiR-33a-5p,1,raw_WoS_DE_term_no_synonym_merge
miR-340-5p,1,raw_WoS_DE_term_no_synonym_merge
miR-342-5p,1,raw_WoS_DE_term_no_synonym_merge
miR-34c-5p,1,raw_WoS_DE_term_no_synonym_merge
miR-3619-5p,1,raw_WoS_DE_term_no_synonym_merge
miR-3682-3p,1,raw_WoS_DE_term_no_synonym_merge
MiR-370-3p,1,raw_WoS_DE_term_no_synonym_merge
mir-370-3p,1,raw_WoS_DE_term_no_synonym_merge
miR-375,1,raw_WoS_DE_term_no_synonym_merge
miR-378,1,raw_WoS_DE_term_no_synonym_merge
miR-378a,1,raw_WoS_DE_term_no_synonym_merge
miR-378a-5p,1,raw_WoS_DE_term_no_synonym_merge
miR-378c,1,raw_WoS_DE_term_no_synonym_merge
MiR-381,1,raw_WoS_DE_term_no_synonym_merge
miR-381-3p,1,raw_WoS_DE_term_no_synonym_merge
MiR-383,1,raw_WoS_DE_term_no_synonym_merge
miR-421,1,raw_WoS_DE_term_no_synonym_merge
MiR-421,1,raw_WoS_DE_term_no_synonym_merge
MiR-422a,1,raw_WoS_DE_term_no_synonym_merge
miR-423-5p,1,raw_WoS_DE_term_no_synonym_merge
miR-424,1,raw_WoS_DE_term_no_synonym_merge
miR-4306,1,raw_WoS_DE_term_no_synonym_merge
miR-433-3p,1,raw_WoS_DE_term_no_synonym_merge
miR-4449,1,raw_WoS_DE_term_no_synonym_merge
miR-4500,1,raw_WoS_DE_term_no_synonym_merge
miR-451a,1,raw_WoS_DE_term_no_synonym_merge
miR-4532,1,raw_WoS_DE_term_no_synonym_merge
miR-455-5p,1,raw_WoS_DE_term_no_synonym_merge
miR-4731,1,raw_WoS_DE_term_no_synonym_merge
miR-4732-3p,1,raw_WoS_DE_term_no_synonym_merge
miR-483,1,raw_WoS_DE_term_no_synonym_merge
miR-483-3p,1,raw_WoS_DE_term_no_synonym_merge
miR-484,1,raw_WoS_DE_term_no_synonym_merge
Mir-486-3p,1,raw_WoS_DE_term_no_synonym_merge
MiR-486-5p,1,raw_WoS_DE_term_no_synonym_merge
miR-493-5p,1,raw_WoS_DE_term_no_synonym_merge
miR-494,1,raw_WoS_DE_term_no_synonym_merge
MiR-497-5p,1,raw_WoS_DE_term_no_synonym_merge
miR-499a-5p,1,raw_WoS_DE_term_no_synonym_merge
miR-503-5p,1,raw_WoS_DE_term_no_synonym_merge
miR-505,1,raw_WoS_DE_term_no_synonym_merge
miR-518a-3p,1,raw_WoS_DE_term_no_synonym_merge
miR-520-5p,1,raw_WoS_DE_term_no_synonym_merge
miR-520h,1,raw_WoS_DE_term_no_synonym_merge
miR-522-3p,1,raw_WoS_DE_term_no_synonym_merge
miR-532-5p,1,raw_WoS_DE_term_no_synonym_merge
miR-539,1,raw_WoS_DE_term_no_synonym_merge
miR-543,1,raw_WoS_DE_term_no_synonym_merge
miR-548x-3p,1,raw_WoS_DE_term_no_synonym_merge
miR-550a-3-5p,1,raw_WoS_DE_term_no_synonym_merge
miR-558,1,raw_WoS_DE_term_no_synonym_merge
miR-576-3p,1,raw_WoS_DE_term_no_synonym_merge
miR-579-3p,1,raw_WoS_DE_term_no_synonym_merge
miR-582,1,raw_WoS_DE_term_no_synonym_merge
miR-590-5p,1,raw_WoS_DE_term_no_synonym_merge
miR-5p-72106_14,1,raw_WoS_DE_term_no_synonym_merge
miR-605-3p,1,raw_WoS_DE_term_no_synonym_merge
miR-638,1,raw_WoS_DE_term_no_synonym_merge
MiR-671-3p,1,raw_WoS_DE_term_no_synonym_merge
miR-671-3p,1,raw_WoS_DE_term_no_synonym_merge
miR-674-5p,1,raw_WoS_DE_term_no_synonym_merge
miR-6805-3p,1,raw_WoS_DE_term_no_synonym_merge
miR-709,1,raw_WoS_DE_term_no_synonym_merge
miR-744-5p,1,raw_WoS_DE_term_no_synonym_merge
miR-761,1,raw_WoS_DE_term_no_synonym_merge
miR-767,1,raw_WoS_DE_term_no_synonym_merge
miR-885-5p,1,raw_WoS_DE_term_no_synonym_merge
miR-92a,1,raw_WoS_DE_term_no_synonym_merge
miR-93,1,raw_WoS_DE_term_no_synonym_merge
miR-93-5p,1,raw_WoS_DE_term_no_synonym_merge
miR-939,1,raw_WoS_DE_term_no_synonym_merge
miR-939-5p,1,raw_WoS_DE_term_no_synonym_merge
miR-942-5p,1,raw_WoS_DE_term_no_synonym_merge
MiR-based therapy,1,raw_WoS_DE_term_no_synonym_merge
miR-let-7a,1,raw_WoS_DE_term_no_synonym_merge
miR-let-7c,1,raw_WoS_DE_term_no_synonym_merge
miR126,1,raw_WoS_DE_term_no_synonym_merge
miR139-3p,1,raw_WoS_DE_term_no_synonym_merge
miR144-Nrf2 Signaling,1,raw_WoS_DE_term_no_synonym_merge
miR155,1,raw_WoS_DE_term_no_synonym_merge
MIR155HG,1,raw_WoS_DE_term_no_synonym_merge
MiR181a,1,raw_WoS_DE_term_no_synonym_merge
MiR199-5p,1,raw_WoS_DE_term_no_synonym_merge
mir203a-3p,1,raw_WoS_DE_term_no_synonym_merge
MIR4435-2HG,1,raw_WoS_DE_term_no_synonym_merge
miristalkonium chloride (MKC),1,raw_WoS_DE_term_no_synonym_merge
miRNA 23a,1,raw_WoS_DE_term_no_synonym_merge
miRNA delivery,1,raw_WoS_DE_term_no_synonym_merge
MiRNA delivery,1,raw_WoS_DE_term_no_synonym_merge
miRNA exosomes,1,raw_WoS_DE_term_no_synonym_merge
miRNA loading,1,raw_WoS_DE_term_no_synonym_merge
miRNA N-72,1,raw_WoS_DE_term_no_synonym_merge
miRNA profile,1,raw_WoS_DE_term_no_synonym_merge
miRNA sequence,1,raw_WoS_DE_term_no_synonym_merge
miRNA sponge,1,raw_WoS_DE_term_no_synonym_merge
miRNA-1246,1,raw_WoS_DE_term_no_synonym_merge
miRNA-126 and anti-miRNA-126,1,raw_WoS_DE_term_no_synonym_merge
miRNA-141,1,raw_WoS_DE_term_no_synonym_merge
miRNA-143,1,raw_WoS_DE_term_no_synonym_merge
miRNA-146,1,raw_WoS_DE_term_no_synonym_merge
miRNA-150-5p,1,raw_WoS_DE_term_no_synonym_merge
miRNA-196b-5p,1,raw_WoS_DE_term_no_synonym_merge
miRNA-205,1,raw_WoS_DE_term_no_synonym_merge
miRNA-21,1,raw_WoS_DE_term_no_synonym_merge
miRNA-221-3p,1,raw_WoS_DE_term_no_synonym_merge
miRNA-25-3p,1,raw_WoS_DE_term_no_synonym_merge
MiRNA-28-3p,1,raw_WoS_DE_term_no_synonym_merge
miRNA-29a,1,raw_WoS_DE_term_no_synonym_merge
miRNA-320e,1,raw_WoS_DE_term_no_synonym_merge
miRNA-486-5p,1,raw_WoS_DE_term_no_synonym_merge
miRNA-542-3p,1,raw_WoS_DE_term_no_synonym_merge
miRNA-based therapy,1,raw_WoS_DE_term_no_synonym_merge
miRNA146a,1,raw_WoS_DE_term_no_synonym_merge
miRNAs exchanges,1,raw_WoS_DE_term_no_synonym_merge
miRNAs profile,1,raw_WoS_DE_term_no_synonym_merge
miRNome,1,raw_WoS_DE_term_no_synonym_merge
miRs,1,raw_WoS_DE_term_no_synonym_merge
MISEV2018 guidelines,1,raw_WoS_DE_term_no_synonym_merge
misfold proteins,1,raw_WoS_DE_term_no_synonym_merge
mitochondria abnormality,1,raw_WoS_DE_term_no_synonym_merge
mitochondria and mtDNA,1,raw_WoS_DE_term_no_synonym_merge
mitochondria transfer,1,raw_WoS_DE_term_no_synonym_merge
mitochondria-derived vesicles,1,raw_WoS_DE_term_no_synonym_merge
Mitochondria-targeting photosensitizer,1,raw_WoS_DE_term_no_synonym_merge
Mitochondrial autophagy,1,raw_WoS_DE_term_no_synonym_merge
mitochondrial biogenesis,1,raw_WoS_DE_term_no_synonym_merge
mitochondrial carrier homolog 2,1,raw_WoS_DE_term_no_synonym_merge
mitochondrial components,1,raw_WoS_DE_term_no_synonym_merge
mitochondrial damage,1,raw_WoS_DE_term_no_synonym_merge
mitochondrial donation,1,raw_WoS_DE_term_no_synonym_merge
mitochondrial dynamics,1,raw_WoS_DE_term_no_synonym_merge
Mitochondrial dysfunction,1,raw_WoS_DE_term_no_synonym_merge
mitochondrial dysfunction,1,raw_WoS_DE_term_no_synonym_merge
Mitochondrial function,1,raw_WoS_DE_term_no_synonym_merge
mitochondrial fusion,1,raw_WoS_DE_term_no_synonym_merge
Mitochondrial hyperfusion,1,raw_WoS_DE_term_no_synonym_merge
mitochondrial membrane potential,1,raw_WoS_DE_term_no_synonym_merge
Mitochondrial metabolism,1,raw_WoS_DE_term_no_synonym_merge
mitochondrial metabolism,1,raw_WoS_DE_term_no_synonym_merge
mitochondrial respiration,1,raw_WoS_DE_term_no_synonym_merge
mitochondrial transplantation,1,raw_WoS_DE_term_no_synonym_merge
Mitochondrial transplantation,1,raw_WoS_DE_term_no_synonym_merge
mitogen-activated protein kinase 10,1,raw_WoS_DE_term_no_synonym_merge
Mitogen-activated protein kinase kinases,1,raw_WoS_DE_term_no_synonym_merge
mitovesicles,1,raw_WoS_DE_term_no_synonym_merge
Mixtures,1,raw_WoS_DE_term_no_synonym_merge
MLP1,1,raw_WoS_DE_term_no_synonym_merge
MMP-1,1,raw_WoS_DE_term_no_synonym_merge
MMP-9,1,raw_WoS_DE_term_no_synonym_merge
Mmu-let-7a,1,raw_WoS_DE_term_no_synonym_merge
mmu_circ_0000250,1,raw_WoS_DE_term_no_synonym_merge
mmu_circ_0001052,1,raw_WoS_DE_term_no_synonym_merge
MNPs,1,raw_WoS_DE_term_no_synonym_merge
mobilization,1,raw_WoS_DE_term_no_synonym_merge
Mode of action,1,raw_WoS_DE_term_no_synonym_merge
modeling,1,raw_WoS_DE_term_no_synonym_merge
"models, animal",1,raw_WoS_DE_term_no_synonym_merge
Modified extracellular vesicles,1,raw_WoS_DE_term_no_synonym_merge
MODS,1,raw_WoS_DE_term_no_synonym_merge
Modulation,1,raw_WoS_DE_term_no_synonym_merge
MOEVLPs,1,raw_WoS_DE_term_no_synonym_merge
Moldable hydrogel,1,raw_WoS_DE_term_no_synonym_merge
molecular biomarkers,1,raw_WoS_DE_term_no_synonym_merge
molecular breast cancer subtypes,1,raw_WoS_DE_term_no_synonym_merge
molecular composition,1,raw_WoS_DE_term_no_synonym_merge
molecular crosstalk,1,raw_WoS_DE_term_no_synonym_merge
Molecular diagnostics,1,raw_WoS_DE_term_no_synonym_merge
molecular markers,1,raw_WoS_DE_term_no_synonym_merge
molecular mechanisms,1,raw_WoS_DE_term_no_synonym_merge
Molybdenum,1,raw_WoS_DE_term_no_synonym_merge
Momordica charantia,1,raw_WoS_DE_term_no_synonym_merge
Monitoring,1,raw_WoS_DE_term_no_synonym_merge
monoclonal antibodies,1,raw_WoS_DE_term_no_synonym_merge
monolayer integrity,1,raw_WoS_DE_term_no_synonym_merge
Monomers,1,raw_WoS_DE_term_no_synonym_merge
morbidity,1,raw_WoS_DE_term_no_synonym_merge
morphine,1,raw_WoS_DE_term_no_synonym_merge
morphology,1,raw_WoS_DE_term_no_synonym_merge
morphometrics,1,raw_WoS_DE_term_no_synonym_merge
Morus alba,1,raw_WoS_DE_term_no_synonym_merge
Morus nigra,1,raw_WoS_DE_term_no_synonym_merge
Mothers against decapentaplegic homolog 7,1,raw_WoS_DE_term_no_synonym_merge
motif,1,raw_WoS_DE_term_no_synonym_merge
motility,1,raw_WoS_DE_term_no_synonym_merge
motor neuron,1,raw_WoS_DE_term_no_synonym_merge
Motor proteins,1,raw_WoS_DE_term_no_synonym_merge
motor unit,1,raw_WoS_DE_term_no_synonym_merge
Mouse,1,raw_WoS_DE_term_no_synonym_merge
mouse aortic endothelial cells,1,raw_WoS_DE_term_no_synonym_merge
Mouse brain endothelial cell line,1,raw_WoS_DE_term_no_synonym_merge
Mouse brain microvascular endothelial cells,1,raw_WoS_DE_term_no_synonym_merge
mouse induced pluripotent stem cells,1,raw_WoS_DE_term_no_synonym_merge
mouse mammary carcinoma cells,1,raw_WoS_DE_term_no_synonym_merge
Mouse model,1,raw_WoS_DE_term_no_synonym_merge
mouth neoplasms,1,raw_WoS_DE_term_no_synonym_merge
MPIO,1,raw_WoS_DE_term_no_synonym_merge
mRNA expression,1,raw_WoS_DE_term_no_synonym_merge
mRNA vaccines,1,raw_WoS_DE_term_no_synonym_merge
MS,1,raw_WoS_DE_term_no_synonym_merge
MS2 coat protein dimer,1,raw_WoS_DE_term_no_synonym_merge
mSC,1,raw_WoS_DE_term_no_synonym_merge
MSC EVs,1,raw_WoS_DE_term_no_synonym_merge
MSC exosomes,1,raw_WoS_DE_term_no_synonym_merge
MSC&#8208,1,raw_WoS_DE_term_no_synonym_merge
MSC-derived exosomes,1,raw_WoS_DE_term_no_synonym_merge
MSC-Exo,1,raw_WoS_DE_term_no_synonym_merge
MSC-exo,1,raw_WoS_DE_term_no_synonym_merge
MSC-sEV,1,raw_WoS_DE_term_no_synonym_merge
MSC-sEVs,1,raw_WoS_DE_term_no_synonym_merge
MSCs-derived sEVs,1,raw_WoS_DE_term_no_synonym_merge
MTA1,1,raw_WoS_DE_term_no_synonym_merge
mTORC1 pathway,1,raw_WoS_DE_term_no_synonym_merge
Mucopolysaccharidosis,1,raw_WoS_DE_term_no_synonym_merge
mulberry,1,raw_WoS_DE_term_no_synonym_merge
Multi -organ damage,1,raw_WoS_DE_term_no_synonym_merge
Multi-organ-on-a-chip,1,raw_WoS_DE_term_no_synonym_merge
Multi-pathway intervention,1,raw_WoS_DE_term_no_synonym_merge
Multi-targeted,1,raw_WoS_DE_term_no_synonym_merge
Multicellular organoids,1,raw_WoS_DE_term_no_synonym_merge
multicolor,1,raw_WoS_DE_term_no_synonym_merge
multidimensional modification,1,raw_WoS_DE_term_no_synonym_merge
multidimensional phenotyping,1,raw_WoS_DE_term_no_synonym_merge
Multifunctional factor,1,raw_WoS_DE_term_no_synonym_merge
multifunctional real-time nanotheranostics,1,raw_WoS_DE_term_no_synonym_merge
multimodal,1,raw_WoS_DE_term_no_synonym_merge
multiomics,1,raw_WoS_DE_term_no_synonym_merge
multiomics analysis,1,raw_WoS_DE_term_no_synonym_merge
multiple diseases,1,raw_WoS_DE_term_no_synonym_merge
Multiple organ failure,1,raw_WoS_DE_term_no_synonym_merge
multiple sclerosis therapy,1,raw_WoS_DE_term_no_synonym_merge
multiplex phenotyping,1,raw_WoS_DE_term_no_synonym_merge
Multiplexed detection,1,raw_WoS_DE_term_no_synonym_merge
multipotent,1,raw_WoS_DE_term_no_synonym_merge
multipotent mesenchymal stromal cells,1,raw_WoS_DE_term_no_synonym_merge
Multivesicular bodies,1,raw_WoS_DE_term_no_synonym_merge
multivesicular body (MVB),1,raw_WoS_DE_term_no_synonym_merge
multivesicular endosome,1,raw_WoS_DE_term_no_synonym_merge
Munc13-4,1,raw_WoS_DE_term_no_synonym_merge
murine models of cancer,1,raw_WoS_DE_term_no_synonym_merge
Muscle blood flow,1,raw_WoS_DE_term_no_synonym_merge
muscle cells,1,raw_WoS_DE_term_no_synonym_merge
Muscle progenitor cells,1,raw_WoS_DE_term_no_synonym_merge
Muscle regeneration,1,raw_WoS_DE_term_no_synonym_merge
muscle regeneration,1,raw_WoS_DE_term_no_synonym_merge
"muscle, smooth",1,raw_WoS_DE_term_no_synonym_merge
Muscle-derived stem cells,1,raw_WoS_DE_term_no_synonym_merge
muscular atrophy,1,raw_WoS_DE_term_no_synonym_merge
musculoskeletal,1,raw_WoS_DE_term_no_synonym_merge
musculoskeletal regeneration,1,raw_WoS_DE_term_no_synonym_merge
mutations in exons 9 and 20 of PIK3CA gene,1,raw_WoS_DE_term_no_synonym_merge
MV,1,raw_WoS_DE_term_no_synonym_merge
MVBs,1,raw_WoS_DE_term_no_synonym_merge
MVs,1,raw_WoS_DE_term_no_synonym_merge
MWCNT,1,raw_WoS_DE_term_no_synonym_merge
MXene nanocomposites,1,raw_WoS_DE_term_no_synonym_merge
MXenes,1,raw_WoS_DE_term_no_synonym_merge
MYB,1,raw_WoS_DE_term_no_synonym_merge
myeloid-derived suppressor cells,1,raw_WoS_DE_term_no_synonym_merge
Myeloid-derived suppressor cells,1,raw_WoS_DE_term_no_synonym_merge
Myeloma,1,raw_WoS_DE_term_no_synonym_merge
myeloperoxidase,1,raw_WoS_DE_term_no_synonym_merge
myeloproliferative neoplasms,1,raw_WoS_DE_term_no_synonym_merge
Myo1e,1,raw_WoS_DE_term_no_synonym_merge
myoblasts,1,raw_WoS_DE_term_no_synonym_merge
myocardial,1,raw_WoS_DE_term_no_synonym_merge
Myocardial angiogenesis,1,raw_WoS_DE_term_no_synonym_merge
Myocardial damage,1,raw_WoS_DE_term_no_synonym_merge
myocardial damage,1,raw_WoS_DE_term_no_synonym_merge
Myocardial function,1,raw_WoS_DE_term_no_synonym_merge
myocardial infarct,1,raw_WoS_DE_term_no_synonym_merge
Myocardial infarction (MI),1,raw_WoS_DE_term_no_synonym_merge
Myocardial infarction microenvironment,1,raw_WoS_DE_term_no_synonym_merge
myocardial infarction models,1,raw_WoS_DE_term_no_synonym_merge
Myocardial inflammation,1,raw_WoS_DE_term_no_synonym_merge
Myocardial infraction,1,raw_WoS_DE_term_no_synonym_merge
myocardial injury,1,raw_WoS_DE_term_no_synonym_merge
Myocardial Ischemia,1,raw_WoS_DE_term_no_synonym_merge
Myocardial ischemia/reperfusion,1,raw_WoS_DE_term_no_synonym_merge
Myocardial ischemic preconditioning,1,raw_WoS_DE_term_no_synonym_merge
Myocardial perfusion imaging (MPI),1,raw_WoS_DE_term_no_synonym_merge
Myocardial regeneration,1,raw_WoS_DE_term_no_synonym_merge
myocardial regeneration,1,raw_WoS_DE_term_no_synonym_merge
myocardial regeneration therapy,1,raw_WoS_DE_term_no_synonym_merge
myocardial repair,1,raw_WoS_DE_term_no_synonym_merge
myocardial revascularization,1,raw_WoS_DE_term_no_synonym_merge
Myocardial therapy,1,raw_WoS_DE_term_no_synonym_merge
myocardial tissue,1,raw_WoS_DE_term_no_synonym_merge
Myocardial-infarction,1,raw_WoS_DE_term_no_synonym_merge
myocardialinfarction,1,raw_WoS_DE_term_no_synonym_merge
Myocardin,1,raw_WoS_DE_term_no_synonym_merge
myocardiocyte apoptosis,1,raw_WoS_DE_term_no_synonym_merge
myocarditis,1,raw_WoS_DE_term_no_synonym_merge
myoendothelial injunction,1,raw_WoS_DE_term_no_synonym_merge
myoferlin,1,raw_WoS_DE_term_no_synonym_merge
myofibroblasts,1,raw_WoS_DE_term_no_synonym_merge
Myofibroblasts,1,raw_WoS_DE_term_no_synonym_merge
Myogenesis,1,raw_WoS_DE_term_no_synonym_merge
Myogenic reactivity,1,raw_WoS_DE_term_no_synonym_merge
myography,1,raw_WoS_DE_term_no_synonym_merge
Myography,1,raw_WoS_DE_term_no_synonym_merge
Myokines,1,raw_WoS_DE_term_no_synonym_merge
myokines,1,raw_WoS_DE_term_no_synonym_merge
N-6-methyladenosine,1,raw_WoS_DE_term_no_synonym_merge
N-acetylcysteine amide,1,raw_WoS_DE_term_no_synonym_merge
N-glycosylation,1,raw_WoS_DE_term_no_synonym_merge
N-linked glycosylation,1,raw_WoS_DE_term_no_synonym_merge
NAD(P)H oxidase,1,raw_WoS_DE_term_no_synonym_merge
NADPH oxidase 5,1,raw_WoS_DE_term_no_synonym_merge
NAFLD therapies,1,raw_WoS_DE_term_no_synonym_merge
Nano drug delivery system,1,raw_WoS_DE_term_no_synonym_merge
Nano gene delivery system,1,raw_WoS_DE_term_no_synonym_merge
nano particle tracking,1,raw_WoS_DE_term_no_synonym_merge
Nano particle tracking analysis,1,raw_WoS_DE_term_no_synonym_merge
Nano-delivery system,1,raw_WoS_DE_term_no_synonym_merge
nano-flow cytometry,1,raw_WoS_DE_term_no_synonym_merge
nano-vesicle,1,raw_WoS_DE_term_no_synonym_merge
Nano-vesicles,1,raw_WoS_DE_term_no_synonym_merge
nanoarchaeosomes,1,raw_WoS_DE_term_no_synonym_merge
nanobody,1,raw_WoS_DE_term_no_synonym_merge
Nanobody,1,raw_WoS_DE_term_no_synonym_merge
Nanocomposite hydrogel,1,raw_WoS_DE_term_no_synonym_merge
Nanodelivery,1,raw_WoS_DE_term_no_synonym_merge
nanofat,1,raw_WoS_DE_term_no_synonym_merge
nanofiber matrices,1,raw_WoS_DE_term_no_synonym_merge
Nanofibers,1,raw_WoS_DE_term_no_synonym_merge
nanofibrous barriers,1,raw_WoS_DE_term_no_synonym_merge
Nanoformulations,1,raw_WoS_DE_term_no_synonym_merge
Nanogel,1,raw_WoS_DE_term_no_synonym_merge
nanoghosts,1,raw_WoS_DE_term_no_synonym_merge
Nanohydrogel,1,raw_WoS_DE_term_no_synonym_merge
nanoLC-MS,1,raw_WoS_DE_term_no_synonym_merge
nanomaterial,1,raw_WoS_DE_term_no_synonym_merge
nanomaterials,1,raw_WoS_DE_term_no_synonym_merge
nanomechanical sensors,1,raw_WoS_DE_term_no_synonym_merge
Nanomedicines,1,raw_WoS_DE_term_no_synonym_merge
nanomedicines,1,raw_WoS_DE_term_no_synonym_merge
Nanometrix,1,raw_WoS_DE_term_no_synonym_merge
Nanoparticle degradation,1,raw_WoS_DE_term_no_synonym_merge
Nanoparticle toxicity,1,raw_WoS_DE_term_no_synonym_merge
nanoparticle-based drug delivery,1,raw_WoS_DE_term_no_synonym_merge
Nanoplatform for drug delivery,1,raw_WoS_DE_term_no_synonym_merge
Nanoscale extracellular vesicles,1,raw_WoS_DE_term_no_synonym_merge
Nanosight,1,raw_WoS_DE_term_no_synonym_merge
Nanosilver,1,raw_WoS_DE_term_no_synonym_merge
nanosized objects,1,raw_WoS_DE_term_no_synonym_merge
nanotherapeutics,1,raw_WoS_DE_term_no_synonym_merge
nanotherapy,1,raw_WoS_DE_term_no_synonym_merge
Nanotubes,1,raw_WoS_DE_term_no_synonym_merge
nanozyme,1,raw_WoS_DE_term_no_synonym_merge
nanozymes,1,raw_WoS_DE_term_no_synonym_merge
Nasal endoscopic delivery,1,raw_WoS_DE_term_no_synonym_merge
nasal polyps,1,raw_WoS_DE_term_no_synonym_merge
Nasopharyngeal carcinoma (NPC),1,raw_WoS_DE_term_no_synonym_merge
"natriuretic peptide, C type",1,raw_WoS_DE_term_no_synonym_merge
natriuretic peptides,1,raw_WoS_DE_term_no_synonym_merge
Natural biomaterial scaffold,1,raw_WoS_DE_term_no_synonym_merge
natural killer,1,raw_WoS_DE_term_no_synonym_merge
natural killer cells,1,raw_WoS_DE_term_no_synonym_merge
natural killers (NK) cells,1,raw_WoS_DE_term_no_synonym_merge
Natural language processing,1,raw_WoS_DE_term_no_synonym_merge
natural nanocarriers,1,raw_WoS_DE_term_no_synonym_merge
Natural product library,1,raw_WoS_DE_term_no_synonym_merge
NcRNAs,1,raw_WoS_DE_term_no_synonym_merge
NDDs,1,raw_WoS_DE_term_no_synonym_merge
NEAT1,1,raw_WoS_DE_term_no_synonym_merge
NECA,1,raw_WoS_DE_term_no_synonym_merge
necroptosis,1,raw_WoS_DE_term_no_synonym_merge
NEDD8,1,raw_WoS_DE_term_no_synonym_merge
Nef,1,raw_WoS_DE_term_no_synonym_merge
NEFA,1,raw_WoS_DE_term_no_synonym_merge
neglected diseases,1,raw_WoS_DE_term_no_synonym_merge
neoadipose formation,1,raw_WoS_DE_term_no_synonym_merge
Neointima,1,raw_WoS_DE_term_no_synonym_merge
Neointima formation,1,raw_WoS_DE_term_no_synonym_merge
Neointimal formation,1,raw_WoS_DE_term_no_synonym_merge
neointimal hyperplasia,1,raw_WoS_DE_term_no_synonym_merge
Neonatal encephalopathy,1,raw_WoS_DE_term_no_synonym_merge
neonatal hypoxia-ischemia,1,raw_WoS_DE_term_no_synonym_merge
Neonatal hypoxic encephalopathy,1,raw_WoS_DE_term_no_synonym_merge
Neonatal mice,1,raw_WoS_DE_term_no_synonym_merge
neonatal plasma exosomes,1,raw_WoS_DE_term_no_synonym_merge
neonate,1,raw_WoS_DE_term_no_synonym_merge
Neoplasm,1,raw_WoS_DE_term_no_synonym_merge
neoplasms,1,raw_WoS_DE_term_no_synonym_merge
Neovascularisation,1,raw_WoS_DE_term_no_synonym_merge
neovascularisation,1,raw_WoS_DE_term_no_synonym_merge
nephronectin,1,raw_WoS_DE_term_no_synonym_merge
neprilysin,1,raw_WoS_DE_term_no_synonym_merge
nerve,1,raw_WoS_DE_term_no_synonym_merge
Nerve,1,raw_WoS_DE_term_no_synonym_merge
Nerve -bone crosstalk,1,raw_WoS_DE_term_no_synonym_merge
nerve conduit,1,raw_WoS_DE_term_no_synonym_merge
Nerve Growth FactorReceptor,1,raw_WoS_DE_term_no_synonym_merge
nerve guidance conduits,1,raw_WoS_DE_term_no_synonym_merge
Nerve injury,1,raw_WoS_DE_term_no_synonym_merge
nerve innervation,1,raw_WoS_DE_term_no_synonym_merge
Nerve regenerations,1,raw_WoS_DE_term_no_synonym_merge
nervous system,1,raw_WoS_DE_term_no_synonym_merge
NET formation,1,raw_WoS_DE_term_no_synonym_merge
Network pharmacology,1,raw_WoS_DE_term_no_synonym_merge
neural development,1,raw_WoS_DE_term_no_synonym_merge
neural differentiation,1,raw_WoS_DE_term_no_synonym_merge
Neural Differentiation,1,raw_WoS_DE_term_no_synonym_merge
neural diseases,1,raw_WoS_DE_term_no_synonym_merge
Neural homeostasis,1,raw_WoS_DE_term_no_synonym_merge
neural progenitor,1,raw_WoS_DE_term_no_synonym_merge
Neural regeneration,1,raw_WoS_DE_term_no_synonym_merge
Neural repair,1,raw_WoS_DE_term_no_synonym_merge
Neural stem cell,1,raw_WoS_DE_term_no_synonym_merge
neural stem cell,1,raw_WoS_DE_term_no_synonym_merge
neural stem cell-derived exosomes,1,raw_WoS_DE_term_no_synonym_merge
neural stem cell-derived extracellular vesicles,1,raw_WoS_DE_term_no_synonym_merge
neural tissue engineering,1,raw_WoS_DE_term_no_synonym_merge
Neural tube defects,1,raw_WoS_DE_term_no_synonym_merge
neural/glial antigen 2,1,raw_WoS_DE_term_no_synonym_merge
Neuregulin-1,1,raw_WoS_DE_term_no_synonym_merge
neuregulin-1,1,raw_WoS_DE_term_no_synonym_merge
neuro-ophthalmic,1,raw_WoS_DE_term_no_synonym_merge
neuro-regeneration,1,raw_WoS_DE_term_no_synonym_merge
Neuroangiogenesis outcomes,1,raw_WoS_DE_term_no_synonym_merge
neuroblastoma,1,raw_WoS_DE_term_no_synonym_merge
neurocognitive deficits,1,raw_WoS_DE_term_no_synonym_merge
Neurocyte,1,raw_WoS_DE_term_no_synonym_merge
neurodegenenerative diseases,1,raw_WoS_DE_term_no_synonym_merge
Neurodegenerative disease,1,raw_WoS_DE_term_no_synonym_merge
neurodegenerative disease,1,raw_WoS_DE_term_no_synonym_merge
neurodevelopmental disorders,1,raw_WoS_DE_term_no_synonym_merge
neuroendocrinology,1,raw_WoS_DE_term_no_synonym_merge
Neurofibromin,1,raw_WoS_DE_term_no_synonym_merge
NeuroHIV,1,raw_WoS_DE_term_no_synonym_merge
neuroinflammatory diseases,1,raw_WoS_DE_term_no_synonym_merge
neuroinvasion,1,raw_WoS_DE_term_no_synonym_merge
Neurological diseases,1,raw_WoS_DE_term_no_synonym_merge
neurological disorders,1,raw_WoS_DE_term_no_synonym_merge
neurological function,1,raw_WoS_DE_term_no_synonym_merge
neurological symptoms,1,raw_WoS_DE_term_no_synonym_merge
Neuron,1,raw_WoS_DE_term_no_synonym_merge
Neuronal apoptosis,1,raw_WoS_DE_term_no_synonym_merge
neuronal cell death,1,raw_WoS_DE_term_no_synonym_merge
neuronal development,1,raw_WoS_DE_term_no_synonym_merge
Neuronal survival,1,raw_WoS_DE_term_no_synonym_merge
neuropathogenesis,1,raw_WoS_DE_term_no_synonym_merge
neuropeptides,1,raw_WoS_DE_term_no_synonym_merge
Neuropilin,1,raw_WoS_DE_term_no_synonym_merge
neuroplasticity,1,raw_WoS_DE_term_no_synonym_merge
neuroprotection,1,raw_WoS_DE_term_no_synonym_merge
neuroprotective agent,1,raw_WoS_DE_term_no_synonym_merge
neuroprotective agents,1,raw_WoS_DE_term_no_synonym_merge
neuroprotective effect,1,raw_WoS_DE_term_no_synonym_merge
Neurotization in bone tissue engineering,1,raw_WoS_DE_term_no_synonym_merge
neurotoxic reactive astrocytes,1,raw_WoS_DE_term_no_synonym_merge
neurotoxicity,1,raw_WoS_DE_term_no_synonym_merge
Neurotrauma,1,raw_WoS_DE_term_no_synonym_merge
Neurotrophic activity,1,raw_WoS_DE_term_no_synonym_merge
neurotrophin receptors,1,raw_WoS_DE_term_no_synonym_merge
neurotropic carcinoma,1,raw_WoS_DE_term_no_synonym_merge
neurovascular,1,raw_WoS_DE_term_no_synonym_merge
neurovascular coupling,1,raw_WoS_DE_term_no_synonym_merge
neurovascular dysfunction,1,raw_WoS_DE_term_no_synonym_merge
neurovascular plasticity,1,raw_WoS_DE_term_no_synonym_merge
neurovascular regeneration,1,raw_WoS_DE_term_no_synonym_merge
Neurovascular Regeneration,1,raw_WoS_DE_term_no_synonym_merge
neurovascular unit (NVU),1,raw_WoS_DE_term_no_synonym_merge
neurovascular units,1,raw_WoS_DE_term_no_synonym_merge
Neurovascularization,1,raw_WoS_DE_term_no_synonym_merge
neutral ceramidase,1,raw_WoS_DE_term_no_synonym_merge
Neutral sphingomyelinase 2,1,raw_WoS_DE_term_no_synonym_merge
neutrophil activation,1,raw_WoS_DE_term_no_synonym_merge
neutrophil chemotaxis,1,raw_WoS_DE_term_no_synonym_merge
neutrophil extracellular trap,1,raw_WoS_DE_term_no_synonym_merge
Neutrophil extracellular trap,1,raw_WoS_DE_term_no_synonym_merge
neutrophil extracellular trap (NET),1,raw_WoS_DE_term_no_synonym_merge
Neutrophil extracellular traps,1,raw_WoS_DE_term_no_synonym_merge
neutrophil immunometabolism,1,raw_WoS_DE_term_no_synonym_merge
Neutrophil membrane,1,raw_WoS_DE_term_no_synonym_merge
neutrophil membranes,1,raw_WoS_DE_term_no_synonym_merge
neutrophil nanovesicle-based nanocarrier,1,raw_WoS_DE_term_no_synonym_merge
neutrophil-derived apoptotic body,1,raw_WoS_DE_term_no_synonym_merge
neutrophil-derived exosome,1,raw_WoS_DE_term_no_synonym_merge
neutrophil-derived extracellular vesicle,1,raw_WoS_DE_term_no_synonym_merge
Neutrophil-derived microparticles,1,raw_WoS_DE_term_no_synonym_merge
Neutrophil-derived microvesicle,1,raw_WoS_DE_term_no_synonym_merge
Neutrophil-derived trail,1,raw_WoS_DE_term_no_synonym_merge
Neutrophil-membrane formed vesicles,1,raw_WoS_DE_term_no_synonym_merge
neutrophil-platelet aggregates,1,raw_WoS_DE_term_no_synonym_merge
Neutrophils Microvasculature,1,raw_WoS_DE_term_no_synonym_merge
Next generation sequencing,1,raw_WoS_DE_term_no_synonym_merge
next-generation sequencing,1,raw_WoS_DE_term_no_synonym_merge
Next-generation sequencing,1,raw_WoS_DE_term_no_synonym_merge
NF kappa B pathway,1,raw_WoS_DE_term_no_synonym_merge
NF kappa B signaling pathway,1,raw_WoS_DE_term_no_synonym_merge
NF-kappa B P65,1,raw_WoS_DE_term_no_synonym_merge
NF-kappa B p65,1,raw_WoS_DE_term_no_synonym_merge
NF-kappa B signaling,1,raw_WoS_DE_term_no_synonym_merge
NF-kappa B signaling pathway,1,raw_WoS_DE_term_no_synonym_merge
NF-kappa B signalling,1,raw_WoS_DE_term_no_synonym_merge
NF/?B pathway,1,raw_WoS_DE_term_no_synonym_merge
NF1,1,raw_WoS_DE_term_no_synonym_merge
NFAT5,1,raw_WoS_DE_term_no_synonym_merge
NFATC2,1,raw_WoS_DE_term_no_synonym_merge
NFIC,1,raw_WoS_DE_term_no_synonym_merge
NFIX,1,raw_WoS_DE_term_no_synonym_merge
NfL,1,raw_WoS_DE_term_no_synonym_merge
niche,1,raw_WoS_DE_term_no_synonym_merge
Niche,1,raw_WoS_DE_term_no_synonym_merge
nickel,1,raw_WoS_DE_term_no_synonym_merge
Nickel,1,raw_WoS_DE_term_no_synonym_merge
NID1,1,raw_WoS_DE_term_no_synonym_merge
Nidogen1,1,raw_WoS_DE_term_no_synonym_merge
niosome,1,raw_WoS_DE_term_no_synonym_merge
Niosome,1,raw_WoS_DE_term_no_synonym_merge
nitinol,1,raw_WoS_DE_term_no_synonym_merge
Nitric oxide synthase,1,raw_WoS_DE_term_no_synonym_merge
nitric oxide synthase,1,raw_WoS_DE_term_no_synonym_merge
Nitrosative assay,1,raw_WoS_DE_term_no_synonym_merge
NK,1,raw_WoS_DE_term_no_synonym_merge
NK cells activity,1,raw_WoS_DE_term_no_synonym_merge
NLRP3 inflammasome signaling pathway,1,raw_WoS_DE_term_no_synonym_merge
NLRP3 inflammasomes,1,raw_WoS_DE_term_no_synonym_merge
NLRP3-mediated pyroptotic cell death,1,raw_WoS_DE_term_no_synonym_merge
nmMLCK,1,raw_WoS_DE_term_no_synonym_merge
NMN,1,raw_WoS_DE_term_no_synonym_merge
No,1,raw_WoS_DE_term_no_synonym_merge
Nocardia rubra cell wall skeleton (Nr-CWS),1,raw_WoS_DE_term_no_synonym_merge
Non -coding RNA,1,raw_WoS_DE_term_no_synonym_merge
Non -coding RNAs,1,raw_WoS_DE_term_no_synonym_merge
non coding RNA,1,raw_WoS_DE_term_no_synonym_merge
non&#8208,1,raw_WoS_DE_term_no_synonym_merge
Non-alcoholic fatty liver disease,1,raw_WoS_DE_term_no_synonym_merge
Non-alcoholic steatohepatitis (NASH),1,raw_WoS_DE_term_no_synonym_merge
non-apoptotic,1,raw_WoS_DE_term_no_synonym_merge
non-canonical signals,1,raw_WoS_DE_term_no_synonym_merge
non-cell-autonomous,1,raw_WoS_DE_term_no_synonym_merge
Non-cellular factors,1,raw_WoS_DE_term_no_synonym_merge
Non-coding RNA therapy,1,raw_WoS_DE_term_no_synonym_merge
Non-Coding RNAs,1,raw_WoS_DE_term_no_synonym_merge
non-coding RNAs (ncRNAs),1,raw_WoS_DE_term_no_synonym_merge
Non-coding RNAs (ncRNAs),1,raw_WoS_DE_term_no_synonym_merge
non-exosomal ncRNA,1,raw_WoS_DE_term_no_synonym_merge
Non-HLA antibody,1,raw_WoS_DE_term_no_synonym_merge
Non-human primate,1,raw_WoS_DE_term_no_synonym_merge
Non-invasive diagnosis,1,raw_WoS_DE_term_no_synonym_merge
non-muscle myosin II,1,raw_WoS_DE_term_no_synonym_merge
non-parenchymal cells,1,raw_WoS_DE_term_no_synonym_merge
non-small cell lung cancer,1,raw_WoS_DE_term_no_synonym_merge
Non-small cell lung carcinoma,1,raw_WoS_DE_term_no_synonym_merge
non-small-cell lung cancer,1,raw_WoS_DE_term_no_synonym_merge
Non-stem cell sources,1,raw_WoS_DE_term_no_synonym_merge
non-transformed target remodeling,1,raw_WoS_DE_term_no_synonym_merge
non-tumor cells,1,raw_WoS_DE_term_no_synonym_merge
Non-viral gene delivery,1,raw_WoS_DE_term_no_synonym_merge
nonalcoholic fatty lives disease,1,raw_WoS_DE_term_no_synonym_merge
nonclassic secretory pathway,1,raw_WoS_DE_term_no_synonym_merge
noncontact coculture,1,raw_WoS_DE_term_no_synonym_merge
NONFH,1,raw_WoS_DE_term_no_synonym_merge
Nonhuman primates,1,raw_WoS_DE_term_no_synonym_merge
Noninvasive biomarker,1,raw_WoS_DE_term_no_synonym_merge
nonparenchymal cells,1,raw_WoS_DE_term_no_synonym_merge
nonpregnant uterus,1,raw_WoS_DE_term_no_synonym_merge
Nonunion,1,raw_WoS_DE_term_no_synonym_merge
nonwoven,1,raw_WoS_DE_term_no_synonym_merge
nonwovens,1,raw_WoS_DE_term_no_synonym_merge
Nonwovens,1,raw_WoS_DE_term_no_synonym_merge
norepinephrine,1,raw_WoS_DE_term_no_synonym_merge
normotensive pregnancy,1,raw_WoS_DE_term_no_synonym_merge
NOTCH,1,raw_WoS_DE_term_no_synonym_merge
Notch,1,raw_WoS_DE_term_no_synonym_merge
Notch signaling pathway,1,raw_WoS_DE_term_no_synonym_merge
NOTCH signalling,1,raw_WoS_DE_term_no_synonym_merge
NOTCH1,1,raw_WoS_DE_term_no_synonym_merge
Notch2,1,raw_WoS_DE_term_no_synonym_merge
Notch3,1,raw_WoS_DE_term_no_synonym_merge
novel coronavirus infection,1,raw_WoS_DE_term_no_synonym_merge
Nox2,1,raw_WoS_DE_term_no_synonym_merge
NPC-EXs,1,raw_WoS_DE_term_no_synonym_merge
NPs extracellular vesicles,1,raw_WoS_DE_term_no_synonym_merge
NR4A,1,raw_WoS_DE_term_no_synonym_merge
NRCF,1,raw_WoS_DE_term_no_synonym_merge
NRF1,1,raw_WoS_DE_term_no_synonym_merge
Nrf2/ARE,1,raw_WoS_DE_term_no_synonym_merge
Nrf2/HO-1,1,raw_WoS_DE_term_no_synonym_merge
NRG-1 neutralizing antibody,1,raw_WoS_DE_term_no_synonym_merge
NSE,1,raw_WoS_DE_term_no_synonym_merge
NSMAF,1,raw_WoS_DE_term_no_synonym_merge
nSMase2,1,raw_WoS_DE_term_no_synonym_merge
NTA,1,raw_WoS_DE_term_no_synonym_merge
NTRK2,1,raw_WoS_DE_term_no_synonym_merge
Nuclear factor E2,1,raw_WoS_DE_term_no_synonym_merge
Nuclear factor E2-related factor 2,1,raw_WoS_DE_term_no_synonym_merge
nuclear factor erythroid 2-related factor,1,raw_WoS_DE_term_no_synonym_merge
Nuclear factor kappaB,1,raw_WoS_DE_term_no_synonym_merge
nuclear factor-B,1,raw_WoS_DE_term_no_synonym_merge
nuclear factor-kappa B,1,raw_WoS_DE_term_no_synonym_merge
Nuclear gene regulation,1,raw_WoS_DE_term_no_synonym_merge
Nuclear localization,1,raw_WoS_DE_term_no_synonym_merge
Nucleic acid aptamer,1,raw_WoS_DE_term_no_synonym_merge
Nucleic acid binding protein,1,raw_WoS_DE_term_no_synonym_merge
Nucleic acid delivery,1,raw_WoS_DE_term_no_synonym_merge
nucleoside diphosphate kinase,1,raw_WoS_DE_term_no_synonym_merge
nutrient,1,raw_WoS_DE_term_no_synonym_merge
nutrient deprivation,1,raw_WoS_DE_term_no_synonym_merge
Nutrients,1,raw_WoS_DE_term_no_synonym_merge
nutritional virulence,1,raw_WoS_DE_term_no_synonym_merge
O-2 generating hydrogel,1,raw_WoS_DE_term_no_synonym_merge
O-GlcNAcylation,1,raw_WoS_DE_term_no_synonym_merge
O-glycosylation,1,raw_WoS_DE_term_no_synonym_merge
obesogenic environment,1,raw_WoS_DE_term_no_synonym_merge
obligate intracellular bacterium,1,raw_WoS_DE_term_no_synonym_merge
observational,1,raw_WoS_DE_term_no_synonym_merge
obstetrical APS,1,raw_WoS_DE_term_no_synonym_merge
obstructive sleep apnea,1,raw_WoS_DE_term_no_synonym_merge
Obstructive sleep apnea (OSA) syndrome,1,raw_WoS_DE_term_no_synonym_merge
Obstructive sleep apnea hypopnea syndrome,1,raw_WoS_DE_term_no_synonym_merge
occupational medicine,1,raw_WoS_DE_term_no_synonym_merge
OCN,1,raw_WoS_DE_term_no_synonym_merge
OCT4,1,raw_WoS_DE_term_no_synonym_merge
Oct4-Sox2-Klf4 transcription factors,1,raw_WoS_DE_term_no_synonym_merge
ocular disease,1,raw_WoS_DE_term_no_synonym_merge
ocular neovascularization,1,raw_WoS_DE_term_no_synonym_merge
Ocular neovascularization,1,raw_WoS_DE_term_no_synonym_merge
ocular surfaces,1,raw_WoS_DE_term_no_synonym_merge
Ocular vascular disease,1,raw_WoS_DE_term_no_synonym_merge
odonto/osteogenesis,1,raw_WoS_DE_term_no_synonym_merge
off-stoichiometry thiol-ene,1,raw_WoS_DE_term_no_synonym_merge
Offspring of centenarians,1,raw_WoS_DE_term_no_synonym_merge
Olanzapine,1,raw_WoS_DE_term_no_synonym_merge
old myocardial infarction,1,raw_WoS_DE_term_no_synonym_merge
Oligodendrocyte precursor cells,1,raw_WoS_DE_term_no_synonym_merge
oligodendroglioma cells,1,raw_WoS_DE_term_no_synonym_merge
oligonucleotide,1,raw_WoS_DE_term_no_synonym_merge
Omaveloxolone,1,raw_WoS_DE_term_no_synonym_merge
omics data,1,raw_WoS_DE_term_no_synonym_merge
OMV,1,raw_WoS_DE_term_no_synonym_merge
onco-hematology,1,raw_WoS_DE_term_no_synonym_merge
Oncogene,1,raw_WoS_DE_term_no_synonym_merge
oncogenesis,1,raw_WoS_DE_term_no_synonym_merge
Oncogenic reprogramming,1,raw_WoS_DE_term_no_synonym_merge
Oncology,1,raw_WoS_DE_term_no_synonym_merge
Oncoprotein E6,1,raw_WoS_DE_term_no_synonym_merge
Oncoprotein-induced transcript 3 protein,1,raw_WoS_DE_term_no_synonym_merge
oncosome,1,raw_WoS_DE_term_no_synonym_merge
oncovirus,1,raw_WoS_DE_term_no_synonym_merge
Oncoviruses,1,raw_WoS_DE_term_no_synonym_merge
ONFH,1,raw_WoS_DE_term_no_synonym_merge
optical detection,1,raw_WoS_DE_term_no_synonym_merge
Optical Imaging,1,raw_WoS_DE_term_no_synonym_merge
Optical imaging,1,raw_WoS_DE_term_no_synonym_merge
optineurin,1,raw_WoS_DE_term_no_synonym_merge
oral,1,raw_WoS_DE_term_no_synonym_merge
Oral cancer,1,raw_WoS_DE_term_no_synonym_merge
oral dysplasia,1,raw_WoS_DE_term_no_synonym_merge
oral leukoplakia (OLK),1,raw_WoS_DE_term_no_synonym_merge
oral mucosal equivalent,1,raw_WoS_DE_term_no_synonym_merge
oral squamous cell cancer (OSCC),1,raw_WoS_DE_term_no_synonym_merge
Oral squamous cell carcinoma (OSCC),1,raw_WoS_DE_term_no_synonym_merge
oral squamous cell carcinoma (OSCC),1,raw_WoS_DE_term_no_synonym_merge
oral squamous cell carcinoma cells,1,raw_WoS_DE_term_no_synonym_merge
organ chip,1,raw_WoS_DE_term_no_synonym_merge
Organ dysfunction syndrome,1,raw_WoS_DE_term_no_synonym_merge
Organ interaction,1,raw_WoS_DE_term_no_synonym_merge
organ involvement,1,raw_WoS_DE_term_no_synonym_merge
Organ on a chip,1,raw_WoS_DE_term_no_synonym_merge
organ regeneration,1,raw_WoS_DE_term_no_synonym_merge
organ transplantation in general,1,raw_WoS_DE_term_no_synonym_merge
organ tropism of metastasis,1,raw_WoS_DE_term_no_synonym_merge
Organ-specific,1,raw_WoS_DE_term_no_synonym_merge
Organelle transfer,1,raw_WoS_DE_term_no_synonym_merge
organelles,1,raw_WoS_DE_term_no_synonym_merge
organoid,1,raw_WoS_DE_term_no_synonym_merge
organoids,1,raw_WoS_DE_term_no_synonym_merge
Organokines,1,raw_WoS_DE_term_no_synonym_merge
organotropic metastasis,1,raw_WoS_DE_term_no_synonym_merge
Organotropic metastasis,1,raw_WoS_DE_term_no_synonym_merge
Organotypic models,1,raw_WoS_DE_term_no_synonym_merge
Oriented nanofiber,1,raw_WoS_DE_term_no_synonym_merge
Ornithoctonus hainana,1,raw_WoS_DE_term_no_synonym_merge
Ortho-silicic acid,1,raw_WoS_DE_term_no_synonym_merge
orthohantavirus,1,raw_WoS_DE_term_no_synonym_merge
OSCC,1,raw_WoS_DE_term_no_synonym_merge
Osmotic stress,1,raw_WoS_DE_term_no_synonym_merge
osseointegration,1,raw_WoS_DE_term_no_synonym_merge
osteo-immune modulation,1,raw_WoS_DE_term_no_synonym_merge
osteoarthritis (OA),1,raw_WoS_DE_term_no_synonym_merge
OSTEOBLAST,1,raw_WoS_DE_term_no_synonym_merge
osteoblast differentiation,1,raw_WoS_DE_term_no_synonym_merge
osteoblast migration,1,raw_WoS_DE_term_no_synonym_merge
osteoblast/osteoclast differentiation,1,raw_WoS_DE_term_no_synonym_merge
osteoblastic differentiation,1,raw_WoS_DE_term_no_synonym_merge
OSTEOBLASTS,1,raw_WoS_DE_term_no_synonym_merge
osteocalcin,1,raw_WoS_DE_term_no_synonym_merge
OSTEOCLAST,1,raw_WoS_DE_term_no_synonym_merge
Osteoclastogenesis,1,raw_WoS_DE_term_no_synonym_merge
OSTEOCLASTS,1,raw_WoS_DE_term_no_synonym_merge
Osteocrines,1,raw_WoS_DE_term_no_synonym_merge
Osteocyte,1,raw_WoS_DE_term_no_synonym_merge
osteocytes,1,raw_WoS_DE_term_no_synonym_merge
Osteogenesis-angiogenesis coupling,1,raw_WoS_DE_term_no_synonym_merge
osteogenic,1,raw_WoS_DE_term_no_synonym_merge
osteogenic ability,1,raw_WoS_DE_term_no_synonym_merge
Osteogenic differentiation,1,raw_WoS_DE_term_no_synonym_merge
osteogenic phenotype transition,1,raw_WoS_DE_term_no_synonym_merge
Osteogenic regeneration,1,raw_WoS_DE_term_no_synonym_merge
osteoimmunology,1,raw_WoS_DE_term_no_synonym_merge
osteoimmunomodulation,1,raw_WoS_DE_term_no_synonym_merge
Osteoimmunomodulatory biomaterials,1,raw_WoS_DE_term_no_synonym_merge
osteoinduction,1,raw_WoS_DE_term_no_synonym_merge
osteointegration,1,raw_WoS_DE_term_no_synonym_merge
Osteokines,1,raw_WoS_DE_term_no_synonym_merge
Osteolectin,1,raw_WoS_DE_term_no_synonym_merge
osteonecrosis,1,raw_WoS_DE_term_no_synonym_merge
Osteonecrosis,1,raw_WoS_DE_term_no_synonym_merge
OSTEOPETROSIS,1,raw_WoS_DE_term_no_synonym_merge
Osteoporotic fracture repair,1,raw_WoS_DE_term_no_synonym_merge
Osteosarcoma,1,raw_WoS_DE_term_no_synonym_merge
Ostreococcus tauri,1,raw_WoS_DE_term_no_synonym_merge
OTHER,1,raw_WoS_DE_term_no_synonym_merge
OTUD3,1,raw_WoS_DE_term_no_synonym_merge
OTULIN,1,raw_WoS_DE_term_no_synonym_merge
outcome,1,raw_WoS_DE_term_no_synonym_merge
Ovarian Cancer,1,raw_WoS_DE_term_no_synonym_merge
Ovarian cancer metastasis,1,raw_WoS_DE_term_no_synonym_merge
Ovarian cancer-secreted miR-141-3p,1,raw_WoS_DE_term_no_synonym_merge
Ovarian cancerexosome,1,raw_WoS_DE_term_no_synonym_merge
Ovarian carcinoma cells,1,raw_WoS_DE_term_no_synonym_merge
Ovarian circadian rhythm disorder,1,raw_WoS_DE_term_no_synonym_merge
overall haemostatic potential,1,raw_WoS_DE_term_no_synonym_merge
overload-induced heart disease,1,raw_WoS_DE_term_no_synonym_merge
Ox-LDL,1,raw_WoS_DE_term_no_synonym_merge
OX40-OX40L interaction,1,raw_WoS_DE_term_no_synonym_merge
oxidation,1,raw_WoS_DE_term_no_synonym_merge
Oxidation resistance 1,1,raw_WoS_DE_term_no_synonym_merge
oxidative damage,1,raw_WoS_DE_term_no_synonym_merge
Oxidative phosphorylation,1,raw_WoS_DE_term_no_synonym_merge
Oxidative Stress,1,raw_WoS_DE_term_no_synonym_merge
oxidative stress damage,1,raw_WoS_DE_term_no_synonym_merge
oxidized low density lipoprotein,1,raw_WoS_DE_term_no_synonym_merge
Oxygen-Glucose deprivation,1,raw_WoS_DE_term_no_synonym_merge
Oxygen-glucose deprivation and reoxygenation (OGD/R),1,raw_WoS_DE_term_no_synonym_merge
oxygen-glucose-deprivation,1,raw_WoS_DE_term_no_synonym_merge
Oxygen-induced retinopathy,1,raw_WoS_DE_term_no_synonym_merge
Oxygen-induced retinopathy mouse model,1,raw_WoS_DE_term_no_synonym_merge
oxygen-related stress,1,raw_WoS_DE_term_no_synonym_merge
Oxyhemoglobin,1,raw_WoS_DE_term_no_synonym_merge
Oxytocin receptor,1,raw_WoS_DE_term_no_synonym_merge
Ozone,1,raw_WoS_DE_term_no_synonym_merge
P-bodies,1,raw_WoS_DE_term_no_synonym_merge
P-selectin binding peptide,1,raw_WoS_DE_term_no_synonym_merge
P-selectin glycoprotein ligand 1,1,raw_WoS_DE_term_no_synonym_merge
P-selectin targeting,1,raw_WoS_DE_term_no_synonym_merge
P. gingivalis outer membrane vesicles,1,raw_WoS_DE_term_no_synonym_merge
p190RhoGAP,1,raw_WoS_DE_term_no_synonym_merge
P2 x 7R,1,raw_WoS_DE_term_no_synonym_merge
P21,1,raw_WoS_DE_term_no_synonym_merge
p21,1,raw_WoS_DE_term_no_synonym_merge
p21-activated kinases,1,raw_WoS_DE_term_no_synonym_merge
P2X(7)(P2X purinoreceptor 7),1,raw_WoS_DE_term_no_synonym_merge
P2Y receptor,1,raw_WoS_DE_term_no_synonym_merge
P2Y(12)-inhibitor,1,raw_WoS_DE_term_no_synonym_merge
p38 MAPK,1,raw_WoS_DE_term_no_synonym_merge
p38 MAPK pathway,1,raw_WoS_DE_term_no_synonym_merge
P38 MAPK pathway,1,raw_WoS_DE_term_no_synonym_merge
p38 mitogen-activated protein kinase,1,raw_WoS_DE_term_no_synonym_merge
p38-MAPK,1,raw_WoS_DE_term_no_synonym_merge
P62,1,raw_WoS_DE_term_no_synonym_merge
p65,1,raw_WoS_DE_term_no_synonym_merge
p75(NTR) receptor,1,raw_WoS_DE_term_no_synonym_merge
PACs,1,raw_WoS_DE_term_no_synonym_merge
paeonol,1,raw_WoS_DE_term_no_synonym_merge
PAH,1,raw_WoS_DE_term_no_synonym_merge
PAH-specific treatment,1,raw_WoS_DE_term_no_synonym_merge
pain,1,raw_WoS_DE_term_no_synonym_merge
PAK2,1,raw_WoS_DE_term_no_synonym_merge
palmitic acid,1,raw_WoS_DE_term_no_synonym_merge
PAMAM dendrimers,1,raw_WoS_DE_term_no_synonym_merge
PAMPs,1,raw_WoS_DE_term_no_synonym_merge
Pan-caspase inhibitor,1,raw_WoS_DE_term_no_synonym_merge
pancreas,1,raw_WoS_DE_term_no_synonym_merge
Pancreatic ductal adenocarcinoma,1,raw_WoS_DE_term_no_synonym_merge
pancreatic ductal adenocarcinoma (PDAC),1,raw_WoS_DE_term_no_synonym_merge
pancreatic fibrosis,1,raw_WoS_DE_term_no_synonym_merge
Pancreatic islet,1,raw_WoS_DE_term_no_synonym_merge
pancreatitis,1,raw_WoS_DE_term_no_synonym_merge
pandemic,1,raw_WoS_DE_term_no_synonym_merge
pannexin1,1,raw_WoS_DE_term_no_synonym_merge
Pannexins,1,raw_WoS_DE_term_no_synonym_merge
Papain,1,raw_WoS_DE_term_no_synonym_merge
papillary thyroid cancer,1,raw_WoS_DE_term_no_synonym_merge
Papillomavirus,1,raw_WoS_DE_term_no_synonym_merge
Paracellular permeability,1,raw_WoS_DE_term_no_synonym_merge
Paracrine,1,raw_WoS_DE_term_no_synonym_merge
paracrine communication,1,raw_WoS_DE_term_no_synonym_merge
Paracrine effect,1,raw_WoS_DE_term_no_synonym_merge
paracrine factor,1,raw_WoS_DE_term_no_synonym_merge
Paracrine factors,1,raw_WoS_DE_term_no_synonym_merge
Paracrine function,1,raw_WoS_DE_term_no_synonym_merge
Paracrine mechanisms,1,raw_WoS_DE_term_no_synonym_merge
paracrine secretions,1,raw_WoS_DE_term_no_synonym_merge
Paracytosis,1,raw_WoS_DE_term_no_synonym_merge
parallel reaction monitoring,1,raw_WoS_DE_term_no_synonym_merge
paraquat,1,raw_WoS_DE_term_no_synonym_merge
Parasitism,1,raw_WoS_DE_term_no_synonym_merge
Parkinson's disease (PD),1,raw_WoS_DE_term_no_synonym_merge
PARP9,1,raw_WoS_DE_term_no_synonym_merge
Partial least squares regression,1,raw_WoS_DE_term_no_synonym_merge
Particle,1,raw_WoS_DE_term_no_synonym_merge
particle,1,raw_WoS_DE_term_no_synonym_merge
particle matters,1,raw_WoS_DE_term_no_synonym_merge
particle track visualization,1,raw_WoS_DE_term_no_synonym_merge
Particulate matter,1,raw_WoS_DE_term_no_synonym_merge
Patch,1,raw_WoS_DE_term_no_synonym_merge
patched,1,raw_WoS_DE_term_no_synonym_merge
pathfinding,1,raw_WoS_DE_term_no_synonym_merge
Pathogen,1,raw_WoS_DE_term_no_synonym_merge
pathogenic fungi,1,raw_WoS_DE_term_no_synonym_merge
Pathological,1,raw_WoS_DE_term_no_synonym_merge
pathological angiogenesis,1,raw_WoS_DE_term_no_synonym_merge
pathological cardiomyocyte hypertrophy,1,raw_WoS_DE_term_no_synonym_merge
pathological microenvironment,1,raw_WoS_DE_term_no_synonym_merge
Pathological process,1,raw_WoS_DE_term_no_synonym_merge
Pathology Section,1,raw_WoS_DE_term_no_synonym_merge
Pathophysiologic feature,1,raw_WoS_DE_term_no_synonym_merge
patient stratification,1,raw_WoS_DE_term_no_synonym_merge
Pattern recognition receptors,1,raw_WoS_DE_term_no_synonym_merge
PC3ML,1,raw_WoS_DE_term_no_synonym_merge
PCSK9,1,raw_WoS_DE_term_no_synonym_merge
PCSK9 (proprotein convertase subtilisin kexin type 9),1,raw_WoS_DE_term_no_synonym_merge
PD,1,raw_WoS_DE_term_no_synonym_merge
PD-L1 dengue,1,raw_WoS_DE_term_no_synonym_merge
PD1/PDL1 axis,1,raw_WoS_DE_term_no_synonym_merge
PDCD10,1,raw_WoS_DE_term_no_synonym_merge
PDCD4,1,raw_WoS_DE_term_no_synonym_merge
PDGF,1,raw_WoS_DE_term_no_synonym_merge
PDGF signaling,1,raw_WoS_DE_term_no_synonym_merge
PDGF-BB/PDGFR-beta,1,raw_WoS_DE_term_no_synonym_merge
PDGFB,1,raw_WoS_DE_term_no_synonym_merge
PDGFR alpha,1,raw_WoS_DE_term_no_synonym_merge
PDGFR beta,1,raw_WoS_DE_term_no_synonym_merge
PDGFR-beta,1,raw_WoS_DE_term_no_synonym_merge
PDIA4,1,raw_WoS_DE_term_no_synonym_merge
PDK4,1,raw_WoS_DE_term_no_synonym_merge
PDLSCs,1,raw_WoS_DE_term_no_synonym_merge
PDMS,1,raw_WoS_DE_term_no_synonym_merge
PE,1,raw_WoS_DE_term_no_synonym_merge
PEDF,1,raw_WoS_DE_term_no_synonym_merge
pediatric heart failure,1,raw_WoS_DE_term_no_synonym_merge
pediatric obesity,1,raw_WoS_DE_term_no_synonym_merge
pediatric OSA,1,raw_WoS_DE_term_no_synonym_merge
PEGprecipitation,1,raw_WoS_DE_term_no_synonym_merge
Penetration,1,raw_WoS_DE_term_no_synonym_merge
penile reconstruction,1,raw_WoS_DE_term_no_synonym_merge
pentraxins,1,raw_WoS_DE_term_no_synonym_merge
people living with HIV (PLWH),1,raw_WoS_DE_term_no_synonym_merge
pEPCs,1,raw_WoS_DE_term_no_synonym_merge
peptide,1,raw_WoS_DE_term_no_synonym_merge
Peptide loading,1,raw_WoS_DE_term_no_synonym_merge
Peptidyl-tyrosine phosphorylation,1,raw_WoS_DE_term_no_synonym_merge
peptidylarginine deiminase (PAD),1,raw_WoS_DE_term_no_synonym_merge
Perfusion,1,raw_WoS_DE_term_no_synonym_merge
Pericyte-myofibroblast transition,1,raw_WoS_DE_term_no_synonym_merge
periodontal,1,raw_WoS_DE_term_no_synonym_merge
periodontal defect,1,raw_WoS_DE_term_no_synonym_merge
periodontal disease,1,raw_WoS_DE_term_no_synonym_merge
periodontal ligament cells,1,raw_WoS_DE_term_no_synonym_merge
periodontal ligament stem cells,1,raw_WoS_DE_term_no_synonym_merge
Periodontitis,1,raw_WoS_DE_term_no_synonym_merge
periosteum stem cells,1,raw_WoS_DE_term_no_synonym_merge
periosteum-derived stem cells,1,raw_WoS_DE_term_no_synonym_merge
Periostin,1,raw_WoS_DE_term_no_synonym_merge
periostin,1,raw_WoS_DE_term_no_synonym_merge
Peripheral arterial disease,1,raw_WoS_DE_term_no_synonym_merge
peripheral arterial disease,1,raw_WoS_DE_term_no_synonym_merge
peripheral artery disease,1,raw_WoS_DE_term_no_synonym_merge
Peripheral artery disease,1,raw_WoS_DE_term_no_synonym_merge
peripheral artery diseases,1,raw_WoS_DE_term_no_synonym_merge
Peripheral blood,1,raw_WoS_DE_term_no_synonym_merge
Peripheral blood mononuclear cells,1,raw_WoS_DE_term_no_synonym_merge
peripheral blood stem cells,1,raw_WoS_DE_term_no_synonym_merge
peripheral blood-derived exosomes,1,raw_WoS_DE_term_no_synonym_merge
peripheral nerve injury,1,raw_WoS_DE_term_no_synonym_merge
Peripheral nerve regeneration,1,raw_WoS_DE_term_no_synonym_merge
peripheral nerve repair,1,raw_WoS_DE_term_no_synonym_merge
Peripheral nerves,1,raw_WoS_DE_term_no_synonym_merge
peripheral nervous system,1,raw_WoS_DE_term_no_synonym_merge
Peripheral/central regulation,1,raw_WoS_DE_term_no_synonym_merge
Periplaneta americana (L),1,raw_WoS_DE_term_no_synonym_merge
peritoneal cancers,1,raw_WoS_DE_term_no_synonym_merge
peritoneal dialysis,1,raw_WoS_DE_term_no_synonym_merge
peritoneal dissemination,1,raw_WoS_DE_term_no_synonym_merge
peritoneal equilibrium test,1,raw_WoS_DE_term_no_synonym_merge
Peritoneal membrane function,1,raw_WoS_DE_term_no_synonym_merge
Peritonitis,1,raw_WoS_DE_term_no_synonym_merge
Peritubular capillary,1,raw_WoS_DE_term_no_synonym_merge
perivascular adipose tissue,1,raw_WoS_DE_term_no_synonym_merge
perivascular cell,1,raw_WoS_DE_term_no_synonym_merge
perivascular cells,1,raw_WoS_DE_term_no_synonym_merge
Perivascular cells,1,raw_WoS_DE_term_no_synonym_merge
perivascular mesenchymal stem cells,1,raw_WoS_DE_term_no_synonym_merge
perivascular MSCs,1,raw_WoS_DE_term_no_synonym_merge
perivascular niche,1,raw_WoS_DE_term_no_synonym_merge
PERK,1,raw_WoS_DE_term_no_synonym_merge
Permanent focal cerebral ischemia,1,raw_WoS_DE_term_no_synonym_merge
permeability of the endothelial monolayer,1,raw_WoS_DE_term_no_synonym_merge
Peroxisome proliferator-activated receptor gamma,1,raw_WoS_DE_term_no_synonym_merge
peroxisome proliferator-activated receptor gamma,1,raw_WoS_DE_term_no_synonym_merge
Personalized medicine,1,raw_WoS_DE_term_no_synonym_merge
Perthes disease,1,raw_WoS_DE_term_no_synonym_merge
petrochemical pollution,1,raw_WoS_DE_term_no_synonym_merge
PEVs,1,raw_WoS_DE_term_no_synonym_merge
PF-127,1,raw_WoS_DE_term_no_synonym_merge
PF-127 hydrogel,1,raw_WoS_DE_term_no_synonym_merge
PF-PEG@ASIV-EXO,1,raw_WoS_DE_term_no_synonym_merge
PFKFB3,1,raw_WoS_DE_term_no_synonym_merge
PfSBP1,1,raw_WoS_DE_term_no_synonym_merge
PH,1,raw_WoS_DE_term_no_synonym_merge
pH -responsive hydrogel,1,raw_WoS_DE_term_no_synonym_merge
pH switchability,1,raw_WoS_DE_term_no_synonym_merge
pH-sensitivity,1,raw_WoS_DE_term_no_synonym_merge
Phaeodactylum tricornutum,1,raw_WoS_DE_term_no_synonym_merge
Pharmacotherapy,1,raw_WoS_DE_term_no_synonym_merge
Phene transfer,1,raw_WoS_DE_term_no_synonym_merge
phenolic compounds,1,raw_WoS_DE_term_no_synonym_merge
Phenotype change,1,raw_WoS_DE_term_no_synonym_merge
Phenotype switch,1,raw_WoS_DE_term_no_synonym_merge
phenotypic modulation,1,raw_WoS_DE_term_no_synonym_merge
phenotypic switch,1,raw_WoS_DE_term_no_synonym_merge
Phenotypic transition,1,raw_WoS_DE_term_no_synonym_merge
phenotyping extracellular vesicles,1,raw_WoS_DE_term_no_synonym_merge
PHLPPs,1,raw_WoS_DE_term_no_synonym_merge
Phosphatase and Tensin Homolog,1,raw_WoS_DE_term_no_synonym_merge
phosphatase and tensin homolog,1,raw_WoS_DE_term_no_synonym_merge
Phosphatase and tensin homolog deleted on chromosome ten,1,raw_WoS_DE_term_no_synonym_merge
phosphodiesterase,1,raw_WoS_DE_term_no_synonym_merge
phosphodiesterase inhibitors,1,raw_WoS_DE_term_no_synonym_merge
Phosphoenolpyruvate carboxykinase 1,1,raw_WoS_DE_term_no_synonym_merge
Phosphoinositide 3-kinase,1,raw_WoS_DE_term_no_synonym_merge
phosphoinositide-3 kinase/protein kinase B signaling,1,raw_WoS_DE_term_no_synonym_merge
phospholipase,1,raw_WoS_DE_term_no_synonym_merge
Phospholipase,1,raw_WoS_DE_term_no_synonym_merge
phospholipase A(2),1,raw_WoS_DE_term_no_synonym_merge
Phospholipase C beta 1,1,raw_WoS_DE_term_no_synonym_merge
phospholipases C,1,raw_WoS_DE_term_no_synonym_merge
phospholipids,1,raw_WoS_DE_term_no_synonym_merge
phosphorlyated-GSK-3 beta,1,raw_WoS_DE_term_no_synonym_merge
photo-aging,1,raw_WoS_DE_term_no_synonym_merge
Photoacoustic imaging,1,raw_WoS_DE_term_no_synonym_merge
photobiomodulation,1,raw_WoS_DE_term_no_synonym_merge
Photocurable 3D printing,1,raw_WoS_DE_term_no_synonym_merge
Photocurable hydrogel,1,raw_WoS_DE_term_no_synonym_merge
Photodynamic therapy,1,raw_WoS_DE_term_no_synonym_merge
photoreceptor,1,raw_WoS_DE_term_no_synonym_merge
Photosensitive hydrogel,1,raw_WoS_DE_term_no_synonym_merge
Physical exercise,1,raw_WoS_DE_term_no_synonym_merge
physical exercise,1,raw_WoS_DE_term_no_synonym_merge
Physicochemical properties,1,raw_WoS_DE_term_no_synonym_merge
physiological cues,1,raw_WoS_DE_term_no_synonym_merge
Physiology,1,raw_WoS_DE_term_no_synonym_merge
physiopathological mechanisms,1,raw_WoS_DE_term_no_synonym_merge
physiopathology,1,raw_WoS_DE_term_no_synonym_merge
physioxia,1,raw_WoS_DE_term_no_synonym_merge
Phytocannabinoids,1,raw_WoS_DE_term_no_synonym_merge
PI3K-Akt,1,raw_WoS_DE_term_no_synonym_merge
PI3K-AKT pathway,1,raw_WoS_DE_term_no_synonym_merge
PI3K-AKT-mTOR,1,raw_WoS_DE_term_no_synonym_merge
PI3K/AKT,1,raw_WoS_DE_term_no_synonym_merge
PI3K/Akt pathway,1,raw_WoS_DE_term_no_synonym_merge
PI3K/AKT signaling pathway,1,raw_WoS_DE_term_no_synonym_merge
PI3K/Akt signaling pathway,1,raw_WoS_DE_term_no_synonym_merge
PI3K/AKT/mTOR,1,raw_WoS_DE_term_no_synonym_merge
PIAS3,1,raw_WoS_DE_term_no_synonym_merge
PICALM,1,raw_WoS_DE_term_no_synonym_merge
PICALM-AU1,1,raw_WoS_DE_term_no_synonym_merge
PICK1,1,raw_WoS_DE_term_no_synonym_merge
Pig,1,raw_WoS_DE_term_no_synonym_merge
pig model,1,raw_WoS_DE_term_no_synonym_merge
Pigment epithelium-derived factor,1,raw_WoS_DE_term_no_synonym_merge
Pioglitazone,1,raw_WoS_DE_term_no_synonym_merge
piR-823,1,raw_WoS_DE_term_no_synonym_merge
Pituitary adenoma,1,raw_WoS_DE_term_no_synonym_merge
Pituitary adenomas,1,raw_WoS_DE_term_no_synonym_merge
Pituitary gland,1,raw_WoS_DE_term_no_synonym_merge
Pituitary tumor,1,raw_WoS_DE_term_no_synonym_merge
Piwi-interacting RNA,1,raw_WoS_DE_term_no_synonym_merge
PKC,1,raw_WoS_DE_term_no_synonym_merge
PKC alpha inhibition,1,raw_WoS_DE_term_no_synonym_merge
PKC delta,1,raw_WoS_DE_term_no_synonym_merge
PKH67,1,raw_WoS_DE_term_no_synonym_merge
PKR1,1,raw_WoS_DE_term_no_synonym_merge
PKS gene,1,raw_WoS_DE_term_no_synonym_merge
PLA-PEG,1,raw_WoS_DE_term_no_synonym_merge
Placenta mesenchymal stem cell,1,raw_WoS_DE_term_no_synonym_merge
placenta-associated serum exosomes,1,raw_WoS_DE_term_no_synonym_merge
placenta-derived exosomal miRNAs,1,raw_WoS_DE_term_no_synonym_merge
Placenta-derived exosomes,1,raw_WoS_DE_term_no_synonym_merge
Placental biology,1,raw_WoS_DE_term_no_synonym_merge
Placental EVs,1,raw_WoS_DE_term_no_synonym_merge
placental EVs,1,raw_WoS_DE_term_no_synonym_merge
placental exosomes,1,raw_WoS_DE_term_no_synonym_merge
placental explant culture,1,raw_WoS_DE_term_no_synonym_merge
placental explants,1,raw_WoS_DE_term_no_synonym_merge
placental growth factor,1,raw_WoS_DE_term_no_synonym_merge
placental impairment,1,raw_WoS_DE_term_no_synonym_merge
Placental pericytes,1,raw_WoS_DE_term_no_synonym_merge
plant extracts,1,raw_WoS_DE_term_no_synonym_merge
Plant nanoparticles,1,raw_WoS_DE_term_no_synonym_merge
plant-derived EVs,1,raw_WoS_DE_term_no_synonym_merge
Plant-derived extracellular vesicles,1,raw_WoS_DE_term_no_synonym_merge
Plant-derived nanovesicles,1,raw_WoS_DE_term_no_synonym_merge
plaque,1,raw_WoS_DE_term_no_synonym_merge
plasma endothelial cells-derived extracellular vesicle,1,raw_WoS_DE_term_no_synonym_merge
plasma exosomes,1,raw_WoS_DE_term_no_synonym_merge
plasma gelsolin,1,raw_WoS_DE_term_no_synonym_merge
Plasma membrane,1,raw_WoS_DE_term_no_synonym_merge
plasma membrane (PM),1,raw_WoS_DE_term_no_synonym_merge
plasma membrane Ca2+-ATPase,1,raw_WoS_DE_term_no_synonym_merge
Plasma Membrane-derived Vesicles,1,raw_WoS_DE_term_no_synonym_merge
Plasma PMV,1,raw_WoS_DE_term_no_synonym_merge
plasma sEVs,1,raw_WoS_DE_term_no_synonym_merge
Plasma-derived exosomes,1,raw_WoS_DE_term_no_synonym_merge
plasmid design,1,raw_WoS_DE_term_no_synonym_merge
plasminogen activator inhibitor type 1,1,raw_WoS_DE_term_no_synonym_merge
plasmodium,1,raw_WoS_DE_term_no_synonym_merge
Plasmodium,1,raw_WoS_DE_term_no_synonym_merge
Plasticity,1,raw_WoS_DE_term_no_synonym_merge
Platelet -derived,1,raw_WoS_DE_term_no_synonym_merge
Platelet -derived extracellular vesicles,1,raw_WoS_DE_term_no_synonym_merge
platelet aggregates,1,raw_WoS_DE_term_no_synonym_merge
Platelet derived small extracellular vesicles,1,raw_WoS_DE_term_no_synonym_merge
platelet dysfunction,1,raw_WoS_DE_term_no_synonym_merge
platelet endothelial cell adhesion molecule-1,1,raw_WoS_DE_term_no_synonym_merge
platelet EVs,1,raw_WoS_DE_term_no_synonym_merge
platelet exosomes,1,raw_WoS_DE_term_no_synonym_merge
Platelet extracellular vesicles,1,raw_WoS_DE_term_no_synonym_merge
Platelet factor 4,1,raw_WoS_DE_term_no_synonym_merge
platelet function,1,raw_WoS_DE_term_no_synonym_merge
Platelet membrane,1,raw_WoS_DE_term_no_synonym_merge
Platelet membrane-coated nanoparticles,1,raw_WoS_DE_term_no_synonym_merge
platelet membranes,1,raw_WoS_DE_term_no_synonym_merge
Platelet microparticles,1,raw_WoS_DE_term_no_synonym_merge
platelet microvesicles,1,raw_WoS_DE_term_no_synonym_merge
Platelet microvesicles,1,raw_WoS_DE_term_no_synonym_merge
Platelet-activating factor,1,raw_WoS_DE_term_no_synonym_merge
Platelet-derived extracellular vesicle (PEV),1,raw_WoS_DE_term_no_synonym_merge
Platelet-derived growth factor D,1,raw_WoS_DE_term_no_synonym_merge
platelet-derived growth factor-BB,1,raw_WoS_DE_term_no_synonym_merge
platelet-derived metabolites,1,raw_WoS_DE_term_no_synonym_merge
platelet-derived microparticles,1,raw_WoS_DE_term_no_synonym_merge
Platelet-derived microparticles,1,raw_WoS_DE_term_no_synonym_merge
platelet-derived microvesicles,1,raw_WoS_DE_term_no_synonym_merge
platelet-endothelial interaction,1,raw_WoS_DE_term_no_synonym_merge
platelet-enriched microRNA,1,raw_WoS_DE_term_no_synonym_merge
platelet-neutrophil aggregates,1,raw_WoS_DE_term_no_synonym_merge
Platelet-rich plasma,1,raw_WoS_DE_term_no_synonym_merge
platelet-rich plasma-derived extracellular vesicles,1,raw_WoS_DE_term_no_synonym_merge
Platelets-derived extracellular vesicles,1,raw_WoS_DE_term_no_synonym_merge
Platyhelminth,1,raw_WoS_DE_term_no_synonym_merge
PLCG1,1,raw_WoS_DE_term_no_synonym_merge
pleiotropic effects,1,raw_WoS_DE_term_no_synonym_merge
PLGA,1,raw_WoS_DE_term_no_synonym_merge
PLGA-PEI,1,raw_WoS_DE_term_no_synonym_merge
PlGF,1,raw_WoS_DE_term_no_synonym_merge
PLGF-1,1,raw_WoS_DE_term_no_synonym_merge
PM0.1,1,raw_WoS_DE_term_no_synonym_merge
PML,1,raw_WoS_DE_term_no_synonym_merge
PML-RARa,1,raw_WoS_DE_term_no_synonym_merge
PMN,1,raw_WoS_DE_term_no_synonym_merge
PMN (Premetastatic niche),1,raw_WoS_DE_term_no_synonym_merge
Pmps,1,raw_WoS_DE_term_no_synonym_merge
Pneumonia,1,raw_WoS_DE_term_no_synonym_merge
podocyte dysfunction,1,raw_WoS_DE_term_no_synonym_merge
podocyte injury,1,raw_WoS_DE_term_no_synonym_merge
Podocyte-endothelial cell crosstalk,1,raw_WoS_DE_term_no_synonym_merge
podocytopathy,1,raw_WoS_DE_term_no_synonym_merge
podoplanin,1,raw_WoS_DE_term_no_synonym_merge
podosome,1,raw_WoS_DE_term_no_synonym_merge
Podosome formation,1,raw_WoS_DE_term_no_synonym_merge
Podosomes,1,raw_WoS_DE_term_no_synonym_merge
PODXL,1,raw_WoS_DE_term_no_synonym_merge
point of care diagnosis,1,raw_WoS_DE_term_no_synonym_merge
point-of-care,1,raw_WoS_DE_term_no_synonym_merge
polarity,1,raw_WoS_DE_term_no_synonym_merge
Polarization,1,raw_WoS_DE_term_no_synonym_merge
Poly(ethylene glycol)-conjugated lipid (PEG-Lipid),1,raw_WoS_DE_term_no_synonym_merge
poly(lactic-co-glycolic acid),1,raw_WoS_DE_term_no_synonym_merge
poly-L-lactic acid scaffold,1,raw_WoS_DE_term_no_synonym_merge
Polycaprolactone,1,raw_WoS_DE_term_no_synonym_merge
Polycyclic aromatic hydrocarbons,1,raw_WoS_DE_term_no_synonym_merge
polycyclic aromatic hydrocarbons (PAH),1,raw_WoS_DE_term_no_synonym_merge
polycystic ovary syndrome,1,raw_WoS_DE_term_no_synonym_merge
Polycystic ovary syndrome,1,raw_WoS_DE_term_no_synonym_merge
polycythemia vera,1,raw_WoS_DE_term_no_synonym_merge
polydopamine,1,raw_WoS_DE_term_no_synonym_merge
Polydopamine,1,raw_WoS_DE_term_no_synonym_merge
polydopamine nanoparticles,1,raw_WoS_DE_term_no_synonym_merge
polyethylenimine,1,raw_WoS_DE_term_no_synonym_merge
Polyglutamylation,1,raw_WoS_DE_term_no_synonym_merge
polymerase chain reaction,1,raw_WoS_DE_term_no_synonym_merge
polymicrobial sepsis,1,raw_WoS_DE_term_no_synonym_merge
polymorphonuclear myeloid-derived suppressor cell (PMN-MDSC),1,raw_WoS_DE_term_no_synonym_merge
polymorphonuclear neutrophil,1,raw_WoS_DE_term_no_synonym_merge
Polymorphonuclear neutrophil,1,raw_WoS_DE_term_no_synonym_merge
polymyositis,1,raw_WoS_DE_term_no_synonym_merge
Polymyxin B,1,raw_WoS_DE_term_no_synonym_merge
Polyomavirus,1,raw_WoS_DE_term_no_synonym_merge
polyphenol,1,raw_WoS_DE_term_no_synonym_merge
Polyphenol,1,raw_WoS_DE_term_no_synonym_merge
Polyphenol nanovesicles,1,raw_WoS_DE_term_no_synonym_merge
Polyphenols,1,raw_WoS_DE_term_no_synonym_merge
Polysaccharide,1,raw_WoS_DE_term_no_synonym_merge
Polyvinyl alcohol hydrogel,1,raw_WoS_DE_term_no_synonym_merge
ponatinib,1,raw_WoS_DE_term_no_synonym_merge
porcine endothelial cells,1,raw_WoS_DE_term_no_synonym_merge
Porcine reproductive and respiratory syndrome virus,1,raw_WoS_DE_term_no_synonym_merge
pore-forming protein,1,raw_WoS_DE_term_no_synonym_merge
Porphyromonas gingivalis,1,raw_WoS_DE_term_no_synonym_merge
Porphyromonas gingivalis membrane,1,raw_WoS_DE_term_no_synonym_merge
Port wine stain,1,raw_WoS_DE_term_no_synonym_merge
Portal hypertension,1,raw_WoS_DE_term_no_synonym_merge
Portal vein,1,raw_WoS_DE_term_no_synonym_merge
positive airway pressure,1,raw_WoS_DE_term_no_synonym_merge
positive and negative photoacoustic contrasts,1,raw_WoS_DE_term_no_synonym_merge
POSS nanoparticles,1,raw_WoS_DE_term_no_synonym_merge
post transcriptional regulation,1,raw_WoS_DE_term_no_synonym_merge
Post translational - modification,1,raw_WoS_DE_term_no_synonym_merge
post-hepatectomy liver failure,1,raw_WoS_DE_term_no_synonym_merge
Post-Infarction Angiogenesis,1,raw_WoS_DE_term_no_synonym_merge
post-transcriptional modification,1,raw_WoS_DE_term_no_synonym_merge
post-transcriptional regulation,1,raw_WoS_DE_term_no_synonym_merge
Post-translational modifications,1,raw_WoS_DE_term_no_synonym_merge
Postconditioning,1,raw_WoS_DE_term_no_synonym_merge
Posterior capsule opacification,1,raw_WoS_DE_term_no_synonym_merge
postoperative metastasis and recurrence of tumors,1,raw_WoS_DE_term_no_synonym_merge
potency metrics,1,raw_WoS_DE_term_no_synonym_merge
Potential therapeutic,1,raw_WoS_DE_term_no_synonym_merge
PPAR ?,1,raw_WoS_DE_term_no_synonym_merge
PPAR&#947,1,raw_WoS_DE_term_no_synonym_merge
PPAR-gamma,1,raw_WoS_DE_term_no_synonym_merge
PPARG,1,raw_WoS_DE_term_no_synonym_merge
PPARG Endothelial progenitor cell derived exosomes,1,raw_WoS_DE_term_no_synonym_merge
ppel-like factor 2-overexpressing mouse coronary endothelial cells,1,raw_WoS_DE_term_no_synonym_merge
PPP5C,1,raw_WoS_DE_term_no_synonym_merge
pravastatin,1,raw_WoS_DE_term_no_synonym_merge
pRBC,1,raw_WoS_DE_term_no_synonym_merge
pre&#8208,1,raw_WoS_DE_term_no_synonym_merge
pre- and metastatic niche,1,raw_WoS_DE_term_no_synonym_merge
pre-analytical preparation,1,raw_WoS_DE_term_no_synonym_merge
pre-metastatic,1,raw_WoS_DE_term_no_synonym_merge
Pre-metastatic niche formation,1,raw_WoS_DE_term_no_synonym_merge
Pre-metastatic niches,1,raw_WoS_DE_term_no_synonym_merge
pre-metastatic niches,1,raw_WoS_DE_term_no_synonym_merge
Precision medicine,1,raw_WoS_DE_term_no_synonym_merge
Precision Oncology,1,raw_WoS_DE_term_no_synonym_merge
Preclinical,1,raw_WoS_DE_term_no_synonym_merge
preclinical investigation,1,raw_WoS_DE_term_no_synonym_merge
preclinical porcine model,1,raw_WoS_DE_term_no_synonym_merge
preclinical studies,1,raw_WoS_DE_term_no_synonym_merge
Preconditioning of mesenchymal stem cells,1,raw_WoS_DE_term_no_synonym_merge
prediabetes,1,raw_WoS_DE_term_no_synonym_merge
Prediabetes,1,raw_WoS_DE_term_no_synonym_merge
Predictive model,1,raw_WoS_DE_term_no_synonym_merge
Pregnancy malaria,1,raw_WoS_DE_term_no_synonym_merge
pregnant uterus,1,raw_WoS_DE_term_no_synonym_merge
pregnant women,1,raw_WoS_DE_term_no_synonym_merge
premature infants,1,raw_WoS_DE_term_no_synonym_merge
Premature ovarian insufficiency,1,raw_WoS_DE_term_no_synonym_merge
premetastatic niche formation,1,raw_WoS_DE_term_no_synonym_merge
Preparation techniques,1,raw_WoS_DE_term_no_synonym_merge
preservation,1,raw_WoS_DE_term_no_synonym_merge
Pressure,1,raw_WoS_DE_term_no_synonym_merge
pressure,1,raw_WoS_DE_term_no_synonym_merge
Pressure Overload,1,raw_WoS_DE_term_no_synonym_merge
preterm infants,1,raw_WoS_DE_term_no_synonym_merge
preterm-labor,1,raw_WoS_DE_term_no_synonym_merge
primary myelofibrosis,1,raw_WoS_DE_term_no_synonym_merge
Primary ovarian insufficiency,1,raw_WoS_DE_term_no_synonym_merge
primary pulmonary microvascular endothelial cell,1,raw_WoS_DE_term_no_synonym_merge
Primary sclerosing cholangitis,1,raw_WoS_DE_term_no_synonym_merge
Priming IL-1 beta,1,raw_WoS_DE_term_no_synonym_merge
Prion diseases,1,raw_WoS_DE_term_no_synonym_merge
Prions,1,raw_WoS_DE_term_no_synonym_merge
Pro-,1,raw_WoS_DE_term_no_synonym_merge
pro-angiogenesis,1,raw_WoS_DE_term_no_synonym_merge
pro-angiogenic factor,1,raw_WoS_DE_term_no_synonym_merge
Pro-coagulant activity,1,raw_WoS_DE_term_no_synonym_merge
Pro-inflammatory macrophages,1,raw_WoS_DE_term_no_synonym_merge
proangiogenic cells,1,raw_WoS_DE_term_no_synonym_merge
proangiogenic properties,1,raw_WoS_DE_term_no_synonym_merge
Probes,1,raw_WoS_DE_term_no_synonym_merge
probiotics,1,raw_WoS_DE_term_no_synonym_merge
Procoagulant activity,1,raw_WoS_DE_term_no_synonym_merge
procoagulant vesicle,1,raw_WoS_DE_term_no_synonym_merge
Procoagulant vesicles,1,raw_WoS_DE_term_no_synonym_merge
procoagulation,1,raw_WoS_DE_term_no_synonym_merge
production,1,raw_WoS_DE_term_no_synonym_merge
profiling,1,raw_WoS_DE_term_no_synonym_merge
Progenitor,1,raw_WoS_DE_term_no_synonym_merge
Progenitor cell,1,raw_WoS_DE_term_no_synonym_merge
progenitor cell therapy,1,raw_WoS_DE_term_no_synonym_merge
Progerin,1,raw_WoS_DE_term_no_synonym_merge
Programed cell death,1,raw_WoS_DE_term_no_synonym_merge
Programming,1,raw_WoS_DE_term_no_synonym_merge
Progression,1,raw_WoS_DE_term_no_synonym_merge
progression of HIV,1,raw_WoS_DE_term_no_synonym_merge
Progressive disease,1,raw_WoS_DE_term_no_synonym_merge
prohibitin,1,raw_WoS_DE_term_no_synonym_merge
prohibitin (PHB),1,raw_WoS_DE_term_no_synonym_merge
proinflammatory cytokines,1,raw_WoS_DE_term_no_synonym_merge
Proinflammatory response,1,raw_WoS_DE_term_no_synonym_merge
PROK1,1,raw_WoS_DE_term_no_synonym_merge
prolactin inducible protein,1,raw_WoS_DE_term_no_synonym_merge
prolactin-induced protein,1,raw_WoS_DE_term_no_synonym_merge
proliferating cell nuclear antigen-positive (PCNA plus ) hepatocytes,1,raw_WoS_DE_term_no_synonym_merge
proliferative diabetic retinopathy,1,raw_WoS_DE_term_no_synonym_merge
proliferative retinopathy,1,raw_WoS_DE_term_no_synonym_merge
Prolyl hydroxylase,1,raw_WoS_DE_term_no_synonym_merge
Prolyl-peptidyl cis/trans isomerase 1,1,raw_WoS_DE_term_no_synonym_merge
Propofol,1,raw_WoS_DE_term_no_synonym_merge
prospective,1,raw_WoS_DE_term_no_synonym_merge
prostacyclin analogues,1,raw_WoS_DE_term_no_synonym_merge
Prostaglandin,1,raw_WoS_DE_term_no_synonym_merge
Prostate Cancer,1,raw_WoS_DE_term_no_synonym_merge
prostate hyperplasia,1,raw_WoS_DE_term_no_synonym_merge
protease,1,raw_WoS_DE_term_no_synonym_merge
Proteases,1,raw_WoS_DE_term_no_synonym_merge
Protein,1,raw_WoS_DE_term_no_synonym_merge
protein 6,1,raw_WoS_DE_term_no_synonym_merge
Protein aggregates,1,raw_WoS_DE_term_no_synonym_merge
Protein and DNA,1,raw_WoS_DE_term_no_synonym_merge
protein array,1,raw_WoS_DE_term_no_synonym_merge
protein binding,1,raw_WoS_DE_term_no_synonym_merge
protein biomarkers,1,raw_WoS_DE_term_no_synonym_merge
Protein complementation,1,raw_WoS_DE_term_no_synonym_merge
Protein complex,1,raw_WoS_DE_term_no_synonym_merge
Protein content,1,raw_WoS_DE_term_no_synonym_merge
Protein corona,1,raw_WoS_DE_term_no_synonym_merge
Protein delivery,1,raw_WoS_DE_term_no_synonym_merge
protein disulfide isomerase,1,raw_WoS_DE_term_no_synonym_merge
protein kinase C (PKC),1,raw_WoS_DE_term_no_synonym_merge
protein quality control,1,raw_WoS_DE_term_no_synonym_merge
Protein secretion,1,raw_WoS_DE_term_no_synonym_merge
protein sorting,1,raw_WoS_DE_term_no_synonym_merge
protein synthesis,1,raw_WoS_DE_term_no_synonym_merge
protein trafficking,1,raw_WoS_DE_term_no_synonym_merge
Protein transport,1,raw_WoS_DE_term_no_synonym_merge
protein-tyrosine kinases,1,raw_WoS_DE_term_no_synonym_merge
Proteins,1,raw_WoS_DE_term_no_synonym_merge
Proteins ZO-1,1,raw_WoS_DE_term_no_synonym_merge
proteoglycan,1,raw_WoS_DE_term_no_synonym_merge
Proteoglycans,1,raw_WoS_DE_term_no_synonym_merge
proteolipid nanovesicles,1,raw_WoS_DE_term_no_synonym_merge
proteolysis,1,raw_WoS_DE_term_no_synonym_merge
Proteolysis,1,raw_WoS_DE_term_no_synonym_merge
Proteomic,1,raw_WoS_DE_term_no_synonym_merge
proteomic profiles,1,raw_WoS_DE_term_no_synonym_merge
proteomic profiling,1,raw_WoS_DE_term_no_synonym_merge
proteomics analysis,1,raw_WoS_DE_term_no_synonym_merge
proteostasis,1,raw_WoS_DE_term_no_synonym_merge
Proteostasis,1,raw_WoS_DE_term_no_synonym_merge
prothrombin,1,raw_WoS_DE_term_no_synonym_merge
prothrombinase complex,1,raw_WoS_DE_term_no_synonym_merge
Protoscoleces,1,raw_WoS_DE_term_no_synonym_merge
protoscoleces,1,raw_WoS_DE_term_no_synonym_merge
Protostome inhibitor (PI),1,raw_WoS_DE_term_no_synonym_merge
PROX1,1,raw_WoS_DE_term_no_synonym_merge
proximal tubular epithelial cells,1,raw_WoS_DE_term_no_synonym_merge
proximal tubule cells,1,raw_WoS_DE_term_no_synonym_merge
PRSS23,1,raw_WoS_DE_term_no_synonym_merge
Pseudomonas aeruginosa,1,raw_WoS_DE_term_no_synonym_merge
Pseudopodia,1,raw_WoS_DE_term_no_synonym_merge
PSG1,1,raw_WoS_DE_term_no_synonym_merge
Psoriasis,1,raw_WoS_DE_term_no_synonym_merge
psoriasis,1,raw_WoS_DE_term_no_synonym_merge
psychostimulants,1,raw_WoS_DE_term_no_synonym_merge
PTC,1,raw_WoS_DE_term_no_synonym_merge
Pten,1,raw_WoS_DE_term_no_synonym_merge
PTEN/Akt,1,raw_WoS_DE_term_no_synonym_merge
PTH,1,raw_WoS_DE_term_no_synonym_merge
Pulmonary alveolar epithelial cells,1,raw_WoS_DE_term_no_synonym_merge
Pulmonary artery,1,raw_WoS_DE_term_no_synonym_merge
pulmonary artery endothelial cell,1,raw_WoS_DE_term_no_synonym_merge
Pulmonary artery endothelial cells,1,raw_WoS_DE_term_no_synonym_merge
pulmonary artery hypertension,1,raw_WoS_DE_term_no_synonym_merge
pulmonary artery smooth muscle cell,1,raw_WoS_DE_term_no_synonym_merge
pulmonary artery smooth muscle cells,1,raw_WoS_DE_term_no_synonym_merge
Pulmonary artery smooth muscle cells,1,raw_WoS_DE_term_no_synonym_merge
pulmonary biology,1,raw_WoS_DE_term_no_synonym_merge
Pulmonary diseases,1,raw_WoS_DE_term_no_synonym_merge
pulmonary dysfunction,1,raw_WoS_DE_term_no_synonym_merge
Pulmonary edema,1,raw_WoS_DE_term_no_synonym_merge
Pulmonary embolism,1,raw_WoS_DE_term_no_synonym_merge
pulmonary embolism,1,raw_WoS_DE_term_no_synonym_merge
Pulmonary endothelial permeability,1,raw_WoS_DE_term_no_synonym_merge
Pulmonary I/R injury,1,raw_WoS_DE_term_no_synonym_merge
pulmonary ischemia-reperfusion injury,1,raw_WoS_DE_term_no_synonym_merge
pulmonary macrophage,1,raw_WoS_DE_term_no_synonym_merge
Pulmonary metastasis,1,raw_WoS_DE_term_no_synonym_merge
Pulmonary microvascular,1,raw_WoS_DE_term_no_synonym_merge
pulmonary microvascular endothelial cells (PMVECs),1,raw_WoS_DE_term_no_synonym_merge
Pulmonary vascular disease,1,raw_WoS_DE_term_no_synonym_merge
pulmonary vascular endothelial cells,1,raw_WoS_DE_term_no_synonym_merge
Pulmonary vascular permeability,1,raw_WoS_DE_term_no_synonym_merge
pulp regeneration,1,raw_WoS_DE_term_no_synonym_merge
Pulsed Focal Ultrasound,1,raw_WoS_DE_term_no_synonym_merge
PUM2,1,raw_WoS_DE_term_no_synonym_merge
purification,1,raw_WoS_DE_term_no_synonym_merge
purinergic signaling,1,raw_WoS_DE_term_no_synonym_merge
Purinergic signaling,1,raw_WoS_DE_term_no_synonym_merge
purity,1,raw_WoS_DE_term_no_synonym_merge
Putative endothelial progenitor cells,1,raw_WoS_DE_term_no_synonym_merge
PVA,1,raw_WoS_DE_term_no_synonym_merge
pyrotinib,1,raw_WoS_DE_term_no_synonym_merge
qPCR,1,raw_WoS_DE_term_no_synonym_merge
quantification,1,raw_WoS_DE_term_no_synonym_merge
quantitation,1,raw_WoS_DE_term_no_synonym_merge
Quantitative Proteomics,1,raw_WoS_DE_term_no_synonym_merge
Quantum dot,1,raw_WoS_DE_term_no_synonym_merge
quantum dots,1,raw_WoS_DE_term_no_synonym_merge
quercetin,1,raw_WoS_DE_term_no_synonym_merge
Quiescence,1,raw_WoS_DE_term_no_synonym_merge
R) injury,1,raw_WoS_DE_term_no_synonym_merge
rab family,1,raw_WoS_DE_term_no_synonym_merge
Rab GTPases,1,raw_WoS_DE_term_no_synonym_merge
Rab protein,1,raw_WoS_DE_term_no_synonym_merge
RAB27A,1,raw_WoS_DE_term_no_synonym_merge
Rab27b,1,raw_WoS_DE_term_no_synonym_merge
RAB31,1,raw_WoS_DE_term_no_synonym_merge
Rab5,1,raw_WoS_DE_term_no_synonym_merge
rabbits,1,raw_WoS_DE_term_no_synonym_merge
RabGTPases,1,raw_WoS_DE_term_no_synonym_merge
Rabies virus glycoprotein peptides,1,raw_WoS_DE_term_no_synonym_merge
radial glia,1,raw_WoS_DE_term_no_synonym_merge
radiation cystitis,1,raw_WoS_DE_term_no_synonym_merge
radiation exposure,1,raw_WoS_DE_term_no_synonym_merge
radiation injuries,1,raw_WoS_DE_term_no_synonym_merge
Radiation injuries,1,raw_WoS_DE_term_no_synonym_merge
Radiation therapy,1,raw_WoS_DE_term_no_synonym_merge
radiation-induced lung injury,1,raw_WoS_DE_term_no_synonym_merge
radical prostatectomy,1,raw_WoS_DE_term_no_synonym_merge
radio mitigation,1,raw_WoS_DE_term_no_synonym_merge
Radio-detoxified endotoxin,1,raw_WoS_DE_term_no_synonym_merge
radiofrequency ablation,1,raw_WoS_DE_term_no_synonym_merge
Radioisotope labeling,1,raw_WoS_DE_term_no_synonym_merge
RAECs,1,raw_WoS_DE_term_no_synonym_merge
RAGE,1,raw_WoS_DE_term_no_synonym_merge
Raman spectroscopy,1,raw_WoS_DE_term_no_synonym_merge
Raman spectroscopy signature,1,raw_WoS_DE_term_no_synonym_merge
random flaps,1,raw_WoS_DE_term_no_synonym_merge
Random skin flap,1,raw_WoS_DE_term_no_synonym_merge
Ranibizumab,1,raw_WoS_DE_term_no_synonym_merge
rapamycin,1,raw_WoS_DE_term_no_synonym_merge
Rapamycin,1,raw_WoS_DE_term_no_synonym_merge
rapid vascularization,1,raw_WoS_DE_term_no_synonym_merge
Ras,1,raw_WoS_DE_term_no_synonym_merge
ras,1,raw_WoS_DE_term_no_synonym_merge
RAS,1,raw_WoS_DE_term_no_synonym_merge
RASAL2,1,raw_WoS_DE_term_no_synonym_merge
RASGRP2,1,raw_WoS_DE_term_no_synonym_merge
rat,1,raw_WoS_DE_term_no_synonym_merge
Rat,1,raw_WoS_DE_term_no_synonym_merge
rat adipose-derived mesenchymal stem cells (rASCs),1,raw_WoS_DE_term_no_synonym_merge
Rat AMI model,1,raw_WoS_DE_term_no_synonym_merge
Rat calvarial defect model,1,raw_WoS_DE_term_no_synonym_merge
rat model,1,raw_WoS_DE_term_no_synonym_merge
rats,1,raw_WoS_DE_term_no_synonym_merge
RBC transfusion,1,raw_WoS_DE_term_no_synonym_merge
RBC-derived extracellular vesicles,1,raw_WoS_DE_term_no_synonym_merge
RBMX,1,raw_WoS_DE_term_no_synonym_merge
rdiovascular calcification,1,raw_WoS_DE_term_no_synonym_merge
Re-endothelialization,1,raw_WoS_DE_term_no_synonym_merge
Re-epithelialization,1,raw_WoS_DE_term_no_synonym_merge
re-epithelization,1,raw_WoS_DE_term_no_synonym_merge
Reactive astrocytes,1,raw_WoS_DE_term_no_synonym_merge
Reactive nitrogen species,1,raw_WoS_DE_term_no_synonym_merge
reactive oxygen and nitrogen species (ROS),1,raw_WoS_DE_term_no_synonym_merge
reactive oxygen radicals,1,raw_WoS_DE_term_no_synonym_merge
Reactive oxygen species (ROS),1,raw_WoS_DE_term_no_synonym_merge
reactive oxygen species (ROS),1,raw_WoS_DE_term_no_synonym_merge
reactive oxygen species (ROS).,1,raw_WoS_DE_term_no_synonym_merge
recellularization,1,raw_WoS_DE_term_no_synonym_merge
Receptor mediated transport,1,raw_WoS_DE_term_no_synonym_merge
receptor-mediated transcytosis (RMT),1,raw_WoS_DE_term_no_synonym_merge
receptor-mediated transport,1,raw_WoS_DE_term_no_synonym_merge
"receptors, angiotensin",1,raw_WoS_DE_term_no_synonym_merge
recipient cells,1,raw_WoS_DE_term_no_synonym_merge
recombinant human bone morphogenetic protein 2,1,raw_WoS_DE_term_no_synonym_merge
recombinant human collagen III protein,1,raw_WoS_DE_term_no_synonym_merge
Recombinant protein,1,raw_WoS_DE_term_no_synonym_merge
Recovery,1,raw_WoS_DE_term_no_synonym_merge
recruitment,1,raw_WoS_DE_term_no_synonym_merge
Recruitment,1,raw_WoS_DE_term_no_synonym_merge
Recycling,1,raw_WoS_DE_term_no_synonym_merge
recycling,1,raw_WoS_DE_term_no_synonym_merge
Red blood cell,1,raw_WoS_DE_term_no_synonym_merge
red blood cell,1,raw_WoS_DE_term_no_synonym_merge
Red blood cells,1,raw_WoS_DE_term_no_synonym_merge
Red cell filtered,1,raw_WoS_DE_term_no_synonym_merge
Red light,1,raw_WoS_DE_term_no_synonym_merge
Red-light therapy,1,raw_WoS_DE_term_no_synonym_merge
red-light therapy,1,raw_WoS_DE_term_no_synonym_merge
redblood cells,1,raw_WoS_DE_term_no_synonym_merge
Redox,1,raw_WoS_DE_term_no_synonym_merge
Redox biology,1,raw_WoS_DE_term_no_synonym_merge
reendothelialization,1,raw_WoS_DE_term_no_synonym_merge
Reference gene,1,raw_WoS_DE_term_no_synonym_merge
reference standards,1,raw_WoS_DE_term_no_synonym_merge
Refractory diseases,1,raw_WoS_DE_term_no_synonym_merge
regeneration of myocardial infarction,1,raw_WoS_DE_term_no_synonym_merge
regenerative cardiovascular therapy,1,raw_WoS_DE_term_no_synonym_merge
regenerative endodontic therapy,1,raw_WoS_DE_term_no_synonym_merge
Regenerative endodontics,1,raw_WoS_DE_term_no_synonym_merge
regenerative therapy,1,raw_WoS_DE_term_no_synonym_merge
Regulated cell death,1,raw_WoS_DE_term_no_synonym_merge
regulatory mechanism,1,raw_WoS_DE_term_no_synonym_merge
regulatory T cells,1,raw_WoS_DE_term_no_synonym_merge
regulatory T-cells,1,raw_WoS_DE_term_no_synonym_merge
rehabilitation,1,raw_WoS_DE_term_no_synonym_merge
rejection,1,raw_WoS_DE_term_no_synonym_merge
rejuvenation,1,raw_WoS_DE_term_no_synonym_merge
RELA,1,raw_WoS_DE_term_no_synonym_merge
Remodeling,1,raw_WoS_DE_term_no_synonym_merge
Remodelling,1,raw_WoS_DE_term_no_synonym_merge
Remote conditioning,1,raw_WoS_DE_term_no_synonym_merge
remote ischaemic preconditioning,1,raw_WoS_DE_term_no_synonym_merge
Remote ischemic (pre)conditioning,1,raw_WoS_DE_term_no_synonym_merge
Remote ischemic post-conditioning,1,raw_WoS_DE_term_no_synonym_merge
remote ischemic postconditioning,1,raw_WoS_DE_term_no_synonym_merge
Remote ischemic preconditioning,1,raw_WoS_DE_term_no_synonym_merge
renal ageing,1,raw_WoS_DE_term_no_synonym_merge
renal artery stenosis,1,raw_WoS_DE_term_no_synonym_merge
renal cancer,1,raw_WoS_DE_term_no_synonym_merge
renal cancer stem cells,1,raw_WoS_DE_term_no_synonym_merge
renal cell carcinoma,1,raw_WoS_DE_term_no_synonym_merge
renal cell carcinoma (RCC),1,raw_WoS_DE_term_no_synonym_merge
renal damage,1,raw_WoS_DE_term_no_synonym_merge
renal disease,1,raw_WoS_DE_term_no_synonym_merge
Renal disease,1,raw_WoS_DE_term_no_synonym_merge
renal dysfunction,1,raw_WoS_DE_term_no_synonym_merge
Renal dysfunction,1,raw_WoS_DE_term_no_synonym_merge
Renal failure,1,raw_WoS_DE_term_no_synonym_merge
renal inflammation,1,raw_WoS_DE_term_no_synonym_merge
"renal insufficiency, chronic",1,raw_WoS_DE_term_no_synonym_merge
Renal interstitial fibrosis,1,raw_WoS_DE_term_no_synonym_merge
Renal interstitial fibrosis (RIF),1,raw_WoS_DE_term_no_synonym_merge
Renal IR,1,raw_WoS_DE_term_no_synonym_merge
renal ischemia,1,raw_WoS_DE_term_no_synonym_merge
Renal ischemia reperfusion injury,1,raw_WoS_DE_term_no_synonym_merge
renal ischemia-reperfusion injury,1,raw_WoS_DE_term_no_synonym_merge
renal pathology,1,raw_WoS_DE_term_no_synonym_merge
renal regeneration,1,raw_WoS_DE_term_no_synonym_merge
renal transplant,1,raw_WoS_DE_term_no_synonym_merge
Renal transplantation,1,raw_WoS_DE_term_no_synonym_merge
renal tumor endothelial cells,1,raw_WoS_DE_term_no_synonym_merge
renin,1,raw_WoS_DE_term_no_synonym_merge
renin-angiotensin system,1,raw_WoS_DE_term_no_synonym_merge
Renoprotection,1,raw_WoS_DE_term_no_synonym_merge
renoprotection,1,raw_WoS_DE_term_no_synonym_merge
Renovascular disease,1,raw_WoS_DE_term_no_synonym_merge
renovascular disease,1,raw_WoS_DE_term_no_synonym_merge
renovascular hypertension,1,raw_WoS_DE_term_no_synonym_merge
Reoxygenation,1,raw_WoS_DE_term_no_synonym_merge
Repair,1,raw_WoS_DE_term_no_synonym_merge
Repair of skull defects,1,raw_WoS_DE_term_no_synonym_merge
repair of vascular injury,1,raw_WoS_DE_term_no_synonym_merge
Repair-related cell phenotypes,1,raw_WoS_DE_term_no_synonym_merge
repeatability,1,raw_WoS_DE_term_no_synonym_merge
Reperfusion,1,raw_WoS_DE_term_no_synonym_merge
Reperfusion injury,1,raw_WoS_DE_term_no_synonym_merge
Reperfusion Injury,1,raw_WoS_DE_term_no_synonym_merge
reproduction,1,raw_WoS_DE_term_no_synonym_merge
reproductive immunology,1,raw_WoS_DE_term_no_synonym_merge
reprogramming,1,raw_WoS_DE_term_no_synonym_merge
Reprogramming,1,raw_WoS_DE_term_no_synonym_merge
Reprogrammming,1,raw_WoS_DE_term_no_synonym_merge
Required for meiotic nuclear division 5 homolog A,1,raw_WoS_DE_term_no_synonym_merge
research,1,raw_WoS_DE_term_no_synonym_merge
Research progress,1,raw_WoS_DE_term_no_synonym_merge
resident endothelial progenitor cells,1,raw_WoS_DE_term_no_synonym_merge
resistance exercise,1,raw_WoS_DE_term_no_synonym_merge
resistance-associated secretory phenotype (RASP),1,raw_WoS_DE_term_no_synonym_merge
Resolution,1,raw_WoS_DE_term_no_synonym_merge
resolution of inflammation,1,raw_WoS_DE_term_no_synonym_merge
Resolution of inflammation,1,raw_WoS_DE_term_no_synonym_merge
resolvin D1,1,raw_WoS_DE_term_no_synonym_merge
Resolvin D1,1,raw_WoS_DE_term_no_synonym_merge
resolvin D2,1,raw_WoS_DE_term_no_synonym_merge
Respiration disorders,1,raw_WoS_DE_term_no_synonym_merge
respiratory alkalosis,1,raw_WoS_DE_term_no_synonym_merge
respiratory disease,1,raw_WoS_DE_term_no_synonym_merge
Respiratory disease,1,raw_WoS_DE_term_no_synonym_merge
response,1,raw_WoS_DE_term_no_synonym_merge
Responsive property,1,raw_WoS_DE_term_no_synonym_merge
responsive sustained release,1,raw_WoS_DE_term_no_synonym_merge
restenosis,1,raw_WoS_DE_term_no_synonym_merge
restorative therapies,1,raw_WoS_DE_term_no_synonym_merge
resveratrol,1,raw_WoS_DE_term_no_synonym_merge
Resveratrol,1,raw_WoS_DE_term_no_synonym_merge
retention,1,raw_WoS_DE_term_no_synonym_merge
reticulum stress,1,raw_WoS_DE_term_no_synonym_merge
retina,1,raw_WoS_DE_term_no_synonym_merge
retinal astrocytes,1,raw_WoS_DE_term_no_synonym_merge
retinal degeneration,1,raw_WoS_DE_term_no_synonym_merge
retinal diseases,1,raw_WoS_DE_term_no_synonym_merge
retinal endothelial cell,1,raw_WoS_DE_term_no_synonym_merge
retinal endothelial cells,1,raw_WoS_DE_term_no_synonym_merge
Retinal endothelial injury,1,raw_WoS_DE_term_no_synonym_merge
Retinal ganglion cells,1,raw_WoS_DE_term_no_synonym_merge
Retinal IR,1,raw_WoS_DE_term_no_synonym_merge
retinal ischemia,1,raw_WoS_DE_term_no_synonym_merge
Retinal microvascular endothelial cells,1,raw_WoS_DE_term_no_synonym_merge
retinal photoreceptors,1,raw_WoS_DE_term_no_synonym_merge
Retinal pigment epithelial cell (RPE),1,raw_WoS_DE_term_no_synonym_merge
retinal pigment epithelial cells,1,raw_WoS_DE_term_no_synonym_merge
Retinal thickness,1,raw_WoS_DE_term_no_synonym_merge
retinal vascular damage,1,raw_WoS_DE_term_no_synonym_merge
retinal vascular dysfunction,1,raw_WoS_DE_term_no_synonym_merge
retinal vascular endothelial cells,1,raw_WoS_DE_term_no_synonym_merge
Retinopathy,1,raw_WoS_DE_term_no_synonym_merge
Retrodifferentiation,1,raw_WoS_DE_term_no_synonym_merge
Retroviruses,1,raw_WoS_DE_term_no_synonym_merge
reverse cholesterol transport,1,raw_WoS_DE_term_no_synonym_merge
Reverse transcriptase polymerase chain reaction,1,raw_WoS_DE_term_no_synonym_merge
RGD targeting,1,raw_WoS_DE_term_no_synonym_merge
rhesus macaque,1,raw_WoS_DE_term_no_synonym_merge
Rheumatic heart disease,1,raw_WoS_DE_term_no_synonym_merge
rhinitis,1,raw_WoS_DE_term_no_synonym_merge
Rho-associated kinase 1,1,raw_WoS_DE_term_no_synonym_merge
rhoA signaling,1,raw_WoS_DE_term_no_synonym_merge
RhoB,1,raw_WoS_DE_term_no_synonym_merge
RI,1,raw_WoS_DE_term_no_synonym_merge
Ribonuclease 1,1,raw_WoS_DE_term_no_synonym_merge
Ribosomal RNA,1,raw_WoS_DE_term_no_synonym_merge
Rickettsia,1,raw_WoS_DE_term_no_synonym_merge
rickettsia,1,raw_WoS_DE_term_no_synonym_merge
Right atrial biopsy,1,raw_WoS_DE_term_no_synonym_merge
right heart catheterization,1,raw_WoS_DE_term_no_synonym_merge
right ventricle function and dysfunction,1,raw_WoS_DE_term_no_synonym_merge
RISC,1,raw_WoS_DE_term_no_synonym_merge
risk assessment,1,raw_WoS_DE_term_no_synonym_merge
risk factors,1,raw_WoS_DE_term_no_synonym_merge
Risk stratification,1,raw_WoS_DE_term_no_synonym_merge
RMRP,1,raw_WoS_DE_term_no_synonym_merge
RNA binding proteins,1,raw_WoS_DE_term_no_synonym_merge
RNA exosome,1,raw_WoS_DE_term_no_synonym_merge
RNA export,1,raw_WoS_DE_term_no_synonym_merge
RNA metabolism,1,raw_WoS_DE_term_no_synonym_merge
RNA microarrays,1,raw_WoS_DE_term_no_synonym_merge
RNA Pol II,1,raw_WoS_DE_term_no_synonym_merge
RNA regulation,1,raw_WoS_DE_term_no_synonym_merge
RNA sorting,1,raw_WoS_DE_term_no_synonym_merge
RNA therapeutics,1,raw_WoS_DE_term_no_synonym_merge
RNA therapy,1,raw_WoS_DE_term_no_synonym_merge
RNA transport,1,raw_WoS_DE_term_no_synonym_merge
RNA virus,1,raw_WoS_DE_term_no_synonym_merge
"RNA, small interfering",1,raw_WoS_DE_term_no_synonym_merge
"RNA, Untranslated",1,raw_WoS_DE_term_no_synonym_merge
RNA-Seq,1,raw_WoS_DE_term_no_synonym_merge
RNA-Seq analysis,1,raw_WoS_DE_term_no_synonym_merge
RNA-sequencing,1,raw_WoS_DE_term_no_synonym_merge
RNA/DNA,1,raw_WoS_DE_term_no_synonym_merge
RNAs,1,raw_WoS_DE_term_no_synonym_merge
RNase1,1,raw_WoS_DE_term_no_synonym_merge
RNAseq,1,raw_WoS_DE_term_no_synonym_merge
RNF19A,1,raw_WoS_DE_term_no_synonym_merge
ROCK2,1,raw_WoS_DE_term_no_synonym_merge
rodent stem cells,1,raw_WoS_DE_term_no_synonym_merge
Rome).,1,raw_WoS_DE_term_no_synonym_merge
ROS production,1,raw_WoS_DE_term_no_synonym_merge
ROS resistance,1,raw_WoS_DE_term_no_synonym_merge
Rosetta bead system,1,raw_WoS_DE_term_no_synonym_merge
Rotator cuff,1,raw_WoS_DE_term_no_synonym_merge
RPE cell Dysfunction,1,raw_WoS_DE_term_no_synonym_merge
RPE cell-Derived microparticles (RMPs),1,raw_WoS_DE_term_no_synonym_merge
RPL9,1,raw_WoS_DE_term_no_synonym_merge
Runx1 isoforms,1,raw_WoS_DE_term_no_synonym_merge
RUNX3,1,raw_WoS_DE_term_no_synonym_merge
RvD1,1,raw_WoS_DE_term_no_synonym_merge
RvD2,1,raw_WoS_DE_term_no_synonym_merge
s sarcoma-associated herpesvirus,1,raw_WoS_DE_term_no_synonym_merge
S-Nitrosothiol,1,raw_WoS_DE_term_no_synonym_merge
S-nitrosothiol,1,raw_WoS_DE_term_no_synonym_merge
S100A8/A9,1,raw_WoS_DE_term_no_synonym_merge
S1P,1,raw_WoS_DE_term_no_synonym_merge
S1PRs,1,raw_WoS_DE_term_no_synonym_merge
SAF-A,1,raw_WoS_DE_term_no_synonym_merge
safety assessment,1,raw_WoS_DE_term_no_synonym_merge
salidroside,1,raw_WoS_DE_term_no_synonym_merge
Saliva,1,raw_WoS_DE_term_no_synonym_merge
salivary adenoid cystic carcinoma,1,raw_WoS_DE_term_no_synonym_merge
Salivary Gland Adenoid Cystic Carcinoma,1,raw_WoS_DE_term_no_synonym_merge
salivary glands,1,raw_WoS_DE_term_no_synonym_merge
SALL4,1,raw_WoS_DE_term_no_synonym_merge
Sample preparation,1,raw_WoS_DE_term_no_synonym_merge
SANFH,1,raw_WoS_DE_term_no_synonym_merge
SAP,1,raw_WoS_DE_term_no_synonym_merge
SapC-DOPS,1,raw_WoS_DE_term_no_synonym_merge
saphenous vein,1,raw_WoS_DE_term_no_synonym_merge
saposin C,1,raw_WoS_DE_term_no_synonym_merge
sars-CoV-2,1,raw_WoS_DE_term_no_synonym_merge
SARS-CoV-2 infection,1,raw_WoS_DE_term_no_synonym_merge
SARS-CoV2,1,raw_WoS_DE_term_no_synonym_merge
SASP factors,1,raw_WoS_DE_term_no_synonym_merge
satellite cells,1,raw_WoS_DE_term_no_synonym_merge
Saturated FFA,1,raw_WoS_DE_term_no_synonym_merge
scaffold design,1,raw_WoS_DE_term_no_synonym_merge
Scaffolds,1,raw_WoS_DE_term_no_synonym_merge
Scalable manufacturing,1,raw_WoS_DE_term_no_synonym_merge
scar,1,raw_WoS_DE_term_no_synonym_merge
Scar free healing,1,raw_WoS_DE_term_no_synonym_merge
scarless,1,raw_WoS_DE_term_no_synonym_merge
Scars,1,raw_WoS_DE_term_no_synonym_merge
scattered tubular-like cells,1,raw_WoS_DE_term_no_synonym_merge
scavenger receptor,1,raw_WoS_DE_term_no_synonym_merge
SCD,1,raw_WoS_DE_term_no_synonym_merge
Schistosoma bovis,1,raw_WoS_DE_term_no_synonym_merge
Schistosoma mansoni,1,raw_WoS_DE_term_no_synonym_merge
Schistosomiasis,1,raw_WoS_DE_term_no_synonym_merge
schistosomiasis,1,raw_WoS_DE_term_no_synonym_merge
schizophrenia,1,raw_WoS_DE_term_no_synonym_merge
Schizophrenia,1,raw_WoS_DE_term_no_synonym_merge
Sciatic nerve,1,raw_WoS_DE_term_no_synonym_merge
sciatic nerve transection,1,raw_WoS_DE_term_no_synonym_merge
science,1,raw_WoS_DE_term_no_synonym_merge
scirrhous gastric carcinoma,1,raw_WoS_DE_term_no_synonym_merge
scleroderma,1,raw_WoS_DE_term_no_synonym_merge
scratch assay,1,raw_WoS_DE_term_no_synonym_merge
Scutellarin,1,raw_WoS_DE_term_no_synonym_merge
SCVs,1,raw_WoS_DE_term_no_synonym_merge
SDF-1 alpha/CXCR4,1,raw_WoS_DE_term_no_synonym_merge
SDF-1?,1,raw_WoS_DE_term_no_synonym_merge
seawater,1,raw_WoS_DE_term_no_synonym_merge
Second messenger,1,raw_WoS_DE_term_no_synonym_merge
secreted vesicle,1,raw_WoS_DE_term_no_synonym_merge
Secretion,1,raw_WoS_DE_term_no_synonym_merge
Secretions,1,raw_WoS_DE_term_no_synonym_merge
secretory autophagy,1,raw_WoS_DE_term_no_synonym_merge
Secretory autophagy,1,raw_WoS_DE_term_no_synonym_merge
secretory pathway,1,raw_WoS_DE_term_no_synonym_merge
secretory phenotype,1,raw_WoS_DE_term_no_synonym_merge
secretory proteins,1,raw_WoS_DE_term_no_synonym_merge
Secretory vesicles,1,raw_WoS_DE_term_no_synonym_merge
selenium,1,raw_WoS_DE_term_no_synonym_merge
Selenoprotein P,1,raw_WoS_DE_term_no_synonym_merge
self-assembling,1,raw_WoS_DE_term_no_synonym_merge
Self-assembling peptide,1,raw_WoS_DE_term_no_synonym_merge
Self-delivery nanoparticles,1,raw_WoS_DE_term_no_synonym_merge
self-healing hydrogel,1,raw_WoS_DE_term_no_synonym_merge
Self-renewal,1,raw_WoS_DE_term_no_synonym_merge
Semaphorin 6A,1,raw_WoS_DE_term_no_synonym_merge
semaphorin3A,1,raw_WoS_DE_term_no_synonym_merge
semen exosomes,1,raw_WoS_DE_term_no_synonym_merge
senescence (leaf),1,raw_WoS_DE_term_no_synonym_merge
senescence-associated secretory phenotype,1,raw_WoS_DE_term_no_synonym_merge
Senescence-associated secretory phenotype,1,raw_WoS_DE_term_no_synonym_merge
Senescent cell,1,raw_WoS_DE_term_no_synonym_merge
senescent cells,1,raw_WoS_DE_term_no_synonym_merge
senescent HUVECs-secreted exosomes,1,raw_WoS_DE_term_no_synonym_merge
senescent-associated secretory phenotype (SASP),1,raw_WoS_DE_term_no_synonym_merge
sEng,1,raw_WoS_DE_term_no_synonym_merge
Senolytics,1,raw_WoS_DE_term_no_synonym_merge
Sensory nerve,1,raw_WoS_DE_term_no_synonym_merge
Sensory profiles,1,raw_WoS_DE_term_no_synonym_merge
Sepsis-induced acute lung injury,1,raw_WoS_DE_term_no_synonym_merge
sepsis-induced cardiomyopathy,1,raw_WoS_DE_term_no_synonym_merge
Sepsis-induced myocardial dysfunction,1,raw_WoS_DE_term_no_synonym_merge
Septic shock,1,raw_WoS_DE_term_no_synonym_merge
sequence motif,1,raw_WoS_DE_term_no_synonym_merge
Sequential delivery,1,raw_WoS_DE_term_no_synonym_merge
sequential release,1,raw_WoS_DE_term_no_synonym_merge
serial two-photon tomography,1,raw_WoS_DE_term_no_synonym_merge
Serpine-1,1,raw_WoS_DE_term_no_synonym_merge
SERPINE1,1,raw_WoS_DE_term_no_synonym_merge
Sertoli cell,1,raw_WoS_DE_term_no_synonym_merge
Serum derived exosomes,1,raw_WoS_DE_term_no_synonym_merge
serum miRNA,1,raw_WoS_DE_term_no_synonym_merge
Serum-derived Extracellular Vesicles,1,raw_WoS_DE_term_no_synonym_merge
serum-derived small extracellular vesicles,1,raw_WoS_DE_term_no_synonym_merge
severe acute pancreatitis,1,raw_WoS_DE_term_no_synonym_merge
Severe aortic stenosis,1,raw_WoS_DE_term_no_synonym_merge
SEVs,1,raw_WoS_DE_term_no_synonym_merge
Sex,1,raw_WoS_DE_term_no_synonym_merge
sex difference,1,raw_WoS_DE_term_no_synonym_merge
SGC-7901,1,raw_WoS_DE_term_no_synonym_merge
SGK1,1,raw_WoS_DE_term_no_synonym_merge
SGLT2i,1,raw_WoS_DE_term_no_synonym_merge
SH-SY5Y nerve cells,1,raw_WoS_DE_term_no_synonym_merge
Shear,1,raw_WoS_DE_term_no_synonym_merge
shear thinning gel,1,raw_WoS_DE_term_no_synonym_merge
Shear thinning hydrogels,1,raw_WoS_DE_term_no_synonym_merge
Shear-thinning hydrogel,1,raw_WoS_DE_term_no_synonym_merge
Shedding,1,raw_WoS_DE_term_no_synonym_merge
shedding membrane vesicles,1,raw_WoS_DE_term_no_synonym_merge
Shh signaling,1,raw_WoS_DE_term_no_synonym_merge
Shiga toxin,1,raw_WoS_DE_term_no_synonym_merge
SHIV,1,raw_WoS_DE_term_no_synonym_merge
Shock,1,raw_WoS_DE_term_no_synonym_merge
Shock wave therapy,1,raw_WoS_DE_term_no_synonym_merge
short FMS-like tyrosine kinase 1,1,raw_WoS_DE_term_no_synonym_merge
Shoulder,1,raw_WoS_DE_term_no_synonym_merge
shRNA,1,raw_WoS_DE_term_no_synonym_merge
sialic acid (N-Acetyl neuraminic acid),1,raw_WoS_DE_term_no_synonym_merge
Sialyl Lewis X,1,raw_WoS_DE_term_no_synonym_merge
sICAM-1,1,raw_WoS_DE_term_no_synonym_merge
sickle cell pain crisis,1,raw_WoS_DE_term_no_synonym_merge
sickle cell vasculopathy,1,raw_WoS_DE_term_no_synonym_merge
sickle microfluidics,1,raw_WoS_DE_term_no_synonym_merge
sicklecell trait,1,raw_WoS_DE_term_no_synonym_merge
siglec-6,1,raw_WoS_DE_term_no_synonym_merge
Siglecs,1,raw_WoS_DE_term_no_synonym_merge
signal pathway,1,raw_WoS_DE_term_no_synonym_merge
signal transduction pathway,1,raw_WoS_DE_term_no_synonym_merge
signal-transduction,1,raw_WoS_DE_term_no_synonym_merge
signaling nanotubules,1,raw_WoS_DE_term_no_synonym_merge
Signaling pathway,1,raw_WoS_DE_term_no_synonym_merge
Signaling Pathways,1,raw_WoS_DE_term_no_synonym_merge
Signalling pathways,1,raw_WoS_DE_term_no_synonym_merge
signalling pathways,1,raw_WoS_DE_term_no_synonym_merge
SIK1,1,raw_WoS_DE_term_no_synonym_merge
siKeap1,1,raw_WoS_DE_term_no_synonym_merge
SILAC,1,raw_WoS_DE_term_no_synonym_merge
Silencing efficiency,1,raw_WoS_DE_term_no_synonym_merge
silica nanoparticles,1,raw_WoS_DE_term_no_synonym_merge
silk,1,raw_WoS_DE_term_no_synonym_merge
Silk fibroin,1,raw_WoS_DE_term_no_synonym_merge
silk fibroin hydrogels,1,raw_WoS_DE_term_no_synonym_merge
silver staining,1,raw_WoS_DE_term_no_synonym_merge
Sima Mojtahedin,1,raw_WoS_DE_term_no_synonym_merge
Simultaneous osteogenesis and angiogenesis,1,raw_WoS_DE_term_no_synonym_merge
Simvastatin,1,raw_WoS_DE_term_no_synonym_merge
Single cell dormancy,1,raw_WoS_DE_term_no_synonym_merge
single living cell model,1,raw_WoS_DE_term_no_synonym_merge
single particle tracking,1,raw_WoS_DE_term_no_synonym_merge
single photon emission computed tomography (SPECT),1,raw_WoS_DE_term_no_synonym_merge
single-cell analysis,1,raw_WoS_DE_term_no_synonym_merge
single-cell cultivation,1,raw_WoS_DE_term_no_synonym_merge
Single-cell force spectroscopy,1,raw_WoS_DE_term_no_synonym_merge
single-cell omics,1,raw_WoS_DE_term_no_synonym_merge
single-cell RNA sequencing,1,raw_WoS_DE_term_no_synonym_merge
Single-cell RNA-seq,1,raw_WoS_DE_term_no_synonym_merge
Single-cell RNA-sequencing,1,raw_WoS_DE_term_no_synonym_merge
single-cell-derived sphere,1,raw_WoS_DE_term_no_synonym_merge
Single-vesicle tracking,1,raw_WoS_DE_term_no_synonym_merge
Sinonasal-inverted papillomas,1,raw_WoS_DE_term_no_synonym_merge
Sinusoidal endothelial cells,1,raw_WoS_DE_term_no_synonym_merge
Sinusoidal epithelial cell,1,raw_WoS_DE_term_no_synonym_merge
SIPA1L2,1,raw_WoS_DE_term_no_synonym_merge
siRNA Smad2,1,raw_WoS_DE_term_no_synonym_merge
sirolimus,1,raw_WoS_DE_term_no_synonym_merge
SIRS,1,raw_WoS_DE_term_no_synonym_merge
SIRT-1,1,raw_WoS_DE_term_no_synonym_merge
SIRT2,1,raw_WoS_DE_term_no_synonym_merge
Sirt6,1,raw_WoS_DE_term_no_synonym_merge
SIRT6,1,raw_WoS_DE_term_no_synonym_merge
sirtuin 1,1,raw_WoS_DE_term_no_synonym_merge
Sirtuin 6,1,raw_WoS_DE_term_no_synonym_merge
SIS/HA,1,raw_WoS_DE_term_no_synonym_merge
size,1,raw_WoS_DE_term_no_synonym_merge
size-based,1,raw_WoS_DE_term_no_synonym_merge
SJ-10 satellite,1,raw_WoS_DE_term_no_synonym_merge
Skeletal muscle regeneration,1,raw_WoS_DE_term_no_synonym_merge
Skin,1,raw_WoS_DE_term_no_synonym_merge
Skin ageing,1,raw_WoS_DE_term_no_synonym_merge
skin aging,1,raw_WoS_DE_term_no_synonym_merge
Skin aging,1,raw_WoS_DE_term_no_synonym_merge
skin barrier,1,raw_WoS_DE_term_no_synonym_merge
skin biology,1,raw_WoS_DE_term_no_synonym_merge
Skin bioprinting,1,raw_WoS_DE_term_no_synonym_merge
skin cancer (melanoma),1,raw_WoS_DE_term_no_synonym_merge
skin flap,1,raw_WoS_DE_term_no_synonym_merge
skin flap survival,1,raw_WoS_DE_term_no_synonym_merge
Skin flap transplantation,1,raw_WoS_DE_term_no_synonym_merge
skin flaps,1,raw_WoS_DE_term_no_synonym_merge
Skin flaps,1,raw_WoS_DE_term_no_synonym_merge
skin injury,1,raw_WoS_DE_term_no_synonym_merge
Skin organoids,1,raw_WoS_DE_term_no_synonym_merge
skin organotypic model,1,raw_WoS_DE_term_no_synonym_merge
skin photoaging,1,raw_WoS_DE_term_no_synonym_merge
skin rejuvenation,1,raw_WoS_DE_term_no_synonym_merge
Skin rejuvenation,1,raw_WoS_DE_term_no_synonym_merge
skin repair,1,raw_WoS_DE_term_no_synonym_merge
skin trauma,1,raw_WoS_DE_term_no_synonym_merge
skin wound repair,1,raw_WoS_DE_term_no_synonym_merge
Skin wounds,1,raw_WoS_DE_term_no_synonym_merge
SKP-SC-EVs,1,raw_WoS_DE_term_no_synonym_merge
SLC1A5,1,raw_WoS_DE_term_no_synonym_merge
sleep deprivation,1,raw_WoS_DE_term_no_synonym_merge
Smad signaling,1,raw_WoS_DE_term_no_synonym_merge
Smad signaling pathway,1,raw_WoS_DE_term_no_synonym_merge
Smad2,1,raw_WoS_DE_term_no_synonym_merge
Smad2/3,1,raw_WoS_DE_term_no_synonym_merge
SMAD3,1,raw_WoS_DE_term_no_synonym_merge
SMAD3 and P38MAPK signaling pathways,1,raw_WoS_DE_term_no_synonym_merge
SMAD6,1,raw_WoS_DE_term_no_synonym_merge
SMAD7,1,raw_WoS_DE_term_no_synonym_merge
small apoptotic bodies,1,raw_WoS_DE_term_no_synonym_merge
small cell lung cancer (SCLC),1,raw_WoS_DE_term_no_synonym_merge
Small compounds,1,raw_WoS_DE_term_no_synonym_merge
Small EVs,1,raw_WoS_DE_term_no_synonym_merge
small extracellular vehicles,1,raw_WoS_DE_term_no_synonym_merge
Small extracellular vesicle,1,raw_WoS_DE_term_no_synonym_merge
small extracellular vesicles (sEV),1,raw_WoS_DE_term_no_synonym_merge
Small extracellular vesicles (sEVs),1,raw_WoS_DE_term_no_synonym_merge
small extracellularvesicles (sEVs),1,raw_WoS_DE_term_no_synonym_merge
Small intestinal submucosa (SIS),1,raw_WoS_DE_term_no_synonym_merge
Small intestine,1,raw_WoS_DE_term_no_synonym_merge
Small mothers against decapentaplegic 7,1,raw_WoS_DE_term_no_synonym_merge
small non-coding RNA,1,raw_WoS_DE_term_no_synonym_merge
Small non-coding RNAs,1,raw_WoS_DE_term_no_synonym_merge
Small nucleolar RNA,1,raw_WoS_DE_term_no_synonym_merge
small nucleolar RNA host gene 16,1,raw_WoS_DE_term_no_synonym_merge
small RNA,1,raw_WoS_DE_term_no_synonym_merge
small RNA-seq,1,raw_WoS_DE_term_no_synonym_merge
Small RNAs,1,raw_WoS_DE_term_no_synonym_merge
small-diameter tissue engineering blood vessels,1,raw_WoS_DE_term_no_synonym_merge
Small-diameter vascular grafts,1,raw_WoS_DE_term_no_synonym_merge
SMARCA4,1,raw_WoS_DE_term_no_synonym_merge
Smooth muscle,1,raw_WoS_DE_term_no_synonym_merge
smooth muscle cell,1,raw_WoS_DE_term_no_synonym_merge
smooth muscle cells (SMCs),1,raw_WoS_DE_term_no_synonym_merge
smooth muscle dysfunction,1,raw_WoS_DE_term_no_synonym_merge
smooth vessel cells,1,raw_WoS_DE_term_no_synonym_merge
SMPD3,1,raw_WoS_DE_term_no_synonym_merge
snake venom cysteine-rich secretory proteins (svCRiSPs),1,raw_WoS_DE_term_no_synonym_merge
snakebites,1,raw_WoS_DE_term_no_synonym_merge
SNHG7,1,raw_WoS_DE_term_no_synonym_merge
SNHG9,1,raw_WoS_DE_term_no_synonym_merge
SNPs,1,raw_WoS_DE_term_no_synonym_merge
snRNA-seq,1,raw_WoS_DE_term_no_synonym_merge
SOD3,1,raw_WoS_DE_term_no_synonym_merge
sodium transporter,1,raw_WoS_DE_term_no_synonym_merge
Solarium lyratum,1,raw_WoS_DE_term_no_synonym_merge
Solid lipid nanoparticles,1,raw_WoS_DE_term_no_synonym_merge
solid tumor,1,raw_WoS_DE_term_no_synonym_merge
solid tumors,1,raw_WoS_DE_term_no_synonym_merge
soluble adhesion molecules,1,raw_WoS_DE_term_no_synonym_merge
soluble E-selectin,1,raw_WoS_DE_term_no_synonym_merge
soluble endoglin (sENG),1,raw_WoS_DE_term_no_synonym_merge
Soluble epoxide hydrolase inhibitor,1,raw_WoS_DE_term_no_synonym_merge
Soluble factors,1,raw_WoS_DE_term_no_synonym_merge
Soluble fms-like tyrosine kinase-1,1,raw_WoS_DE_term_no_synonym_merge
soluble fms-like tyrosine kinase-1 (sFlt-1),1,raw_WoS_DE_term_no_synonym_merge
"soluble TNF receptors, TNFR1",1,raw_WoS_DE_term_no_synonym_merge
soluble tumor necrosis factor receptors,1,raw_WoS_DE_term_no_synonym_merge
solute carrier,1,raw_WoS_DE_term_no_synonym_merge
Solute carriers,1,raw_WoS_DE_term_no_synonym_merge
Sonic hedgehog,1,raw_WoS_DE_term_no_synonym_merge
Sonodynamic therapy,1,raw_WoS_DE_term_no_synonym_merge
sorafenib,1,raw_WoS_DE_term_no_synonym_merge
Sorafenib resistance,1,raw_WoS_DE_term_no_synonym_merge
Sortilin,1,raw_WoS_DE_term_no_synonym_merge
sortilin,1,raw_WoS_DE_term_no_synonym_merge
SOS,1,raw_WoS_DE_term_no_synonym_merge
SOX2,1,raw_WoS_DE_term_no_synonym_merge
SOX21-AS1,1,raw_WoS_DE_term_no_synonym_merge
SOX9,1,raw_WoS_DE_term_no_synonym_merge
Sox9,1,raw_WoS_DE_term_no_synonym_merge
Soybean peptides,1,raw_WoS_DE_term_no_synonym_merge
soybean protein-derived peptides,1,raw_WoS_DE_term_no_synonym_merge
SP-IRIS,1,raw_WoS_DE_term_no_synonym_merge
SP5,1,raw_WoS_DE_term_no_synonym_merge
spaceflight,1,raw_WoS_DE_term_no_synonym_merge
Specialized pro-resolving mediators,1,raw_WoS_DE_term_no_synonym_merge
Specific skin tissue cell,1,raw_WoS_DE_term_no_synonym_merge
SPECT,1,raw_WoS_DE_term_no_synonym_merge
spectrophotometry,1,raw_WoS_DE_term_no_synonym_merge
spermatogonial stem cells,1,raw_WoS_DE_term_no_synonym_merge
spermine,1,raw_WoS_DE_term_no_synonym_merge
Spheroid,1,raw_WoS_DE_term_no_synonym_merge
spheroid,1,raw_WoS_DE_term_no_synonym_merge
spheroid migration assay,1,raw_WoS_DE_term_no_synonym_merge
Spheroids,1,raw_WoS_DE_term_no_synonym_merge
sphingolipids,1,raw_WoS_DE_term_no_synonym_merge
Sphingomyelin,1,raw_WoS_DE_term_no_synonym_merge
sphingomyelin,1,raw_WoS_DE_term_no_synonym_merge
Sphingomyelinases,1,raw_WoS_DE_term_no_synonym_merge
sphingosine-1-phosphate receptor,1,raw_WoS_DE_term_no_synonym_merge
sphingosylphosphorylcholine,1,raw_WoS_DE_term_no_synonym_merge
SphK,1,raw_WoS_DE_term_no_synonym_merge
spider,1,raw_WoS_DE_term_no_synonym_merge
spinal cord,1,raw_WoS_DE_term_no_synonym_merge
Spinal Cord Injury,1,raw_WoS_DE_term_no_synonym_merge
SPION,1,raw_WoS_DE_term_no_synonym_merge
spiral artery remodeling,1,raw_WoS_DE_term_no_synonym_merge
spiral artery remodelling,1,raw_WoS_DE_term_no_synonym_merge
spiral ganglion neuron,1,raw_WoS_DE_term_no_synonym_merge
spironolactone,1,raw_WoS_DE_term_no_synonym_merge
Spontaneously hypertensive rat,1,raw_WoS_DE_term_no_synonym_merge
sporadic Alzheimer disease,1,raw_WoS_DE_term_no_synonym_merge
spotted fever group rickettsial infection,1,raw_WoS_DE_term_no_synonym_merge
SPP1,1,raw_WoS_DE_term_no_synonym_merge
spray hydrogel,1,raw_WoS_DE_term_no_synonym_merge
SPRED1,1,raw_WoS_DE_term_no_synonym_merge
SPRi,1,raw_WoS_DE_term_no_synonym_merge
Sprouty RTK signaling antagonist 1,1,raw_WoS_DE_term_no_synonym_merge
Sprouty-related proteins with an EVH1 domain,1,raw_WoS_DE_term_no_synonym_merge
Spry1,1,raw_WoS_DE_term_no_synonym_merge
SPRY1,1,raw_WoS_DE_term_no_synonym_merge
SRC,1,raw_WoS_DE_term_no_synonym_merge
Src kinase,1,raw_WoS_DE_term_no_synonym_merge
SRY,1,raw_WoS_DE_term_no_synonym_merge
SRY-Box (SOX) transcription factor 17,1,raw_WoS_DE_term_no_synonym_merge
sry-related high mobility group domain family F 17,1,raw_WoS_DE_term_no_synonym_merge
SSc,1,raw_WoS_DE_term_no_synonym_merge
ST,1,raw_WoS_DE_term_no_synonym_merge
Stability,1,raw_WoS_DE_term_no_synonym_merge
Stable angina,1,raw_WoS_DE_term_no_synonym_merge
Stable coronary artery disease,1,raw_WoS_DE_term_no_synonym_merge
stable coronary artery disease,1,raw_WoS_DE_term_no_synonym_merge
standardization,1,raw_WoS_DE_term_no_synonym_merge
Staphylococcus aureus,1,raw_WoS_DE_term_no_synonym_merge
STAT3 signaling,1,raw_WoS_DE_term_no_synonym_merge
statin,1,raw_WoS_DE_term_no_synonym_merge
statins,1,raw_WoS_DE_term_no_synonym_merge
steatosis,1,raw_WoS_DE_term_no_synonym_merge
stem,1,raw_WoS_DE_term_no_synonym_merge
Stem Cell,1,raw_WoS_DE_term_no_synonym_merge
stem cell delivery method,1,raw_WoS_DE_term_no_synonym_merge
Stem cell exosomes,1,raw_WoS_DE_term_no_synonym_merge
Stem cell medicine,1,raw_WoS_DE_term_no_synonym_merge
Stem cell niche,1,raw_WoS_DE_term_no_synonym_merge
stem cell recruitment,1,raw_WoS_DE_term_no_synonym_merge
stem cell repair mechanisms,1,raw_WoS_DE_term_no_synonym_merge
Stem cell-based therapy,1,raw_WoS_DE_term_no_synonym_merge
stem cell-derived exosomal microRNA,1,raw_WoS_DE_term_no_synonym_merge
Stem cell-derived extracellular vesicles,1,raw_WoS_DE_term_no_synonym_merge
Stem cells from apical papilla,1,raw_WoS_DE_term_no_synonym_merge
stem cells from human exfoliated deciduous teeth,1,raw_WoS_DE_term_no_synonym_merge
Stem cells of human deciduous exfoliated teeth,1,raw_WoS_DE_term_no_synonym_merge
stem cells of human deciduous exfoliated teeth,1,raw_WoS_DE_term_no_synonym_merge
Stem cells of the apical papilla,1,raw_WoS_DE_term_no_synonym_merge
stem-cell therapy,1,raw_WoS_DE_term_no_synonym_merge
stent,1,raw_WoS_DE_term_no_synonym_merge
Steroid resistance,1,raw_WoS_DE_term_no_synonym_merge
steroid resistance,1,raw_WoS_DE_term_no_synonym_merge
steroid-induced avascular necrosis of the femoral head,1,raw_WoS_DE_term_no_synonym_merge
Steroid-induced avascular necrosis of the femoral head,1,raw_WoS_DE_term_no_synonym_merge
Steroidal glycoalkaloid,1,raw_WoS_DE_term_no_synonym_merge
stiffness,1,raw_WoS_DE_term_no_synonym_merge
STING,1,raw_WoS_DE_term_no_synonym_merge
STING/ NF,1,raw_WoS_DE_term_no_synonym_merge
stirred suspension bioreactors,1,raw_WoS_DE_term_no_synonym_merge
stirred suspension culture,1,raw_WoS_DE_term_no_synonym_merge
Stirred-tank reactor,1,raw_WoS_DE_term_no_synonym_merge
Storage,1,raw_WoS_DE_term_no_synonym_merge
Storage conditions,1,raw_WoS_DE_term_no_synonym_merge
Storage lesion,1,raw_WoS_DE_term_no_synonym_merge
storage of platelet concentrate,1,raw_WoS_DE_term_no_synonym_merge
sTREM-1,1,raw_WoS_DE_term_no_synonym_merge
Strength,1,raw_WoS_DE_term_no_synonym_merge
Streptococcus suis,1,raw_WoS_DE_term_no_synonym_merge
stress,1,raw_WoS_DE_term_no_synonym_merge
stress response,1,raw_WoS_DE_term_no_synonym_merge
stress-induced senescence,1,raw_WoS_DE_term_no_synonym_merge
stress-relaxation,1,raw_WoS_DE_term_no_synonym_merge
Stroke myocardial infarction,1,raw_WoS_DE_term_no_synonym_merge
Stroke recovery,1,raw_WoS_DE_term_no_synonym_merge
stroke recovery,1,raw_WoS_DE_term_no_synonym_merge
stroke severity,1,raw_WoS_DE_term_no_synonym_merge
stroke therapy,1,raw_WoS_DE_term_no_synonym_merge
Stroma cell,1,raw_WoS_DE_term_no_synonym_merge
Stromal,1,raw_WoS_DE_term_no_synonym_merge
stromal cell interactions,1,raw_WoS_DE_term_no_synonym_merge
stromal cell-derived factor 1,1,raw_WoS_DE_term_no_synonym_merge
Stromal interaction molecule 1,1,raw_WoS_DE_term_no_synonym_merge
stromal matrix,1,raw_WoS_DE_term_no_synonym_merge
stromal stem cell (MSC),1,raw_WoS_DE_term_no_synonym_merge
Strontium,1,raw_WoS_DE_term_no_synonym_merge
structure transformation,1,raw_WoS_DE_term_no_synonym_merge
subarachnoid hemorrhage,1,raw_WoS_DE_term_no_synonym_merge
Subcellular particles,1,raw_WoS_DE_term_no_synonym_merge
Subfornical organ,1,raw_WoS_DE_term_no_synonym_merge
subpopulation,1,raw_WoS_DE_term_no_synonym_merge
Subpopulation shift,1,raw_WoS_DE_term_no_synonym_merge
substrate oxidation,1,raw_WoS_DE_term_no_synonym_merge
substrate stiffness,1,raw_WoS_DE_term_no_synonym_merge
Sugar chain,1,raw_WoS_DE_term_no_synonym_merge
Sulfonylureas,1,raw_WoS_DE_term_no_synonym_merge
sunflower oil,1,raw_WoS_DE_term_no_synonym_merge
sunitinib,1,raw_WoS_DE_term_no_synonym_merge
super-enhancer,1,raw_WoS_DE_term_no_synonym_merge
supernumerary tooth -derived stem cells,1,raw_WoS_DE_term_no_synonym_merge
superoxide,1,raw_WoS_DE_term_no_synonym_merge
Superparamagnetic iron oxide nanoparticles,1,raw_WoS_DE_term_no_synonym_merge
Suppressor of cytokine signaling 3,1,raw_WoS_DE_term_no_synonym_merge
supramolecular polymers,1,raw_WoS_DE_term_no_synonym_merge
Surface functionalization,1,raw_WoS_DE_term_no_synonym_merge
surface plasmon resonance imaging (SPRi),1,raw_WoS_DE_term_no_synonym_merge
surface proteins,1,raw_WoS_DE_term_no_synonym_merge
surface stress,1,raw_WoS_DE_term_no_synonym_merge
Surface-structured bacterial cellulose,1,raw_WoS_DE_term_no_synonym_merge
Surfactant-free,1,raw_WoS_DE_term_no_synonym_merge
Survival,1,raw_WoS_DE_term_no_synonym_merge
Survival and proliferation,1,raw_WoS_DE_term_no_synonym_merge
survivin,1,raw_WoS_DE_term_no_synonym_merge
susceptibility,1,raw_WoS_DE_term_no_synonym_merge
sustained molecular releases,1,raw_WoS_DE_term_no_synonym_merge
sVCAM-1,1,raw_WoS_DE_term_no_synonym_merge
SVD,1,raw_WoS_DE_term_no_synonym_merge
SW480,1,raw_WoS_DE_term_no_synonym_merge
SW480-7,1,raw_WoS_DE_term_no_synonym_merge
SWATH-MS,1,raw_WoS_DE_term_no_synonym_merge
Swelling,1,raw_WoS_DE_term_no_synonym_merge
swine,1,raw_WoS_DE_term_no_synonym_merge
swine leukocyte antigen,1,raw_WoS_DE_term_no_synonym_merge
Sympathoexcitation,1,raw_WoS_DE_term_no_synonym_merge
synapses,1,raw_WoS_DE_term_no_synonym_merge
synapsin-I,1,raw_WoS_DE_term_no_synonym_merge
synaptic plasticity,1,raw_WoS_DE_term_no_synonym_merge
syncitiotrophoblast,1,raw_WoS_DE_term_no_synonym_merge
Syncytial knot,1,raw_WoS_DE_term_no_synonym_merge
Syncytial nuclear aggregates,1,raw_WoS_DE_term_no_synonym_merge
Syncytin,1,raw_WoS_DE_term_no_synonym_merge
Syncytiotrophoblast,1,raw_WoS_DE_term_no_synonym_merge
syncytiotrophoblast cells,1,raw_WoS_DE_term_no_synonym_merge
syncytiotrophoblast micro- and nanovesicles,1,raw_WoS_DE_term_no_synonym_merge
syncytiotrophoblast microparticles,1,raw_WoS_DE_term_no_synonym_merge
Syndecan-1,1,raw_WoS_DE_term_no_synonym_merge
Synechococcus elongatus PCC 7942,1,raw_WoS_DE_term_no_synonym_merge
Synergistic effect,1,raw_WoS_DE_term_no_synonym_merge
Synergistic therapeutics,1,raw_WoS_DE_term_no_synonym_merge
synovial fluid,1,raw_WoS_DE_term_no_synonym_merge
synovial inflammation,1,raw_WoS_DE_term_no_synonym_merge
Synovial lymphangiogenesis,1,raw_WoS_DE_term_no_synonym_merge
Synovial mesenchymal stem cells,1,raw_WoS_DE_term_no_synonym_merge
synovium,1,raw_WoS_DE_term_no_synonym_merge
Synovium mesenchymal stem cells,1,raw_WoS_DE_term_no_synonym_merge
Syntenin-1,1,raw_WoS_DE_term_no_synonym_merge
synthetic phenotype,1,raw_WoS_DE_term_no_synonym_merge
Syphilis,1,raw_WoS_DE_term_no_synonym_merge
System y(+),1,raw_WoS_DE_term_no_synonym_merge
System y(+)L,1,raw_WoS_DE_term_no_synonym_merge
systemic disease,1,raw_WoS_DE_term_no_synonym_merge
systemic effect,1,raw_WoS_DE_term_no_synonym_merge
Systemic environment,1,raw_WoS_DE_term_no_synonym_merge
systemic inflammation,1,raw_WoS_DE_term_no_synonym_merge
systemic juvenile idiopathic arthritis,1,raw_WoS_DE_term_no_synonym_merge
systemic lupus erythematosus (SLE),1,raw_WoS_DE_term_no_synonym_merge
systemic network analyses,1,raw_WoS_DE_term_no_synonym_merge
systemic sclerosis (scleroderma),1,raw_WoS_DE_term_no_synonym_merge
Systemic therapy,1,raw_WoS_DE_term_no_synonym_merge
Systems biology,1,raw_WoS_DE_term_no_synonym_merge
T cell,1,raw_WoS_DE_term_no_synonym_merge
T cell biology,1,raw_WoS_DE_term_no_synonym_merge
T Lymphocyte subsets,1,raw_WoS_DE_term_no_synonym_merge
T regulatory (T reg) cells,1,raw_WoS_DE_term_no_synonym_merge
T-ALL,1,raw_WoS_DE_term_no_synonym_merge
T-lymphocytes,1,raw_WoS_DE_term_no_synonym_merge
T-reg,1,raw_WoS_DE_term_no_synonym_merge
TA-TMA,1,raw_WoS_DE_term_no_synonym_merge
tAb delivery,1,raw_WoS_DE_term_no_synonym_merge
TAB1,1,raw_WoS_DE_term_no_synonym_merge
Tabasco,1,raw_WoS_DE_term_no_synonym_merge
tadalafil,1,raw_WoS_DE_term_no_synonym_merge
Tailored endothelialization,1,raw_WoS_DE_term_no_synonym_merge
TAK-242,1,raw_WoS_DE_term_no_synonym_merge
Takayasu's arteritis,1,raw_WoS_DE_term_no_synonym_merge
Takotsubo cardiomyopathy,1,raw_WoS_DE_term_no_synonym_merge
Talin,1,raw_WoS_DE_term_no_synonym_merge
TAM (tumor-associated macrophage),1,raw_WoS_DE_term_no_synonym_merge
TAM- targeted therapy,1,raw_WoS_DE_term_no_synonym_merge
Target cell selection,1,raw_WoS_DE_term_no_synonym_merge
target cell selection,1,raw_WoS_DE_term_no_synonym_merge
target delivery,1,raw_WoS_DE_term_no_synonym_merge
Target therapy,1,raw_WoS_DE_term_no_synonym_merge
Targeted agents,1,raw_WoS_DE_term_no_synonym_merge
Targeted delivery system,1,raw_WoS_DE_term_no_synonym_merge
Targeted drug delivery,1,raw_WoS_DE_term_no_synonym_merge
TARGETED SHUTTLING,1,raw_WoS_DE_term_no_synonym_merge
Targeted therapies,1,raw_WoS_DE_term_no_synonym_merge
targeted therapy of atherosclerosis,1,raw_WoS_DE_term_no_synonym_merge
targeting delivery,1,raw_WoS_DE_term_no_synonym_merge
Targeting delivery,1,raw_WoS_DE_term_no_synonym_merge
targeting immunotherapy,1,raw_WoS_DE_term_no_synonym_merge
targeting ligands,1,raw_WoS_DE_term_no_synonym_merge
Targeting nanoparticles to specific brain cells,1,raw_WoS_DE_term_no_synonym_merge
targeting regulation,1,raw_WoS_DE_term_no_synonym_merge
Targeting strategy,1,raw_WoS_DE_term_no_synonym_merge
Targets,1,raw_WoS_DE_term_no_synonym_merge
Tat peptide,1,raw_WoS_DE_term_no_synonym_merge
TAV R,1,raw_WoS_DE_term_no_synonym_merge
TAVI,1,raw_WoS_DE_term_no_synonym_merge
Tax,1,raw_WoS_DE_term_no_synonym_merge
Tbx5,1,raw_WoS_DE_term_no_synonym_merge
TCs,1,raw_WoS_DE_term_no_synonym_merge
TDRKH-AS1,1,raw_WoS_DE_term_no_synonym_merge
TDSCs,1,raw_WoS_DE_term_no_synonym_merge
TEAD,1,raw_WoS_DE_term_no_synonym_merge
TEAD1,1,raw_WoS_DE_term_no_synonym_merge
tear fluid,1,raw_WoS_DE_term_no_synonym_merge
Technology,1,raw_WoS_DE_term_no_synonym_merge
TEER,1,raw_WoS_DE_term_no_synonym_merge
Telocyte,1,raw_WoS_DE_term_no_synonym_merge
telomerase,1,raw_WoS_DE_term_no_synonym_merge
Telomerase,1,raw_WoS_DE_term_no_synonym_merge
telomere dysfunction,1,raw_WoS_DE_term_no_synonym_merge
telopodes,1,raw_WoS_DE_term_no_synonym_merge
Telopodes,1,raw_WoS_DE_term_no_synonym_merge
temozolomide,1,raw_WoS_DE_term_no_synonym_merge
Temozolomide,1,raw_WoS_DE_term_no_synonym_merge
Temperature,1,raw_WoS_DE_term_no_synonym_merge
temperature,1,raw_WoS_DE_term_no_synonym_merge
Temporal lobe epilepsy,1,raw_WoS_DE_term_no_synonym_merge
temporomandibular disorders,1,raw_WoS_DE_term_no_synonym_merge
Tenascin-C,1,raw_WoS_DE_term_no_synonym_merge
tenascin-C,1,raw_WoS_DE_term_no_synonym_merge
Tendinosis,1,raw_WoS_DE_term_no_synonym_merge
Tension,1,raw_WoS_DE_term_no_synonym_merge
Teratoma,1,raw_WoS_DE_term_no_synonym_merge
TERS,1,raw_WoS_DE_term_no_synonym_merge
tert-butyl hydroperoxide (tBHP),1,raw_WoS_DE_term_no_synonym_merge
Tert-Butylhydroquinone,1,raw_WoS_DE_term_no_synonym_merge
tertiary lymphoid structures,1,raw_WoS_DE_term_no_synonym_merge
testicular,1,raw_WoS_DE_term_no_synonym_merge
testicular endothelial cells,1,raw_WoS_DE_term_no_synonym_merge
testosterone,1,raw_WoS_DE_term_no_synonym_merge
TET2,1,raw_WoS_DE_term_no_synonym_merge
tethering nanotubes,1,raw_WoS_DE_term_no_synonym_merge
Tetrahydroisoquinoline (THIQ),1,raw_WoS_DE_term_no_synonym_merge
tetraspanin 8,1,raw_WoS_DE_term_no_synonym_merge
tetraspanin enriched-microdomains,1,raw_WoS_DE_term_no_synonym_merge
tetraspanin-enriched microdomains,1,raw_WoS_DE_term_no_synonym_merge
TEX,1,raw_WoS_DE_term_no_synonym_merge
TEX-driven re-programming,1,raw_WoS_DE_term_no_synonym_merge
TF,1,raw_WoS_DE_term_no_synonym_merge
TFEB,1,raw_WoS_DE_term_no_synonym_merge
TFR,1,raw_WoS_DE_term_no_synonym_merge
TGF - beta 1,1,raw_WoS_DE_term_no_synonym_merge
TGF&#946,1,raw_WoS_DE_term_no_synonym_merge
TGF(3/Smad signaling pathway,1,raw_WoS_DE_term_no_synonym_merge
TGF-b,1,raw_WoS_DE_term_no_synonym_merge
TGF-beta 1/SMAD pathway,1,raw_WoS_DE_term_no_synonym_merge
TGF-beta 2,1,raw_WoS_DE_term_no_synonym_merge
TGF-beta/Smad pathway,1,raw_WoS_DE_term_no_synonym_merge
TGF-beta/Smad3,1,raw_WoS_DE_term_no_synonym_merge
TGFSR2,1,raw_WoS_DE_term_no_synonym_merge
Th17 cells,1,raw_WoS_DE_term_no_synonym_merge
Thalassemia,1,raw_WoS_DE_term_no_synonym_merge
thalassemia,1,raw_WoS_DE_term_no_synonym_merge
Thalidomide,1,raw_WoS_DE_term_no_synonym_merge
THAP domain,1,raw_WoS_DE_term_no_synonym_merge
The antiphospholipid syndrome,1,raw_WoS_DE_term_no_synonym_merge
The metabolic syndrome,1,raw_WoS_DE_term_no_synonym_merge
The tumor microenvironment,1,raw_WoS_DE_term_no_synonym_merge
the Wnt/beta-catenin pathway,1,raw_WoS_DE_term_no_synonym_merge
theranostic,1,raw_WoS_DE_term_no_synonym_merge
Therapeutic,1,raw_WoS_DE_term_no_synonym_merge
Therapeutic agent,1,raw_WoS_DE_term_no_synonym_merge
Therapeutic amplification,1,raw_WoS_DE_term_no_synonym_merge
therapeutic applications,1,raw_WoS_DE_term_no_synonym_merge
Therapeutic Approaches,1,raw_WoS_DE_term_no_synonym_merge
therapeutic efficacy,1,raw_WoS_DE_term_no_synonym_merge
therapeutic exosomes,1,raw_WoS_DE_term_no_synonym_merge
therapeutic index,1,raw_WoS_DE_term_no_synonym_merge
therapeutic measures,1,raw_WoS_DE_term_no_synonym_merge
Therapeutic outcomes,1,raw_WoS_DE_term_no_synonym_merge
therapeutic peptides,1,raw_WoS_DE_term_no_synonym_merge
Therapeutic prospects,1,raw_WoS_DE_term_no_synonym_merge
Therapeutic Resistance,1,raw_WoS_DE_term_no_synonym_merge
Therapeutic strategies,1,raw_WoS_DE_term_no_synonym_merge
Therapeutic strategy,1,raw_WoS_DE_term_no_synonym_merge
therapeutic targets,1,raw_WoS_DE_term_no_synonym_merge
therapeutic tools,1,raw_WoS_DE_term_no_synonym_merge
Therapeutic tools,1,raw_WoS_DE_term_no_synonym_merge
therapeutical tools,1,raw_WoS_DE_term_no_synonym_merge
therapy failure,1,raw_WoS_DE_term_no_synonym_merge
therapy-grade,1,raw_WoS_DE_term_no_synonym_merge
Thermal -,1,raw_WoS_DE_term_no_synonym_merge
Thermo-responsive polymer,1,raw_WoS_DE_term_no_synonym_merge
Thermoresponsive polymer,1,raw_WoS_DE_term_no_synonym_merge
Thermosensitive gel,1,raw_WoS_DE_term_no_synonym_merge
thiamine,1,raw_WoS_DE_term_no_synonym_merge
thin-film hydration,1,raw_WoS_DE_term_no_synonym_merge
thiolated alginate/polyethylene glycol diacrylate hydrogels,1,raw_WoS_DE_term_no_synonym_merge
thioredoxin-interacting protein,1,raw_WoS_DE_term_no_synonym_merge
Thioredoxin-interacting protein,1,raw_WoS_DE_term_no_synonym_merge
THP-1 cells,1,raw_WoS_DE_term_no_synonym_merge
THP-1 human monocytes,1,raw_WoS_DE_term_no_synonym_merge
THP-1 monocytes,1,raw_WoS_DE_term_no_synonym_merge
THP1 cells,1,raw_WoS_DE_term_no_synonym_merge
three-dimensional in vitro culture models,1,raw_WoS_DE_term_no_synonym_merge
three-dimensional tissue cell culture,1,raw_WoS_DE_term_no_synonym_merge
three-dimensional-printed scaffold,1,raw_WoS_DE_term_no_synonym_merge
thrombelastometry,1,raw_WoS_DE_term_no_synonym_merge
Thrombin,1,raw_WoS_DE_term_no_synonym_merge
thrombin,1,raw_WoS_DE_term_no_synonym_merge
thrombo-embolic events,1,raw_WoS_DE_term_no_synonym_merge
thrombocytes,1,raw_WoS_DE_term_no_synonym_merge
Thrombocytopenia,1,raw_WoS_DE_term_no_synonym_merge
thromboembolic complications,1,raw_WoS_DE_term_no_synonym_merge
thromboinflammation,1,raw_WoS_DE_term_no_synonym_merge
thrombomiR,1,raw_WoS_DE_term_no_synonym_merge
thromboplastin,1,raw_WoS_DE_term_no_synonym_merge
Thrombospondin,1,raw_WoS_DE_term_no_synonym_merge
thrombospondin 1,1,raw_WoS_DE_term_no_synonym_merge
Thrombospondin-1,1,raw_WoS_DE_term_no_synonym_merge
thrombospondin-1 (THBS1),1,raw_WoS_DE_term_no_synonym_merge
thrombospondin-1 (TSP1),1,raw_WoS_DE_term_no_synonym_merge
Thrombospondin-2,1,raw_WoS_DE_term_no_synonym_merge
Thrombotic meningoencephalitis,1,raw_WoS_DE_term_no_synonym_merge
thrombotic risk,1,raw_WoS_DE_term_no_synonym_merge
Thromboxane,1,raw_WoS_DE_term_no_synonym_merge
Thrombus,1,raw_WoS_DE_term_no_synonym_merge
thrombus,1,raw_WoS_DE_term_no_synonym_merge
thrombus formation,1,raw_WoS_DE_term_no_synonym_merge
Thy-1 (CD90),1,raw_WoS_DE_term_no_synonym_merge
Thy1+mesenchymal cells,1,raw_WoS_DE_term_no_synonym_merge
Thymosin beta 4,1,raw_WoS_DE_term_no_synonym_merge
Thyroid,1,raw_WoS_DE_term_no_synonym_merge
thyroid cancer,1,raw_WoS_DE_term_no_synonym_merge
ticks,1,raw_WoS_DE_term_no_synonym_merge
TIDC,1,raw_WoS_DE_term_no_synonym_merge
Tie2,1,raw_WoS_DE_term_no_synonym_merge
tight junction protein,1,raw_WoS_DE_term_no_synonym_merge
Tight junction protein,1,raw_WoS_DE_term_no_synonym_merge
tight junctions,1,raw_WoS_DE_term_no_synonym_merge
TIM-1,1,raw_WoS_DE_term_no_synonym_merge
TIMP3,1,raw_WoS_DE_term_no_synonym_merge
TIMPs,1,raw_WoS_DE_term_no_synonym_merge
Tip cell,1,raw_WoS_DE_term_no_synonym_merge
tip cell,1,raw_WoS_DE_term_no_synonym_merge
Tip cells formation,1,raw_WoS_DE_term_no_synonym_merge
tissue,1,raw_WoS_DE_term_no_synonym_merge
Tissue bioengineering,1,raw_WoS_DE_term_no_synonym_merge
Tissue crosstalk,1,raw_WoS_DE_term_no_synonym_merge
Tissue defects,1,raw_WoS_DE_term_no_synonym_merge
Tissue Engineering,1,raw_WoS_DE_term_no_synonym_merge
Tissue engineering scaffolds,1,raw_WoS_DE_term_no_synonym_merge
tissue explant,1,raw_WoS_DE_term_no_synonym_merge
tissue factor pathway inhibitor,1,raw_WoS_DE_term_no_synonym_merge
tissue healing,1,raw_WoS_DE_term_no_synonym_merge
tissue homeostasis,1,raw_WoS_DE_term_no_synonym_merge
Tissue microarray,1,raw_WoS_DE_term_no_synonym_merge
tissue of origin,1,raw_WoS_DE_term_no_synonym_merge
Tissue repair and regeneration,1,raw_WoS_DE_term_no_synonym_merge
tissue resolution,1,raw_WoS_DE_term_no_synonym_merge
TISSUE SIGNALING - ENDOCRINE PATHWAYS,1,raw_WoS_DE_term_no_synonym_merge
TISSUE SIGNALING - PARACRINE PATHWAYS,1,raw_WoS_DE_term_no_synonym_merge
tissue stem cells,1,raw_WoS_DE_term_no_synonym_merge
tissue vascularization,1,raw_WoS_DE_term_no_synonym_merge
tissue-engineered nerve construct,1,raw_WoS_DE_term_no_synonym_merge
Tissue-engineered skin,1,raw_WoS_DE_term_no_synonym_merge
tissue-engineered skin,1,raw_WoS_DE_term_no_synonym_merge
tissue-exudative extracellular vesicles (Te-EVs),1,raw_WoS_DE_term_no_synonym_merge
titanium,1,raw_WoS_DE_term_no_synonym_merge
Titanium dioxide,1,raw_WoS_DE_term_no_synonym_merge
Titanium dioxide nanotubes,1,raw_WoS_DE_term_no_synonym_merge
Titanium implant,1,raw_WoS_DE_term_no_synonym_merge
titanium nanotubes,1,raw_WoS_DE_term_no_synonym_merge
TKI-resistant,1,raw_WoS_DE_term_no_synonym_merge
Tks5,1,raw_WoS_DE_term_no_synonym_merge
TLR3,1,raw_WoS_DE_term_no_synonym_merge
TLR4/NF-kappa B axis,1,raw_WoS_DE_term_no_synonym_merge
TLR4/NLRP3/Caspase-1 axis,1,raw_WoS_DE_term_no_synonym_merge
TLRs,1,raw_WoS_DE_term_no_synonym_merge
TME (tumor microenvironment),1,raw_WoS_DE_term_no_synonym_merge
TMPRSS2,1,raw_WoS_DE_term_no_synonym_merge
TNF receptors,1,raw_WoS_DE_term_no_synonym_merge
TNFR1 exosome-like vesicles,1,raw_WoS_DE_term_no_synonym_merge
TNFSF15,1,raw_WoS_DE_term_no_synonym_merge
Tobacco,1,raw_WoS_DE_term_no_synonym_merge
tolerance: chimerism,1,raw_WoS_DE_term_no_synonym_merge
tolerance: costimulation blockade,1,raw_WoS_DE_term_no_synonym_merge
tolerosomes,1,raw_WoS_DE_term_no_synonym_merge
Toll -like receptors,1,raw_WoS_DE_term_no_synonym_merge
Toll-Like Receptor,1,raw_WoS_DE_term_no_synonym_merge
toll-like receptor 3,1,raw_WoS_DE_term_no_synonym_merge
Toll-like receptor 3,1,raw_WoS_DE_term_no_synonym_merge
Toll-like receptor signaling pathway,1,raw_WoS_DE_term_no_synonym_merge
Tongsaimai,1,raw_WoS_DE_term_no_synonym_merge
tongue squamous cell carcinoma,1,raw_WoS_DE_term_no_synonym_merge
Tongue squamous cell carcinoma,1,raw_WoS_DE_term_no_synonym_merge
Tongxinluo,1,raw_WoS_DE_term_no_synonym_merge
tongxinluo,1,raw_WoS_DE_term_no_synonym_merge
Tongxinluo capsule,1,raw_WoS_DE_term_no_synonym_merge
Tools,1,raw_WoS_DE_term_no_synonym_merge
topical administration,1,raw_WoS_DE_term_no_synonym_merge
Topoisomerase II alpha,1,raw_WoS_DE_term_no_synonym_merge
topological clues,1,raw_WoS_DE_term_no_synonym_merge
TOS,1,raw_WoS_DE_term_no_synonym_merge
toxin,1,raw_WoS_DE_term_no_synonym_merge
Toxoplasma gondii,1,raw_WoS_DE_term_no_synonym_merge
TP53,1,raw_WoS_DE_term_no_synonym_merge
tPA,1,raw_WoS_DE_term_no_synonym_merge
Trachea,1,raw_WoS_DE_term_no_synonym_merge
Tracheal defect,1,raw_WoS_DE_term_no_synonym_merge
tracking,1,raw_WoS_DE_term_no_synonym_merge
TRADD mRNA,1,raw_WoS_DE_term_no_synonym_merge
Traf3,1,raw_WoS_DE_term_no_synonym_merge
trafficking,1,raw_WoS_DE_term_no_synonym_merge
trafficking machinery,1,raw_WoS_DE_term_no_synonym_merge
training,1,raw_WoS_DE_term_no_synonym_merge
TRALI: an in vitro study,1,raw_WoS_DE_term_no_synonym_merge
Trans-differentiation,1,raw_WoS_DE_term_no_synonym_merge
trans-endothelial migration,1,raw_WoS_DE_term_no_synonym_merge
trans-interaction,1,raw_WoS_DE_term_no_synonym_merge
transcatheter aortic valve replacement,1,raw_WoS_DE_term_no_synonym_merge
Transcatheter aortic valve replacement,1,raw_WoS_DE_term_no_synonym_merge
Transcript profiling,1,raw_WoS_DE_term_no_synonym_merge
transcript-1,1,raw_WoS_DE_term_no_synonym_merge
transcription factor EB,1,raw_WoS_DE_term_no_synonym_merge
Transcriptome sequencing,1,raw_WoS_DE_term_no_synonym_merge
transcriptomic,1,raw_WoS_DE_term_no_synonym_merge
transcriptomic analysis,1,raw_WoS_DE_term_no_synonym_merge
Transcriptomics,1,raw_WoS_DE_term_no_synonym_merge
Transdermal drug delivery,1,raw_WoS_DE_term_no_synonym_merge
transendothelial electrical resistance (TEER),1,raw_WoS_DE_term_no_synonym_merge
Transendothelial migration,1,raw_WoS_DE_term_no_synonym_merge
transfection,1,raw_WoS_DE_term_no_synonym_merge
transfer,1,raw_WoS_DE_term_no_synonym_merge
transfer of mitochondria,1,raw_WoS_DE_term_no_synonym_merge
transfer RNA,1,raw_WoS_DE_term_no_synonym_merge
Transfer RNA,1,raw_WoS_DE_term_no_synonym_merge
Transfer RNA-derived fragment,1,raw_WoS_DE_term_no_synonym_merge
Transferrin receptor,1,raw_WoS_DE_term_no_synonym_merge
transferrin receptor,1,raw_WoS_DE_term_no_synonym_merge
transforming growth factor beta,1,raw_WoS_DE_term_no_synonym_merge
transforming growth factor beta 1,1,raw_WoS_DE_term_no_synonym_merge
Transforming growth factor beta receptor III,1,raw_WoS_DE_term_no_synonym_merge
transforming growth factor-&#946,1,raw_WoS_DE_term_no_synonym_merge
transfusion complications-non infectious,1,raw_WoS_DE_term_no_synonym_merge
transfusion-related acute lung injury,1,raw_WoS_DE_term_no_synonym_merge
Transient elestography,1,raw_WoS_DE_term_no_synonym_merge
transient ischemic attacks (TIA),1,raw_WoS_DE_term_no_synonym_merge
transient receptor potential vanilloid 4,1,raw_WoS_DE_term_no_synonym_merge
translation,1,raw_WoS_DE_term_no_synonym_merge
translational medicine,1,raw_WoS_DE_term_no_synonym_merge
transmission,1,raw_WoS_DE_term_no_synonym_merge
Transmission electron microscopy,1,raw_WoS_DE_term_no_synonym_merge
transorgan regulation,1,raw_WoS_DE_term_no_synonym_merge
transplant medicine,1,raw_WoS_DE_term_no_synonym_merge
Transport,1,raw_WoS_DE_term_no_synonym_merge
transporters,1,raw_WoS_DE_term_no_synonym_merge
transpulmonary expression,1,raw_WoS_DE_term_no_synonym_merge
trastuzumab,1,raw_WoS_DE_term_no_synonym_merge
trauma and hemorrhagic shock,1,raw_WoS_DE_term_no_synonym_merge
TRAX,1,raw_WoS_DE_term_no_synonym_merge
treatment strategy,1,raw_WoS_DE_term_no_synonym_merge
Treg (regulatory T cell),1,raw_WoS_DE_term_no_synonym_merge
Treg - regulatory T cell,1,raw_WoS_DE_term_no_synonym_merge
Treg differentiation,1,raw_WoS_DE_term_no_synonym_merge
Tregs,1,raw_WoS_DE_term_no_synonym_merge
TRIM21,1,raw_WoS_DE_term_no_synonym_merge
TRIM32,1,raw_WoS_DE_term_no_synonym_merge
Trimethylamine-N-oxide,1,raw_WoS_DE_term_no_synonym_merge
trimethylamine-N-oxide,1,raw_WoS_DE_term_no_synonym_merge
TRIP-1,1,raw_WoS_DE_term_no_synonym_merge
Triphenylphosphonium,1,raw_WoS_DE_term_no_synonym_merge
triple targeting ligand,1,raw_WoS_DE_term_no_synonym_merge
triple-negative breast cancer,1,raw_WoS_DE_term_no_synonym_merge
tRNA-derived fragments,1,raw_WoS_DE_term_no_synonym_merge
Trophoblast debris,1,raw_WoS_DE_term_no_synonym_merge
Trophoblastic debris,1,raw_WoS_DE_term_no_synonym_merge
trophoblastic debris,1,raw_WoS_DE_term_no_synonym_merge
TRPM2-AS,1,raw_WoS_DE_term_no_synonym_merge
Tryptase,1,raw_WoS_DE_term_no_synonym_merge
TSG101,1,raw_WoS_DE_term_no_synonym_merge
Tsp-1,1,raw_WoS_DE_term_no_synonym_merge
Tsp29Fb,1,raw_WoS_DE_term_no_synonym_merge
Tspan8,1,raw_WoS_DE_term_no_synonym_merge
Tspan8 knockout,1,raw_WoS_DE_term_no_synonym_merge
Tspan8-web,1,raw_WoS_DE_term_no_synonym_merge
tsRNA,1,raw_WoS_DE_term_no_synonym_merge
tsRNA-15797,1,raw_WoS_DE_term_no_synonym_merge
tuberous sclerosis complex,1,raw_WoS_DE_term_no_synonym_merge
tubular epithelial cells,1,raw_WoS_DE_term_no_synonym_merge
tubular formation,1,raw_WoS_DE_term_no_synonym_merge
tubular repair,1,raw_WoS_DE_term_no_synonym_merge
tubulogenesis,1,raw_WoS_DE_term_no_synonym_merge
tubulointerstitial fibrosis,1,raw_WoS_DE_term_no_synonym_merge
tumescent liposuction,1,raw_WoS_DE_term_no_synonym_merge
tumor -derived exosomes,1,raw_WoS_DE_term_no_synonym_merge
Tumor associated macrophage,1,raw_WoS_DE_term_no_synonym_merge
tumor associated macrophage (TAM),1,raw_WoS_DE_term_no_synonym_merge
tumor biomarker,1,raw_WoS_DE_term_no_synonym_merge
tumor biomarkers,1,raw_WoS_DE_term_no_synonym_merge
tumor cell,1,raw_WoS_DE_term_no_synonym_merge
Tumor cell interaction,1,raw_WoS_DE_term_no_synonym_merge
tumor cell metastasis,1,raw_WoS_DE_term_no_synonym_merge
Tumor cell signaling,1,raw_WoS_DE_term_no_synonym_merge
tumor cell-derived exosomes,1,raw_WoS_DE_term_no_synonym_merge
tumor cell-stromal cell interaction,1,raw_WoS_DE_term_no_synonym_merge
Tumor cells,1,raw_WoS_DE_term_no_synonym_merge
tumor derived exosomes,1,raw_WoS_DE_term_no_synonym_merge
Tumor environment,1,raw_WoS_DE_term_no_synonym_merge
tumor exosomes,1,raw_WoS_DE_term_no_synonym_merge
Tumor Heterogeneity,1,raw_WoS_DE_term_no_synonym_merge
tumor heterogeneity,1,raw_WoS_DE_term_no_synonym_merge
Tumor hypoxia,1,raw_WoS_DE_term_no_synonym_merge
tumor immune editing,1,raw_WoS_DE_term_no_synonym_merge
Tumor microenvironment (TME),1,raw_WoS_DE_term_no_synonym_merge
tumor microtubes,1,raw_WoS_DE_term_no_synonym_merge
Tumor microvesicles,1,raw_WoS_DE_term_no_synonym_merge
tumor microvesicles,1,raw_WoS_DE_term_no_synonym_merge
Tumor necrosis factor alpha,1,raw_WoS_DE_term_no_synonym_merge
tumor necrosis factor receptor-associated factor 6,1,raw_WoS_DE_term_no_synonym_merge
tumor necrosis factor-& alpha,1,raw_WoS_DE_term_no_synonym_merge
Tumor necrosis factor-alpha,1,raw_WoS_DE_term_no_synonym_merge
tumor necrosis factor-alpha,1,raw_WoS_DE_term_no_synonym_merge
tumor recurrence,1,raw_WoS_DE_term_no_synonym_merge
tumor stem cells,1,raw_WoS_DE_term_no_synonym_merge
Tumor targeting,1,raw_WoS_DE_term_no_synonym_merge
tumor targeting,1,raw_WoS_DE_term_no_synonym_merge
Tumor targeting therapy,1,raw_WoS_DE_term_no_synonym_merge
tumor vaccine,1,raw_WoS_DE_term_no_synonym_merge
Tumor vaccine,1,raw_WoS_DE_term_no_synonym_merge
tumor vascularization,1,raw_WoS_DE_term_no_synonym_merge
tumor vasculogenesis,1,raw_WoS_DE_term_no_synonym_merge
tumor vessels normalization,1,raw_WoS_DE_term_no_synonym_merge
tumor&#8211,1,raw_WoS_DE_term_no_synonym_merge
tumor-associated endothelial cell,1,raw_WoS_DE_term_no_synonym_merge
Tumor-associated fibroblast,1,raw_WoS_DE_term_no_synonym_merge
tumor-associated macrophages and microglia,1,raw_WoS_DE_term_no_synonym_merge
Tumor-associated stroma,1,raw_WoS_DE_term_no_synonym_merge
tumor-derived exosomes (TEX),1,raw_WoS_DE_term_no_synonym_merge
Tumor-derived exosomes (TEX),1,raw_WoS_DE_term_no_synonym_merge
tumor-derived microparticles,1,raw_WoS_DE_term_no_synonym_merge
tumor-draining vein,1,raw_WoS_DE_term_no_synonym_merge
Tumor-educated platelets,1,raw_WoS_DE_term_no_synonym_merge
Tumor-endothelial interaction,1,raw_WoS_DE_term_no_synonym_merge
Tumor-immune cell interaction,1,raw_WoS_DE_term_no_synonym_merge
Tumor-induced bone,1,raw_WoS_DE_term_no_synonym_merge
TUMOR-INDUCED BONE DISEASE,1,raw_WoS_DE_term_no_synonym_merge
tumor-infiltrating lymphocytes,1,raw_WoS_DE_term_no_synonym_merge
tumor-initiating cells,1,raw_WoS_DE_term_no_synonym_merge
tumor-intrinsic factors,1,raw_WoS_DE_term_no_synonym_merge
Tumor-macrophages cell-cell communication,1,raw_WoS_DE_term_no_synonym_merge
tumor-related epileptic seizures,1,raw_WoS_DE_term_no_synonym_merge
Tumor-secreted tissue factor,1,raw_WoS_DE_term_no_synonym_merge
Tumor-stroma crosstalk,1,raw_WoS_DE_term_no_synonym_merge
Tumor-targeted therapy,1,raw_WoS_DE_term_no_synonym_merge
tumorassociated angiogenesis,1,raw_WoS_DE_term_no_synonym_merge
tumormicroenvironment,1,raw_WoS_DE_term_no_synonym_merge
Tumoroid,1,raw_WoS_DE_term_no_synonym_merge
Tumors,1,raw_WoS_DE_term_no_synonym_merge
tumour angiogenesis,1,raw_WoS_DE_term_no_synonym_merge
tumour metastasis,1,raw_WoS_DE_term_no_synonym_merge
Tumour metastasis,1,raw_WoS_DE_term_no_synonym_merge
tumour microenvironment (TME),1,raw_WoS_DE_term_no_synonym_merge
Tumour regulation,1,raw_WoS_DE_term_no_synonym_merge
Tumour vascularisation,1,raw_WoS_DE_term_no_synonym_merge
tumour-infiltrating lymphocyte,1,raw_WoS_DE_term_no_synonym_merge
tumour-supernatants,1,raw_WoS_DE_term_no_synonym_merge
Tunneling nanotubes,1,raw_WoS_DE_term_no_synonym_merge
Tunneling nanotubes (TNTs),1,raw_WoS_DE_term_no_synonym_merge
Tunneling nanotubules,1,raw_WoS_DE_term_no_synonym_merge
TWEAK,1,raw_WoS_DE_term_no_synonym_merge
Twist1,1,raw_WoS_DE_term_no_synonym_merge
type 1 diabetes,1,raw_WoS_DE_term_no_synonym_merge
type 2,1,raw_WoS_DE_term_no_synonym_merge
Type 2 diabetes mellitus,1,raw_WoS_DE_term_no_synonym_merge
Type 2 diabetes Mellitus,1,raw_WoS_DE_term_no_synonym_merge
Type H vessels,1,raw_WoS_DE_term_no_synonym_merge
type H vessels,1,raw_WoS_DE_term_no_synonym_merge
type II alveolar epithelial cell,1,raw_WoS_DE_term_no_synonym_merge
Type II transmembrane protein scaffold,1,raw_WoS_DE_term_no_synonym_merge
Tyrosine kinase inhibitor,1,raw_WoS_DE_term_no_synonym_merge
tyrosine kinase inhibitor,1,raw_WoS_DE_term_no_synonym_merge
Tyrosine kinase inhibitors,1,raw_WoS_DE_term_no_synonym_merge
U251 cells,1,raw_WoS_DE_term_no_synonym_merge
UBE2O,1,raw_WoS_DE_term_no_synonym_merge
ubiquinone metabolism,1,raw_WoS_DE_term_no_synonym_merge
ubiquitin,1,raw_WoS_DE_term_no_synonym_merge
Ubiquitin proteasome system,1,raw_WoS_DE_term_no_synonym_merge
ubiquitin specific peptidase 14 (USP14),1,raw_WoS_DE_term_no_synonym_merge
ubiquitin-specific protease 22,1,raw_WoS_DE_term_no_synonym_merge
ubiquitination,1,raw_WoS_DE_term_no_synonym_merge
UCB-EVs,1,raw_WoS_DE_term_no_synonym_merge
UCMSCs,1,raw_WoS_DE_term_no_synonym_merge
UcMSCs,1,raw_WoS_DE_term_no_synonym_merge
UCN2,1,raw_WoS_DE_term_no_synonym_merge
Ulcer,1,raw_WoS_DE_term_no_synonym_merge
ultrasensitive ELISA,1,raw_WoS_DE_term_no_synonym_merge
ultrasound,1,raw_WoS_DE_term_no_synonym_merge
Ultrasound,1,raw_WoS_DE_term_no_synonym_merge
ultrastructure,1,raw_WoS_DE_term_no_synonym_merge
Ultrastructure,1,raw_WoS_DE_term_no_synonym_merge
ultrathin nanoporous silicon nitride membrane,1,raw_WoS_DE_term_no_synonym_merge
Umbilical cord,1,raw_WoS_DE_term_no_synonym_merge
umbilical cord mesenchymal stem cell,1,raw_WoS_DE_term_no_synonym_merge
Umbilical cord mesenchymal stem cell,1,raw_WoS_DE_term_no_synonym_merge
Umbilical Cord Mesenchymal Stem Cell,1,raw_WoS_DE_term_no_synonym_merge
umbilical cord mesenchymal stem cell exosomes,1,raw_WoS_DE_term_no_synonym_merge
umbilical cord mesenchymal stem cell-derived extracellular vesicles,1,raw_WoS_DE_term_no_synonym_merge
umbilical cord mesenchymal stem cell-derived nanovesicles,1,raw_WoS_DE_term_no_synonym_merge
umbilical cord-derived stem cells,1,raw_WoS_DE_term_no_synonym_merge
umbilical vein,1,raw_WoS_DE_term_no_synonym_merge
Umbilical vein,1,raw_WoS_DE_term_no_synonym_merge
umbilical vein endothelial cells,1,raw_WoS_DE_term_no_synonym_merge
unconjugated bilirubin,1,raw_WoS_DE_term_no_synonym_merge
unconventional secretion,1,raw_WoS_DE_term_no_synonym_merge
unconventional treatment,1,raw_WoS_DE_term_no_synonym_merge
undifferentiated cells,1,raw_WoS_DE_term_no_synonym_merge
Unfolded protein response,1,raw_WoS_DE_term_no_synonym_merge
Unstable angina,1,raw_WoS_DE_term_no_synonym_merge
uPA,1,raw_WoS_DE_term_no_synonym_merge
uPAR system,1,raw_WoS_DE_term_no_synonym_merge
UPR,1,raw_WoS_DE_term_no_synonym_merge
UPRT,1,raw_WoS_DE_term_no_synonym_merge
Uptake-degradation kinetics,1,raw_WoS_DE_term_no_synonym_merge
uraemia,1,raw_WoS_DE_term_no_synonym_merge
Uranium,1,raw_WoS_DE_term_no_synonym_merge
uremia,1,raw_WoS_DE_term_no_synonym_merge
uremic cardiomyopathy,1,raw_WoS_DE_term_no_synonym_merge
urinary bladder,1,raw_WoS_DE_term_no_synonym_merge
urinary bladder neoplasms,1,raw_WoS_DE_term_no_synonym_merge
Urinary exosomes,1,raw_WoS_DE_term_no_synonym_merge
urinary exosomes,1,raw_WoS_DE_term_no_synonym_merge
urinary extracellular vesicles,1,raw_WoS_DE_term_no_synonym_merge
urine,1,raw_WoS_DE_term_no_synonym_merge
urine exosomes,1,raw_WoS_DE_term_no_synonym_merge
urine progenitor/stem cells,1,raw_WoS_DE_term_no_synonym_merge
Urine-derived stem cell,1,raw_WoS_DE_term_no_synonym_merge
Urogenital diseases,1,raw_WoS_DE_term_no_synonym_merge
Urokinase,1,raw_WoS_DE_term_no_synonym_merge
USP13,1,raw_WoS_DE_term_no_synonym_merge
USP22,1,raw_WoS_DE_term_no_synonym_merge
USP9X,1,raw_WoS_DE_term_no_synonym_merge
Uterine,1,raw_WoS_DE_term_no_synonym_merge
Uterine adenocarcinoma Ishikawa cells,1,raw_WoS_DE_term_no_synonym_merge
uterine cervical stem cells,1,raw_WoS_DE_term_no_synonym_merge
uterine leiomyoma,1,raw_WoS_DE_term_no_synonym_merge
UV-shielding,1,raw_WoS_DE_term_no_synonym_merge
vaccination,1,raw_WoS_DE_term_no_synonym_merge
vaccines,1,raw_WoS_DE_term_no_synonym_merge
vacuolar pathogen,1,raw_WoS_DE_term_no_synonym_merge
valproic acid,1,raw_WoS_DE_term_no_synonym_merge
Valve endothelial cells,1,raw_WoS_DE_term_no_synonym_merge
Valve interstitial cells,1,raw_WoS_DE_term_no_synonym_merge
valvular heart surgery,1,raw_WoS_DE_term_no_synonym_merge
Vaping,1,raw_WoS_DE_term_no_synonym_merge
Vasa vasorum,1,raw_WoS_DE_term_no_synonym_merge
Vascular,1,raw_WoS_DE_term_no_synonym_merge
vascular age-related diseases,1,raw_WoS_DE_term_no_synonym_merge
Vascular ageing,1,raw_WoS_DE_term_no_synonym_merge
Vascular aging,1,raw_WoS_DE_term_no_synonym_merge
Vascular barrier function,1,raw_WoS_DE_term_no_synonym_merge
Vascular beds,1,raw_WoS_DE_term_no_synonym_merge
Vascular Biology,1,raw_WoS_DE_term_no_synonym_merge
vascular biology,1,raw_WoS_DE_term_no_synonym_merge
Vascular biology,1,raw_WoS_DE_term_no_synonym_merge
vascular calcification (VC),1,raw_WoS_DE_term_no_synonym_merge
Vascular calcification (VC),1,raw_WoS_DE_term_no_synonym_merge
vascular cell adhesion molecule 1 (VCAM1),1,raw_WoS_DE_term_no_synonym_merge
Vascular cell adhesion molecule-1,1,raw_WoS_DE_term_no_synonym_merge
vascular cells,1,raw_WoS_DE_term_no_synonym_merge
vascular complications,1,raw_WoS_DE_term_no_synonym_merge
vascular dementia,1,raw_WoS_DE_term_no_synonym_merge
vascular development,1,raw_WoS_DE_term_no_synonym_merge
Vascular dysfunction,1,raw_WoS_DE_term_no_synonym_merge
Vascular endothelial cell,1,raw_WoS_DE_term_no_synonym_merge
vascular endothelial cell growth factor A (VEGF-A),1,raw_WoS_DE_term_no_synonym_merge
vascular endothelial cell growth factor C (VEGF-C),1,raw_WoS_DE_term_no_synonym_merge
vascular endothelial cell-derived exosomes,1,raw_WoS_DE_term_no_synonym_merge
Vascular Endothelial Growth Factor,1,raw_WoS_DE_term_no_synonym_merge
vascular endothelial growth factor (VEGFC),1,raw_WoS_DE_term_no_synonym_merge
vascular endothelial growth factor a,1,raw_WoS_DE_term_no_synonym_merge
vascular endothelial growth factor receptor,1,raw_WoS_DE_term_no_synonym_merge
vascular endothelial growth factor receptor 2,1,raw_WoS_DE_term_no_synonym_merge
Vascular endothelial growth factor receptor 2 (VEGFR-2),1,raw_WoS_DE_term_no_synonym_merge
Vascular endothelial inflammation,1,raw_WoS_DE_term_no_synonym_merge
Vascular endothelial injury,1,raw_WoS_DE_term_no_synonym_merge
vascular endothelial permeability,1,raw_WoS_DE_term_no_synonym_merge
Vascular endothelial-like cells,1,raw_WoS_DE_term_no_synonym_merge
vascular enothelial growth factor A,1,raw_WoS_DE_term_no_synonym_merge
vascular function,1,raw_WoS_DE_term_no_synonym_merge
Vascular grafts,1,raw_WoS_DE_term_no_synonym_merge
Vascular growth,1,raw_WoS_DE_term_no_synonym_merge
vascular homeostasis,1,raw_WoS_DE_term_no_synonym_merge
Vascular hyperpermeability,1,raw_WoS_DE_term_no_synonym_merge
Vascular injury,1,raw_WoS_DE_term_no_synonym_merge
Vascular instability,1,raw_WoS_DE_term_no_synonym_merge
vascular invasion,1,raw_WoS_DE_term_no_synonym_merge
vascular leakage,1,raw_WoS_DE_term_no_synonym_merge
vascular leakiness,1,raw_WoS_DE_term_no_synonym_merge
Vascular malformations,1,raw_WoS_DE_term_no_synonym_merge
vascular medicine,1,raw_WoS_DE_term_no_synonym_merge
vascular mimicry,1,raw_WoS_DE_term_no_synonym_merge
vascular mimicry (VM),1,raw_WoS_DE_term_no_synonym_merge
Vascular niche,1,raw_WoS_DE_term_no_synonym_merge
vascular organoid,1,raw_WoS_DE_term_no_synonym_merge
vascular pathologies,1,raw_WoS_DE_term_no_synonym_merge
vascular redox state,1,raw_WoS_DE_term_no_synonym_merge
Vascular regeneration,1,raw_WoS_DE_term_no_synonym_merge
vascular remodelling,1,raw_WoS_DE_term_no_synonym_merge
Vascular remodelling,1,raw_WoS_DE_term_no_synonym_merge
Vascular repair,1,raw_WoS_DE_term_no_synonym_merge
Vascular senescence,1,raw_WoS_DE_term_no_synonym_merge
vascular simplification,1,raw_WoS_DE_term_no_synonym_merge
Vascular smooth muscle,1,raw_WoS_DE_term_no_synonym_merge
Vascular smooth muscle cells-derived exosomes,1,raw_WoS_DE_term_no_synonym_merge
Vascular sprouting,1,raw_WoS_DE_term_no_synonym_merge
vascular stents,1,raw_WoS_DE_term_no_synonym_merge
Vascular toxicity,1,raw_WoS_DE_term_no_synonym_merge
vascular wall calcification,1,raw_WoS_DE_term_no_synonym_merge
vascular wall remodeling,1,raw_WoS_DE_term_no_synonym_merge
Vascular-osteo communication,1,raw_WoS_DE_term_no_synonym_merge
vascularization homeostasis,1,raw_WoS_DE_term_no_synonym_merge
vascularized adipose organoids,1,raw_WoS_DE_term_no_synonym_merge
Vascularized osteogenesis,1,raw_WoS_DE_term_no_synonym_merge
vasculogenic mimicry,1,raw_WoS_DE_term_no_synonym_merge
vasculogenic therapies,1,raw_WoS_DE_term_no_synonym_merge
Vasculopathy,1,raw_WoS_DE_term_no_synonym_merge
vaso-occlusion,1,raw_WoS_DE_term_no_synonym_merge
vasodegeneration,1,raw_WoS_DE_term_no_synonym_merge
Vasodilation,1,raw_WoS_DE_term_no_synonym_merge
Vasopressin receptor V1aR,1,raw_WoS_DE_term_no_synonym_merge
vasorepair,1,raw_WoS_DE_term_no_synonym_merge
Vasorin,1,raw_WoS_DE_term_no_synonym_merge
vasorin,1,raw_WoS_DE_term_no_synonym_merge
vasospasm,1,raw_WoS_DE_term_no_synonym_merge
Vasospastic angina,1,raw_WoS_DE_term_no_synonym_merge
VAT,1,raw_WoS_DE_term_no_synonym_merge
vault RNA,1,raw_WoS_DE_term_no_synonym_merge
VAV3,1,raw_WoS_DE_term_no_synonym_merge
VCAM1,1,raw_WoS_DE_term_no_synonym_merge
VCAN,1,raw_WoS_DE_term_no_synonym_merge
VE&#8208,1,raw_WoS_DE_term_no_synonym_merge
Vector,1,raw_WoS_DE_term_no_synonym_merge
VEGF alpha,1,raw_WoS_DE_term_no_synonym_merge
VEGF receptor,1,raw_WoS_DE_term_no_synonym_merge
VEGF receptors,1,raw_WoS_DE_term_no_synonym_merge
VEGF signaling,1,raw_WoS_DE_term_no_synonym_merge
VEGF-A and THBS1 target genes,1,raw_WoS_DE_term_no_synonym_merge
VEGF-R2,1,raw_WoS_DE_term_no_synonym_merge
VEGFA pathway,1,raw_WoS_DE_term_no_synonym_merge
VEGFA.,1,raw_WoS_DE_term_no_synonym_merge
VEGFC,1,raw_WoS_DE_term_no_synonym_merge
VEGFR1,1,raw_WoS_DE_term_no_synonym_merge
VEGFR2 endocytosis,1,raw_WoS_DE_term_no_synonym_merge
VEGFR3,1,raw_WoS_DE_term_no_synonym_merge
VEGFR3 signaling,1,raw_WoS_DE_term_no_synonym_merge
vehicles,1,raw_WoS_DE_term_no_synonym_merge
vein endothelial cell exosomes,1,raw_WoS_DE_term_no_synonym_merge
vein graft,1,raw_WoS_DE_term_no_synonym_merge
Vein graft failure,1,raw_WoS_DE_term_no_synonym_merge
venom,1,raw_WoS_DE_term_no_synonym_merge
Venom,1,raw_WoS_DE_term_no_synonym_merge
venous,1,raw_WoS_DE_term_no_synonym_merge
venous malformation,1,raw_WoS_DE_term_no_synonym_merge
Venous malformation,1,raw_WoS_DE_term_no_synonym_merge
venous thomboembolism,1,raw_WoS_DE_term_no_synonym_merge
venous thromboembolism,1,raw_WoS_DE_term_no_synonym_merge
ventilator-induced lung injury,1,raw_WoS_DE_term_no_synonym_merge
ventilator-induced lung injury (VILI),1,raw_WoS_DE_term_no_synonym_merge
ventricular remodeling,1,raw_WoS_DE_term_no_synonym_merge
vertical transmission,1,raw_WoS_DE_term_no_synonym_merge
Vertical-Wheel bioreactor,1,raw_WoS_DE_term_no_synonym_merge
Very small embryonic-like stem cells,1,raw_WoS_DE_term_no_synonym_merge
VESICLE,1,raw_WoS_DE_term_no_synonym_merge
Vesicle biogenesis,1,raw_WoS_DE_term_no_synonym_merge
vesicle biogenesis,1,raw_WoS_DE_term_no_synonym_merge
Vesicle bioinformatics,1,raw_WoS_DE_term_no_synonym_merge
vesicle engineering,1,raw_WoS_DE_term_no_synonym_merge
vesicle proteomics,1,raw_WoS_DE_term_no_synonym_merge
vesicle purification,1,raw_WoS_DE_term_no_synonym_merge
vesicleengineering,1,raw_WoS_DE_term_no_synonym_merge
vesicles subpopulations,1,raw_WoS_DE_term_no_synonym_merge
vesicular transport,1,raw_WoS_DE_term_no_synonym_merge
Vesicular uptake,1,raw_WoS_DE_term_no_synonym_merge
Vessel alteration,1,raw_WoS_DE_term_no_synonym_merge
Vessel branching,1,raw_WoS_DE_term_no_synonym_merge
vessel organoids,1,raw_WoS_DE_term_no_synonym_merge
vessel remodeling,1,raw_WoS_DE_term_no_synonym_merge
Vessel wall,1,raw_WoS_DE_term_no_synonym_merge
Vessels,1,raw_WoS_DE_term_no_synonym_merge
VH298,1,raw_WoS_DE_term_no_synonym_merge
vicious cycle,1,raw_WoS_DE_term_no_synonym_merge
Villahermosa,1,raw_WoS_DE_term_no_synonym_merge
Vimentin,1,raw_WoS_DE_term_no_synonym_merge
vinorelbine,1,raw_WoS_DE_term_no_synonym_merge
viral hepatitis,1,raw_WoS_DE_term_no_synonym_merge
Viral infection,1,raw_WoS_DE_term_no_synonym_merge
viral infections,1,raw_WoS_DE_term_no_synonym_merge
viral transmission,1,raw_WoS_DE_term_no_synonym_merge
viral vectors,1,raw_WoS_DE_term_no_synonym_merge
Virus,1,raw_WoS_DE_term_no_synonym_merge
virus egress,1,raw_WoS_DE_term_no_synonym_merge
virus receptor,1,raw_WoS_DE_term_no_synonym_merge
viruses and parasites,1,raw_WoS_DE_term_no_synonym_merge
viscoelastic tests,1,raw_WoS_DE_term_no_synonym_merge
Vision loss,1,raw_WoS_DE_term_no_synonym_merge
Visium spatial transcriptomics,1,raw_WoS_DE_term_no_synonym_merge
vital organ dysfunction,1,raw_WoS_DE_term_no_synonym_merge
vitamin D,1,raw_WoS_DE_term_no_synonym_merge
vitamin D receptor,1,raw_WoS_DE_term_no_synonym_merge
vitrectomy,1,raw_WoS_DE_term_no_synonym_merge
vitreous,1,raw_WoS_DE_term_no_synonym_merge
Vitreous humor,1,raw_WoS_DE_term_no_synonym_merge
Vogt-Koyanagi-Harada syndrome,1,raw_WoS_DE_term_no_synonym_merge
Volume retention rate,1,raw_WoS_DE_term_no_synonym_merge
Volumetric muscle loss,1,raw_WoS_DE_term_no_synonym_merge
von willebrand factor,1,raw_WoS_DE_term_no_synonym_merge
vonWillebrands factor,1,raw_WoS_DE_term_no_synonym_merge
VPS33B,1,raw_WoS_DE_term_no_synonym_merge
VPS4B,1,raw_WoS_DE_term_no_synonym_merge
VSEL,1,raw_WoS_DE_term_no_synonym_merge
VSMC,1,raw_WoS_DE_term_no_synonym_merge
VSOP,1,raw_WoS_DE_term_no_synonym_merge
VSVG,1,raw_WoS_DE_term_no_synonym_merge
VWF,1,raw_WoS_DE_term_no_synonym_merge
Warburg effect,1,raw_WoS_DE_term_no_synonym_merge
weighted gene co-expression network analysis,1,raw_WoS_DE_term_no_synonym_merge
Weighted network analysis,1,raw_WoS_DE_term_no_synonym_merge
Western,1,raw_WoS_DE_term_no_synonym_merge
Western-type diet,1,raw_WoS_DE_term_no_synonym_merge
Wharton's jelly,1,raw_WoS_DE_term_no_synonym_merge
Wheat exosomes,1,raw_WoS_DE_term_no_synonym_merge
Wheat grass (Triticum aestivum),1,raw_WoS_DE_term_no_synonym_merge
wheatgrass juice,1,raw_WoS_DE_term_no_synonym_merge
Whole blood filtered,1,raw_WoS_DE_term_no_synonym_merge
Wildfire,1,raw_WoS_DE_term_no_synonym_merge
Wnt,1,raw_WoS_DE_term_no_synonym_merge
Wnt / beta-catenin pathway,1,raw_WoS_DE_term_no_synonym_merge
Wnt signaling pathway,1,raw_WoS_DE_term_no_synonym_merge
Wnt/beta-catenin,1,raw_WoS_DE_term_no_synonym_merge
Wnt1,1,raw_WoS_DE_term_no_synonym_merge
Wnt2,1,raw_WoS_DE_term_no_synonym_merge
Wnt4,1,raw_WoS_DE_term_no_synonym_merge
Wnt4/beta-catenin,1,raw_WoS_DE_term_no_synonym_merge
WNT5A,1,raw_WoS_DE_term_no_synonym_merge
Wnt7b,1,raw_WoS_DE_term_no_synonym_merge
wound biology extracellular vesicles,1,raw_WoS_DE_term_no_synonym_merge
wound dressing,1,raw_WoS_DE_term_no_synonym_merge
wound fluid,1,raw_WoS_DE_term_no_synonym_merge
Wound healing dressing,1,raw_WoS_DE_term_no_synonym_merge
Wound infection,1,raw_WoS_DE_term_no_synonym_merge
Wound repair,1,raw_WoS_DE_term_no_synonym_merge
wound response,1,raw_WoS_DE_term_no_synonym_merge
Wounddressing,1,raw_WoS_DE_term_no_synonym_merge
wounds,1,raw_WoS_DE_term_no_synonym_merge
Wrinkles,1,raw_WoS_DE_term_no_synonym_merge
X-motif,1,raw_WoS_DE_term_no_synonym_merge
xanthine dehydrogenase,1,raw_WoS_DE_term_no_synonym_merge
Xanthine oxidoreductase,1,raw_WoS_DE_term_no_synonym_merge
XBP1,1,raw_WoS_DE_term_no_synonym_merge
xeno-costimulation,1,raw_WoS_DE_term_no_synonym_merge
xenogeneic,1,raw_WoS_DE_term_no_synonym_merge
xenogenic adipose-derived mesenchymal stem cell,1,raw_WoS_DE_term_no_synonym_merge
xenorecognition,1,raw_WoS_DE_term_no_synonym_merge
xenotransplantation,1,raw_WoS_DE_term_no_synonym_merge
Y box binding protein 1,1,raw_WoS_DE_term_no_synonym_merge
Y-derived small RNA cardiosphere-derived cells,1,raw_WoS_DE_term_no_synonym_merge
Yamanaka factors,1,raw_WoS_DE_term_no_synonym_merge
Yap1,1,raw_WoS_DE_term_no_synonym_merge
YAP1/HIF-1 alpha axis,1,raw_WoS_DE_term_no_synonym_merge
YB-1,1,raw_WoS_DE_term_no_synonym_merge
YBX1,1,raw_WoS_DE_term_no_synonym_merge
Yes-associated protein,1,raw_WoS_DE_term_no_synonym_merge
Yield,1,raw_WoS_DE_term_no_synonym_merge
Yin Yang 1,1,raw_WoS_DE_term_no_synonym_merge
Young's modulus,1,raw_WoS_DE_term_no_synonym_merge
YRNAs,1,raw_WoS_DE_term_no_synonym_merge
YsRNA,1,raw_WoS_DE_term_no_synonym_merge
ZBTB16,1,raw_WoS_DE_term_no_synonym_merge
ZEB1-AS1,1,raw_WoS_DE_term_no_synonym_merge
Zebrafish,1,raw_WoS_DE_term_no_synonym_merge
Zebrafish embryos,1,raw_WoS_DE_term_no_synonym_merge
Zebrafish intestine,1,raw_WoS_DE_term_no_synonym_merge
zedoarondiol,1,raw_WoS_DE_term_no_synonym_merge
Zika virus,1,raw_WoS_DE_term_no_synonym_merge
zinc finger mynd-type containing 11,1,raw_WoS_DE_term_no_synonym_merge
zinc oxide nanoparticles,1,raw_WoS_DE_term_no_synonym_merge
zonula occludens 1 (ZO-1),1,raw_WoS_DE_term_no_synonym_merge
Zonula Occludens-1,1,raw_WoS_DE_term_no_synonym_merge
