record_id,scope_label,classification_basis,evidence_status
EC_EV_000001,EC_EV_FINAL_SCOPE,membership_in_verified_WoS_query_#5,verified
EC_EV_000002,EC_EV_FINAL_SCOPE,membership_in_verified_WoS_query_#5,verified
EC_EV_000003,EC_EV_FINAL_SCOPE,membership_in_verified_WoS_query_#5,verified
EC_EV_000004,EC_EV_FINAL_SCOPE,membership_in_verified_WoS_query_#5,verified
EC_EV_000005,EC_EV_FINAL_SCOPE,membership_in_verified_WoS_query_#5,verified
EC_EV_000006,EC_EV_FINAL_SCOPE,membership_in_verified_WoS_query_#5,verified
EC_EV_000007,EC_EV_FINAL_SCOPE,membership_in_verified_WoS_query_#5,verified
EC_EV_000008,EC_EV_FINAL_SCOPE,membership_in_verified_WoS_query_#5,verified
EC_EV_000009,EC_EV_FINAL_SCOPE,membership_in_verified_WoS_query_#5,verified
EC_EV_000010,EC_EV_FINAL_SCOPE,membership_in_verified_WoS_query_#5,verified
EC_EV_000011,EC_EV_FINAL_SCOPE,membership_in_verified_WoS_query_#5,verified
EC_EV_000012,EC_EV_FINAL_SCOPE,membership_in_verified_WoS_query_#5,verified
EC_EV_000013,EC_EV_FINAL_SCOPE,membership_in_verified_WoS_query_#5,verified
EC_EV_000014,EC_EV_FINAL_SCOPE,membership_in_verified_WoS_query_#5,verified
EC_EV_000015,EC_EV_FINAL_SCOPE,membership_in_verified_WoS_query_#5,verified
EC_EV_000016,EC_EV_FINAL_SCOPE,membership_in_verified_WoS_query_#5,verified
EC_EV_000017,EC_EV_FINAL_SCOPE,membership_in_verified_WoS_query_#5,verified
EC_EV_000018,EC_EV_FINAL_SCOPE,membership_in_verified_WoS_query_#5,verified
EC_EV_000019,EC_EV_FINAL_SCOPE,membership_in_verified_WoS_query_#5,verified
EC_EV_000020,EC_EV_FINAL_SCOPE,membership_in_verified_WoS_query_#5,verified
EC_EV_000021,EC_EV_FINAL_SCOPE,membership_in_verified_WoS_query_#5,verified
EC_EV_000022,EC_EV_FINAL_SCOPE,membership_in_verified_WoS_query_#5,verified
EC_EV_000023,EC_EV_FINAL_SCOPE,membership_in_verified_WoS_query_#5,verified
EC_EV_000024,EC_EV_FINAL_SCOPE,membership_in_verified_WoS_query_#5,verified
EC_EV_000025,EC_EV_FINAL_SCOPE,membership_in_verified_WoS_query_#5,verified
EC_EV_000026,EC_EV_FINAL_SCOPE,membership_in_verified_WoS_query_#5,verified
EC_EV_000027,EC_EV_FINAL_SCOPE,membership_in_verified_WoS_query_#5,verified
EC_EV_000028,EC_EV_FINAL_SCOPE,membership_in_verified_WoS_query_#5,verified
EC_EV_000029,EC_EV_FINAL_SCOPE,membership_in_verified_WoS_query_#5,verified
EC_EV_000030,EC_EV_FINAL_SCOPE,membership_in_verified_WoS_query_#5,verified
EC_EV_000031,EC_EV_FINAL_SCOPE,membership_in_verified_WoS_query_#5,verified
EC_EV_000032,EC_EV_FINAL_SCOPE,membership_in_verified_WoS_query_#5,verified
EC_EV_000033,EC_EV_FINAL_SCOPE,membership_in_verified_WoS_query_#5,verified
EC_EV_000034,EC_EV_FINAL_SCOPE,membership_in_verified_WoS_query_#5,verified
EC_EV_000035,EC_EV_FINAL_SCOPE,membership_in_verified_WoS_query_#5,verified
EC_EV_000036,EC_EV_FINAL_SCOPE,membership_in_verified_WoS_query_#5,verified
EC_EV_000037,EC_EV_FINAL_SCOPE,membership_in_verified_WoS_query_#5,verified
EC_EV_000038,EC_EV_FINAL_SCOPE,membership_in_verified_WoS_query_#5,verified
EC_EV_000039,EC_EV_FINAL_SCOPE,membership_in_verified_WoS_query_#5,verified
EC_EV_000040,EC_EV_FINAL_SCOPE,membership_in_verified_WoS_query_#5,verified
EC_EV_000041,EC_EV_FINAL_SCOPE,membership_in_verified_WoS_query_#5,verified
EC_EV_000042,EC_EV_FINAL_SCOPE,membership_in_verified_WoS_query_#5,verified
EC_EV_000043,EC_EV_FINAL_SCOPE,membership_in_verified_WoS_query_#5,verified
EC_EV_000044,EC_EV_FINAL_SCOPE,membership_in_verified_WoS_query_#5,verified
EC_EV_000045,EC_EV_FINAL_SCOPE,membership_in_verified_WoS_query_#5,verified
EC_EV_000046,EC_EV_FINAL_SCOPE,membership_in_verified_WoS_query_#5,verified
EC_EV_000047,EC_EV_FINAL_SCOPE,membership_in_verified_WoS_query_#5,verified
EC_EV_000048,EC_EV_FINAL_SCOPE,membership_in_verified_WoS_query_#5,verified
EC_EV_000049,EC_EV_FINAL_SCOPE,membership_in_verified_WoS_query_#5,verified
EC_EV_000050,EC_EV_FINAL_SCOPE,membership_in_verified_WoS_query_#5,verified
EC_EV_000051,EC_EV_FINAL_SCOPE,membership_in_verified_WoS_query_#5,verified
EC_EV_000052,EC_EV_FINAL_SCOPE,membership_in_verified_WoS_query_#5,verified
EC_EV_000053,EC_EV_FINAL_SCOPE,membership_in_verified_WoS_query_#5,verified
EC_EV_000054,EC_EV_FINAL_SCOPE,membership_in_verified_WoS_query_#5,verified
EC_EV_000055,EC_EV_FINAL_SCOPE,membership_in_verified_WoS_query_#5,verified
EC_EV_000056,EC_EV_FINAL_SCOPE,membership_in_verified_WoS_query_#5,verified
EC_EV_000057,EC_EV_FINAL_SCOPE,membership_in_verified_WoS_query_#5,verified
EC_EV_000058,EC_EV_FINAL_SCOPE,membership_in_verified_WoS_query_#5,verified
EC_EV_000059,EC_EV_FINAL_SCOPE,membership_in_verified_WoS_query_#5,verified
EC_EV_000060,EC_EV_FINAL_SCOPE,membership_in_verified_WoS_query_#5,verified
EC_EV_000061,EC_EV_FINAL_SCOPE,membership_in_verified_WoS_query_#5,verified
EC_EV_000062,EC_EV_FINAL_SCOPE,membership_in_verified_WoS_query_#5,verified
EC_EV_000063,EC_EV_FINAL_SCOPE,membership_in_verified_WoS_query_#5,verified
EC_EV_000064,EC_EV_FINAL_SCOPE,membership_in_verified_WoS_query_#5,verified
EC_EV_000065,EC_EV_FINAL_SCOPE,membership_in_verified_WoS_query_#5,verified
EC_EV_000066,EC_EV_FINAL_SCOPE,membership_in_verified_WoS_query_#5,verified
EC_EV_000067,EC_EV_FINAL_SCOPE,membership_in_verified_WoS_query_#5,verified
EC_EV_000068,EC_EV_FINAL_SCOPE,membership_in_verified_WoS_query_#5,verified
EC_EV_000069,EC_EV_FINAL_SCOPE,membership_in_verified_WoS_query_#5,verified
EC_EV_000070,EC_EV_FINAL_SCOPE,membership_in_verified_WoS_query_#5,verified
EC_EV_000071,EC_EV_FINAL_SCOPE,membership_in_verified_WoS_query_#5,verified
EC_EV_000072,EC_EV_FINAL_SCOPE,membership_in_verified_WoS_query_#5,verified
EC_EV_000073,EC_EV_FINAL_SCOPE,membership_in_verified_WoS_query_#5,verified
EC_EV_000074,EC_EV_FINAL_SCOPE,membership_in_verified_WoS_query_#5,verified
EC_EV_000075,EC_EV_FINAL_SCOPE,membership_in_verified_WoS_query_#5,verified
EC_EV_000076,EC_EV_FINAL_SCOPE,membership_in_verified_WoS_query_#5,verified
EC_EV_000077,EC_EV_FINAL_SCOPE,membership_in_verified_WoS_query_#5,verified
EC_EV_000078,EC_EV_FINAL_SCOPE,membership_in_verified_WoS_query_#5,verified
EC_EV_000079,EC_EV_FINAL_SCOPE,membership_in_verified_WoS_query_#5,verified
EC_EV_000080,EC_EV_FINAL_SCOPE,membership_in_verified_WoS_query_#5,verified
EC_EV_000081,EC_EV_FINAL_SCOPE,membership_in_verified_WoS_query_#5,verified
EC_EV_000082,EC_EV_FINAL_SCOPE,membership_in_verified_WoS_query_#5,verified
EC_EV_000083,EC_EV_FINAL_SCOPE,membership_in_verified_WoS_query_#5,verified
EC_EV_000084,EC_EV_FINAL_SCOPE,membership_in_verified_WoS_query_#5,verified
EC_EV_000085,EC_EV_FINAL_SCOPE,membership_in_verified_WoS_query_#5,verified
EC_EV_000086,EC_EV_FINAL_SCOPE,membership_in_verified_WoS_query_#5,verified
EC_EV_000087,EC_EV_FINAL_SCOPE,membership_in_verified_WoS_query_#5,verified
EC_EV_000088,EC_EV_FINAL_SCOPE,membership_in_verified_WoS_query_#5,verified
EC_EV_000089,EC_EV_FINAL_SCOPE,membership_in_verified_WoS_query_#5,verified
EC_EV_000090,EC_EV_FINAL_SCOPE,membership_in_verified_WoS_query_#5,verified
EC_EV_000091,EC_EV_FINAL_SCOPE,membership_in_verified_WoS_query_#5,verified
EC_EV_000092,EC_EV_FINAL_SCOPE,membership_in_verified_WoS_query_#5,verified
EC_EV_000093,EC_EV_FINAL_SCOPE,membership_in_verified_WoS_query_#5,verified
EC_EV_000094,EC_EV_FINAL_SCOPE,membership_in_verified_WoS_query_#5,verified
EC_EV_000095,EC_EV_FINAL_SCOPE,membership_in_verified_WoS_query_#5,verified
EC_EV_000096,EC_EV_FINAL_SCOPE,membership_in_verified_WoS_query_#5,verified
EC_EV_000097,EC_EV_FINAL_SCOPE,membership_in_verified_WoS_query_#5,verified
EC_EV_000098,EC_EV_FINAL_SCOPE,membership_in_verified_WoS_query_#5,verified
EC_EV_000099,EC_EV_FINAL_SCOPE,membership_in_verified_WoS_query_#5,verified
EC_EV_000100,EC_EV_FINAL_SCOPE,membership_in_verified_WoS_query_#5,verified
EC_EV_000101,EC_EV_FINAL_SCOPE,membership_in_verified_WoS_query_#5,verified
EC_EV_000102,EC_EV_FINAL_SCOPE,membership_in_verified_WoS_query_#5,verified
EC_EV_000103,EC_EV_FINAL_SCOPE,membership_in_verified_WoS_query_#5,verified
EC_EV_000104,EC_EV_FINAL_SCOPE,membership_in_verified_WoS_query_#5,verified
EC_EV_000105,EC_EV_FINAL_SCOPE,membership_in_verified_WoS_query_#5,verified
EC_EV_000106,EC_EV_FINAL_SCOPE,membership_in_verified_WoS_query_#5,verified
EC_EV_000107,EC_EV_FINAL_SCOPE,membership_in_verified_WoS_query_#5,verified
EC_EV_000108,EC_EV_FINAL_SCOPE,membership_in_verified_WoS_query_#5,verified
EC_EV_000109,EC_EV_FINAL_SCOPE,membership_in_verified_WoS_query_#5,verified
EC_EV_000110,EC_EV_FINAL_SCOPE,membership_in_verified_WoS_query_#5,verified
EC_EV_000111,EC_EV_FINAL_SCOPE,membership_in_verified_WoS_query_#5,verified
EC_EV_000112,EC_EV_FINAL_SCOPE,membership_in_verified_WoS_query_#5,verified
EC_EV_000113,EC_EV_FINAL_SCOPE,membership_in_verified_WoS_query_#5,verified
EC_EV_000114,EC_EV_FINAL_SCOPE,membership_in_verified_WoS_query_#5,verified
EC_EV_000115,EC_EV_FINAL_SCOPE,membership_in_verified_WoS_query_#5,verified
EC_EV_000116,EC_EV_FINAL_SCOPE,membership_in_verified_WoS_query_#5,verified
EC_EV_000117,EC_EV_FINAL_SCOPE,membership_in_verified_WoS_query_#5,verified
EC_EV_000118,EC_EV_FINAL_SCOPE,membership_in_verified_WoS_query_#5,verified
EC_EV_000119,EC_EV_FINAL_SCOPE,membership_in_verified_WoS_query_#5,verified
EC_EV_000120,EC_EV_FINAL_SCOPE,membership_in_verified_WoS_query_#5,verified
EC_EV_000121,EC_EV_FINAL_SCOPE,membership_in_verified_WoS_query_#5,verified
EC_EV_000122,EC_EV_FINAL_SCOPE,membership_in_verified_WoS_query_#5,verified
EC_EV_000123,EC_EV_FINAL_SCOPE,membership_in_verified_WoS_query_#5,verified
EC_EV_000124,EC_EV_FINAL_SCOPE,membership_in_verified_WoS_query_#5,verified
EC_EV_000125,EC_EV_FINAL_SCOPE,membership_in_verified_WoS_query_#5,verified
EC_EV_000126,EC_EV_FINAL_SCOPE,membership_in_verified_WoS_query_#5,verified
EC_EV_000127,EC_EV_FINAL_SCOPE,membership_in_verified_WoS_query_#5,verified
EC_EV_000128,EC_EV_FINAL_SCOPE,membership_in_verified_WoS_query_#5,verified
EC_EV_000129,EC_EV_FINAL_SCOPE,membership_in_verified_WoS_query_#5,verified
EC_EV_000130,EC_EV_FINAL_SCOPE,membership_in_verified_WoS_query_#5,verified
EC_EV_000131,EC_EV_FINAL_SCOPE,membership_in_verified_WoS_query_#5,verified
EC_EV_000132,EC_EV_FINAL_SCOPE,membership_in_verified_WoS_query_#5,verified
EC_EV_000133,EC_EV_FINAL_SCOPE,membership_in_verified_WoS_query_#5,verified
EC_EV_000134,EC_EV_FINAL_SCOPE,membership_in_verified_WoS_query_#5,verified
EC_EV_000135,EC_EV_FINAL_SCOPE,membership_in_verified_WoS_query_#5,verified
EC_EV_000136,EC_EV_FINAL_SCOPE,membership_in_verified_WoS_query_#5,verified
EC_EV_000137,EC_EV_FINAL_SCOPE,membership_in_verified_WoS_query_#5,verified
EC_EV_000138,EC_EV_FINAL_SCOPE,membership_in_verified_WoS_query_#5,verified
EC_EV_000139,EC_EV_FINAL_SCOPE,membership_in_verified_WoS_query_#5,verified
EC_EV_000140,EC_EV_FINAL_SCOPE,membership_in_verified_WoS_query_#5,verified
EC_EV_000141,EC_EV_FINAL_SCOPE,membership_in_verified_WoS_query_#5,verified
EC_EV_000142,EC_EV_FINAL_SCOPE,membership_in_verified_WoS_query_#5,verified
EC_EV_000143,EC_EV_FINAL_SCOPE,membership_in_verified_WoS_query_#5,verified
EC_EV_000144,EC_EV_FINAL_SCOPE,membership_in_verified_WoS_query_#5,verified
EC_EV_000145,EC_EV_FINAL_SCOPE,membership_in_verified_WoS_query_#5,verified
EC_EV_000146,EC_EV_FINAL_SCOPE,membership_in_verified_WoS_query_#5,verified
EC_EV_000147,EC_EV_FINAL_SCOPE,membership_in_verified_WoS_query_#5,verified
EC_EV_000148,EC_EV_FINAL_SCOPE,membership_in_verified_WoS_query_#5,verified
EC_EV_000149,EC_EV_FINAL_SCOPE,membership_in_verified_WoS_query_#5,verified
EC_EV_000150,EC_EV_FINAL_SCOPE,membership_in_verified_WoS_query_#5,verified
EC_EV_000151,EC_EV_FINAL_SCOPE,membership_in_verified_WoS_query_#5,verified
EC_EV_000152,EC_EV_FINAL_SCOPE,membership_in_verified_WoS_query_#5,verified
EC_EV_000153,EC_EV_FINAL_SCOPE,membership_in_verified_WoS_query_#5,verified
EC_EV_000154,EC_EV_FINAL_SCOPE,membership_in_verified_WoS_query_#5,verified
EC_EV_000155,EC_EV_FINAL_SCOPE,membership_in_verified_WoS_query_#5,verified
EC_EV_000156,EC_EV_FINAL_SCOPE,membership_in_verified_WoS_query_#5,verified
EC_EV_000157,EC_EV_FINAL_SCOPE,membership_in_verified_WoS_query_#5,verified
EC_EV_000158,EC_EV_FINAL_SCOPE,membership_in_verified_WoS_query_#5,verified
EC_EV_000159,EC_EV_FINAL_SCOPE,membership_in_verified_WoS_query_#5,verified
EC_EV_000160,EC_EV_FINAL_SCOPE,membership_in_verified_WoS_query_#5,verified
EC_EV_000161,EC_EV_FINAL_SCOPE,membership_in_verified_WoS_query_#5,verified
EC_EV_000162,EC_EV_FINAL_SCOPE,membership_in_verified_WoS_query_#5,verified
EC_EV_000163,EC_EV_FINAL_SCOPE,membership_in_verified_WoS_query_#5,verified
EC_EV_000164,EC_EV_FINAL_SCOPE,membership_in_verified_WoS_query_#5,verified
EC_EV_000165,EC_EV_FINAL_SCOPE,membership_in_verified_WoS_query_#5,verified
EC_EV_000166,EC_EV_FINAL_SCOPE,membership_in_verified_WoS_query_#5,verified
EC_EV_000167,EC_EV_FINAL_SCOPE,membership_in_verified_WoS_query_#5,verified
EC_EV_000168,EC_EV_FINAL_SCOPE,membership_in_verified_WoS_query_#5,verified
EC_EV_000169,EC_EV_FINAL_SCOPE,membership_in_verified_WoS_query_#5,verified
EC_EV_000170,EC_EV_FINAL_SCOPE,membership_in_verified_WoS_query_#5,verified
EC_EV_000171,EC_EV_FINAL_SCOPE,membership_in_verified_WoS_query_#5,verified
EC_EV_000172,EC_EV_FINAL_SCOPE,membership_in_verified_WoS_query_#5,verified
EC_EV_000173,EC_EV_FINAL_SCOPE,membership_in_verified_WoS_query_#5,verified
EC_EV_000174,EC_EV_FINAL_SCOPE,membership_in_verified_WoS_query_#5,verified
EC_EV_000175,EC_EV_FINAL_SCOPE,membership_in_verified_WoS_query_#5,verified
EC_EV_000176,EC_EV_FINAL_SCOPE,membership_in_verified_WoS_query_#5,verified
EC_EV_000177,EC_EV_FINAL_SCOPE,membership_in_verified_WoS_query_#5,verified
EC_EV_000178,EC_EV_FINAL_SCOPE,membership_in_verified_WoS_query_#5,verified
EC_EV_000179,EC_EV_FINAL_SCOPE,membership_in_verified_WoS_query_#5,verified
EC_EV_000180,EC_EV_FINAL_SCOPE,membership_in_verified_WoS_query_#5,verified
EC_EV_000181,EC_EV_FINAL_SCOPE,membership_in_verified_WoS_query_#5,verified
EC_EV_000182,EC_EV_FINAL_SCOPE,membership_in_verified_WoS_query_#5,verified
EC_EV_000183,EC_EV_FINAL_SCOPE,membership_in_verified_WoS_query_#5,verified
EC_EV_000184,EC_EV_FINAL_SCOPE,membership_in_verified_WoS_query_#5,verified
EC_EV_000185,EC_EV_FINAL_SCOPE,membership_in_verified_WoS_query_#5,verified
EC_EV_000186,EC_EV_FINAL_SCOPE,membership_in_verified_WoS_query_#5,verified
EC_EV_000187,EC_EV_FINAL_SCOPE,membership_in_verified_WoS_query_#5,verified
EC_EV_000188,EC_EV_FINAL_SCOPE,membership_in_verified_WoS_query_#5,verified
EC_EV_000189,EC_EV_FINAL_SCOPE,membership_in_verified_WoS_query_#5,verified
EC_EV_000190,EC_EV_FINAL_SCOPE,membership_in_verified_WoS_query_#5,verified
EC_EV_000191,EC_EV_FINAL_SCOPE,membership_in_verified_WoS_query_#5,verified
EC_EV_000192,EC_EV_FINAL_SCOPE,membership_in_verified_WoS_query_#5,verified
EC_EV_000193,EC_EV_FINAL_SCOPE,membership_in_verified_WoS_query_#5,verified
EC_EV_000194,EC_EV_FINAL_SCOPE,membership_in_verified_WoS_query_#5,verified
EC_EV_000195,EC_EV_FINAL_SCOPE,membership_in_verified_WoS_query_#5,verified
EC_EV_000196,EC_EV_FINAL_SCOPE,membership_in_verified_WoS_query_#5,verified
EC_EV_000197,EC_EV_FINAL_SCOPE,membership_in_verified_WoS_query_#5,verified
EC_EV_000198,EC_EV_FINAL_SCOPE,membership_in_verified_WoS_query_#5,verified
EC_EV_000199,EC_EV_FINAL_SCOPE,membership_in_verified_WoS_query_#5,verified
EC_EV_000200,EC_EV_FINAL_SCOPE,membership_in_verified_WoS_query_#5,verified
EC_EV_000201,EC_EV_FINAL_SCOPE,membership_in_verified_WoS_query_#5,verified
EC_EV_000202,EC_EV_FINAL_SCOPE,membership_in_verified_WoS_query_#5,verified
EC_EV_000203,EC_EV_FINAL_SCOPE,membership_in_verified_WoS_query_#5,verified
EC_EV_000204,EC_EV_FINAL_SCOPE,membership_in_verified_WoS_query_#5,verified
EC_EV_000205,EC_EV_FINAL_SCOPE,membership_in_verified_WoS_query_#5,verified
EC_EV_000206,EC_EV_FINAL_SCOPE,membership_in_verified_WoS_query_#5,verified
EC_EV_000207,EC_EV_FINAL_SCOPE,membership_in_verified_WoS_query_#5,verified
EC_EV_000208,EC_EV_FINAL_SCOPE,membership_in_verified_WoS_query_#5,verified
EC_EV_000209,EC_EV_FINAL_SCOPE,membership_in_verified_WoS_query_#5,verified
EC_EV_000210,EC_EV_FINAL_SCOPE,membership_in_verified_WoS_query_#5,verified
EC_EV_000211,EC_EV_FINAL_SCOPE,membership_in_verified_WoS_query_#5,verified
EC_EV_000212,EC_EV_FINAL_SCOPE,membership_in_verified_WoS_query_#5,verified
EC_EV_000213,EC_EV_FINAL_SCOPE,membership_in_verified_WoS_query_#5,verified
EC_EV_000214,EC_EV_FINAL_SCOPE,membership_in_verified_WoS_query_#5,verified
EC_EV_000215,EC_EV_FINAL_SCOPE,membership_in_verified_WoS_query_#5,verified
EC_EV_000216,EC_EV_FINAL_SCOPE,membership_in_verified_WoS_query_#5,verified
EC_EV_000217,EC_EV_FINAL_SCOPE,membership_in_verified_WoS_query_#5,verified
EC_EV_000218,EC_EV_FINAL_SCOPE,membership_in_verified_WoS_query_#5,verified
EC_EV_000219,EC_EV_FINAL_SCOPE,membership_in_verified_WoS_query_#5,verified
EC_EV_000220,EC_EV_FINAL_SCOPE,membership_in_verified_WoS_query_#5,verified
EC_EV_000221,EC_EV_FINAL_SCOPE,membership_in_verified_WoS_query_#5,verified
EC_EV_000222,EC_EV_FINAL_SCOPE,membership_in_verified_WoS_query_#5,verified
EC_EV_000223,EC_EV_FINAL_SCOPE,membership_in_verified_WoS_query_#5,verified
EC_EV_000224,EC_EV_FINAL_SCOPE,membership_in_verified_WoS_query_#5,verified
EC_EV_000225,EC_EV_FINAL_SCOPE,membership_in_verified_WoS_query_#5,verified
EC_EV_000226,EC_EV_FINAL_SCOPE,membership_in_verified_WoS_query_#5,verified
EC_EV_000227,EC_EV_FINAL_SCOPE,membership_in_verified_WoS_query_#5,verified
EC_EV_000228,EC_EV_FINAL_SCOPE,membership_in_verified_WoS_query_#5,verified
EC_EV_000229,EC_EV_FINAL_SCOPE,membership_in_verified_WoS_query_#5,verified
EC_EV_000230,EC_EV_FINAL_SCOPE,membership_in_verified_WoS_query_#5,verified
EC_EV_000231,EC_EV_FINAL_SCOPE,membership_in_verified_WoS_query_#5,verified
EC_EV_000232,EC_EV_FINAL_SCOPE,membership_in_verified_WoS_query_#5,verified
EC_EV_000233,EC_EV_FINAL_SCOPE,membership_in_verified_WoS_query_#5,verified
EC_EV_000234,EC_EV_FINAL_SCOPE,membership_in_verified_WoS_query_#5,verified
EC_EV_000235,EC_EV_FINAL_SCOPE,membership_in_verified_WoS_query_#5,verified
EC_EV_000236,EC_EV_FINAL_SCOPE,membership_in_verified_WoS_query_#5,verified
EC_EV_000237,EC_EV_FINAL_SCOPE,membership_in_verified_WoS_query_#5,verified
EC_EV_000238,EC_EV_FINAL_SCOPE,membership_in_verified_WoS_query_#5,verified
EC_EV_000239,EC_EV_FINAL_SCOPE,membership_in_verified_WoS_query_#5,verified
EC_EV_000240,EC_EV_FINAL_SCOPE,membership_in_verified_WoS_query_#5,verified
EC_EV_000241,EC_EV_FINAL_SCOPE,membership_in_verified_WoS_query_#5,verified
EC_EV_000242,EC_EV_FINAL_SCOPE,membership_in_verified_WoS_query_#5,verified
EC_EV_000243,EC_EV_FINAL_SCOPE,membership_in_verified_WoS_query_#5,verified
EC_EV_000244,EC_EV_FINAL_SCOPE,membership_in_verified_WoS_query_#5,verified
EC_EV_000245,EC_EV_FINAL_SCOPE,membership_in_verified_WoS_query_#5,verified
EC_EV_000246,EC_EV_FINAL_SCOPE,membership_in_verified_WoS_query_#5,verified
EC_EV_000247,EC_EV_FINAL_SCOPE,membership_in_verified_WoS_query_#5,verified
EC_EV_000248,EC_EV_FINAL_SCOPE,membership_in_verified_WoS_query_#5,verified
EC_EV_000249,EC_EV_FINAL_SCOPE,membership_in_verified_WoS_query_#5,verified
EC_EV_000250,EC_EV_FINAL_SCOPE,membership_in_verified_WoS_query_#5,verified
EC_EV_000251,EC_EV_FINAL_SCOPE,membership_in_verified_WoS_query_#5,verified
EC_EV_000252,EC_EV_FINAL_SCOPE,membership_in_verified_WoS_query_#5,verified
EC_EV_000253,EC_EV_FINAL_SCOPE,membership_in_verified_WoS_query_#5,verified
EC_EV_000254,EC_EV_FINAL_SCOPE,membership_in_verified_WoS_query_#5,verified
EC_EV_000255,EC_EV_FINAL_SCOPE,membership_in_verified_WoS_query_#5,verified
EC_EV_000256,EC_EV_FINAL_SCOPE,membership_in_verified_WoS_query_#5,verified
EC_EV_000257,EC_EV_FINAL_SCOPE,membership_in_verified_WoS_query_#5,verified
EC_EV_000258,EC_EV_FINAL_SCOPE,membership_in_verified_WoS_query_#5,verified
EC_EV_000259,EC_EV_FINAL_SCOPE,membership_in_verified_WoS_query_#5,verified
EC_EV_000260,EC_EV_FINAL_SCOPE,membership_in_verified_WoS_query_#5,verified
EC_EV_000261,EC_EV_FINAL_SCOPE,membership_in_verified_WoS_query_#5,verified
EC_EV_000262,EC_EV_FINAL_SCOPE,membership_in_verified_WoS_query_#5,verified
EC_EV_000263,EC_EV_FINAL_SCOPE,membership_in_verified_WoS_query_#5,verified
EC_EV_000264,EC_EV_FINAL_SCOPE,membership_in_verified_WoS_query_#5,verified
EC_EV_000265,EC_EV_FINAL_SCOPE,membership_in_verified_WoS_query_#5,verified
EC_EV_000266,EC_EV_FINAL_SCOPE,membership_in_verified_WoS_query_#5,verified
EC_EV_000267,EC_EV_FINAL_SCOPE,membership_in_verified_WoS_query_#5,verified
EC_EV_000268,EC_EV_FINAL_SCOPE,membership_in_verified_WoS_query_#5,verified
EC_EV_000269,EC_EV_FINAL_SCOPE,membership_in_verified_WoS_query_#5,verified
EC_EV_000270,EC_EV_FINAL_SCOPE,membership_in_verified_WoS_query_#5,verified
EC_EV_000271,EC_EV_FINAL_SCOPE,membership_in_verified_WoS_query_#5,verified
EC_EV_000272,EC_EV_FINAL_SCOPE,membership_in_verified_WoS_query_#5,verified
EC_EV_000273,EC_EV_FINAL_SCOPE,membership_in_verified_WoS_query_#5,verified
EC_EV_000274,EC_EV_FINAL_SCOPE,membership_in_verified_WoS_query_#5,verified
EC_EV_000275,EC_EV_FINAL_SCOPE,membership_in_verified_WoS_query_#5,verified
EC_EV_000276,EC_EV_FINAL_SCOPE,membership_in_verified_WoS_query_#5,verified
EC_EV_000277,EC_EV_FINAL_SCOPE,membership_in_verified_WoS_query_#5,verified
EC_EV_000278,EC_EV_FINAL_SCOPE,membership_in_verified_WoS_query_#5,verified
EC_EV_000279,EC_EV_FINAL_SCOPE,membership_in_verified_WoS_query_#5,verified
EC_EV_000280,EC_EV_FINAL_SCOPE,membership_in_verified_WoS_query_#5,verified
EC_EV_000281,EC_EV_FINAL_SCOPE,membership_in_verified_WoS_query_#5,verified
EC_EV_000282,EC_EV_FINAL_SCOPE,membership_in_verified_WoS_query_#5,verified
EC_EV_000283,EC_EV_FINAL_SCOPE,membership_in_verified_WoS_query_#5,verified
EC_EV_000284,EC_EV_FINAL_SCOPE,membership_in_verified_WoS_query_#5,verified
EC_EV_000285,EC_EV_FINAL_SCOPE,membership_in_verified_WoS_query_#5,verified
EC_EV_000286,EC_EV_FINAL_SCOPE,membership_in_verified_WoS_query_#5,verified
EC_EV_000287,EC_EV_FINAL_SCOPE,membership_in_verified_WoS_query_#5,verified
EC_EV_000288,EC_EV_FINAL_SCOPE,membership_in_verified_WoS_query_#5,verified
EC_EV_000289,EC_EV_FINAL_SCOPE,membership_in_verified_WoS_query_#5,verified
EC_EV_000290,EC_EV_FINAL_SCOPE,membership_in_verified_WoS_query_#5,verified
EC_EV_000291,EC_EV_FINAL_SCOPE,membership_in_verified_WoS_query_#5,verified
EC_EV_000292,EC_EV_FINAL_SCOPE,membership_in_verified_WoS_query_#5,verified
EC_EV_000293,EC_EV_FINAL_SCOPE,membership_in_verified_WoS_query_#5,verified
EC_EV_000294,EC_EV_FINAL_SCOPE,membership_in_verified_WoS_query_#5,verified
EC_EV_000295,EC_EV_FINAL_SCOPE,membership_in_verified_WoS_query_#5,verified
EC_EV_000296,EC_EV_FINAL_SCOPE,membership_in_verified_WoS_query_#5,verified
EC_EV_000297,EC_EV_FINAL_SCOPE,membership_in_verified_WoS_query_#5,verified
EC_EV_000298,EC_EV_FINAL_SCOPE,membership_in_verified_WoS_query_#5,verified
EC_EV_000299,EC_EV_FINAL_SCOPE,membership_in_verified_WoS_query_#5,verified
EC_EV_000300,EC_EV_FINAL_SCOPE,membership_in_verified_WoS_query_#5,verified
EC_EV_000301,EC_EV_FINAL_SCOPE,membership_in_verified_WoS_query_#5,verified
EC_EV_000302,EC_EV_FINAL_SCOPE,membership_in_verified_WoS_query_#5,verified
EC_EV_000303,EC_EV_FINAL_SCOPE,membership_in_verified_WoS_query_#5,verified
EC_EV_000304,EC_EV_FINAL_SCOPE,membership_in_verified_WoS_query_#5,verified
EC_EV_000305,EC_EV_FINAL_SCOPE,membership_in_verified_WoS_query_#5,verified
EC_EV_000306,EC_EV_FINAL_SCOPE,membership_in_verified_WoS_query_#5,verified
EC_EV_000307,EC_EV_FINAL_SCOPE,membership_in_verified_WoS_query_#5,verified
EC_EV_000308,EC_EV_FINAL_SCOPE,membership_in_verified_WoS_query_#5,verified
EC_EV_000309,EC_EV_FINAL_SCOPE,membership_in_verified_WoS_query_#5,verified
EC_EV_000310,EC_EV_FINAL_SCOPE,membership_in_verified_WoS_query_#5,verified
EC_EV_000311,EC_EV_FINAL_SCOPE,membership_in_verified_WoS_query_#5,verified
EC_EV_000312,EC_EV_FINAL_SCOPE,membership_in_verified_WoS_query_#5,verified
EC_EV_000313,EC_EV_FINAL_SCOPE,membership_in_verified_WoS_query_#5,verified
EC_EV_000314,EC_EV_FINAL_SCOPE,membership_in_verified_WoS_query_#5,verified
EC_EV_000315,EC_EV_FINAL_SCOPE,membership_in_verified_WoS_query_#5,verified
EC_EV_000316,EC_EV_FINAL_SCOPE,membership_in_verified_WoS_query_#5,verified
EC_EV_000317,EC_EV_FINAL_SCOPE,membership_in_verified_WoS_query_#5,verified
EC_EV_000318,EC_EV_FINAL_SCOPE,membership_in_verified_WoS_query_#5,verified
EC_EV_000319,EC_EV_FINAL_SCOPE,membership_in_verified_WoS_query_#5,verified
EC_EV_000320,EC_EV_FINAL_SCOPE,membership_in_verified_WoS_query_#5,verified
EC_EV_000321,EC_EV_FINAL_SCOPE,membership_in_verified_WoS_query_#5,verified
EC_EV_000322,EC_EV_FINAL_SCOPE,membership_in_verified_WoS_query_#5,verified
EC_EV_000323,EC_EV_FINAL_SCOPE,membership_in_verified_WoS_query_#5,verified
EC_EV_000324,EC_EV_FINAL_SCOPE,membership_in_verified_WoS_query_#5,verified
EC_EV_000325,EC_EV_FINAL_SCOPE,membership_in_verified_WoS_query_#5,verified
EC_EV_000326,EC_EV_FINAL_SCOPE,membership_in_verified_WoS_query_#5,verified
EC_EV_000327,EC_EV_FINAL_SCOPE,membership_in_verified_WoS_query_#5,verified
EC_EV_000328,EC_EV_FINAL_SCOPE,membership_in_verified_WoS_query_#5,verified
EC_EV_000329,EC_EV_FINAL_SCOPE,membership_in_verified_WoS_query_#5,verified
EC_EV_000330,EC_EV_FINAL_SCOPE,membership_in_verified_WoS_query_#5,verified
EC_EV_000331,EC_EV_FINAL_SCOPE,membership_in_verified_WoS_query_#5,verified
EC_EV_000332,EC_EV_FINAL_SCOPE,membership_in_verified_WoS_query_#5,verified
EC_EV_000333,EC_EV_FINAL_SCOPE,membership_in_verified_WoS_query_#5,verified
EC_EV_000334,EC_EV_FINAL_SCOPE,membership_in_verified_WoS_query_#5,verified
EC_EV_000335,EC_EV_FINAL_SCOPE,membership_in_verified_WoS_query_#5,verified
EC_EV_000336,EC_EV_FINAL_SCOPE,membership_in_verified_WoS_query_#5,verified
EC_EV_000337,EC_EV_FINAL_SCOPE,membership_in_verified_WoS_query_#5,verified
EC_EV_000338,EC_EV_FINAL_SCOPE,membership_in_verified_WoS_query_#5,verified
EC_EV_000339,EC_EV_FINAL_SCOPE,membership_in_verified_WoS_query_#5,verified
EC_EV_000340,EC_EV_FINAL_SCOPE,membership_in_verified_WoS_query_#5,verified
EC_EV_000341,EC_EV_FINAL_SCOPE,membership_in_verified_WoS_query_#5,verified
EC_EV_000342,EC_EV_FINAL_SCOPE,membership_in_verified_WoS_query_#5,verified
EC_EV_000343,EC_EV_FINAL_SCOPE,membership_in_verified_WoS_query_#5,verified
EC_EV_000344,EC_EV_FINAL_SCOPE,membership_in_verified_WoS_query_#5,verified
EC_EV_000345,EC_EV_FINAL_SCOPE,membership_in_verified_WoS_query_#5,verified
EC_EV_000346,EC_EV_FINAL_SCOPE,membership_in_verified_WoS_query_#5,verified
EC_EV_000347,EC_EV_FINAL_SCOPE,membership_in_verified_WoS_query_#5,verified
EC_EV_000348,EC_EV_FINAL_SCOPE,membership_in_verified_WoS_query_#5,verified
EC_EV_000349,EC_EV_FINAL_SCOPE,membership_in_verified_WoS_query_#5,verified
EC_EV_000350,EC_EV_FINAL_SCOPE,membership_in_verified_WoS_query_#5,verified
EC_EV_000351,EC_EV_FINAL_SCOPE,membership_in_verified_WoS_query_#5,verified
EC_EV_000352,EC_EV_FINAL_SCOPE,membership_in_verified_WoS_query_#5,verified
EC_EV_000353,EC_EV_FINAL_SCOPE,membership_in_verified_WoS_query_#5,verified
EC_EV_000354,EC_EV_FINAL_SCOPE,membership_in_verified_WoS_query_#5,verified
EC_EV_000355,EC_EV_FINAL_SCOPE,membership_in_verified_WoS_query_#5,verified
EC_EV_000356,EC_EV_FINAL_SCOPE,membership_in_verified_WoS_query_#5,verified
EC_EV_000357,EC_EV_FINAL_SCOPE,membership_in_verified_WoS_query_#5,verified
EC_EV_000358,EC_EV_FINAL_SCOPE,membership_in_verified_WoS_query_#5,verified
EC_EV_000359,EC_EV_FINAL_SCOPE,membership_in_verified_WoS_query_#5,verified
EC_EV_000360,EC_EV_FINAL_SCOPE,membership_in_verified_WoS_query_#5,verified
EC_EV_000361,EC_EV_FINAL_SCOPE,membership_in_verified_WoS_query_#5,verified
EC_EV_000362,EC_EV_FINAL_SCOPE,membership_in_verified_WoS_query_#5,verified
EC_EV_000363,EC_EV_FINAL_SCOPE,membership_in_verified_WoS_query_#5,verified
EC_EV_000364,EC_EV_FINAL_SCOPE,membership_in_verified_WoS_query_#5,verified
EC_EV_000365,EC_EV_FINAL_SCOPE,membership_in_verified_WoS_query_#5,verified
EC_EV_000366,EC_EV_FINAL_SCOPE,membership_in_verified_WoS_query_#5,verified
EC_EV_000367,EC_EV_FINAL_SCOPE,membership_in_verified_WoS_query_#5,verified
EC_EV_000368,EC_EV_FINAL_SCOPE,membership_in_verified_WoS_query_#5,verified
EC_EV_000369,EC_EV_FINAL_SCOPE,membership_in_verified_WoS_query_#5,verified
EC_EV_000370,EC_EV_FINAL_SCOPE,membership_in_verified_WoS_query_#5,verified
EC_EV_000371,EC_EV_FINAL_SCOPE,membership_in_verified_WoS_query_#5,verified
EC_EV_000372,EC_EV_FINAL_SCOPE,membership_in_verified_WoS_query_#5,verified
EC_EV_000373,EC_EV_FINAL_SCOPE,membership_in_verified_WoS_query_#5,verified
EC_EV_000374,EC_EV_FINAL_SCOPE,membership_in_verified_WoS_query_#5,verified
EC_EV_000375,EC_EV_FINAL_SCOPE,membership_in_verified_WoS_query_#5,verified
EC_EV_000376,EC_EV_FINAL_SCOPE,membership_in_verified_WoS_query_#5,verified
EC_EV_000377,EC_EV_FINAL_SCOPE,membership_in_verified_WoS_query_#5,verified
EC_EV_000378,EC_EV_FINAL_SCOPE,membership_in_verified_WoS_query_#5,verified
EC_EV_000379,EC_EV_FINAL_SCOPE,membership_in_verified_WoS_query_#5,verified
EC_EV_000380,EC_EV_FINAL_SCOPE,membership_in_verified_WoS_query_#5,verified
EC_EV_000381,EC_EV_FINAL_SCOPE,membership_in_verified_WoS_query_#5,verified
EC_EV_000382,EC_EV_FINAL_SCOPE,membership_in_verified_WoS_query_#5,verified
EC_EV_000383,EC_EV_FINAL_SCOPE,membership_in_verified_WoS_query_#5,verified
EC_EV_000384,EC_EV_FINAL_SCOPE,membership_in_verified_WoS_query_#5,verified
EC_EV_000385,EC_EV_FINAL_SCOPE,membership_in_verified_WoS_query_#5,verified
EC_EV_000386,EC_EV_FINAL_SCOPE,membership_in_verified_WoS_query_#5,verified
EC_EV_000387,EC_EV_FINAL_SCOPE,membership_in_verified_WoS_query_#5,verified
EC_EV_000388,EC_EV_FINAL_SCOPE,membership_in_verified_WoS_query_#5,verified
EC_EV_000389,EC_EV_FINAL_SCOPE,membership_in_verified_WoS_query_#5,verified
EC_EV_000390,EC_EV_FINAL_SCOPE,membership_in_verified_WoS_query_#5,verified
EC_EV_000391,EC_EV_FINAL_SCOPE,membership_in_verified_WoS_query_#5,verified
EC_EV_000392,EC_EV_FINAL_SCOPE,membership_in_verified_WoS_query_#5,verified
EC_EV_000393,EC_EV_FINAL_SCOPE,membership_in_verified_WoS_query_#5,verified
EC_EV_000394,EC_EV_FINAL_SCOPE,membership_in_verified_WoS_query_#5,verified
EC_EV_000395,EC_EV_FINAL_SCOPE,membership_in_verified_WoS_query_#5,verified
EC_EV_000396,EC_EV_FINAL_SCOPE,membership_in_verified_WoS_query_#5,verified
EC_EV_000397,EC_EV_FINAL_SCOPE,membership_in_verified_WoS_query_#5,verified
EC_EV_000398,EC_EV_FINAL_SCOPE,membership_in_verified_WoS_query_#5,verified
EC_EV_000399,EC_EV_FINAL_SCOPE,membership_in_verified_WoS_query_#5,verified
EC_EV_000400,EC_EV_FINAL_SCOPE,membership_in_verified_WoS_query_#5,verified
EC_EV_000401,EC_EV_FINAL_SCOPE,membership_in_verified_WoS_query_#5,verified
EC_EV_000402,EC_EV_FINAL_SCOPE,membership_in_verified_WoS_query_#5,verified
EC_EV_000403,EC_EV_FINAL_SCOPE,membership_in_verified_WoS_query_#5,verified
EC_EV_000404,EC_EV_FINAL_SCOPE,membership_in_verified_WoS_query_#5,verified
EC_EV_000405,EC_EV_FINAL_SCOPE,membership_in_verified_WoS_query_#5,verified
EC_EV_000406,EC_EV_FINAL_SCOPE,membership_in_verified_WoS_query_#5,verified
EC_EV_000407,EC_EV_FINAL_SCOPE,membership_in_verified_WoS_query_#5,verified
EC_EV_000408,EC_EV_FINAL_SCOPE,membership_in_verified_WoS_query_#5,verified
EC_EV_000409,EC_EV_FINAL_SCOPE,membership_in_verified_WoS_query_#5,verified
EC_EV_000410,EC_EV_FINAL_SCOPE,membership_in_verified_WoS_query_#5,verified
EC_EV_000411,EC_EV_FINAL_SCOPE,membership_in_verified_WoS_query_#5,verified
EC_EV_000412,EC_EV_FINAL_SCOPE,membership_in_verified_WoS_query_#5,verified
EC_EV_000413,EC_EV_FINAL_SCOPE,membership_in_verified_WoS_query_#5,verified
EC_EV_000414,EC_EV_FINAL_SCOPE,membership_in_verified_WoS_query_#5,verified
EC_EV_000415,EC_EV_FINAL_SCOPE,membership_in_verified_WoS_query_#5,verified
EC_EV_000416,EC_EV_FINAL_SCOPE,membership_in_verified_WoS_query_#5,verified
EC_EV_000417,EC_EV_FINAL_SCOPE,membership_in_verified_WoS_query_#5,verified
EC_EV_000418,EC_EV_FINAL_SCOPE,membership_in_verified_WoS_query_#5,verified
EC_EV_000419,EC_EV_FINAL_SCOPE,membership_in_verified_WoS_query_#5,verified
EC_EV_000420,EC_EV_FINAL_SCOPE,membership_in_verified_WoS_query_#5,verified
EC_EV_000421,EC_EV_FINAL_SCOPE,membership_in_verified_WoS_query_#5,verified
EC_EV_000422,EC_EV_FINAL_SCOPE,membership_in_verified_WoS_query_#5,verified
EC_EV_000423,EC_EV_FINAL_SCOPE,membership_in_verified_WoS_query_#5,verified
EC_EV_000424,EC_EV_FINAL_SCOPE,membership_in_verified_WoS_query_#5,verified
EC_EV_000425,EC_EV_FINAL_SCOPE,membership_in_verified_WoS_query_#5,verified
EC_EV_000426,EC_EV_FINAL_SCOPE,membership_in_verified_WoS_query_#5,verified
EC_EV_000427,EC_EV_FINAL_SCOPE,membership_in_verified_WoS_query_#5,verified
EC_EV_000428,EC_EV_FINAL_SCOPE,membership_in_verified_WoS_query_#5,verified
EC_EV_000429,EC_EV_FINAL_SCOPE,membership_in_verified_WoS_query_#5,verified
EC_EV_000430,EC_EV_FINAL_SCOPE,membership_in_verified_WoS_query_#5,verified
EC_EV_000431,EC_EV_FINAL_SCOPE,membership_in_verified_WoS_query_#5,verified
EC_EV_000432,EC_EV_FINAL_SCOPE,membership_in_verified_WoS_query_#5,verified
EC_EV_000433,EC_EV_FINAL_SCOPE,membership_in_verified_WoS_query_#5,verified
EC_EV_000434,EC_EV_FINAL_SCOPE,membership_in_verified_WoS_query_#5,verified
EC_EV_000435,EC_EV_FINAL_SCOPE,membership_in_verified_WoS_query_#5,verified
EC_EV_000436,EC_EV_FINAL_SCOPE,membership_in_verified_WoS_query_#5,verified
EC_EV_000437,EC_EV_FINAL_SCOPE,membership_in_verified_WoS_query_#5,verified
EC_EV_000438,EC_EV_FINAL_SCOPE,membership_in_verified_WoS_query_#5,verified
EC_EV_000439,EC_EV_FINAL_SCOPE,membership_in_verified_WoS_query_#5,verified
EC_EV_000440,EC_EV_FINAL_SCOPE,membership_in_verified_WoS_query_#5,verified
EC_EV_000441,EC_EV_FINAL_SCOPE,membership_in_verified_WoS_query_#5,verified
EC_EV_000442,EC_EV_FINAL_SCOPE,membership_in_verified_WoS_query_#5,verified
EC_EV_000443,EC_EV_FINAL_SCOPE,membership_in_verified_WoS_query_#5,verified
EC_EV_000444,EC_EV_FINAL_SCOPE,membership_in_verified_WoS_query_#5,verified
EC_EV_000445,EC_EV_FINAL_SCOPE,membership_in_verified_WoS_query_#5,verified
EC_EV_000446,EC_EV_FINAL_SCOPE,membership_in_verified_WoS_query_#5,verified
EC_EV_000447,EC_EV_FINAL_SCOPE,membership_in_verified_WoS_query_#5,verified
EC_EV_000448,EC_EV_FINAL_SCOPE,membership_in_verified_WoS_query_#5,verified
EC_EV_000449,EC_EV_FINAL_SCOPE,membership_in_verified_WoS_query_#5,verified
EC_EV_000450,EC_EV_FINAL_SCOPE,membership_in_verified_WoS_query_#5,verified
EC_EV_000451,EC_EV_FINAL_SCOPE,membership_in_verified_WoS_query_#5,verified
EC_EV_000452,EC_EV_FINAL_SCOPE,membership_in_verified_WoS_query_#5,verified
EC_EV_000453,EC_EV_FINAL_SCOPE,membership_in_verified_WoS_query_#5,verified
EC_EV_000454,EC_EV_FINAL_SCOPE,membership_in_verified_WoS_query_#5,verified
EC_EV_000455,EC_EV_FINAL_SCOPE,membership_in_verified_WoS_query_#5,verified
EC_EV_000456,EC_EV_FINAL_SCOPE,membership_in_verified_WoS_query_#5,verified
EC_EV_000457,EC_EV_FINAL_SCOPE,membership_in_verified_WoS_query_#5,verified
EC_EV_000458,EC_EV_FINAL_SCOPE,membership_in_verified_WoS_query_#5,verified
EC_EV_000459,EC_EV_FINAL_SCOPE,membership_in_verified_WoS_query_#5,verified
EC_EV_000460,EC_EV_FINAL_SCOPE,membership_in_verified_WoS_query_#5,verified
EC_EV_000461,EC_EV_FINAL_SCOPE,membership_in_verified_WoS_query_#5,verified
EC_EV_000462,EC_EV_FINAL_SCOPE,membership_in_verified_WoS_query_#5,verified
EC_EV_000463,EC_EV_FINAL_SCOPE,membership_in_verified_WoS_query_#5,verified
EC_EV_000464,EC_EV_FINAL_SCOPE,membership_in_verified_WoS_query_#5,verified
EC_EV_000465,EC_EV_FINAL_SCOPE,membership_in_verified_WoS_query_#5,verified
EC_EV_000466,EC_EV_FINAL_SCOPE,membership_in_verified_WoS_query_#5,verified
EC_EV_000467,EC_EV_FINAL_SCOPE,membership_in_verified_WoS_query_#5,verified
EC_EV_000468,EC_EV_FINAL_SCOPE,membership_in_verified_WoS_query_#5,verified
EC_EV_000469,EC_EV_FINAL_SCOPE,membership_in_verified_WoS_query_#5,verified
EC_EV_000470,EC_EV_FINAL_SCOPE,membership_in_verified_WoS_query_#5,verified
EC_EV_000471,EC_EV_FINAL_SCOPE,membership_in_verified_WoS_query_#5,verified
EC_EV_000472,EC_EV_FINAL_SCOPE,membership_in_verified_WoS_query_#5,verified
EC_EV_000473,EC_EV_FINAL_SCOPE,membership_in_verified_WoS_query_#5,verified
EC_EV_000474,EC_EV_FINAL_SCOPE,membership_in_verified_WoS_query_#5,verified
EC_EV_000475,EC_EV_FINAL_SCOPE,membership_in_verified_WoS_query_#5,verified
EC_EV_000476,EC_EV_FINAL_SCOPE,membership_in_verified_WoS_query_#5,verified
EC_EV_000477,EC_EV_FINAL_SCOPE,membership_in_verified_WoS_query_#5,verified
EC_EV_000478,EC_EV_FINAL_SCOPE,membership_in_verified_WoS_query_#5,verified
EC_EV_000479,EC_EV_FINAL_SCOPE,membership_in_verified_WoS_query_#5,verified
EC_EV_000480,EC_EV_FINAL_SCOPE,membership_in_verified_WoS_query_#5,verified
EC_EV_000481,EC_EV_FINAL_SCOPE,membership_in_verified_WoS_query_#5,verified
EC_EV_000482,EC_EV_FINAL_SCOPE,membership_in_verified_WoS_query_#5,verified
EC_EV_000483,EC_EV_FINAL_SCOPE,membership_in_verified_WoS_query_#5,verified
EC_EV_000484,EC_EV_FINAL_SCOPE,membership_in_verified_WoS_query_#5,verified
EC_EV_000485,EC_EV_FINAL_SCOPE,membership_in_verified_WoS_query_#5,verified
EC_EV_000486,EC_EV_FINAL_SCOPE,membership_in_verified_WoS_query_#5,verified
EC_EV_000487,EC_EV_FINAL_SCOPE,membership_in_verified_WoS_query_#5,verified
EC_EV_000488,EC_EV_FINAL_SCOPE,membership_in_verified_WoS_query_#5,verified
EC_EV_000489,EC_EV_FINAL_SCOPE,membership_in_verified_WoS_query_#5,verified
EC_EV_000490,EC_EV_FINAL_SCOPE,membership_in_verified_WoS_query_#5,verified
EC_EV_000491,EC_EV_FINAL_SCOPE,membership_in_verified_WoS_query_#5,verified
EC_EV_000492,EC_EV_FINAL_SCOPE,membership_in_verified_WoS_query_#5,verified
EC_EV_000493,EC_EV_FINAL_SCOPE,membership_in_verified_WoS_query_#5,verified
EC_EV_000494,EC_EV_FINAL_SCOPE,membership_in_verified_WoS_query_#5,verified
EC_EV_000495,EC_EV_FINAL_SCOPE,membership_in_verified_WoS_query_#5,verified
EC_EV_000496,EC_EV_FINAL_SCOPE,membership_in_verified_WoS_query_#5,verified
EC_EV_000497,EC_EV_FINAL_SCOPE,membership_in_verified_WoS_query_#5,verified
EC_EV_000498,EC_EV_FINAL_SCOPE,membership_in_verified_WoS_query_#5,verified
EC_EV_000499,EC_EV_FINAL_SCOPE,membership_in_verified_WoS_query_#5,verified
EC_EV_000500,EC_EV_FINAL_SCOPE,membership_in_verified_WoS_query_#5,verified
EC_EV_000501,EC_EV_FINAL_SCOPE,membership_in_verified_WoS_query_#5,verified
EC_EV_000502,EC_EV_FINAL_SCOPE,membership_in_verified_WoS_query_#5,verified
EC_EV_000503,EC_EV_FINAL_SCOPE,membership_in_verified_WoS_query_#5,verified
EC_EV_000504,EC_EV_FINAL_SCOPE,membership_in_verified_WoS_query_#5,verified
EC_EV_000505,EC_EV_FINAL_SCOPE,membership_in_verified_WoS_query_#5,verified
EC_EV_000506,EC_EV_FINAL_SCOPE,membership_in_verified_WoS_query_#5,verified
EC_EV_000507,EC_EV_FINAL_SCOPE,membership_in_verified_WoS_query_#5,verified
EC_EV_000508,EC_EV_FINAL_SCOPE,membership_in_verified_WoS_query_#5,verified
EC_EV_000509,EC_EV_FINAL_SCOPE,membership_in_verified_WoS_query_#5,verified
EC_EV_000510,EC_EV_FINAL_SCOPE,membership_in_verified_WoS_query_#5,verified
EC_EV_000511,EC_EV_FINAL_SCOPE,membership_in_verified_WoS_query_#5,verified
EC_EV_000512,EC_EV_FINAL_SCOPE,membership_in_verified_WoS_query_#5,verified
EC_EV_000513,EC_EV_FINAL_SCOPE,membership_in_verified_WoS_query_#5,verified
EC_EV_000514,EC_EV_FINAL_SCOPE,membership_in_verified_WoS_query_#5,verified
EC_EV_000515,EC_EV_FINAL_SCOPE,membership_in_verified_WoS_query_#5,verified
EC_EV_000516,EC_EV_FINAL_SCOPE,membership_in_verified_WoS_query_#5,verified
EC_EV_000517,EC_EV_FINAL_SCOPE,membership_in_verified_WoS_query_#5,verified
EC_EV_000518,EC_EV_FINAL_SCOPE,membership_in_verified_WoS_query_#5,verified
EC_EV_000519,EC_EV_FINAL_SCOPE,membership_in_verified_WoS_query_#5,verified
EC_EV_000520,EC_EV_FINAL_SCOPE,membership_in_verified_WoS_query_#5,verified
EC_EV_000521,EC_EV_FINAL_SCOPE,membership_in_verified_WoS_query_#5,verified
EC_EV_000522,EC_EV_FINAL_SCOPE,membership_in_verified_WoS_query_#5,verified
EC_EV_000523,EC_EV_FINAL_SCOPE,membership_in_verified_WoS_query_#5,verified
EC_EV_000524,EC_EV_FINAL_SCOPE,membership_in_verified_WoS_query_#5,verified
EC_EV_000525,EC_EV_FINAL_SCOPE,membership_in_verified_WoS_query_#5,verified
EC_EV_000526,EC_EV_FINAL_SCOPE,membership_in_verified_WoS_query_#5,verified
EC_EV_000527,EC_EV_FINAL_SCOPE,membership_in_verified_WoS_query_#5,verified
EC_EV_000528,EC_EV_FINAL_SCOPE,membership_in_verified_WoS_query_#5,verified
EC_EV_000529,EC_EV_FINAL_SCOPE,membership_in_verified_WoS_query_#5,verified
EC_EV_000530,EC_EV_FINAL_SCOPE,membership_in_verified_WoS_query_#5,verified
EC_EV_000531,EC_EV_FINAL_SCOPE,membership_in_verified_WoS_query_#5,verified
EC_EV_000532,EC_EV_FINAL_SCOPE,membership_in_verified_WoS_query_#5,verified
EC_EV_000533,EC_EV_FINAL_SCOPE,membership_in_verified_WoS_query_#5,verified
EC_EV_000534,EC_EV_FINAL_SCOPE,membership_in_verified_WoS_query_#5,verified
EC_EV_000535,EC_EV_FINAL_SCOPE,membership_in_verified_WoS_query_#5,verified
EC_EV_000536,EC_EV_FINAL_SCOPE,membership_in_verified_WoS_query_#5,verified
EC_EV_000537,EC_EV_FINAL_SCOPE,membership_in_verified_WoS_query_#5,verified
EC_EV_000538,EC_EV_FINAL_SCOPE,membership_in_verified_WoS_query_#5,verified
EC_EV_000539,EC_EV_FINAL_SCOPE,membership_in_verified_WoS_query_#5,verified
EC_EV_000540,EC_EV_FINAL_SCOPE,membership_in_verified_WoS_query_#5,verified
EC_EV_000541,EC_EV_FINAL_SCOPE,membership_in_verified_WoS_query_#5,verified
EC_EV_000542,EC_EV_FINAL_SCOPE,membership_in_verified_WoS_query_#5,verified
EC_EV_000543,EC_EV_FINAL_SCOPE,membership_in_verified_WoS_query_#5,verified
EC_EV_000544,EC_EV_FINAL_SCOPE,membership_in_verified_WoS_query_#5,verified
EC_EV_000545,EC_EV_FINAL_SCOPE,membership_in_verified_WoS_query_#5,verified
EC_EV_000546,EC_EV_FINAL_SCOPE,membership_in_verified_WoS_query_#5,verified
EC_EV_000547,EC_EV_FINAL_SCOPE,membership_in_verified_WoS_query_#5,verified
EC_EV_000548,EC_EV_FINAL_SCOPE,membership_in_verified_WoS_query_#5,verified
EC_EV_000549,EC_EV_FINAL_SCOPE,membership_in_verified_WoS_query_#5,verified
EC_EV_000550,EC_EV_FINAL_SCOPE,membership_in_verified_WoS_query_#5,verified
EC_EV_000551,EC_EV_FINAL_SCOPE,membership_in_verified_WoS_query_#5,verified
EC_EV_000552,EC_EV_FINAL_SCOPE,membership_in_verified_WoS_query_#5,verified
EC_EV_000553,EC_EV_FINAL_SCOPE,membership_in_verified_WoS_query_#5,verified
EC_EV_000554,EC_EV_FINAL_SCOPE,membership_in_verified_WoS_query_#5,verified
EC_EV_000555,EC_EV_FINAL_SCOPE,membership_in_verified_WoS_query_#5,verified
EC_EV_000556,EC_EV_FINAL_SCOPE,membership_in_verified_WoS_query_#5,verified
EC_EV_000557,EC_EV_FINAL_SCOPE,membership_in_verified_WoS_query_#5,verified
EC_EV_000558,EC_EV_FINAL_SCOPE,membership_in_verified_WoS_query_#5,verified
EC_EV_000559,EC_EV_FINAL_SCOPE,membership_in_verified_WoS_query_#5,verified
EC_EV_000560,EC_EV_FINAL_SCOPE,membership_in_verified_WoS_query_#5,verified
EC_EV_000561,EC_EV_FINAL_SCOPE,membership_in_verified_WoS_query_#5,verified
EC_EV_000562,EC_EV_FINAL_SCOPE,membership_in_verified_WoS_query_#5,verified
EC_EV_000563,EC_EV_FINAL_SCOPE,membership_in_verified_WoS_query_#5,verified
EC_EV_000564,EC_EV_FINAL_SCOPE,membership_in_verified_WoS_query_#5,verified
EC_EV_000565,EC_EV_FINAL_SCOPE,membership_in_verified_WoS_query_#5,verified
EC_EV_000566,EC_EV_FINAL_SCOPE,membership_in_verified_WoS_query_#5,verified
EC_EV_000567,EC_EV_FINAL_SCOPE,membership_in_verified_WoS_query_#5,verified
EC_EV_000568,EC_EV_FINAL_SCOPE,membership_in_verified_WoS_query_#5,verified
EC_EV_000569,EC_EV_FINAL_SCOPE,membership_in_verified_WoS_query_#5,verified
EC_EV_000570,EC_EV_FINAL_SCOPE,membership_in_verified_WoS_query_#5,verified
EC_EV_000571,EC_EV_FINAL_SCOPE,membership_in_verified_WoS_query_#5,verified
EC_EV_000572,EC_EV_FINAL_SCOPE,membership_in_verified_WoS_query_#5,verified
EC_EV_000573,EC_EV_FINAL_SCOPE,membership_in_verified_WoS_query_#5,verified
EC_EV_000574,EC_EV_FINAL_SCOPE,membership_in_verified_WoS_query_#5,verified
EC_EV_000575,EC_EV_FINAL_SCOPE,membership_in_verified_WoS_query_#5,verified
EC_EV_000576,EC_EV_FINAL_SCOPE,membership_in_verified_WoS_query_#5,verified
EC_EV_000577,EC_EV_FINAL_SCOPE,membership_in_verified_WoS_query_#5,verified
EC_EV_000578,EC_EV_FINAL_SCOPE,membership_in_verified_WoS_query_#5,verified
EC_EV_000579,EC_EV_FINAL_SCOPE,membership_in_verified_WoS_query_#5,verified
EC_EV_000580,EC_EV_FINAL_SCOPE,membership_in_verified_WoS_query_#5,verified
EC_EV_000581,EC_EV_FINAL_SCOPE,membership_in_verified_WoS_query_#5,verified
EC_EV_000582,EC_EV_FINAL_SCOPE,membership_in_verified_WoS_query_#5,verified
EC_EV_000583,EC_EV_FINAL_SCOPE,membership_in_verified_WoS_query_#5,verified
EC_EV_000584,EC_EV_FINAL_SCOPE,membership_in_verified_WoS_query_#5,verified
EC_EV_000585,EC_EV_FINAL_SCOPE,membership_in_verified_WoS_query_#5,verified
EC_EV_000586,EC_EV_FINAL_SCOPE,membership_in_verified_WoS_query_#5,verified
EC_EV_000587,EC_EV_FINAL_SCOPE,membership_in_verified_WoS_query_#5,verified
EC_EV_000588,EC_EV_FINAL_SCOPE,membership_in_verified_WoS_query_#5,verified
EC_EV_000589,EC_EV_FINAL_SCOPE,membership_in_verified_WoS_query_#5,verified
EC_EV_000590,EC_EV_FINAL_SCOPE,membership_in_verified_WoS_query_#5,verified
EC_EV_000591,EC_EV_FINAL_SCOPE,membership_in_verified_WoS_query_#5,verified
EC_EV_000592,EC_EV_FINAL_SCOPE,membership_in_verified_WoS_query_#5,verified
EC_EV_000593,EC_EV_FINAL_SCOPE,membership_in_verified_WoS_query_#5,verified
EC_EV_000594,EC_EV_FINAL_SCOPE,membership_in_verified_WoS_query_#5,verified
EC_EV_000595,EC_EV_FINAL_SCOPE,membership_in_verified_WoS_query_#5,verified
EC_EV_000596,EC_EV_FINAL_SCOPE,membership_in_verified_WoS_query_#5,verified
EC_EV_000597,EC_EV_FINAL_SCOPE,membership_in_verified_WoS_query_#5,verified
EC_EV_000598,EC_EV_FINAL_SCOPE,membership_in_verified_WoS_query_#5,verified
EC_EV_000599,EC_EV_FINAL_SCOPE,membership_in_verified_WoS_query_#5,verified
EC_EV_000600,EC_EV_FINAL_SCOPE,membership_in_verified_WoS_query_#5,verified
EC_EV_000601,EC_EV_FINAL_SCOPE,membership_in_verified_WoS_query_#5,verified
EC_EV_000602,EC_EV_FINAL_SCOPE,membership_in_verified_WoS_query_#5,verified
EC_EV_000603,EC_EV_FINAL_SCOPE,membership_in_verified_WoS_query_#5,verified
EC_EV_000604,EC_EV_FINAL_SCOPE,membership_in_verified_WoS_query_#5,verified
EC_EV_000605,EC_EV_FINAL_SCOPE,membership_in_verified_WoS_query_#5,verified
EC_EV_000606,EC_EV_FINAL_SCOPE,membership_in_verified_WoS_query_#5,verified
EC_EV_000607,EC_EV_FINAL_SCOPE,membership_in_verified_WoS_query_#5,verified
EC_EV_000608,EC_EV_FINAL_SCOPE,membership_in_verified_WoS_query_#5,verified
EC_EV_000609,EC_EV_FINAL_SCOPE,membership_in_verified_WoS_query_#5,verified
EC_EV_000610,EC_EV_FINAL_SCOPE,membership_in_verified_WoS_query_#5,verified
EC_EV_000611,EC_EV_FINAL_SCOPE,membership_in_verified_WoS_query_#5,verified
EC_EV_000612,EC_EV_FINAL_SCOPE,membership_in_verified_WoS_query_#5,verified
EC_EV_000613,EC_EV_FINAL_SCOPE,membership_in_verified_WoS_query_#5,verified
EC_EV_000614,EC_EV_FINAL_SCOPE,membership_in_verified_WoS_query_#5,verified
EC_EV_000615,EC_EV_FINAL_SCOPE,membership_in_verified_WoS_query_#5,verified
EC_EV_000616,EC_EV_FINAL_SCOPE,membership_in_verified_WoS_query_#5,verified
EC_EV_000617,EC_EV_FINAL_SCOPE,membership_in_verified_WoS_query_#5,verified
EC_EV_000618,EC_EV_FINAL_SCOPE,membership_in_verified_WoS_query_#5,verified
EC_EV_000619,EC_EV_FINAL_SCOPE,membership_in_verified_WoS_query_#5,verified
EC_EV_000620,EC_EV_FINAL_SCOPE,membership_in_verified_WoS_query_#5,verified
EC_EV_000621,EC_EV_FINAL_SCOPE,membership_in_verified_WoS_query_#5,verified
EC_EV_000622,EC_EV_FINAL_SCOPE,membership_in_verified_WoS_query_#5,verified
EC_EV_000623,EC_EV_FINAL_SCOPE,membership_in_verified_WoS_query_#5,verified
EC_EV_000624,EC_EV_FINAL_SCOPE,membership_in_verified_WoS_query_#5,verified
EC_EV_000625,EC_EV_FINAL_SCOPE,membership_in_verified_WoS_query_#5,verified
EC_EV_000626,EC_EV_FINAL_SCOPE,membership_in_verified_WoS_query_#5,verified
EC_EV_000627,EC_EV_FINAL_SCOPE,membership_in_verified_WoS_query_#5,verified
EC_EV_000628,EC_EV_FINAL_SCOPE,membership_in_verified_WoS_query_#5,verified
EC_EV_000629,EC_EV_FINAL_SCOPE,membership_in_verified_WoS_query_#5,verified
EC_EV_000630,EC_EV_FINAL_SCOPE,membership_in_verified_WoS_query_#5,verified
EC_EV_000631,EC_EV_FINAL_SCOPE,membership_in_verified_WoS_query_#5,verified
EC_EV_000632,EC_EV_FINAL_SCOPE,membership_in_verified_WoS_query_#5,verified
EC_EV_000633,EC_EV_FINAL_SCOPE,membership_in_verified_WoS_query_#5,verified
EC_EV_000634,EC_EV_FINAL_SCOPE,membership_in_verified_WoS_query_#5,verified
EC_EV_000635,EC_EV_FINAL_SCOPE,membership_in_verified_WoS_query_#5,verified
EC_EV_000636,EC_EV_FINAL_SCOPE,membership_in_verified_WoS_query_#5,verified
EC_EV_000637,EC_EV_FINAL_SCOPE,membership_in_verified_WoS_query_#5,verified
EC_EV_000638,EC_EV_FINAL_SCOPE,membership_in_verified_WoS_query_#5,verified
EC_EV_000639,EC_EV_FINAL_SCOPE,membership_in_verified_WoS_query_#5,verified
EC_EV_000640,EC_EV_FINAL_SCOPE,membership_in_verified_WoS_query_#5,verified
EC_EV_000641,EC_EV_FINAL_SCOPE,membership_in_verified_WoS_query_#5,verified
EC_EV_000642,EC_EV_FINAL_SCOPE,membership_in_verified_WoS_query_#5,verified
EC_EV_000643,EC_EV_FINAL_SCOPE,membership_in_verified_WoS_query_#5,verified
EC_EV_000644,EC_EV_FINAL_SCOPE,membership_in_verified_WoS_query_#5,verified
EC_EV_000645,EC_EV_FINAL_SCOPE,membership_in_verified_WoS_query_#5,verified
EC_EV_000646,EC_EV_FINAL_SCOPE,membership_in_verified_WoS_query_#5,verified
EC_EV_000647,EC_EV_FINAL_SCOPE,membership_in_verified_WoS_query_#5,verified
EC_EV_000648,EC_EV_FINAL_SCOPE,membership_in_verified_WoS_query_#5,verified
EC_EV_000649,EC_EV_FINAL_SCOPE,membership_in_verified_WoS_query_#5,verified
EC_EV_000650,EC_EV_FINAL_SCOPE,membership_in_verified_WoS_query_#5,verified
EC_EV_000651,EC_EV_FINAL_SCOPE,membership_in_verified_WoS_query_#5,verified
EC_EV_000652,EC_EV_FINAL_SCOPE,membership_in_verified_WoS_query_#5,verified
EC_EV_000653,EC_EV_FINAL_SCOPE,membership_in_verified_WoS_query_#5,verified
EC_EV_000654,EC_EV_FINAL_SCOPE,membership_in_verified_WoS_query_#5,verified
EC_EV_000655,EC_EV_FINAL_SCOPE,membership_in_verified_WoS_query_#5,verified
EC_EV_000656,EC_EV_FINAL_SCOPE,membership_in_verified_WoS_query_#5,verified
EC_EV_000657,EC_EV_FINAL_SCOPE,membership_in_verified_WoS_query_#5,verified
EC_EV_000658,EC_EV_FINAL_SCOPE,membership_in_verified_WoS_query_#5,verified
EC_EV_000659,EC_EV_FINAL_SCOPE,membership_in_verified_WoS_query_#5,verified
EC_EV_000660,EC_EV_FINAL_SCOPE,membership_in_verified_WoS_query_#5,verified
EC_EV_000661,EC_EV_FINAL_SCOPE,membership_in_verified_WoS_query_#5,verified
EC_EV_000662,EC_EV_FINAL_SCOPE,membership_in_verified_WoS_query_#5,verified
EC_EV_000663,EC_EV_FINAL_SCOPE,membership_in_verified_WoS_query_#5,verified
EC_EV_000664,EC_EV_FINAL_SCOPE,membership_in_verified_WoS_query_#5,verified
EC_EV_000665,EC_EV_FINAL_SCOPE,membership_in_verified_WoS_query_#5,verified
EC_EV_000666,EC_EV_FINAL_SCOPE,membership_in_verified_WoS_query_#5,verified
EC_EV_000667,EC_EV_FINAL_SCOPE,membership_in_verified_WoS_query_#5,verified
EC_EV_000668,EC_EV_FINAL_SCOPE,membership_in_verified_WoS_query_#5,verified
EC_EV_000669,EC_EV_FINAL_SCOPE,membership_in_verified_WoS_query_#5,verified
EC_EV_000670,EC_EV_FINAL_SCOPE,membership_in_verified_WoS_query_#5,verified
EC_EV_000671,EC_EV_FINAL_SCOPE,membership_in_verified_WoS_query_#5,verified
EC_EV_000672,EC_EV_FINAL_SCOPE,membership_in_verified_WoS_query_#5,verified
EC_EV_000673,EC_EV_FINAL_SCOPE,membership_in_verified_WoS_query_#5,verified
EC_EV_000674,EC_EV_FINAL_SCOPE,membership_in_verified_WoS_query_#5,verified
EC_EV_000675,EC_EV_FINAL_SCOPE,membership_in_verified_WoS_query_#5,verified
EC_EV_000676,EC_EV_FINAL_SCOPE,membership_in_verified_WoS_query_#5,verified
EC_EV_000677,EC_EV_FINAL_SCOPE,membership_in_verified_WoS_query_#5,verified
EC_EV_000678,EC_EV_FINAL_SCOPE,membership_in_verified_WoS_query_#5,verified
EC_EV_000679,EC_EV_FINAL_SCOPE,membership_in_verified_WoS_query_#5,verified
EC_EV_000680,EC_EV_FINAL_SCOPE,membership_in_verified_WoS_query_#5,verified
EC_EV_000681,EC_EV_FINAL_SCOPE,membership_in_verified_WoS_query_#5,verified
EC_EV_000682,EC_EV_FINAL_SCOPE,membership_in_verified_WoS_query_#5,verified
EC_EV_000683,EC_EV_FINAL_SCOPE,membership_in_verified_WoS_query_#5,verified
EC_EV_000684,EC_EV_FINAL_SCOPE,membership_in_verified_WoS_query_#5,verified
EC_EV_000685,EC_EV_FINAL_SCOPE,membership_in_verified_WoS_query_#5,verified
EC_EV_000686,EC_EV_FINAL_SCOPE,membership_in_verified_WoS_query_#5,verified
EC_EV_000687,EC_EV_FINAL_SCOPE,membership_in_verified_WoS_query_#5,verified
EC_EV_000688,EC_EV_FINAL_SCOPE,membership_in_verified_WoS_query_#5,verified
EC_EV_000689,EC_EV_FINAL_SCOPE,membership_in_verified_WoS_query_#5,verified
EC_EV_000690,EC_EV_FINAL_SCOPE,membership_in_verified_WoS_query_#5,verified
EC_EV_000691,EC_EV_FINAL_SCOPE,membership_in_verified_WoS_query_#5,verified
EC_EV_000692,EC_EV_FINAL_SCOPE,membership_in_verified_WoS_query_#5,verified
EC_EV_000693,EC_EV_FINAL_SCOPE,membership_in_verified_WoS_query_#5,verified
EC_EV_000694,EC_EV_FINAL_SCOPE,membership_in_verified_WoS_query_#5,verified
EC_EV_000695,EC_EV_FINAL_SCOPE,membership_in_verified_WoS_query_#5,verified
EC_EV_000696,EC_EV_FINAL_SCOPE,membership_in_verified_WoS_query_#5,verified
EC_EV_000697,EC_EV_FINAL_SCOPE,membership_in_verified_WoS_query_#5,verified
EC_EV_000698,EC_EV_FINAL_SCOPE,membership_in_verified_WoS_query_#5,verified
EC_EV_000699,EC_EV_FINAL_SCOPE,membership_in_verified_WoS_query_#5,verified
EC_EV_000700,EC_EV_FINAL_SCOPE,membership_in_verified_WoS_query_#5,verified
EC_EV_000701,EC_EV_FINAL_SCOPE,membership_in_verified_WoS_query_#5,verified
EC_EV_000702,EC_EV_FINAL_SCOPE,membership_in_verified_WoS_query_#5,verified
EC_EV_000703,EC_EV_FINAL_SCOPE,membership_in_verified_WoS_query_#5,verified
EC_EV_000704,EC_EV_FINAL_SCOPE,membership_in_verified_WoS_query_#5,verified
EC_EV_000705,EC_EV_FINAL_SCOPE,membership_in_verified_WoS_query_#5,verified
EC_EV_000706,EC_EV_FINAL_SCOPE,membership_in_verified_WoS_query_#5,verified
EC_EV_000707,EC_EV_FINAL_SCOPE,membership_in_verified_WoS_query_#5,verified
EC_EV_000708,EC_EV_FINAL_SCOPE,membership_in_verified_WoS_query_#5,verified
EC_EV_000709,EC_EV_FINAL_SCOPE,membership_in_verified_WoS_query_#5,verified
EC_EV_000710,EC_EV_FINAL_SCOPE,membership_in_verified_WoS_query_#5,verified
EC_EV_000711,EC_EV_FINAL_SCOPE,membership_in_verified_WoS_query_#5,verified
EC_EV_000712,EC_EV_FINAL_SCOPE,membership_in_verified_WoS_query_#5,verified
EC_EV_000713,EC_EV_FINAL_SCOPE,membership_in_verified_WoS_query_#5,verified
EC_EV_000714,EC_EV_FINAL_SCOPE,membership_in_verified_WoS_query_#5,verified
EC_EV_000715,EC_EV_FINAL_SCOPE,membership_in_verified_WoS_query_#5,verified
EC_EV_000716,EC_EV_FINAL_SCOPE,membership_in_verified_WoS_query_#5,verified
EC_EV_000717,EC_EV_FINAL_SCOPE,membership_in_verified_WoS_query_#5,verified
EC_EV_000718,EC_EV_FINAL_SCOPE,membership_in_verified_WoS_query_#5,verified
EC_EV_000719,EC_EV_FINAL_SCOPE,membership_in_verified_WoS_query_#5,verified
EC_EV_000720,EC_EV_FINAL_SCOPE,membership_in_verified_WoS_query_#5,verified
EC_EV_000721,EC_EV_FINAL_SCOPE,membership_in_verified_WoS_query_#5,verified
EC_EV_000722,EC_EV_FINAL_SCOPE,membership_in_verified_WoS_query_#5,verified
EC_EV_000723,EC_EV_FINAL_SCOPE,membership_in_verified_WoS_query_#5,verified
EC_EV_000724,EC_EV_FINAL_SCOPE,membership_in_verified_WoS_query_#5,verified
EC_EV_000725,EC_EV_FINAL_SCOPE,membership_in_verified_WoS_query_#5,verified
EC_EV_000726,EC_EV_FINAL_SCOPE,membership_in_verified_WoS_query_#5,verified
EC_EV_000727,EC_EV_FINAL_SCOPE,membership_in_verified_WoS_query_#5,verified
EC_EV_000728,EC_EV_FINAL_SCOPE,membership_in_verified_WoS_query_#5,verified
EC_EV_000729,EC_EV_FINAL_SCOPE,membership_in_verified_WoS_query_#5,verified
EC_EV_000730,EC_EV_FINAL_SCOPE,membership_in_verified_WoS_query_#5,verified
EC_EV_000731,EC_EV_FINAL_SCOPE,membership_in_verified_WoS_query_#5,verified
EC_EV_000732,EC_EV_FINAL_SCOPE,membership_in_verified_WoS_query_#5,verified
EC_EV_000733,EC_EV_FINAL_SCOPE,membership_in_verified_WoS_query_#5,verified
EC_EV_000734,EC_EV_FINAL_SCOPE,membership_in_verified_WoS_query_#5,verified
EC_EV_000735,EC_EV_FINAL_SCOPE,membership_in_verified_WoS_query_#5,verified
EC_EV_000736,EC_EV_FINAL_SCOPE,membership_in_verified_WoS_query_#5,verified
EC_EV_000737,EC_EV_FINAL_SCOPE,membership_in_verified_WoS_query_#5,verified
EC_EV_000738,EC_EV_FINAL_SCOPE,membership_in_verified_WoS_query_#5,verified
EC_EV_000739,EC_EV_FINAL_SCOPE,membership_in_verified_WoS_query_#5,verified
EC_EV_000740,EC_EV_FINAL_SCOPE,membership_in_verified_WoS_query_#5,verified
EC_EV_000741,EC_EV_FINAL_SCOPE,membership_in_verified_WoS_query_#5,verified
EC_EV_000742,EC_EV_FINAL_SCOPE,membership_in_verified_WoS_query_#5,verified
EC_EV_000743,EC_EV_FINAL_SCOPE,membership_in_verified_WoS_query_#5,verified
EC_EV_000744,EC_EV_FINAL_SCOPE,membership_in_verified_WoS_query_#5,verified
EC_EV_000745,EC_EV_FINAL_SCOPE,membership_in_verified_WoS_query_#5,verified
EC_EV_000746,EC_EV_FINAL_SCOPE,membership_in_verified_WoS_query_#5,verified
EC_EV_000747,EC_EV_FINAL_SCOPE,membership_in_verified_WoS_query_#5,verified
EC_EV_000748,EC_EV_FINAL_SCOPE,membership_in_verified_WoS_query_#5,verified
EC_EV_000749,EC_EV_FINAL_SCOPE,membership_in_verified_WoS_query_#5,verified
EC_EV_000750,EC_EV_FINAL_SCOPE,membership_in_verified_WoS_query_#5,verified
EC_EV_000751,EC_EV_FINAL_SCOPE,membership_in_verified_WoS_query_#5,verified
EC_EV_000752,EC_EV_FINAL_SCOPE,membership_in_verified_WoS_query_#5,verified
EC_EV_000753,EC_EV_FINAL_SCOPE,membership_in_verified_WoS_query_#5,verified
EC_EV_000754,EC_EV_FINAL_SCOPE,membership_in_verified_WoS_query_#5,verified
EC_EV_000755,EC_EV_FINAL_SCOPE,membership_in_verified_WoS_query_#5,verified
EC_EV_000756,EC_EV_FINAL_SCOPE,membership_in_verified_WoS_query_#5,verified
EC_EV_000757,EC_EV_FINAL_SCOPE,membership_in_verified_WoS_query_#5,verified
EC_EV_000758,EC_EV_FINAL_SCOPE,membership_in_verified_WoS_query_#5,verified
EC_EV_000759,EC_EV_FINAL_SCOPE,membership_in_verified_WoS_query_#5,verified
EC_EV_000760,EC_EV_FINAL_SCOPE,membership_in_verified_WoS_query_#5,verified
EC_EV_000761,EC_EV_FINAL_SCOPE,membership_in_verified_WoS_query_#5,verified
EC_EV_000762,EC_EV_FINAL_SCOPE,membership_in_verified_WoS_query_#5,verified
EC_EV_000763,EC_EV_FINAL_SCOPE,membership_in_verified_WoS_query_#5,verified
EC_EV_000764,EC_EV_FINAL_SCOPE,membership_in_verified_WoS_query_#5,verified
EC_EV_000765,EC_EV_FINAL_SCOPE,membership_in_verified_WoS_query_#5,verified
EC_EV_000766,EC_EV_FINAL_SCOPE,membership_in_verified_WoS_query_#5,verified
EC_EV_000767,EC_EV_FINAL_SCOPE,membership_in_verified_WoS_query_#5,verified
EC_EV_000768,EC_EV_FINAL_SCOPE,membership_in_verified_WoS_query_#5,verified
EC_EV_000769,EC_EV_FINAL_SCOPE,membership_in_verified_WoS_query_#5,verified
EC_EV_000770,EC_EV_FINAL_SCOPE,membership_in_verified_WoS_query_#5,verified
EC_EV_000771,EC_EV_FINAL_SCOPE,membership_in_verified_WoS_query_#5,verified
EC_EV_000772,EC_EV_FINAL_SCOPE,membership_in_verified_WoS_query_#5,verified
EC_EV_000773,EC_EV_FINAL_SCOPE,membership_in_verified_WoS_query_#5,verified
EC_EV_000774,EC_EV_FINAL_SCOPE,membership_in_verified_WoS_query_#5,verified
EC_EV_000775,EC_EV_FINAL_SCOPE,membership_in_verified_WoS_query_#5,verified
EC_EV_000776,EC_EV_FINAL_SCOPE,membership_in_verified_WoS_query_#5,verified
EC_EV_000777,EC_EV_FINAL_SCOPE,membership_in_verified_WoS_query_#5,verified
EC_EV_000778,EC_EV_FINAL_SCOPE,membership_in_verified_WoS_query_#5,verified
EC_EV_000779,EC_EV_FINAL_SCOPE,membership_in_verified_WoS_query_#5,verified
EC_EV_000780,EC_EV_FINAL_SCOPE,membership_in_verified_WoS_query_#5,verified
EC_EV_000781,EC_EV_FINAL_SCOPE,membership_in_verified_WoS_query_#5,verified
EC_EV_000782,EC_EV_FINAL_SCOPE,membership_in_verified_WoS_query_#5,verified
EC_EV_000783,EC_EV_FINAL_SCOPE,membership_in_verified_WoS_query_#5,verified
EC_EV_000784,EC_EV_FINAL_SCOPE,membership_in_verified_WoS_query_#5,verified
EC_EV_000785,EC_EV_FINAL_SCOPE,membership_in_verified_WoS_query_#5,verified
EC_EV_000786,EC_EV_FINAL_SCOPE,membership_in_verified_WoS_query_#5,verified
EC_EV_000787,EC_EV_FINAL_SCOPE,membership_in_verified_WoS_query_#5,verified
EC_EV_000788,EC_EV_FINAL_SCOPE,membership_in_verified_WoS_query_#5,verified
EC_EV_000789,EC_EV_FINAL_SCOPE,membership_in_verified_WoS_query_#5,verified
EC_EV_000790,EC_EV_FINAL_SCOPE,membership_in_verified_WoS_query_#5,verified
EC_EV_000791,EC_EV_FINAL_SCOPE,membership_in_verified_WoS_query_#5,verified
EC_EV_000792,EC_EV_FINAL_SCOPE,membership_in_verified_WoS_query_#5,verified
EC_EV_000793,EC_EV_FINAL_SCOPE,membership_in_verified_WoS_query_#5,verified
EC_EV_000794,EC_EV_FINAL_SCOPE,membership_in_verified_WoS_query_#5,verified
EC_EV_000795,EC_EV_FINAL_SCOPE,membership_in_verified_WoS_query_#5,verified
EC_EV_000796,EC_EV_FINAL_SCOPE,membership_in_verified_WoS_query_#5,verified
EC_EV_000797,EC_EV_FINAL_SCOPE,membership_in_verified_WoS_query_#5,verified
EC_EV_000798,EC_EV_FINAL_SCOPE,membership_in_verified_WoS_query_#5,verified
EC_EV_000799,EC_EV_FINAL_SCOPE,membership_in_verified_WoS_query_#5,verified
EC_EV_000800,EC_EV_FINAL_SCOPE,membership_in_verified_WoS_query_#5,verified
EC_EV_000801,EC_EV_FINAL_SCOPE,membership_in_verified_WoS_query_#5,verified
EC_EV_000802,EC_EV_FINAL_SCOPE,membership_in_verified_WoS_query_#5,verified
EC_EV_000803,EC_EV_FINAL_SCOPE,membership_in_verified_WoS_query_#5,verified
EC_EV_000804,EC_EV_FINAL_SCOPE,membership_in_verified_WoS_query_#5,verified
EC_EV_000805,EC_EV_FINAL_SCOPE,membership_in_verified_WoS_query_#5,verified
EC_EV_000806,EC_EV_FINAL_SCOPE,membership_in_verified_WoS_query_#5,verified
EC_EV_000807,EC_EV_FINAL_SCOPE,membership_in_verified_WoS_query_#5,verified
EC_EV_000808,EC_EV_FINAL_SCOPE,membership_in_verified_WoS_query_#5,verified
EC_EV_000809,EC_EV_FINAL_SCOPE,membership_in_verified_WoS_query_#5,verified
EC_EV_000810,EC_EV_FINAL_SCOPE,membership_in_verified_WoS_query_#5,verified
EC_EV_000811,EC_EV_FINAL_SCOPE,membership_in_verified_WoS_query_#5,verified
EC_EV_000812,EC_EV_FINAL_SCOPE,membership_in_verified_WoS_query_#5,verified
EC_EV_000813,EC_EV_FINAL_SCOPE,membership_in_verified_WoS_query_#5,verified
EC_EV_000814,EC_EV_FINAL_SCOPE,membership_in_verified_WoS_query_#5,verified
EC_EV_000815,EC_EV_FINAL_SCOPE,membership_in_verified_WoS_query_#5,verified
EC_EV_000816,EC_EV_FINAL_SCOPE,membership_in_verified_WoS_query_#5,verified
EC_EV_000817,EC_EV_FINAL_SCOPE,membership_in_verified_WoS_query_#5,verified
EC_EV_000818,EC_EV_FINAL_SCOPE,membership_in_verified_WoS_query_#5,verified
EC_EV_000819,EC_EV_FINAL_SCOPE,membership_in_verified_WoS_query_#5,verified
EC_EV_000820,EC_EV_FINAL_SCOPE,membership_in_verified_WoS_query_#5,verified
EC_EV_000821,EC_EV_FINAL_SCOPE,membership_in_verified_WoS_query_#5,verified
EC_EV_000822,EC_EV_FINAL_SCOPE,membership_in_verified_WoS_query_#5,verified
EC_EV_000823,EC_EV_FINAL_SCOPE,membership_in_verified_WoS_query_#5,verified
EC_EV_000824,EC_EV_FINAL_SCOPE,membership_in_verified_WoS_query_#5,verified
EC_EV_000825,EC_EV_FINAL_SCOPE,membership_in_verified_WoS_query_#5,verified
EC_EV_000826,EC_EV_FINAL_SCOPE,membership_in_verified_WoS_query_#5,verified
EC_EV_000827,EC_EV_FINAL_SCOPE,membership_in_verified_WoS_query_#5,verified
EC_EV_000828,EC_EV_FINAL_SCOPE,membership_in_verified_WoS_query_#5,verified
EC_EV_000829,EC_EV_FINAL_SCOPE,membership_in_verified_WoS_query_#5,verified
EC_EV_000830,EC_EV_FINAL_SCOPE,membership_in_verified_WoS_query_#5,verified
EC_EV_000831,EC_EV_FINAL_SCOPE,membership_in_verified_WoS_query_#5,verified
EC_EV_000832,EC_EV_FINAL_SCOPE,membership_in_verified_WoS_query_#5,verified
EC_EV_000833,EC_EV_FINAL_SCOPE,membership_in_verified_WoS_query_#5,verified
EC_EV_000834,EC_EV_FINAL_SCOPE,membership_in_verified_WoS_query_#5,verified
EC_EV_000835,EC_EV_FINAL_SCOPE,membership_in_verified_WoS_query_#5,verified
EC_EV_000836,EC_EV_FINAL_SCOPE,membership_in_verified_WoS_query_#5,verified
EC_EV_000837,EC_EV_FINAL_SCOPE,membership_in_verified_WoS_query_#5,verified
EC_EV_000838,EC_EV_FINAL_SCOPE,membership_in_verified_WoS_query_#5,verified
EC_EV_000839,EC_EV_FINAL_SCOPE,membership_in_verified_WoS_query_#5,verified
EC_EV_000840,EC_EV_FINAL_SCOPE,membership_in_verified_WoS_query_#5,verified
EC_EV_000841,EC_EV_FINAL_SCOPE,membership_in_verified_WoS_query_#5,verified
EC_EV_000842,EC_EV_FINAL_SCOPE,membership_in_verified_WoS_query_#5,verified
EC_EV_000843,EC_EV_FINAL_SCOPE,membership_in_verified_WoS_query_#5,verified
EC_EV_000844,EC_EV_FINAL_SCOPE,membership_in_verified_WoS_query_#5,verified
EC_EV_000845,EC_EV_FINAL_SCOPE,membership_in_verified_WoS_query_#5,verified
EC_EV_000846,EC_EV_FINAL_SCOPE,membership_in_verified_WoS_query_#5,verified
EC_EV_000847,EC_EV_FINAL_SCOPE,membership_in_verified_WoS_query_#5,verified
EC_EV_000848,EC_EV_FINAL_SCOPE,membership_in_verified_WoS_query_#5,verified
EC_EV_000849,EC_EV_FINAL_SCOPE,membership_in_verified_WoS_query_#5,verified
EC_EV_000850,EC_EV_FINAL_SCOPE,membership_in_verified_WoS_query_#5,verified
EC_EV_000851,EC_EV_FINAL_SCOPE,membership_in_verified_WoS_query_#5,verified
EC_EV_000852,EC_EV_FINAL_SCOPE,membership_in_verified_WoS_query_#5,verified
EC_EV_000853,EC_EV_FINAL_SCOPE,membership_in_verified_WoS_query_#5,verified
EC_EV_000854,EC_EV_FINAL_SCOPE,membership_in_verified_WoS_query_#5,verified
EC_EV_000855,EC_EV_FINAL_SCOPE,membership_in_verified_WoS_query_#5,verified
EC_EV_000856,EC_EV_FINAL_SCOPE,membership_in_verified_WoS_query_#5,verified
EC_EV_000857,EC_EV_FINAL_SCOPE,membership_in_verified_WoS_query_#5,verified
EC_EV_000858,EC_EV_FINAL_SCOPE,membership_in_verified_WoS_query_#5,verified
EC_EV_000859,EC_EV_FINAL_SCOPE,membership_in_verified_WoS_query_#5,verified
EC_EV_000860,EC_EV_FINAL_SCOPE,membership_in_verified_WoS_query_#5,verified
EC_EV_000861,EC_EV_FINAL_SCOPE,membership_in_verified_WoS_query_#5,verified
EC_EV_000862,EC_EV_FINAL_SCOPE,membership_in_verified_WoS_query_#5,verified
EC_EV_000863,EC_EV_FINAL_SCOPE,membership_in_verified_WoS_query_#5,verified
EC_EV_000864,EC_EV_FINAL_SCOPE,membership_in_verified_WoS_query_#5,verified
EC_EV_000865,EC_EV_FINAL_SCOPE,membership_in_verified_WoS_query_#5,verified
EC_EV_000866,EC_EV_FINAL_SCOPE,membership_in_verified_WoS_query_#5,verified
EC_EV_000867,EC_EV_FINAL_SCOPE,membership_in_verified_WoS_query_#5,verified
EC_EV_000868,EC_EV_FINAL_SCOPE,membership_in_verified_WoS_query_#5,verified
EC_EV_000869,EC_EV_FINAL_SCOPE,membership_in_verified_WoS_query_#5,verified
EC_EV_000870,EC_EV_FINAL_SCOPE,membership_in_verified_WoS_query_#5,verified
EC_EV_000871,EC_EV_FINAL_SCOPE,membership_in_verified_WoS_query_#5,verified
EC_EV_000872,EC_EV_FINAL_SCOPE,membership_in_verified_WoS_query_#5,verified
EC_EV_000873,EC_EV_FINAL_SCOPE,membership_in_verified_WoS_query_#5,verified
EC_EV_000874,EC_EV_FINAL_SCOPE,membership_in_verified_WoS_query_#5,verified
EC_EV_000875,EC_EV_FINAL_SCOPE,membership_in_verified_WoS_query_#5,verified
EC_EV_000876,EC_EV_FINAL_SCOPE,membership_in_verified_WoS_query_#5,verified
EC_EV_000877,EC_EV_FINAL_SCOPE,membership_in_verified_WoS_query_#5,verified
EC_EV_000878,EC_EV_FINAL_SCOPE,membership_in_verified_WoS_query_#5,verified
EC_EV_000879,EC_EV_FINAL_SCOPE,membership_in_verified_WoS_query_#5,verified
EC_EV_000880,EC_EV_FINAL_SCOPE,membership_in_verified_WoS_query_#5,verified
EC_EV_000881,EC_EV_FINAL_SCOPE,membership_in_verified_WoS_query_#5,verified
EC_EV_000882,EC_EV_FINAL_SCOPE,membership_in_verified_WoS_query_#5,verified
EC_EV_000883,EC_EV_FINAL_SCOPE,membership_in_verified_WoS_query_#5,verified
EC_EV_000884,EC_EV_FINAL_SCOPE,membership_in_verified_WoS_query_#5,verified
EC_EV_000885,EC_EV_FINAL_SCOPE,membership_in_verified_WoS_query_#5,verified
EC_EV_000886,EC_EV_FINAL_SCOPE,membership_in_verified_WoS_query_#5,verified
EC_EV_000887,EC_EV_FINAL_SCOPE,membership_in_verified_WoS_query_#5,verified
EC_EV_000888,EC_EV_FINAL_SCOPE,membership_in_verified_WoS_query_#5,verified
EC_EV_000889,EC_EV_FINAL_SCOPE,membership_in_verified_WoS_query_#5,verified
EC_EV_000890,EC_EV_FINAL_SCOPE,membership_in_verified_WoS_query_#5,verified
EC_EV_000891,EC_EV_FINAL_SCOPE,membership_in_verified_WoS_query_#5,verified
EC_EV_000892,EC_EV_FINAL_SCOPE,membership_in_verified_WoS_query_#5,verified
EC_EV_000893,EC_EV_FINAL_SCOPE,membership_in_verified_WoS_query_#5,verified
EC_EV_000894,EC_EV_FINAL_SCOPE,membership_in_verified_WoS_query_#5,verified
EC_EV_000895,EC_EV_FINAL_SCOPE,membership_in_verified_WoS_query_#5,verified
EC_EV_000896,EC_EV_FINAL_SCOPE,membership_in_verified_WoS_query_#5,verified
EC_EV_000897,EC_EV_FINAL_SCOPE,membership_in_verified_WoS_query_#5,verified
EC_EV_000898,EC_EV_FINAL_SCOPE,membership_in_verified_WoS_query_#5,verified
EC_EV_000899,EC_EV_FINAL_SCOPE,membership_in_verified_WoS_query_#5,verified
EC_EV_000900,EC_EV_FINAL_SCOPE,membership_in_verified_WoS_query_#5,verified
EC_EV_000901,EC_EV_FINAL_SCOPE,membership_in_verified_WoS_query_#5,verified
EC_EV_000902,EC_EV_FINAL_SCOPE,membership_in_verified_WoS_query_#5,verified
EC_EV_000903,EC_EV_FINAL_SCOPE,membership_in_verified_WoS_query_#5,verified
EC_EV_000904,EC_EV_FINAL_SCOPE,membership_in_verified_WoS_query_#5,verified
EC_EV_000905,EC_EV_FINAL_SCOPE,membership_in_verified_WoS_query_#5,verified
EC_EV_000906,EC_EV_FINAL_SCOPE,membership_in_verified_WoS_query_#5,verified
EC_EV_000907,EC_EV_FINAL_SCOPE,membership_in_verified_WoS_query_#5,verified
EC_EV_000908,EC_EV_FINAL_SCOPE,membership_in_verified_WoS_query_#5,verified
EC_EV_000909,EC_EV_FINAL_SCOPE,membership_in_verified_WoS_query_#5,verified
EC_EV_000910,EC_EV_FINAL_SCOPE,membership_in_verified_WoS_query_#5,verified
EC_EV_000911,EC_EV_FINAL_SCOPE,membership_in_verified_WoS_query_#5,verified
EC_EV_000912,EC_EV_FINAL_SCOPE,membership_in_verified_WoS_query_#5,verified
EC_EV_000913,EC_EV_FINAL_SCOPE,membership_in_verified_WoS_query_#5,verified
EC_EV_000914,EC_EV_FINAL_SCOPE,membership_in_verified_WoS_query_#5,verified
EC_EV_000915,EC_EV_FINAL_SCOPE,membership_in_verified_WoS_query_#5,verified
EC_EV_000916,EC_EV_FINAL_SCOPE,membership_in_verified_WoS_query_#5,verified
EC_EV_000917,EC_EV_FINAL_SCOPE,membership_in_verified_WoS_query_#5,verified
EC_EV_000918,EC_EV_FINAL_SCOPE,membership_in_verified_WoS_query_#5,verified
EC_EV_000919,EC_EV_FINAL_SCOPE,membership_in_verified_WoS_query_#5,verified
EC_EV_000920,EC_EV_FINAL_SCOPE,membership_in_verified_WoS_query_#5,verified
EC_EV_000921,EC_EV_FINAL_SCOPE,membership_in_verified_WoS_query_#5,verified
EC_EV_000922,EC_EV_FINAL_SCOPE,membership_in_verified_WoS_query_#5,verified
EC_EV_000923,EC_EV_FINAL_SCOPE,membership_in_verified_WoS_query_#5,verified
EC_EV_000924,EC_EV_FINAL_SCOPE,membership_in_verified_WoS_query_#5,verified
EC_EV_000925,EC_EV_FINAL_SCOPE,membership_in_verified_WoS_query_#5,verified
EC_EV_000926,EC_EV_FINAL_SCOPE,membership_in_verified_WoS_query_#5,verified
EC_EV_000927,EC_EV_FINAL_SCOPE,membership_in_verified_WoS_query_#5,verified
EC_EV_000928,EC_EV_FINAL_SCOPE,membership_in_verified_WoS_query_#5,verified
EC_EV_000929,EC_EV_FINAL_SCOPE,membership_in_verified_WoS_query_#5,verified
EC_EV_000930,EC_EV_FINAL_SCOPE,membership_in_verified_WoS_query_#5,verified
EC_EV_000931,EC_EV_FINAL_SCOPE,membership_in_verified_WoS_query_#5,verified
EC_EV_000932,EC_EV_FINAL_SCOPE,membership_in_verified_WoS_query_#5,verified
EC_EV_000933,EC_EV_FINAL_SCOPE,membership_in_verified_WoS_query_#5,verified
EC_EV_000934,EC_EV_FINAL_SCOPE,membership_in_verified_WoS_query_#5,verified
EC_EV_000935,EC_EV_FINAL_SCOPE,membership_in_verified_WoS_query_#5,verified
EC_EV_000936,EC_EV_FINAL_SCOPE,membership_in_verified_WoS_query_#5,verified
EC_EV_000937,EC_EV_FINAL_SCOPE,membership_in_verified_WoS_query_#5,verified
EC_EV_000938,EC_EV_FINAL_SCOPE,membership_in_verified_WoS_query_#5,verified
EC_EV_000939,EC_EV_FINAL_SCOPE,membership_in_verified_WoS_query_#5,verified
EC_EV_000940,EC_EV_FINAL_SCOPE,membership_in_verified_WoS_query_#5,verified
EC_EV_000941,EC_EV_FINAL_SCOPE,membership_in_verified_WoS_query_#5,verified
EC_EV_000942,EC_EV_FINAL_SCOPE,membership_in_verified_WoS_query_#5,verified
EC_EV_000943,EC_EV_FINAL_SCOPE,membership_in_verified_WoS_query_#5,verified
EC_EV_000944,EC_EV_FINAL_SCOPE,membership_in_verified_WoS_query_#5,verified
EC_EV_000945,EC_EV_FINAL_SCOPE,membership_in_verified_WoS_query_#5,verified
EC_EV_000946,EC_EV_FINAL_SCOPE,membership_in_verified_WoS_query_#5,verified
EC_EV_000947,EC_EV_FINAL_SCOPE,membership_in_verified_WoS_query_#5,verified
EC_EV_000948,EC_EV_FINAL_SCOPE,membership_in_verified_WoS_query_#5,verified
EC_EV_000949,EC_EV_FINAL_SCOPE,membership_in_verified_WoS_query_#5,verified
EC_EV_000950,EC_EV_FINAL_SCOPE,membership_in_verified_WoS_query_#5,verified
EC_EV_000951,EC_EV_FINAL_SCOPE,membership_in_verified_WoS_query_#5,verified
EC_EV_000952,EC_EV_FINAL_SCOPE,membership_in_verified_WoS_query_#5,verified
EC_EV_000953,EC_EV_FINAL_SCOPE,membership_in_verified_WoS_query_#5,verified
EC_EV_000954,EC_EV_FINAL_SCOPE,membership_in_verified_WoS_query_#5,verified
EC_EV_000955,EC_EV_FINAL_SCOPE,membership_in_verified_WoS_query_#5,verified
EC_EV_000956,EC_EV_FINAL_SCOPE,membership_in_verified_WoS_query_#5,verified
EC_EV_000957,EC_EV_FINAL_SCOPE,membership_in_verified_WoS_query_#5,verified
EC_EV_000958,EC_EV_FINAL_SCOPE,membership_in_verified_WoS_query_#5,verified
EC_EV_000959,EC_EV_FINAL_SCOPE,membership_in_verified_WoS_query_#5,verified
EC_EV_000960,EC_EV_FINAL_SCOPE,membership_in_verified_WoS_query_#5,verified
EC_EV_000961,EC_EV_FINAL_SCOPE,membership_in_verified_WoS_query_#5,verified
EC_EV_000962,EC_EV_FINAL_SCOPE,membership_in_verified_WoS_query_#5,verified
EC_EV_000963,EC_EV_FINAL_SCOPE,membership_in_verified_WoS_query_#5,verified
EC_EV_000964,EC_EV_FINAL_SCOPE,membership_in_verified_WoS_query_#5,verified
EC_EV_000965,EC_EV_FINAL_SCOPE,membership_in_verified_WoS_query_#5,verified
EC_EV_000966,EC_EV_FINAL_SCOPE,membership_in_verified_WoS_query_#5,verified
EC_EV_000967,EC_EV_FINAL_SCOPE,membership_in_verified_WoS_query_#5,verified
EC_EV_000968,EC_EV_FINAL_SCOPE,membership_in_verified_WoS_query_#5,verified
EC_EV_000969,EC_EV_FINAL_SCOPE,membership_in_verified_WoS_query_#5,verified
EC_EV_000970,EC_EV_FINAL_SCOPE,membership_in_verified_WoS_query_#5,verified
EC_EV_000971,EC_EV_FINAL_SCOPE,membership_in_verified_WoS_query_#5,verified
EC_EV_000972,EC_EV_FINAL_SCOPE,membership_in_verified_WoS_query_#5,verified
EC_EV_000973,EC_EV_FINAL_SCOPE,membership_in_verified_WoS_query_#5,verified
EC_EV_000974,EC_EV_FINAL_SCOPE,membership_in_verified_WoS_query_#5,verified
EC_EV_000975,EC_EV_FINAL_SCOPE,membership_in_verified_WoS_query_#5,verified
EC_EV_000976,EC_EV_FINAL_SCOPE,membership_in_verified_WoS_query_#5,verified
EC_EV_000977,EC_EV_FINAL_SCOPE,membership_in_verified_WoS_query_#5,verified
EC_EV_000978,EC_EV_FINAL_SCOPE,membership_in_verified_WoS_query_#5,verified
EC_EV_000979,EC_EV_FINAL_SCOPE,membership_in_verified_WoS_query_#5,verified
EC_EV_000980,EC_EV_FINAL_SCOPE,membership_in_verified_WoS_query_#5,verified
EC_EV_000981,EC_EV_FINAL_SCOPE,membership_in_verified_WoS_query_#5,verified
EC_EV_000982,EC_EV_FINAL_SCOPE,membership_in_verified_WoS_query_#5,verified
EC_EV_000983,EC_EV_FINAL_SCOPE,membership_in_verified_WoS_query_#5,verified
EC_EV_000984,EC_EV_FINAL_SCOPE,membership_in_verified_WoS_query_#5,verified
EC_EV_000985,EC_EV_FINAL_SCOPE,membership_in_verified_WoS_query_#5,verified
EC_EV_000986,EC_EV_FINAL_SCOPE,membership_in_verified_WoS_query_#5,verified
EC_EV_000987,EC_EV_FINAL_SCOPE,membership_in_verified_WoS_query_#5,verified
EC_EV_000988,EC_EV_FINAL_SCOPE,membership_in_verified_WoS_query_#5,verified
EC_EV_000989,EC_EV_FINAL_SCOPE,membership_in_verified_WoS_query_#5,verified
EC_EV_000990,EC_EV_FINAL_SCOPE,membership_in_verified_WoS_query_#5,verified
EC_EV_000991,EC_EV_FINAL_SCOPE,membership_in_verified_WoS_query_#5,verified
EC_EV_000992,EC_EV_FINAL_SCOPE,membership_in_verified_WoS_query_#5,verified
EC_EV_000993,EC_EV_FINAL_SCOPE,membership_in_verified_WoS_query_#5,verified
EC_EV_000994,EC_EV_FINAL_SCOPE,membership_in_verified_WoS_query_#5,verified
EC_EV_000995,EC_EV_FINAL_SCOPE,membership_in_verified_WoS_query_#5,verified
EC_EV_000996,EC_EV_FINAL_SCOPE,membership_in_verified_WoS_query_#5,verified
EC_EV_000997,EC_EV_FINAL_SCOPE,membership_in_verified_WoS_query_#5,verified
EC_EV_000998,EC_EV_FINAL_SCOPE,membership_in_verified_WoS_query_#5,verified
EC_EV_000999,EC_EV_FINAL_SCOPE,membership_in_verified_WoS_query_#5,verified
EC_EV_001000,EC_EV_FINAL_SCOPE,membership_in_verified_WoS_query_#5,verified
EC_EV_001001,EC_EV_FINAL_SCOPE,membership_in_verified_WoS_query_#5,verified
EC_EV_001002,EC_EV_FINAL_SCOPE,membership_in_verified_WoS_query_#5,verified
EC_EV_001003,EC_EV_FINAL_SCOPE,membership_in_verified_WoS_query_#5,verified
EC_EV_001004,EC_EV_FINAL_SCOPE,membership_in_verified_WoS_query_#5,verified
EC_EV_001005,EC_EV_FINAL_SCOPE,membership_in_verified_WoS_query_#5,verified
EC_EV_001006,EC_EV_FINAL_SCOPE,membership_in_verified_WoS_query_#5,verified
EC_EV_001007,EC_EV_FINAL_SCOPE,membership_in_verified_WoS_query_#5,verified
EC_EV_001008,EC_EV_FINAL_SCOPE,membership_in_verified_WoS_query_#5,verified
EC_EV_001009,EC_EV_FINAL_SCOPE,membership_in_verified_WoS_query_#5,verified
EC_EV_001010,EC_EV_FINAL_SCOPE,membership_in_verified_WoS_query_#5,verified
EC_EV_001011,EC_EV_FINAL_SCOPE,membership_in_verified_WoS_query_#5,verified
EC_EV_001012,EC_EV_FINAL_SCOPE,membership_in_verified_WoS_query_#5,verified
EC_EV_001013,EC_EV_FINAL_SCOPE,membership_in_verified_WoS_query_#5,verified
EC_EV_001014,EC_EV_FINAL_SCOPE,membership_in_verified_WoS_query_#5,verified
EC_EV_001015,EC_EV_FINAL_SCOPE,membership_in_verified_WoS_query_#5,verified
EC_EV_001016,EC_EV_FINAL_SCOPE,membership_in_verified_WoS_query_#5,verified
EC_EV_001017,EC_EV_FINAL_SCOPE,membership_in_verified_WoS_query_#5,verified
EC_EV_001018,EC_EV_FINAL_SCOPE,membership_in_verified_WoS_query_#5,verified
EC_EV_001019,EC_EV_FINAL_SCOPE,membership_in_verified_WoS_query_#5,verified
EC_EV_001020,EC_EV_FINAL_SCOPE,membership_in_verified_WoS_query_#5,verified
EC_EV_001021,EC_EV_FINAL_SCOPE,membership_in_verified_WoS_query_#5,verified
EC_EV_001022,EC_EV_FINAL_SCOPE,membership_in_verified_WoS_query_#5,verified
EC_EV_001023,EC_EV_FINAL_SCOPE,membership_in_verified_WoS_query_#5,verified
EC_EV_001024,EC_EV_FINAL_SCOPE,membership_in_verified_WoS_query_#5,verified
EC_EV_001025,EC_EV_FINAL_SCOPE,membership_in_verified_WoS_query_#5,verified
EC_EV_001026,EC_EV_FINAL_SCOPE,membership_in_verified_WoS_query_#5,verified
EC_EV_001027,EC_EV_FINAL_SCOPE,membership_in_verified_WoS_query_#5,verified
EC_EV_001028,EC_EV_FINAL_SCOPE,membership_in_verified_WoS_query_#5,verified
EC_EV_001029,EC_EV_FINAL_SCOPE,membership_in_verified_WoS_query_#5,verified
EC_EV_001030,EC_EV_FINAL_SCOPE,membership_in_verified_WoS_query_#5,verified
EC_EV_001031,EC_EV_FINAL_SCOPE,membership_in_verified_WoS_query_#5,verified
EC_EV_001032,EC_EV_FINAL_SCOPE,membership_in_verified_WoS_query_#5,verified
EC_EV_001033,EC_EV_FINAL_SCOPE,membership_in_verified_WoS_query_#5,verified
EC_EV_001034,EC_EV_FINAL_SCOPE,membership_in_verified_WoS_query_#5,verified
EC_EV_001035,EC_EV_FINAL_SCOPE,membership_in_verified_WoS_query_#5,verified
EC_EV_001036,EC_EV_FINAL_SCOPE,membership_in_verified_WoS_query_#5,verified
EC_EV_001037,EC_EV_FINAL_SCOPE,membership_in_verified_WoS_query_#5,verified
EC_EV_001038,EC_EV_FINAL_SCOPE,membership_in_verified_WoS_query_#5,verified
EC_EV_001039,EC_EV_FINAL_SCOPE,membership_in_verified_WoS_query_#5,verified
EC_EV_001040,EC_EV_FINAL_SCOPE,membership_in_verified_WoS_query_#5,verified
EC_EV_001041,EC_EV_FINAL_SCOPE,membership_in_verified_WoS_query_#5,verified
EC_EV_001042,EC_EV_FINAL_SCOPE,membership_in_verified_WoS_query_#5,verified
EC_EV_001043,EC_EV_FINAL_SCOPE,membership_in_verified_WoS_query_#5,verified
EC_EV_001044,EC_EV_FINAL_SCOPE,membership_in_verified_WoS_query_#5,verified
EC_EV_001045,EC_EV_FINAL_SCOPE,membership_in_verified_WoS_query_#5,verified
EC_EV_001046,EC_EV_FINAL_SCOPE,membership_in_verified_WoS_query_#5,verified
EC_EV_001047,EC_EV_FINAL_SCOPE,membership_in_verified_WoS_query_#5,verified
EC_EV_001048,EC_EV_FINAL_SCOPE,membership_in_verified_WoS_query_#5,verified
EC_EV_001049,EC_EV_FINAL_SCOPE,membership_in_verified_WoS_query_#5,verified
EC_EV_001050,EC_EV_FINAL_SCOPE,membership_in_verified_WoS_query_#5,verified
EC_EV_001051,EC_EV_FINAL_SCOPE,membership_in_verified_WoS_query_#5,verified
EC_EV_001052,EC_EV_FINAL_SCOPE,membership_in_verified_WoS_query_#5,verified
EC_EV_001053,EC_EV_FINAL_SCOPE,membership_in_verified_WoS_query_#5,verified
EC_EV_001054,EC_EV_FINAL_SCOPE,membership_in_verified_WoS_query_#5,verified
EC_EV_001055,EC_EV_FINAL_SCOPE,membership_in_verified_WoS_query_#5,verified
EC_EV_001056,EC_EV_FINAL_SCOPE,membership_in_verified_WoS_query_#5,verified
EC_EV_001057,EC_EV_FINAL_SCOPE,membership_in_verified_WoS_query_#5,verified
EC_EV_001058,EC_EV_FINAL_SCOPE,membership_in_verified_WoS_query_#5,verified
EC_EV_001059,EC_EV_FINAL_SCOPE,membership_in_verified_WoS_query_#5,verified
EC_EV_001060,EC_EV_FINAL_SCOPE,membership_in_verified_WoS_query_#5,verified
EC_EV_001061,EC_EV_FINAL_SCOPE,membership_in_verified_WoS_query_#5,verified
EC_EV_001062,EC_EV_FINAL_SCOPE,membership_in_verified_WoS_query_#5,verified
EC_EV_001063,EC_EV_FINAL_SCOPE,membership_in_verified_WoS_query_#5,verified
EC_EV_001064,EC_EV_FINAL_SCOPE,membership_in_verified_WoS_query_#5,verified
EC_EV_001065,EC_EV_FINAL_SCOPE,membership_in_verified_WoS_query_#5,verified
EC_EV_001066,EC_EV_FINAL_SCOPE,membership_in_verified_WoS_query_#5,verified
EC_EV_001067,EC_EV_FINAL_SCOPE,membership_in_verified_WoS_query_#5,verified
EC_EV_001068,EC_EV_FINAL_SCOPE,membership_in_verified_WoS_query_#5,verified
EC_EV_001069,EC_EV_FINAL_SCOPE,membership_in_verified_WoS_query_#5,verified
EC_EV_001070,EC_EV_FINAL_SCOPE,membership_in_verified_WoS_query_#5,verified
EC_EV_001071,EC_EV_FINAL_SCOPE,membership_in_verified_WoS_query_#5,verified
EC_EV_001072,EC_EV_FINAL_SCOPE,membership_in_verified_WoS_query_#5,verified
EC_EV_001073,EC_EV_FINAL_SCOPE,membership_in_verified_WoS_query_#5,verified
EC_EV_001074,EC_EV_FINAL_SCOPE,membership_in_verified_WoS_query_#5,verified
EC_EV_001075,EC_EV_FINAL_SCOPE,membership_in_verified_WoS_query_#5,verified
EC_EV_001076,EC_EV_FINAL_SCOPE,membership_in_verified_WoS_query_#5,verified
EC_EV_001077,EC_EV_FINAL_SCOPE,membership_in_verified_WoS_query_#5,verified
EC_EV_001078,EC_EV_FINAL_SCOPE,membership_in_verified_WoS_query_#5,verified
EC_EV_001079,EC_EV_FINAL_SCOPE,membership_in_verified_WoS_query_#5,verified
EC_EV_001080,EC_EV_FINAL_SCOPE,membership_in_verified_WoS_query_#5,verified
EC_EV_001081,EC_EV_FINAL_SCOPE,membership_in_verified_WoS_query_#5,verified
EC_EV_001082,EC_EV_FINAL_SCOPE,membership_in_verified_WoS_query_#5,verified
EC_EV_001083,EC_EV_FINAL_SCOPE,membership_in_verified_WoS_query_#5,verified
EC_EV_001084,EC_EV_FINAL_SCOPE,membership_in_verified_WoS_query_#5,verified
EC_EV_001085,EC_EV_FINAL_SCOPE,membership_in_verified_WoS_query_#5,verified
EC_EV_001086,EC_EV_FINAL_SCOPE,membership_in_verified_WoS_query_#5,verified
EC_EV_001087,EC_EV_FINAL_SCOPE,membership_in_verified_WoS_query_#5,verified
EC_EV_001088,EC_EV_FINAL_SCOPE,membership_in_verified_WoS_query_#5,verified
EC_EV_001089,EC_EV_FINAL_SCOPE,membership_in_verified_WoS_query_#5,verified
EC_EV_001090,EC_EV_FINAL_SCOPE,membership_in_verified_WoS_query_#5,verified
EC_EV_001091,EC_EV_FINAL_SCOPE,membership_in_verified_WoS_query_#5,verified
EC_EV_001092,EC_EV_FINAL_SCOPE,membership_in_verified_WoS_query_#5,verified
EC_EV_001093,EC_EV_FINAL_SCOPE,membership_in_verified_WoS_query_#5,verified
EC_EV_001094,EC_EV_FINAL_SCOPE,membership_in_verified_WoS_query_#5,verified
EC_EV_001095,EC_EV_FINAL_SCOPE,membership_in_verified_WoS_query_#5,verified
EC_EV_001096,EC_EV_FINAL_SCOPE,membership_in_verified_WoS_query_#5,verified
EC_EV_001097,EC_EV_FINAL_SCOPE,membership_in_verified_WoS_query_#5,verified
EC_EV_001098,EC_EV_FINAL_SCOPE,membership_in_verified_WoS_query_#5,verified
EC_EV_001099,EC_EV_FINAL_SCOPE,membership_in_verified_WoS_query_#5,verified
EC_EV_001100,EC_EV_FINAL_SCOPE,membership_in_verified_WoS_query_#5,verified
EC_EV_001101,EC_EV_FINAL_SCOPE,membership_in_verified_WoS_query_#5,verified
EC_EV_001102,EC_EV_FINAL_SCOPE,membership_in_verified_WoS_query_#5,verified
EC_EV_001103,EC_EV_FINAL_SCOPE,membership_in_verified_WoS_query_#5,verified
EC_EV_001104,EC_EV_FINAL_SCOPE,membership_in_verified_WoS_query_#5,verified
EC_EV_001105,EC_EV_FINAL_SCOPE,membership_in_verified_WoS_query_#5,verified
EC_EV_001106,EC_EV_FINAL_SCOPE,membership_in_verified_WoS_query_#5,verified
EC_EV_001107,EC_EV_FINAL_SCOPE,membership_in_verified_WoS_query_#5,verified
EC_EV_001108,EC_EV_FINAL_SCOPE,membership_in_verified_WoS_query_#5,verified
EC_EV_001109,EC_EV_FINAL_SCOPE,membership_in_verified_WoS_query_#5,verified
EC_EV_001110,EC_EV_FINAL_SCOPE,membership_in_verified_WoS_query_#5,verified
EC_EV_001111,EC_EV_FINAL_SCOPE,membership_in_verified_WoS_query_#5,verified
EC_EV_001112,EC_EV_FINAL_SCOPE,membership_in_verified_WoS_query_#5,verified
EC_EV_001113,EC_EV_FINAL_SCOPE,membership_in_verified_WoS_query_#5,verified
EC_EV_001114,EC_EV_FINAL_SCOPE,membership_in_verified_WoS_query_#5,verified
EC_EV_001115,EC_EV_FINAL_SCOPE,membership_in_verified_WoS_query_#5,verified
EC_EV_001116,EC_EV_FINAL_SCOPE,membership_in_verified_WoS_query_#5,verified
EC_EV_001117,EC_EV_FINAL_SCOPE,membership_in_verified_WoS_query_#5,verified
EC_EV_001118,EC_EV_FINAL_SCOPE,membership_in_verified_WoS_query_#5,verified
EC_EV_001119,EC_EV_FINAL_SCOPE,membership_in_verified_WoS_query_#5,verified
EC_EV_001120,EC_EV_FINAL_SCOPE,membership_in_verified_WoS_query_#5,verified
EC_EV_001121,EC_EV_FINAL_SCOPE,membership_in_verified_WoS_query_#5,verified
EC_EV_001122,EC_EV_FINAL_SCOPE,membership_in_verified_WoS_query_#5,verified
EC_EV_001123,EC_EV_FINAL_SCOPE,membership_in_verified_WoS_query_#5,verified
EC_EV_001124,EC_EV_FINAL_SCOPE,membership_in_verified_WoS_query_#5,verified
EC_EV_001125,EC_EV_FINAL_SCOPE,membership_in_verified_WoS_query_#5,verified
EC_EV_001126,EC_EV_FINAL_SCOPE,membership_in_verified_WoS_query_#5,verified
EC_EV_001127,EC_EV_FINAL_SCOPE,membership_in_verified_WoS_query_#5,verified
EC_EV_001128,EC_EV_FINAL_SCOPE,membership_in_verified_WoS_query_#5,verified
EC_EV_001129,EC_EV_FINAL_SCOPE,membership_in_verified_WoS_query_#5,verified
EC_EV_001130,EC_EV_FINAL_SCOPE,membership_in_verified_WoS_query_#5,verified
EC_EV_001131,EC_EV_FINAL_SCOPE,membership_in_verified_WoS_query_#5,verified
EC_EV_001132,EC_EV_FINAL_SCOPE,membership_in_verified_WoS_query_#5,verified
EC_EV_001133,EC_EV_FINAL_SCOPE,membership_in_verified_WoS_query_#5,verified
EC_EV_001134,EC_EV_FINAL_SCOPE,membership_in_verified_WoS_query_#5,verified
EC_EV_001135,EC_EV_FINAL_SCOPE,membership_in_verified_WoS_query_#5,verified
EC_EV_001136,EC_EV_FINAL_SCOPE,membership_in_verified_WoS_query_#5,verified
EC_EV_001137,EC_EV_FINAL_SCOPE,membership_in_verified_WoS_query_#5,verified
EC_EV_001138,EC_EV_FINAL_SCOPE,membership_in_verified_WoS_query_#5,verified
EC_EV_001139,EC_EV_FINAL_SCOPE,membership_in_verified_WoS_query_#5,verified
EC_EV_001140,EC_EV_FINAL_SCOPE,membership_in_verified_WoS_query_#5,verified
EC_EV_001141,EC_EV_FINAL_SCOPE,membership_in_verified_WoS_query_#5,verified
EC_EV_001142,EC_EV_FINAL_SCOPE,membership_in_verified_WoS_query_#5,verified
EC_EV_001143,EC_EV_FINAL_SCOPE,membership_in_verified_WoS_query_#5,verified
EC_EV_001144,EC_EV_FINAL_SCOPE,membership_in_verified_WoS_query_#5,verified
EC_EV_001145,EC_EV_FINAL_SCOPE,membership_in_verified_WoS_query_#5,verified
EC_EV_001146,EC_EV_FINAL_SCOPE,membership_in_verified_WoS_query_#5,verified
EC_EV_001147,EC_EV_FINAL_SCOPE,membership_in_verified_WoS_query_#5,verified
EC_EV_001148,EC_EV_FINAL_SCOPE,membership_in_verified_WoS_query_#5,verified
EC_EV_001149,EC_EV_FINAL_SCOPE,membership_in_verified_WoS_query_#5,verified
EC_EV_001150,EC_EV_FINAL_SCOPE,membership_in_verified_WoS_query_#5,verified
EC_EV_001151,EC_EV_FINAL_SCOPE,membership_in_verified_WoS_query_#5,verified
EC_EV_001152,EC_EV_FINAL_SCOPE,membership_in_verified_WoS_query_#5,verified
EC_EV_001153,EC_EV_FINAL_SCOPE,membership_in_verified_WoS_query_#5,verified
EC_EV_001154,EC_EV_FINAL_SCOPE,membership_in_verified_WoS_query_#5,verified
EC_EV_001155,EC_EV_FINAL_SCOPE,membership_in_verified_WoS_query_#5,verified
EC_EV_001156,EC_EV_FINAL_SCOPE,membership_in_verified_WoS_query_#5,verified
EC_EV_001157,EC_EV_FINAL_SCOPE,membership_in_verified_WoS_query_#5,verified
EC_EV_001158,EC_EV_FINAL_SCOPE,membership_in_verified_WoS_query_#5,verified
EC_EV_001159,EC_EV_FINAL_SCOPE,membership_in_verified_WoS_query_#5,verified
EC_EV_001160,EC_EV_FINAL_SCOPE,membership_in_verified_WoS_query_#5,verified
EC_EV_001161,EC_EV_FINAL_SCOPE,membership_in_verified_WoS_query_#5,verified
EC_EV_001162,EC_EV_FINAL_SCOPE,membership_in_verified_WoS_query_#5,verified
EC_EV_001163,EC_EV_FINAL_SCOPE,membership_in_verified_WoS_query_#5,verified
EC_EV_001164,EC_EV_FINAL_SCOPE,membership_in_verified_WoS_query_#5,verified
EC_EV_001165,EC_EV_FINAL_SCOPE,membership_in_verified_WoS_query_#5,verified
EC_EV_001166,EC_EV_FINAL_SCOPE,membership_in_verified_WoS_query_#5,verified
EC_EV_001167,EC_EV_FINAL_SCOPE,membership_in_verified_WoS_query_#5,verified
EC_EV_001168,EC_EV_FINAL_SCOPE,membership_in_verified_WoS_query_#5,verified
EC_EV_001169,EC_EV_FINAL_SCOPE,membership_in_verified_WoS_query_#5,verified
EC_EV_001170,EC_EV_FINAL_SCOPE,membership_in_verified_WoS_query_#5,verified
EC_EV_001171,EC_EV_FINAL_SCOPE,membership_in_verified_WoS_query_#5,verified
EC_EV_001172,EC_EV_FINAL_SCOPE,membership_in_verified_WoS_query_#5,verified
EC_EV_001173,EC_EV_FINAL_SCOPE,membership_in_verified_WoS_query_#5,verified
EC_EV_001174,EC_EV_FINAL_SCOPE,membership_in_verified_WoS_query_#5,verified
EC_EV_001175,EC_EV_FINAL_SCOPE,membership_in_verified_WoS_query_#5,verified
EC_EV_001176,EC_EV_FINAL_SCOPE,membership_in_verified_WoS_query_#5,verified
EC_EV_001177,EC_EV_FINAL_SCOPE,membership_in_verified_WoS_query_#5,verified
EC_EV_001178,EC_EV_FINAL_SCOPE,membership_in_verified_WoS_query_#5,verified
EC_EV_001179,EC_EV_FINAL_SCOPE,membership_in_verified_WoS_query_#5,verified
EC_EV_001180,EC_EV_FINAL_SCOPE,membership_in_verified_WoS_query_#5,verified
EC_EV_001181,EC_EV_FINAL_SCOPE,membership_in_verified_WoS_query_#5,verified
EC_EV_001182,EC_EV_FINAL_SCOPE,membership_in_verified_WoS_query_#5,verified
EC_EV_001183,EC_EV_FINAL_SCOPE,membership_in_verified_WoS_query_#5,verified
EC_EV_001184,EC_EV_FINAL_SCOPE,membership_in_verified_WoS_query_#5,verified
EC_EV_001185,EC_EV_FINAL_SCOPE,membership_in_verified_WoS_query_#5,verified
EC_EV_001186,EC_EV_FINAL_SCOPE,membership_in_verified_WoS_query_#5,verified
EC_EV_001187,EC_EV_FINAL_SCOPE,membership_in_verified_WoS_query_#5,verified
EC_EV_001188,EC_EV_FINAL_SCOPE,membership_in_verified_WoS_query_#5,verified
EC_EV_001189,EC_EV_FINAL_SCOPE,membership_in_verified_WoS_query_#5,verified
EC_EV_001190,EC_EV_FINAL_SCOPE,membership_in_verified_WoS_query_#5,verified
EC_EV_001191,EC_EV_FINAL_SCOPE,membership_in_verified_WoS_query_#5,verified
EC_EV_001192,EC_EV_FINAL_SCOPE,membership_in_verified_WoS_query_#5,verified
EC_EV_001193,EC_EV_FINAL_SCOPE,membership_in_verified_WoS_query_#5,verified
EC_EV_001194,EC_EV_FINAL_SCOPE,membership_in_verified_WoS_query_#5,verified
EC_EV_001195,EC_EV_FINAL_SCOPE,membership_in_verified_WoS_query_#5,verified
EC_EV_001196,EC_EV_FINAL_SCOPE,membership_in_verified_WoS_query_#5,verified
EC_EV_001197,EC_EV_FINAL_SCOPE,membership_in_verified_WoS_query_#5,verified
EC_EV_001198,EC_EV_FINAL_SCOPE,membership_in_verified_WoS_query_#5,verified
EC_EV_001199,EC_EV_FINAL_SCOPE,membership_in_verified_WoS_query_#5,verified
EC_EV_001200,EC_EV_FINAL_SCOPE,membership_in_verified_WoS_query_#5,verified
EC_EV_001201,EC_EV_FINAL_SCOPE,membership_in_verified_WoS_query_#5,verified
EC_EV_001202,EC_EV_FINAL_SCOPE,membership_in_verified_WoS_query_#5,verified
EC_EV_001203,EC_EV_FINAL_SCOPE,membership_in_verified_WoS_query_#5,verified
EC_EV_001204,EC_EV_FINAL_SCOPE,membership_in_verified_WoS_query_#5,verified
EC_EV_001205,EC_EV_FINAL_SCOPE,membership_in_verified_WoS_query_#5,verified
EC_EV_001206,EC_EV_FINAL_SCOPE,membership_in_verified_WoS_query_#5,verified
EC_EV_001207,EC_EV_FINAL_SCOPE,membership_in_verified_WoS_query_#5,verified
EC_EV_001208,EC_EV_FINAL_SCOPE,membership_in_verified_WoS_query_#5,verified
EC_EV_001209,EC_EV_FINAL_SCOPE,membership_in_verified_WoS_query_#5,verified
EC_EV_001210,EC_EV_FINAL_SCOPE,membership_in_verified_WoS_query_#5,verified
EC_EV_001211,EC_EV_FINAL_SCOPE,membership_in_verified_WoS_query_#5,verified
EC_EV_001212,EC_EV_FINAL_SCOPE,membership_in_verified_WoS_query_#5,verified
EC_EV_001213,EC_EV_FINAL_SCOPE,membership_in_verified_WoS_query_#5,verified
EC_EV_001214,EC_EV_FINAL_SCOPE,membership_in_verified_WoS_query_#5,verified
EC_EV_001215,EC_EV_FINAL_SCOPE,membership_in_verified_WoS_query_#5,verified
EC_EV_001216,EC_EV_FINAL_SCOPE,membership_in_verified_WoS_query_#5,verified
EC_EV_001217,EC_EV_FINAL_SCOPE,membership_in_verified_WoS_query_#5,verified
EC_EV_001218,EC_EV_FINAL_SCOPE,membership_in_verified_WoS_query_#5,verified
EC_EV_001219,EC_EV_FINAL_SCOPE,membership_in_verified_WoS_query_#5,verified
EC_EV_001220,EC_EV_FINAL_SCOPE,membership_in_verified_WoS_query_#5,verified
EC_EV_001221,EC_EV_FINAL_SCOPE,membership_in_verified_WoS_query_#5,verified
EC_EV_001222,EC_EV_FINAL_SCOPE,membership_in_verified_WoS_query_#5,verified
EC_EV_001223,EC_EV_FINAL_SCOPE,membership_in_verified_WoS_query_#5,verified
EC_EV_001224,EC_EV_FINAL_SCOPE,membership_in_verified_WoS_query_#5,verified
EC_EV_001225,EC_EV_FINAL_SCOPE,membership_in_verified_WoS_query_#5,verified
EC_EV_001226,EC_EV_FINAL_SCOPE,membership_in_verified_WoS_query_#5,verified
EC_EV_001227,EC_EV_FINAL_SCOPE,membership_in_verified_WoS_query_#5,verified
EC_EV_001228,EC_EV_FINAL_SCOPE,membership_in_verified_WoS_query_#5,verified
EC_EV_001229,EC_EV_FINAL_SCOPE,membership_in_verified_WoS_query_#5,verified
EC_EV_001230,EC_EV_FINAL_SCOPE,membership_in_verified_WoS_query_#5,verified
EC_EV_001231,EC_EV_FINAL_SCOPE,membership_in_verified_WoS_query_#5,verified
EC_EV_001232,EC_EV_FINAL_SCOPE,membership_in_verified_WoS_query_#5,verified
EC_EV_001233,EC_EV_FINAL_SCOPE,membership_in_verified_WoS_query_#5,verified
EC_EV_001234,EC_EV_FINAL_SCOPE,membership_in_verified_WoS_query_#5,verified
EC_EV_001235,EC_EV_FINAL_SCOPE,membership_in_verified_WoS_query_#5,verified
EC_EV_001236,EC_EV_FINAL_SCOPE,membership_in_verified_WoS_query_#5,verified
EC_EV_001237,EC_EV_FINAL_SCOPE,membership_in_verified_WoS_query_#5,verified
EC_EV_001238,EC_EV_FINAL_SCOPE,membership_in_verified_WoS_query_#5,verified
EC_EV_001239,EC_EV_FINAL_SCOPE,membership_in_verified_WoS_query_#5,verified
EC_EV_001240,EC_EV_FINAL_SCOPE,membership_in_verified_WoS_query_#5,verified
EC_EV_001241,EC_EV_FINAL_SCOPE,membership_in_verified_WoS_query_#5,verified
EC_EV_001242,EC_EV_FINAL_SCOPE,membership_in_verified_WoS_query_#5,verified
EC_EV_001243,EC_EV_FINAL_SCOPE,membership_in_verified_WoS_query_#5,verified
EC_EV_001244,EC_EV_FINAL_SCOPE,membership_in_verified_WoS_query_#5,verified
EC_EV_001245,EC_EV_FINAL_SCOPE,membership_in_verified_WoS_query_#5,verified
EC_EV_001246,EC_EV_FINAL_SCOPE,membership_in_verified_WoS_query_#5,verified
EC_EV_001247,EC_EV_FINAL_SCOPE,membership_in_verified_WoS_query_#5,verified
EC_EV_001248,EC_EV_FINAL_SCOPE,membership_in_verified_WoS_query_#5,verified
EC_EV_001249,EC_EV_FINAL_SCOPE,membership_in_verified_WoS_query_#5,verified
EC_EV_001250,EC_EV_FINAL_SCOPE,membership_in_verified_WoS_query_#5,verified
EC_EV_001251,EC_EV_FINAL_SCOPE,membership_in_verified_WoS_query_#5,verified
EC_EV_001252,EC_EV_FINAL_SCOPE,membership_in_verified_WoS_query_#5,verified
EC_EV_001253,EC_EV_FINAL_SCOPE,membership_in_verified_WoS_query_#5,verified
EC_EV_001254,EC_EV_FINAL_SCOPE,membership_in_verified_WoS_query_#5,verified
EC_EV_001255,EC_EV_FINAL_SCOPE,membership_in_verified_WoS_query_#5,verified
EC_EV_001256,EC_EV_FINAL_SCOPE,membership_in_verified_WoS_query_#5,verified
EC_EV_001257,EC_EV_FINAL_SCOPE,membership_in_verified_WoS_query_#5,verified
EC_EV_001258,EC_EV_FINAL_SCOPE,membership_in_verified_WoS_query_#5,verified
EC_EV_001259,EC_EV_FINAL_SCOPE,membership_in_verified_WoS_query_#5,verified
EC_EV_001260,EC_EV_FINAL_SCOPE,membership_in_verified_WoS_query_#5,verified
EC_EV_001261,EC_EV_FINAL_SCOPE,membership_in_verified_WoS_query_#5,verified
EC_EV_001262,EC_EV_FINAL_SCOPE,membership_in_verified_WoS_query_#5,verified
EC_EV_001263,EC_EV_FINAL_SCOPE,membership_in_verified_WoS_query_#5,verified
EC_EV_001264,EC_EV_FINAL_SCOPE,membership_in_verified_WoS_query_#5,verified
EC_EV_001265,EC_EV_FINAL_SCOPE,membership_in_verified_WoS_query_#5,verified
EC_EV_001266,EC_EV_FINAL_SCOPE,membership_in_verified_WoS_query_#5,verified
EC_EV_001267,EC_EV_FINAL_SCOPE,membership_in_verified_WoS_query_#5,verified
EC_EV_001268,EC_EV_FINAL_SCOPE,membership_in_verified_WoS_query_#5,verified
EC_EV_001269,EC_EV_FINAL_SCOPE,membership_in_verified_WoS_query_#5,verified
EC_EV_001270,EC_EV_FINAL_SCOPE,membership_in_verified_WoS_query_#5,verified
EC_EV_001271,EC_EV_FINAL_SCOPE,membership_in_verified_WoS_query_#5,verified
EC_EV_001272,EC_EV_FINAL_SCOPE,membership_in_verified_WoS_query_#5,verified
EC_EV_001273,EC_EV_FINAL_SCOPE,membership_in_verified_WoS_query_#5,verified
EC_EV_001274,EC_EV_FINAL_SCOPE,membership_in_verified_WoS_query_#5,verified
EC_EV_001275,EC_EV_FINAL_SCOPE,membership_in_verified_WoS_query_#5,verified
EC_EV_001276,EC_EV_FINAL_SCOPE,membership_in_verified_WoS_query_#5,verified
EC_EV_001277,EC_EV_FINAL_SCOPE,membership_in_verified_WoS_query_#5,verified
EC_EV_001278,EC_EV_FINAL_SCOPE,membership_in_verified_WoS_query_#5,verified
EC_EV_001279,EC_EV_FINAL_SCOPE,membership_in_verified_WoS_query_#5,verified
EC_EV_001280,EC_EV_FINAL_SCOPE,membership_in_verified_WoS_query_#5,verified
EC_EV_001281,EC_EV_FINAL_SCOPE,membership_in_verified_WoS_query_#5,verified
EC_EV_001282,EC_EV_FINAL_SCOPE,membership_in_verified_WoS_query_#5,verified
EC_EV_001283,EC_EV_FINAL_SCOPE,membership_in_verified_WoS_query_#5,verified
EC_EV_001284,EC_EV_FINAL_SCOPE,membership_in_verified_WoS_query_#5,verified
EC_EV_001285,EC_EV_FINAL_SCOPE,membership_in_verified_WoS_query_#5,verified
EC_EV_001286,EC_EV_FINAL_SCOPE,membership_in_verified_WoS_query_#5,verified
EC_EV_001287,EC_EV_FINAL_SCOPE,membership_in_verified_WoS_query_#5,verified
EC_EV_001288,EC_EV_FINAL_SCOPE,membership_in_verified_WoS_query_#5,verified
EC_EV_001289,EC_EV_FINAL_SCOPE,membership_in_verified_WoS_query_#5,verified
EC_EV_001290,EC_EV_FINAL_SCOPE,membership_in_verified_WoS_query_#5,verified
EC_EV_001291,EC_EV_FINAL_SCOPE,membership_in_verified_WoS_query_#5,verified
EC_EV_001292,EC_EV_FINAL_SCOPE,membership_in_verified_WoS_query_#5,verified
EC_EV_001293,EC_EV_FINAL_SCOPE,membership_in_verified_WoS_query_#5,verified
EC_EV_001294,EC_EV_FINAL_SCOPE,membership_in_verified_WoS_query_#5,verified
EC_EV_001295,EC_EV_FINAL_SCOPE,membership_in_verified_WoS_query_#5,verified
EC_EV_001296,EC_EV_FINAL_SCOPE,membership_in_verified_WoS_query_#5,verified
EC_EV_001297,EC_EV_FINAL_SCOPE,membership_in_verified_WoS_query_#5,verified
EC_EV_001298,EC_EV_FINAL_SCOPE,membership_in_verified_WoS_query_#5,verified
EC_EV_001299,EC_EV_FINAL_SCOPE,membership_in_verified_WoS_query_#5,verified
EC_EV_001300,EC_EV_FINAL_SCOPE,membership_in_verified_WoS_query_#5,verified
EC_EV_001301,EC_EV_FINAL_SCOPE,membership_in_verified_WoS_query_#5,verified
EC_EV_001302,EC_EV_FINAL_SCOPE,membership_in_verified_WoS_query_#5,verified
EC_EV_001303,EC_EV_FINAL_SCOPE,membership_in_verified_WoS_query_#5,verified
EC_EV_001304,EC_EV_FINAL_SCOPE,membership_in_verified_WoS_query_#5,verified
EC_EV_001305,EC_EV_FINAL_SCOPE,membership_in_verified_WoS_query_#5,verified
EC_EV_001306,EC_EV_FINAL_SCOPE,membership_in_verified_WoS_query_#5,verified
EC_EV_001307,EC_EV_FINAL_SCOPE,membership_in_verified_WoS_query_#5,verified
EC_EV_001308,EC_EV_FINAL_SCOPE,membership_in_verified_WoS_query_#5,verified
EC_EV_001309,EC_EV_FINAL_SCOPE,membership_in_verified_WoS_query_#5,verified
EC_EV_001310,EC_EV_FINAL_SCOPE,membership_in_verified_WoS_query_#5,verified
EC_EV_001311,EC_EV_FINAL_SCOPE,membership_in_verified_WoS_query_#5,verified
EC_EV_001312,EC_EV_FINAL_SCOPE,membership_in_verified_WoS_query_#5,verified
EC_EV_001313,EC_EV_FINAL_SCOPE,membership_in_verified_WoS_query_#5,verified
EC_EV_001314,EC_EV_FINAL_SCOPE,membership_in_verified_WoS_query_#5,verified
EC_EV_001315,EC_EV_FINAL_SCOPE,membership_in_verified_WoS_query_#5,verified
EC_EV_001316,EC_EV_FINAL_SCOPE,membership_in_verified_WoS_query_#5,verified
EC_EV_001317,EC_EV_FINAL_SCOPE,membership_in_verified_WoS_query_#5,verified
EC_EV_001318,EC_EV_FINAL_SCOPE,membership_in_verified_WoS_query_#5,verified
EC_EV_001319,EC_EV_FINAL_SCOPE,membership_in_verified_WoS_query_#5,verified
EC_EV_001320,EC_EV_FINAL_SCOPE,membership_in_verified_WoS_query_#5,verified
EC_EV_001321,EC_EV_FINAL_SCOPE,membership_in_verified_WoS_query_#5,verified
EC_EV_001322,EC_EV_FINAL_SCOPE,membership_in_verified_WoS_query_#5,verified
EC_EV_001323,EC_EV_FINAL_SCOPE,membership_in_verified_WoS_query_#5,verified
EC_EV_001324,EC_EV_FINAL_SCOPE,membership_in_verified_WoS_query_#5,verified
EC_EV_001325,EC_EV_FINAL_SCOPE,membership_in_verified_WoS_query_#5,verified
EC_EV_001326,EC_EV_FINAL_SCOPE,membership_in_verified_WoS_query_#5,verified
EC_EV_001327,EC_EV_FINAL_SCOPE,membership_in_verified_WoS_query_#5,verified
EC_EV_001328,EC_EV_FINAL_SCOPE,membership_in_verified_WoS_query_#5,verified
EC_EV_001329,EC_EV_FINAL_SCOPE,membership_in_verified_WoS_query_#5,verified
EC_EV_001330,EC_EV_FINAL_SCOPE,membership_in_verified_WoS_query_#5,verified
EC_EV_001331,EC_EV_FINAL_SCOPE,membership_in_verified_WoS_query_#5,verified
EC_EV_001332,EC_EV_FINAL_SCOPE,membership_in_verified_WoS_query_#5,verified
EC_EV_001333,EC_EV_FINAL_SCOPE,membership_in_verified_WoS_query_#5,verified
EC_EV_001334,EC_EV_FINAL_SCOPE,membership_in_verified_WoS_query_#5,verified
EC_EV_001335,EC_EV_FINAL_SCOPE,membership_in_verified_WoS_query_#5,verified
EC_EV_001336,EC_EV_FINAL_SCOPE,membership_in_verified_WoS_query_#5,verified
EC_EV_001337,EC_EV_FINAL_SCOPE,membership_in_verified_WoS_query_#5,verified
EC_EV_001338,EC_EV_FINAL_SCOPE,membership_in_verified_WoS_query_#5,verified
EC_EV_001339,EC_EV_FINAL_SCOPE,membership_in_verified_WoS_query_#5,verified
EC_EV_001340,EC_EV_FINAL_SCOPE,membership_in_verified_WoS_query_#5,verified
EC_EV_001341,EC_EV_FINAL_SCOPE,membership_in_verified_WoS_query_#5,verified
EC_EV_001342,EC_EV_FINAL_SCOPE,membership_in_verified_WoS_query_#5,verified
EC_EV_001343,EC_EV_FINAL_SCOPE,membership_in_verified_WoS_query_#5,verified
EC_EV_001344,EC_EV_FINAL_SCOPE,membership_in_verified_WoS_query_#5,verified
EC_EV_001345,EC_EV_FINAL_SCOPE,membership_in_verified_WoS_query_#5,verified
EC_EV_001346,EC_EV_FINAL_SCOPE,membership_in_verified_WoS_query_#5,verified
EC_EV_001347,EC_EV_FINAL_SCOPE,membership_in_verified_WoS_query_#5,verified
EC_EV_001348,EC_EV_FINAL_SCOPE,membership_in_verified_WoS_query_#5,verified
EC_EV_001349,EC_EV_FINAL_SCOPE,membership_in_verified_WoS_query_#5,verified
EC_EV_001350,EC_EV_FINAL_SCOPE,membership_in_verified_WoS_query_#5,verified
EC_EV_001351,EC_EV_FINAL_SCOPE,membership_in_verified_WoS_query_#5,verified
EC_EV_001352,EC_EV_FINAL_SCOPE,membership_in_verified_WoS_query_#5,verified
EC_EV_001353,EC_EV_FINAL_SCOPE,membership_in_verified_WoS_query_#5,verified
EC_EV_001354,EC_EV_FINAL_SCOPE,membership_in_verified_WoS_query_#5,verified
EC_EV_001355,EC_EV_FINAL_SCOPE,membership_in_verified_WoS_query_#5,verified
EC_EV_001356,EC_EV_FINAL_SCOPE,membership_in_verified_WoS_query_#5,verified
EC_EV_001357,EC_EV_FINAL_SCOPE,membership_in_verified_WoS_query_#5,verified
EC_EV_001358,EC_EV_FINAL_SCOPE,membership_in_verified_WoS_query_#5,verified
EC_EV_001359,EC_EV_FINAL_SCOPE,membership_in_verified_WoS_query_#5,verified
EC_EV_001360,EC_EV_FINAL_SCOPE,membership_in_verified_WoS_query_#5,verified
EC_EV_001361,EC_EV_FINAL_SCOPE,membership_in_verified_WoS_query_#5,verified
EC_EV_001362,EC_EV_FINAL_SCOPE,membership_in_verified_WoS_query_#5,verified
EC_EV_001363,EC_EV_FINAL_SCOPE,membership_in_verified_WoS_query_#5,verified
EC_EV_001364,EC_EV_FINAL_SCOPE,membership_in_verified_WoS_query_#5,verified
EC_EV_001365,EC_EV_FINAL_SCOPE,membership_in_verified_WoS_query_#5,verified
EC_EV_001366,EC_EV_FINAL_SCOPE,membership_in_verified_WoS_query_#5,verified
EC_EV_001367,EC_EV_FINAL_SCOPE,membership_in_verified_WoS_query_#5,verified
EC_EV_001368,EC_EV_FINAL_SCOPE,membership_in_verified_WoS_query_#5,verified
EC_EV_001369,EC_EV_FINAL_SCOPE,membership_in_verified_WoS_query_#5,verified
EC_EV_001370,EC_EV_FINAL_SCOPE,membership_in_verified_WoS_query_#5,verified
EC_EV_001371,EC_EV_FINAL_SCOPE,membership_in_verified_WoS_query_#5,verified
EC_EV_001372,EC_EV_FINAL_SCOPE,membership_in_verified_WoS_query_#5,verified
EC_EV_001373,EC_EV_FINAL_SCOPE,membership_in_verified_WoS_query_#5,verified
EC_EV_001374,EC_EV_FINAL_SCOPE,membership_in_verified_WoS_query_#5,verified
EC_EV_001375,EC_EV_FINAL_SCOPE,membership_in_verified_WoS_query_#5,verified
EC_EV_001376,EC_EV_FINAL_SCOPE,membership_in_verified_WoS_query_#5,verified
EC_EV_001377,EC_EV_FINAL_SCOPE,membership_in_verified_WoS_query_#5,verified
EC_EV_001378,EC_EV_FINAL_SCOPE,membership_in_verified_WoS_query_#5,verified
EC_EV_001379,EC_EV_FINAL_SCOPE,membership_in_verified_WoS_query_#5,verified
EC_EV_001380,EC_EV_FINAL_SCOPE,membership_in_verified_WoS_query_#5,verified
EC_EV_001381,EC_EV_FINAL_SCOPE,membership_in_verified_WoS_query_#5,verified
EC_EV_001382,EC_EV_FINAL_SCOPE,membership_in_verified_WoS_query_#5,verified
EC_EV_001383,EC_EV_FINAL_SCOPE,membership_in_verified_WoS_query_#5,verified
EC_EV_001384,EC_EV_FINAL_SCOPE,membership_in_verified_WoS_query_#5,verified
EC_EV_001385,EC_EV_FINAL_SCOPE,membership_in_verified_WoS_query_#5,verified
EC_EV_001386,EC_EV_FINAL_SCOPE,membership_in_verified_WoS_query_#5,verified
EC_EV_001387,EC_EV_FINAL_SCOPE,membership_in_verified_WoS_query_#5,verified
EC_EV_001388,EC_EV_FINAL_SCOPE,membership_in_verified_WoS_query_#5,verified
EC_EV_001389,EC_EV_FINAL_SCOPE,membership_in_verified_WoS_query_#5,verified
EC_EV_001390,EC_EV_FINAL_SCOPE,membership_in_verified_WoS_query_#5,verified
EC_EV_001391,EC_EV_FINAL_SCOPE,membership_in_verified_WoS_query_#5,verified
EC_EV_001392,EC_EV_FINAL_SCOPE,membership_in_verified_WoS_query_#5,verified
EC_EV_001393,EC_EV_FINAL_SCOPE,membership_in_verified_WoS_query_#5,verified
EC_EV_001394,EC_EV_FINAL_SCOPE,membership_in_verified_WoS_query_#5,verified
EC_EV_001395,EC_EV_FINAL_SCOPE,membership_in_verified_WoS_query_#5,verified
EC_EV_001396,EC_EV_FINAL_SCOPE,membership_in_verified_WoS_query_#5,verified
EC_EV_001397,EC_EV_FINAL_SCOPE,membership_in_verified_WoS_query_#5,verified
EC_EV_001398,EC_EV_FINAL_SCOPE,membership_in_verified_WoS_query_#5,verified
EC_EV_001399,EC_EV_FINAL_SCOPE,membership_in_verified_WoS_query_#5,verified
EC_EV_001400,EC_EV_FINAL_SCOPE,membership_in_verified_WoS_query_#5,verified
EC_EV_001401,EC_EV_FINAL_SCOPE,membership_in_verified_WoS_query_#5,verified
EC_EV_001402,EC_EV_FINAL_SCOPE,membership_in_verified_WoS_query_#5,verified
EC_EV_001403,EC_EV_FINAL_SCOPE,membership_in_verified_WoS_query_#5,verified
EC_EV_001404,EC_EV_FINAL_SCOPE,membership_in_verified_WoS_query_#5,verified
EC_EV_001405,EC_EV_FINAL_SCOPE,membership_in_verified_WoS_query_#5,verified
EC_EV_001406,EC_EV_FINAL_SCOPE,membership_in_verified_WoS_query_#5,verified
EC_EV_001407,EC_EV_FINAL_SCOPE,membership_in_verified_WoS_query_#5,verified
EC_EV_001408,EC_EV_FINAL_SCOPE,membership_in_verified_WoS_query_#5,verified
EC_EV_001409,EC_EV_FINAL_SCOPE,membership_in_verified_WoS_query_#5,verified
EC_EV_001410,EC_EV_FINAL_SCOPE,membership_in_verified_WoS_query_#5,verified
EC_EV_001411,EC_EV_FINAL_SCOPE,membership_in_verified_WoS_query_#5,verified
EC_EV_001412,EC_EV_FINAL_SCOPE,membership_in_verified_WoS_query_#5,verified
EC_EV_001413,EC_EV_FINAL_SCOPE,membership_in_verified_WoS_query_#5,verified
EC_EV_001414,EC_EV_FINAL_SCOPE,membership_in_verified_WoS_query_#5,verified
EC_EV_001415,EC_EV_FINAL_SCOPE,membership_in_verified_WoS_query_#5,verified
EC_EV_001416,EC_EV_FINAL_SCOPE,membership_in_verified_WoS_query_#5,verified
EC_EV_001417,EC_EV_FINAL_SCOPE,membership_in_verified_WoS_query_#5,verified
EC_EV_001418,EC_EV_FINAL_SCOPE,membership_in_verified_WoS_query_#5,verified
EC_EV_001419,EC_EV_FINAL_SCOPE,membership_in_verified_WoS_query_#5,verified
EC_EV_001420,EC_EV_FINAL_SCOPE,membership_in_verified_WoS_query_#5,verified
EC_EV_001421,EC_EV_FINAL_SCOPE,membership_in_verified_WoS_query_#5,verified
EC_EV_001422,EC_EV_FINAL_SCOPE,membership_in_verified_WoS_query_#5,verified
EC_EV_001423,EC_EV_FINAL_SCOPE,membership_in_verified_WoS_query_#5,verified
EC_EV_001424,EC_EV_FINAL_SCOPE,membership_in_verified_WoS_query_#5,verified
EC_EV_001425,EC_EV_FINAL_SCOPE,membership_in_verified_WoS_query_#5,verified
EC_EV_001426,EC_EV_FINAL_SCOPE,membership_in_verified_WoS_query_#5,verified
EC_EV_001427,EC_EV_FINAL_SCOPE,membership_in_verified_WoS_query_#5,verified
EC_EV_001428,EC_EV_FINAL_SCOPE,membership_in_verified_WoS_query_#5,verified
EC_EV_001429,EC_EV_FINAL_SCOPE,membership_in_verified_WoS_query_#5,verified
EC_EV_001430,EC_EV_FINAL_SCOPE,membership_in_verified_WoS_query_#5,verified
EC_EV_001431,EC_EV_FINAL_SCOPE,membership_in_verified_WoS_query_#5,verified
EC_EV_001432,EC_EV_FINAL_SCOPE,membership_in_verified_WoS_query_#5,verified
EC_EV_001433,EC_EV_FINAL_SCOPE,membership_in_verified_WoS_query_#5,verified
EC_EV_001434,EC_EV_FINAL_SCOPE,membership_in_verified_WoS_query_#5,verified
EC_EV_001435,EC_EV_FINAL_SCOPE,membership_in_verified_WoS_query_#5,verified
EC_EV_001436,EC_EV_FINAL_SCOPE,membership_in_verified_WoS_query_#5,verified
EC_EV_001437,EC_EV_FINAL_SCOPE,membership_in_verified_WoS_query_#5,verified
EC_EV_001438,EC_EV_FINAL_SCOPE,membership_in_verified_WoS_query_#5,verified
EC_EV_001439,EC_EV_FINAL_SCOPE,membership_in_verified_WoS_query_#5,verified
EC_EV_001440,EC_EV_FINAL_SCOPE,membership_in_verified_WoS_query_#5,verified
EC_EV_001441,EC_EV_FINAL_SCOPE,membership_in_verified_WoS_query_#5,verified
EC_EV_001442,EC_EV_FINAL_SCOPE,membership_in_verified_WoS_query_#5,verified
EC_EV_001443,EC_EV_FINAL_SCOPE,membership_in_verified_WoS_query_#5,verified
EC_EV_001444,EC_EV_FINAL_SCOPE,membership_in_verified_WoS_query_#5,verified
EC_EV_001445,EC_EV_FINAL_SCOPE,membership_in_verified_WoS_query_#5,verified
EC_EV_001446,EC_EV_FINAL_SCOPE,membership_in_verified_WoS_query_#5,verified
EC_EV_001447,EC_EV_FINAL_SCOPE,membership_in_verified_WoS_query_#5,verified
EC_EV_001448,EC_EV_FINAL_SCOPE,membership_in_verified_WoS_query_#5,verified
EC_EV_001449,EC_EV_FINAL_SCOPE,membership_in_verified_WoS_query_#5,verified
EC_EV_001450,EC_EV_FINAL_SCOPE,membership_in_verified_WoS_query_#5,verified
EC_EV_001451,EC_EV_FINAL_SCOPE,membership_in_verified_WoS_query_#5,verified
EC_EV_001452,EC_EV_FINAL_SCOPE,membership_in_verified_WoS_query_#5,verified
EC_EV_001453,EC_EV_FINAL_SCOPE,membership_in_verified_WoS_query_#5,verified
EC_EV_001454,EC_EV_FINAL_SCOPE,membership_in_verified_WoS_query_#5,verified
EC_EV_001455,EC_EV_FINAL_SCOPE,membership_in_verified_WoS_query_#5,verified
EC_EV_001456,EC_EV_FINAL_SCOPE,membership_in_verified_WoS_query_#5,verified
EC_EV_001457,EC_EV_FINAL_SCOPE,membership_in_verified_WoS_query_#5,verified
EC_EV_001458,EC_EV_FINAL_SCOPE,membership_in_verified_WoS_query_#5,verified
EC_EV_001459,EC_EV_FINAL_SCOPE,membership_in_verified_WoS_query_#5,verified
EC_EV_001460,EC_EV_FINAL_SCOPE,membership_in_verified_WoS_query_#5,verified
EC_EV_001461,EC_EV_FINAL_SCOPE,membership_in_verified_WoS_query_#5,verified
EC_EV_001462,EC_EV_FINAL_SCOPE,membership_in_verified_WoS_query_#5,verified
EC_EV_001463,EC_EV_FINAL_SCOPE,membership_in_verified_WoS_query_#5,verified
EC_EV_001464,EC_EV_FINAL_SCOPE,membership_in_verified_WoS_query_#5,verified
EC_EV_001465,EC_EV_FINAL_SCOPE,membership_in_verified_WoS_query_#5,verified
EC_EV_001466,EC_EV_FINAL_SCOPE,membership_in_verified_WoS_query_#5,verified
EC_EV_001467,EC_EV_FINAL_SCOPE,membership_in_verified_WoS_query_#5,verified
EC_EV_001468,EC_EV_FINAL_SCOPE,membership_in_verified_WoS_query_#5,verified
EC_EV_001469,EC_EV_FINAL_SCOPE,membership_in_verified_WoS_query_#5,verified
EC_EV_001470,EC_EV_FINAL_SCOPE,membership_in_verified_WoS_query_#5,verified
EC_EV_001471,EC_EV_FINAL_SCOPE,membership_in_verified_WoS_query_#5,verified
EC_EV_001472,EC_EV_FINAL_SCOPE,membership_in_verified_WoS_query_#5,verified
EC_EV_001473,EC_EV_FINAL_SCOPE,membership_in_verified_WoS_query_#5,verified
EC_EV_001474,EC_EV_FINAL_SCOPE,membership_in_verified_WoS_query_#5,verified
EC_EV_001475,EC_EV_FINAL_SCOPE,membership_in_verified_WoS_query_#5,verified
EC_EV_001476,EC_EV_FINAL_SCOPE,membership_in_verified_WoS_query_#5,verified
EC_EV_001477,EC_EV_FINAL_SCOPE,membership_in_verified_WoS_query_#5,verified
EC_EV_001478,EC_EV_FINAL_SCOPE,membership_in_verified_WoS_query_#5,verified
EC_EV_001479,EC_EV_FINAL_SCOPE,membership_in_verified_WoS_query_#5,verified
EC_EV_001480,EC_EV_FINAL_SCOPE,membership_in_verified_WoS_query_#5,verified
EC_EV_001481,EC_EV_FINAL_SCOPE,membership_in_verified_WoS_query_#5,verified
EC_EV_001482,EC_EV_FINAL_SCOPE,membership_in_verified_WoS_query_#5,verified
EC_EV_001483,EC_EV_FINAL_SCOPE,membership_in_verified_WoS_query_#5,verified
EC_EV_001484,EC_EV_FINAL_SCOPE,membership_in_verified_WoS_query_#5,verified
EC_EV_001485,EC_EV_FINAL_SCOPE,membership_in_verified_WoS_query_#5,verified
EC_EV_001486,EC_EV_FINAL_SCOPE,membership_in_verified_WoS_query_#5,verified
EC_EV_001487,EC_EV_FINAL_SCOPE,membership_in_verified_WoS_query_#5,verified
EC_EV_001488,EC_EV_FINAL_SCOPE,membership_in_verified_WoS_query_#5,verified
EC_EV_001489,EC_EV_FINAL_SCOPE,membership_in_verified_WoS_query_#5,verified
EC_EV_001490,EC_EV_FINAL_SCOPE,membership_in_verified_WoS_query_#5,verified
EC_EV_001491,EC_EV_FINAL_SCOPE,membership_in_verified_WoS_query_#5,verified
EC_EV_001492,EC_EV_FINAL_SCOPE,membership_in_verified_WoS_query_#5,verified
EC_EV_001493,EC_EV_FINAL_SCOPE,membership_in_verified_WoS_query_#5,verified
EC_EV_001494,EC_EV_FINAL_SCOPE,membership_in_verified_WoS_query_#5,verified
EC_EV_001495,EC_EV_FINAL_SCOPE,membership_in_verified_WoS_query_#5,verified
EC_EV_001496,EC_EV_FINAL_SCOPE,membership_in_verified_WoS_query_#5,verified
EC_EV_001497,EC_EV_FINAL_SCOPE,membership_in_verified_WoS_query_#5,verified
EC_EV_001498,EC_EV_FINAL_SCOPE,membership_in_verified_WoS_query_#5,verified
EC_EV_001499,EC_EV_FINAL_SCOPE,membership_in_verified_WoS_query_#5,verified
EC_EV_001500,EC_EV_FINAL_SCOPE,membership_in_verified_WoS_query_#5,verified
EC_EV_001501,EC_EV_FINAL_SCOPE,membership_in_verified_WoS_query_#5,verified
EC_EV_001502,EC_EV_FINAL_SCOPE,membership_in_verified_WoS_query_#5,verified
EC_EV_001503,EC_EV_FINAL_SCOPE,membership_in_verified_WoS_query_#5,verified
EC_EV_001504,EC_EV_FINAL_SCOPE,membership_in_verified_WoS_query_#5,verified
EC_EV_001505,EC_EV_FINAL_SCOPE,membership_in_verified_WoS_query_#5,verified
EC_EV_001506,EC_EV_FINAL_SCOPE,membership_in_verified_WoS_query_#5,verified
EC_EV_001507,EC_EV_FINAL_SCOPE,membership_in_verified_WoS_query_#5,verified
EC_EV_001508,EC_EV_FINAL_SCOPE,membership_in_verified_WoS_query_#5,verified
EC_EV_001509,EC_EV_FINAL_SCOPE,membership_in_verified_WoS_query_#5,verified
EC_EV_001510,EC_EV_FINAL_SCOPE,membership_in_verified_WoS_query_#5,verified
EC_EV_001511,EC_EV_FINAL_SCOPE,membership_in_verified_WoS_query_#5,verified
EC_EV_001512,EC_EV_FINAL_SCOPE,membership_in_verified_WoS_query_#5,verified
EC_EV_001513,EC_EV_FINAL_SCOPE,membership_in_verified_WoS_query_#5,verified
EC_EV_001514,EC_EV_FINAL_SCOPE,membership_in_verified_WoS_query_#5,verified
EC_EV_001515,EC_EV_FINAL_SCOPE,membership_in_verified_WoS_query_#5,verified
EC_EV_001516,EC_EV_FINAL_SCOPE,membership_in_verified_WoS_query_#5,verified
EC_EV_001517,EC_EV_FINAL_SCOPE,membership_in_verified_WoS_query_#5,verified
EC_EV_001518,EC_EV_FINAL_SCOPE,membership_in_verified_WoS_query_#5,verified
EC_EV_001519,EC_EV_FINAL_SCOPE,membership_in_verified_WoS_query_#5,verified
EC_EV_001520,EC_EV_FINAL_SCOPE,membership_in_verified_WoS_query_#5,verified
EC_EV_001521,EC_EV_FINAL_SCOPE,membership_in_verified_WoS_query_#5,verified
EC_EV_001522,EC_EV_FINAL_SCOPE,membership_in_verified_WoS_query_#5,verified
EC_EV_001523,EC_EV_FINAL_SCOPE,membership_in_verified_WoS_query_#5,verified
EC_EV_001524,EC_EV_FINAL_SCOPE,membership_in_verified_WoS_query_#5,verified
EC_EV_001525,EC_EV_FINAL_SCOPE,membership_in_verified_WoS_query_#5,verified
EC_EV_001526,EC_EV_FINAL_SCOPE,membership_in_verified_WoS_query_#5,verified
EC_EV_001527,EC_EV_FINAL_SCOPE,membership_in_verified_WoS_query_#5,verified
EC_EV_001528,EC_EV_FINAL_SCOPE,membership_in_verified_WoS_query_#5,verified
EC_EV_001529,EC_EV_FINAL_SCOPE,membership_in_verified_WoS_query_#5,verified
EC_EV_001530,EC_EV_FINAL_SCOPE,membership_in_verified_WoS_query_#5,verified
EC_EV_001531,EC_EV_FINAL_SCOPE,membership_in_verified_WoS_query_#5,verified
EC_EV_001532,EC_EV_FINAL_SCOPE,membership_in_verified_WoS_query_#5,verified
EC_EV_001533,EC_EV_FINAL_SCOPE,membership_in_verified_WoS_query_#5,verified
EC_EV_001534,EC_EV_FINAL_SCOPE,membership_in_verified_WoS_query_#5,verified
EC_EV_001535,EC_EV_FINAL_SCOPE,membership_in_verified_WoS_query_#5,verified
EC_EV_001536,EC_EV_FINAL_SCOPE,membership_in_verified_WoS_query_#5,verified
EC_EV_001537,EC_EV_FINAL_SCOPE,membership_in_verified_WoS_query_#5,verified
EC_EV_001538,EC_EV_FINAL_SCOPE,membership_in_verified_WoS_query_#5,verified
EC_EV_001539,EC_EV_FINAL_SCOPE,membership_in_verified_WoS_query_#5,verified
EC_EV_001540,EC_EV_FINAL_SCOPE,membership_in_verified_WoS_query_#5,verified
EC_EV_001541,EC_EV_FINAL_SCOPE,membership_in_verified_WoS_query_#5,verified
EC_EV_001542,EC_EV_FINAL_SCOPE,membership_in_verified_WoS_query_#5,verified
EC_EV_001543,EC_EV_FINAL_SCOPE,membership_in_verified_WoS_query_#5,verified
EC_EV_001544,EC_EV_FINAL_SCOPE,membership_in_verified_WoS_query_#5,verified
EC_EV_001545,EC_EV_FINAL_SCOPE,membership_in_verified_WoS_query_#5,verified
EC_EV_001546,EC_EV_FINAL_SCOPE,membership_in_verified_WoS_query_#5,verified
EC_EV_001547,EC_EV_FINAL_SCOPE,membership_in_verified_WoS_query_#5,verified
EC_EV_001548,EC_EV_FINAL_SCOPE,membership_in_verified_WoS_query_#5,verified
EC_EV_001549,EC_EV_FINAL_SCOPE,membership_in_verified_WoS_query_#5,verified
EC_EV_001550,EC_EV_FINAL_SCOPE,membership_in_verified_WoS_query_#5,verified
EC_EV_001551,EC_EV_FINAL_SCOPE,membership_in_verified_WoS_query_#5,verified
EC_EV_001552,EC_EV_FINAL_SCOPE,membership_in_verified_WoS_query_#5,verified
EC_EV_001553,EC_EV_FINAL_SCOPE,membership_in_verified_WoS_query_#5,verified
EC_EV_001554,EC_EV_FINAL_SCOPE,membership_in_verified_WoS_query_#5,verified
EC_EV_001555,EC_EV_FINAL_SCOPE,membership_in_verified_WoS_query_#5,verified
EC_EV_001556,EC_EV_FINAL_SCOPE,membership_in_verified_WoS_query_#5,verified
EC_EV_001557,EC_EV_FINAL_SCOPE,membership_in_verified_WoS_query_#5,verified
EC_EV_001558,EC_EV_FINAL_SCOPE,membership_in_verified_WoS_query_#5,verified
EC_EV_001559,EC_EV_FINAL_SCOPE,membership_in_verified_WoS_query_#5,verified
EC_EV_001560,EC_EV_FINAL_SCOPE,membership_in_verified_WoS_query_#5,verified
EC_EV_001561,EC_EV_FINAL_SCOPE,membership_in_verified_WoS_query_#5,verified
EC_EV_001562,EC_EV_FINAL_SCOPE,membership_in_verified_WoS_query_#5,verified
EC_EV_001563,EC_EV_FINAL_SCOPE,membership_in_verified_WoS_query_#5,verified
EC_EV_001564,EC_EV_FINAL_SCOPE,membership_in_verified_WoS_query_#5,verified
EC_EV_001565,EC_EV_FINAL_SCOPE,membership_in_verified_WoS_query_#5,verified
EC_EV_001566,EC_EV_FINAL_SCOPE,membership_in_verified_WoS_query_#5,verified
EC_EV_001567,EC_EV_FINAL_SCOPE,membership_in_verified_WoS_query_#5,verified
EC_EV_001568,EC_EV_FINAL_SCOPE,membership_in_verified_WoS_query_#5,verified
EC_EV_001569,EC_EV_FINAL_SCOPE,membership_in_verified_WoS_query_#5,verified
EC_EV_001570,EC_EV_FINAL_SCOPE,membership_in_verified_WoS_query_#5,verified
EC_EV_001571,EC_EV_FINAL_SCOPE,membership_in_verified_WoS_query_#5,verified
EC_EV_001572,EC_EV_FINAL_SCOPE,membership_in_verified_WoS_query_#5,verified
EC_EV_001573,EC_EV_FINAL_SCOPE,membership_in_verified_WoS_query_#5,verified
EC_EV_001574,EC_EV_FINAL_SCOPE,membership_in_verified_WoS_query_#5,verified
EC_EV_001575,EC_EV_FINAL_SCOPE,membership_in_verified_WoS_query_#5,verified
EC_EV_001576,EC_EV_FINAL_SCOPE,membership_in_verified_WoS_query_#5,verified
EC_EV_001577,EC_EV_FINAL_SCOPE,membership_in_verified_WoS_query_#5,verified
EC_EV_001578,EC_EV_FINAL_SCOPE,membership_in_verified_WoS_query_#5,verified
EC_EV_001579,EC_EV_FINAL_SCOPE,membership_in_verified_WoS_query_#5,verified
EC_EV_001580,EC_EV_FINAL_SCOPE,membership_in_verified_WoS_query_#5,verified
EC_EV_001581,EC_EV_FINAL_SCOPE,membership_in_verified_WoS_query_#5,verified
EC_EV_001582,EC_EV_FINAL_SCOPE,membership_in_verified_WoS_query_#5,verified
EC_EV_001583,EC_EV_FINAL_SCOPE,membership_in_verified_WoS_query_#5,verified
EC_EV_001584,EC_EV_FINAL_SCOPE,membership_in_verified_WoS_query_#5,verified
EC_EV_001585,EC_EV_FINAL_SCOPE,membership_in_verified_WoS_query_#5,verified
EC_EV_001586,EC_EV_FINAL_SCOPE,membership_in_verified_WoS_query_#5,verified
EC_EV_001587,EC_EV_FINAL_SCOPE,membership_in_verified_WoS_query_#5,verified
EC_EV_001588,EC_EV_FINAL_SCOPE,membership_in_verified_WoS_query_#5,verified
EC_EV_001589,EC_EV_FINAL_SCOPE,membership_in_verified_WoS_query_#5,verified
EC_EV_001590,EC_EV_FINAL_SCOPE,membership_in_verified_WoS_query_#5,verified
EC_EV_001591,EC_EV_FINAL_SCOPE,membership_in_verified_WoS_query_#5,verified
EC_EV_001592,EC_EV_FINAL_SCOPE,membership_in_verified_WoS_query_#5,verified
EC_EV_001593,EC_EV_FINAL_SCOPE,membership_in_verified_WoS_query_#5,verified
EC_EV_001594,EC_EV_FINAL_SCOPE,membership_in_verified_WoS_query_#5,verified
EC_EV_001595,EC_EV_FINAL_SCOPE,membership_in_verified_WoS_query_#5,verified
EC_EV_001596,EC_EV_FINAL_SCOPE,membership_in_verified_WoS_query_#5,verified
EC_EV_001597,EC_EV_FINAL_SCOPE,membership_in_verified_WoS_query_#5,verified
EC_EV_001598,EC_EV_FINAL_SCOPE,membership_in_verified_WoS_query_#5,verified
EC_EV_001599,EC_EV_FINAL_SCOPE,membership_in_verified_WoS_query_#5,verified
EC_EV_001600,EC_EV_FINAL_SCOPE,membership_in_verified_WoS_query_#5,verified
EC_EV_001601,EC_EV_FINAL_SCOPE,membership_in_verified_WoS_query_#5,verified
EC_EV_001602,EC_EV_FINAL_SCOPE,membership_in_verified_WoS_query_#5,verified
EC_EV_001603,EC_EV_FINAL_SCOPE,membership_in_verified_WoS_query_#5,verified
EC_EV_001604,EC_EV_FINAL_SCOPE,membership_in_verified_WoS_query_#5,verified
EC_EV_001605,EC_EV_FINAL_SCOPE,membership_in_verified_WoS_query_#5,verified
EC_EV_001606,EC_EV_FINAL_SCOPE,membership_in_verified_WoS_query_#5,verified
EC_EV_001607,EC_EV_FINAL_SCOPE,membership_in_verified_WoS_query_#5,verified
EC_EV_001608,EC_EV_FINAL_SCOPE,membership_in_verified_WoS_query_#5,verified
EC_EV_001609,EC_EV_FINAL_SCOPE,membership_in_verified_WoS_query_#5,verified
EC_EV_001610,EC_EV_FINAL_SCOPE,membership_in_verified_WoS_query_#5,verified
EC_EV_001611,EC_EV_FINAL_SCOPE,membership_in_verified_WoS_query_#5,verified
EC_EV_001612,EC_EV_FINAL_SCOPE,membership_in_verified_WoS_query_#5,verified
EC_EV_001613,EC_EV_FINAL_SCOPE,membership_in_verified_WoS_query_#5,verified
EC_EV_001614,EC_EV_FINAL_SCOPE,membership_in_verified_WoS_query_#5,verified
EC_EV_001615,EC_EV_FINAL_SCOPE,membership_in_verified_WoS_query_#5,verified
EC_EV_001616,EC_EV_FINAL_SCOPE,membership_in_verified_WoS_query_#5,verified
EC_EV_001617,EC_EV_FINAL_SCOPE,membership_in_verified_WoS_query_#5,verified
EC_EV_001618,EC_EV_FINAL_SCOPE,membership_in_verified_WoS_query_#5,verified
EC_EV_001619,EC_EV_FINAL_SCOPE,membership_in_verified_WoS_query_#5,verified
EC_EV_001620,EC_EV_FINAL_SCOPE,membership_in_verified_WoS_query_#5,verified
EC_EV_001621,EC_EV_FINAL_SCOPE,membership_in_verified_WoS_query_#5,verified
EC_EV_001622,EC_EV_FINAL_SCOPE,membership_in_verified_WoS_query_#5,verified
EC_EV_001623,EC_EV_FINAL_SCOPE,membership_in_verified_WoS_query_#5,verified
EC_EV_001624,EC_EV_FINAL_SCOPE,membership_in_verified_WoS_query_#5,verified
EC_EV_001625,EC_EV_FINAL_SCOPE,membership_in_verified_WoS_query_#5,verified
EC_EV_001626,EC_EV_FINAL_SCOPE,membership_in_verified_WoS_query_#5,verified
EC_EV_001627,EC_EV_FINAL_SCOPE,membership_in_verified_WoS_query_#5,verified
EC_EV_001628,EC_EV_FINAL_SCOPE,membership_in_verified_WoS_query_#5,verified
EC_EV_001629,EC_EV_FINAL_SCOPE,membership_in_verified_WoS_query_#5,verified
EC_EV_001630,EC_EV_FINAL_SCOPE,membership_in_verified_WoS_query_#5,verified
EC_EV_001631,EC_EV_FINAL_SCOPE,membership_in_verified_WoS_query_#5,verified
EC_EV_001632,EC_EV_FINAL_SCOPE,membership_in_verified_WoS_query_#5,verified
EC_EV_001633,EC_EV_FINAL_SCOPE,membership_in_verified_WoS_query_#5,verified
EC_EV_001634,EC_EV_FINAL_SCOPE,membership_in_verified_WoS_query_#5,verified
EC_EV_001635,EC_EV_FINAL_SCOPE,membership_in_verified_WoS_query_#5,verified
EC_EV_001636,EC_EV_FINAL_SCOPE,membership_in_verified_WoS_query_#5,verified
EC_EV_001637,EC_EV_FINAL_SCOPE,membership_in_verified_WoS_query_#5,verified
EC_EV_001638,EC_EV_FINAL_SCOPE,membership_in_verified_WoS_query_#5,verified
EC_EV_001639,EC_EV_FINAL_SCOPE,membership_in_verified_WoS_query_#5,verified
EC_EV_001640,EC_EV_FINAL_SCOPE,membership_in_verified_WoS_query_#5,verified
EC_EV_001641,EC_EV_FINAL_SCOPE,membership_in_verified_WoS_query_#5,verified
EC_EV_001642,EC_EV_FINAL_SCOPE,membership_in_verified_WoS_query_#5,verified
EC_EV_001643,EC_EV_FINAL_SCOPE,membership_in_verified_WoS_query_#5,verified
EC_EV_001644,EC_EV_FINAL_SCOPE,membership_in_verified_WoS_query_#5,verified
EC_EV_001645,EC_EV_FINAL_SCOPE,membership_in_verified_WoS_query_#5,verified
EC_EV_001646,EC_EV_FINAL_SCOPE,membership_in_verified_WoS_query_#5,verified
EC_EV_001647,EC_EV_FINAL_SCOPE,membership_in_verified_WoS_query_#5,verified
EC_EV_001648,EC_EV_FINAL_SCOPE,membership_in_verified_WoS_query_#5,verified
EC_EV_001649,EC_EV_FINAL_SCOPE,membership_in_verified_WoS_query_#5,verified
EC_EV_001650,EC_EV_FINAL_SCOPE,membership_in_verified_WoS_query_#5,verified
EC_EV_001651,EC_EV_FINAL_SCOPE,membership_in_verified_WoS_query_#5,verified
EC_EV_001652,EC_EV_FINAL_SCOPE,membership_in_verified_WoS_query_#5,verified
EC_EV_001653,EC_EV_FINAL_SCOPE,membership_in_verified_WoS_query_#5,verified
EC_EV_001654,EC_EV_FINAL_SCOPE,membership_in_verified_WoS_query_#5,verified
EC_EV_001655,EC_EV_FINAL_SCOPE,membership_in_verified_WoS_query_#5,verified
EC_EV_001656,EC_EV_FINAL_SCOPE,membership_in_verified_WoS_query_#5,verified
EC_EV_001657,EC_EV_FINAL_SCOPE,membership_in_verified_WoS_query_#5,verified
EC_EV_001658,EC_EV_FINAL_SCOPE,membership_in_verified_WoS_query_#5,verified
EC_EV_001659,EC_EV_FINAL_SCOPE,membership_in_verified_WoS_query_#5,verified
EC_EV_001660,EC_EV_FINAL_SCOPE,membership_in_verified_WoS_query_#5,verified
EC_EV_001661,EC_EV_FINAL_SCOPE,membership_in_verified_WoS_query_#5,verified
EC_EV_001662,EC_EV_FINAL_SCOPE,membership_in_verified_WoS_query_#5,verified
EC_EV_001663,EC_EV_FINAL_SCOPE,membership_in_verified_WoS_query_#5,verified
EC_EV_001664,EC_EV_FINAL_SCOPE,membership_in_verified_WoS_query_#5,verified
EC_EV_001665,EC_EV_FINAL_SCOPE,membership_in_verified_WoS_query_#5,verified
EC_EV_001666,EC_EV_FINAL_SCOPE,membership_in_verified_WoS_query_#5,verified
EC_EV_001667,EC_EV_FINAL_SCOPE,membership_in_verified_WoS_query_#5,verified
EC_EV_001668,EC_EV_FINAL_SCOPE,membership_in_verified_WoS_query_#5,verified
EC_EV_001669,EC_EV_FINAL_SCOPE,membership_in_verified_WoS_query_#5,verified
EC_EV_001670,EC_EV_FINAL_SCOPE,membership_in_verified_WoS_query_#5,verified
EC_EV_001671,EC_EV_FINAL_SCOPE,membership_in_verified_WoS_query_#5,verified
EC_EV_001672,EC_EV_FINAL_SCOPE,membership_in_verified_WoS_query_#5,verified
EC_EV_001673,EC_EV_FINAL_SCOPE,membership_in_verified_WoS_query_#5,verified
EC_EV_001674,EC_EV_FINAL_SCOPE,membership_in_verified_WoS_query_#5,verified
EC_EV_001675,EC_EV_FINAL_SCOPE,membership_in_verified_WoS_query_#5,verified
EC_EV_001676,EC_EV_FINAL_SCOPE,membership_in_verified_WoS_query_#5,verified
EC_EV_001677,EC_EV_FINAL_SCOPE,membership_in_verified_WoS_query_#5,verified
EC_EV_001678,EC_EV_FINAL_SCOPE,membership_in_verified_WoS_query_#5,verified
EC_EV_001679,EC_EV_FINAL_SCOPE,membership_in_verified_WoS_query_#5,verified
EC_EV_001680,EC_EV_FINAL_SCOPE,membership_in_verified_WoS_query_#5,verified
EC_EV_001681,EC_EV_FINAL_SCOPE,membership_in_verified_WoS_query_#5,verified
EC_EV_001682,EC_EV_FINAL_SCOPE,membership_in_verified_WoS_query_#5,verified
EC_EV_001683,EC_EV_FINAL_SCOPE,membership_in_verified_WoS_query_#5,verified
EC_EV_001684,EC_EV_FINAL_SCOPE,membership_in_verified_WoS_query_#5,verified
EC_EV_001685,EC_EV_FINAL_SCOPE,membership_in_verified_WoS_query_#5,verified
EC_EV_001686,EC_EV_FINAL_SCOPE,membership_in_verified_WoS_query_#5,verified
EC_EV_001687,EC_EV_FINAL_SCOPE,membership_in_verified_WoS_query_#5,verified
EC_EV_001688,EC_EV_FINAL_SCOPE,membership_in_verified_WoS_query_#5,verified
EC_EV_001689,EC_EV_FINAL_SCOPE,membership_in_verified_WoS_query_#5,verified
EC_EV_001690,EC_EV_FINAL_SCOPE,membership_in_verified_WoS_query_#5,verified
EC_EV_001691,EC_EV_FINAL_SCOPE,membership_in_verified_WoS_query_#5,verified
EC_EV_001692,EC_EV_FINAL_SCOPE,membership_in_verified_WoS_query_#5,verified
EC_EV_001693,EC_EV_FINAL_SCOPE,membership_in_verified_WoS_query_#5,verified
EC_EV_001694,EC_EV_FINAL_SCOPE,membership_in_verified_WoS_query_#5,verified
EC_EV_001695,EC_EV_FINAL_SCOPE,membership_in_verified_WoS_query_#5,verified
EC_EV_001696,EC_EV_FINAL_SCOPE,membership_in_verified_WoS_query_#5,verified
EC_EV_001697,EC_EV_FINAL_SCOPE,membership_in_verified_WoS_query_#5,verified
EC_EV_001698,EC_EV_FINAL_SCOPE,membership_in_verified_WoS_query_#5,verified
EC_EV_001699,EC_EV_FINAL_SCOPE,membership_in_verified_WoS_query_#5,verified
EC_EV_001700,EC_EV_FINAL_SCOPE,membership_in_verified_WoS_query_#5,verified
EC_EV_001701,EC_EV_FINAL_SCOPE,membership_in_verified_WoS_query_#5,verified
EC_EV_001702,EC_EV_FINAL_SCOPE,membership_in_verified_WoS_query_#5,verified
EC_EV_001703,EC_EV_FINAL_SCOPE,membership_in_verified_WoS_query_#5,verified
EC_EV_001704,EC_EV_FINAL_SCOPE,membership_in_verified_WoS_query_#5,verified
EC_EV_001705,EC_EV_FINAL_SCOPE,membership_in_verified_WoS_query_#5,verified
EC_EV_001706,EC_EV_FINAL_SCOPE,membership_in_verified_WoS_query_#5,verified
EC_EV_001707,EC_EV_FINAL_SCOPE,membership_in_verified_WoS_query_#5,verified
EC_EV_001708,EC_EV_FINAL_SCOPE,membership_in_verified_WoS_query_#5,verified
EC_EV_001709,EC_EV_FINAL_SCOPE,membership_in_verified_WoS_query_#5,verified
EC_EV_001710,EC_EV_FINAL_SCOPE,membership_in_verified_WoS_query_#5,verified
EC_EV_001711,EC_EV_FINAL_SCOPE,membership_in_verified_WoS_query_#5,verified
EC_EV_001712,EC_EV_FINAL_SCOPE,membership_in_verified_WoS_query_#5,verified
EC_EV_001713,EC_EV_FINAL_SCOPE,membership_in_verified_WoS_query_#5,verified
EC_EV_001714,EC_EV_FINAL_SCOPE,membership_in_verified_WoS_query_#5,verified
EC_EV_001715,EC_EV_FINAL_SCOPE,membership_in_verified_WoS_query_#5,verified
EC_EV_001716,EC_EV_FINAL_SCOPE,membership_in_verified_WoS_query_#5,verified
EC_EV_001717,EC_EV_FINAL_SCOPE,membership_in_verified_WoS_query_#5,verified
EC_EV_001718,EC_EV_FINAL_SCOPE,membership_in_verified_WoS_query_#5,verified
EC_EV_001719,EC_EV_FINAL_SCOPE,membership_in_verified_WoS_query_#5,verified
EC_EV_001720,EC_EV_FINAL_SCOPE,membership_in_verified_WoS_query_#5,verified
EC_EV_001721,EC_EV_FINAL_SCOPE,membership_in_verified_WoS_query_#5,verified
EC_EV_001722,EC_EV_FINAL_SCOPE,membership_in_verified_WoS_query_#5,verified
EC_EV_001723,EC_EV_FINAL_SCOPE,membership_in_verified_WoS_query_#5,verified
EC_EV_001724,EC_EV_FINAL_SCOPE,membership_in_verified_WoS_query_#5,verified
EC_EV_001725,EC_EV_FINAL_SCOPE,membership_in_verified_WoS_query_#5,verified
EC_EV_001726,EC_EV_FINAL_SCOPE,membership_in_verified_WoS_query_#5,verified
EC_EV_001727,EC_EV_FINAL_SCOPE,membership_in_verified_WoS_query_#5,verified
EC_EV_001728,EC_EV_FINAL_SCOPE,membership_in_verified_WoS_query_#5,verified
EC_EV_001729,EC_EV_FINAL_SCOPE,membership_in_verified_WoS_query_#5,verified
EC_EV_001730,EC_EV_FINAL_SCOPE,membership_in_verified_WoS_query_#5,verified
EC_EV_001731,EC_EV_FINAL_SCOPE,membership_in_verified_WoS_query_#5,verified
EC_EV_001732,EC_EV_FINAL_SCOPE,membership_in_verified_WoS_query_#5,verified
EC_EV_001733,EC_EV_FINAL_SCOPE,membership_in_verified_WoS_query_#5,verified
EC_EV_001734,EC_EV_FINAL_SCOPE,membership_in_verified_WoS_query_#5,verified
EC_EV_001735,EC_EV_FINAL_SCOPE,membership_in_verified_WoS_query_#5,verified
EC_EV_001736,EC_EV_FINAL_SCOPE,membership_in_verified_WoS_query_#5,verified
EC_EV_001737,EC_EV_FINAL_SCOPE,membership_in_verified_WoS_query_#5,verified
EC_EV_001738,EC_EV_FINAL_SCOPE,membership_in_verified_WoS_query_#5,verified
EC_EV_001739,EC_EV_FINAL_SCOPE,membership_in_verified_WoS_query_#5,verified
EC_EV_001740,EC_EV_FINAL_SCOPE,membership_in_verified_WoS_query_#5,verified
EC_EV_001741,EC_EV_FINAL_SCOPE,membership_in_verified_WoS_query_#5,verified
EC_EV_001742,EC_EV_FINAL_SCOPE,membership_in_verified_WoS_query_#5,verified
EC_EV_001743,EC_EV_FINAL_SCOPE,membership_in_verified_WoS_query_#5,verified
EC_EV_001744,EC_EV_FINAL_SCOPE,membership_in_verified_WoS_query_#5,verified
EC_EV_001745,EC_EV_FINAL_SCOPE,membership_in_verified_WoS_query_#5,verified
EC_EV_001746,EC_EV_FINAL_SCOPE,membership_in_verified_WoS_query_#5,verified
EC_EV_001747,EC_EV_FINAL_SCOPE,membership_in_verified_WoS_query_#5,verified
EC_EV_001748,EC_EV_FINAL_SCOPE,membership_in_verified_WoS_query_#5,verified
EC_EV_001749,EC_EV_FINAL_SCOPE,membership_in_verified_WoS_query_#5,verified
EC_EV_001750,EC_EV_FINAL_SCOPE,membership_in_verified_WoS_query_#5,verified
EC_EV_001751,EC_EV_FINAL_SCOPE,membership_in_verified_WoS_query_#5,verified
EC_EV_001752,EC_EV_FINAL_SCOPE,membership_in_verified_WoS_query_#5,verified
EC_EV_001753,EC_EV_FINAL_SCOPE,membership_in_verified_WoS_query_#5,verified
EC_EV_001754,EC_EV_FINAL_SCOPE,membership_in_verified_WoS_query_#5,verified
EC_EV_001755,EC_EV_FINAL_SCOPE,membership_in_verified_WoS_query_#5,verified
EC_EV_001756,EC_EV_FINAL_SCOPE,membership_in_verified_WoS_query_#5,verified
EC_EV_001757,EC_EV_FINAL_SCOPE,membership_in_verified_WoS_query_#5,verified
EC_EV_001758,EC_EV_FINAL_SCOPE,membership_in_verified_WoS_query_#5,verified
EC_EV_001759,EC_EV_FINAL_SCOPE,membership_in_verified_WoS_query_#5,verified
EC_EV_001760,EC_EV_FINAL_SCOPE,membership_in_verified_WoS_query_#5,verified
EC_EV_001761,EC_EV_FINAL_SCOPE,membership_in_verified_WoS_query_#5,verified
EC_EV_001762,EC_EV_FINAL_SCOPE,membership_in_verified_WoS_query_#5,verified
EC_EV_001763,EC_EV_FINAL_SCOPE,membership_in_verified_WoS_query_#5,verified
EC_EV_001764,EC_EV_FINAL_SCOPE,membership_in_verified_WoS_query_#5,verified
EC_EV_001765,EC_EV_FINAL_SCOPE,membership_in_verified_WoS_query_#5,verified
EC_EV_001766,EC_EV_FINAL_SCOPE,membership_in_verified_WoS_query_#5,verified
EC_EV_001767,EC_EV_FINAL_SCOPE,membership_in_verified_WoS_query_#5,verified
EC_EV_001768,EC_EV_FINAL_SCOPE,membership_in_verified_WoS_query_#5,verified
EC_EV_001769,EC_EV_FINAL_SCOPE,membership_in_verified_WoS_query_#5,verified
EC_EV_001770,EC_EV_FINAL_SCOPE,membership_in_verified_WoS_query_#5,verified
EC_EV_001771,EC_EV_FINAL_SCOPE,membership_in_verified_WoS_query_#5,verified
EC_EV_001772,EC_EV_FINAL_SCOPE,membership_in_verified_WoS_query_#5,verified
EC_EV_001773,EC_EV_FINAL_SCOPE,membership_in_verified_WoS_query_#5,verified
EC_EV_001774,EC_EV_FINAL_SCOPE,membership_in_verified_WoS_query_#5,verified
EC_EV_001775,EC_EV_FINAL_SCOPE,membership_in_verified_WoS_query_#5,verified
EC_EV_001776,EC_EV_FINAL_SCOPE,membership_in_verified_WoS_query_#5,verified
EC_EV_001777,EC_EV_FINAL_SCOPE,membership_in_verified_WoS_query_#5,verified
EC_EV_001778,EC_EV_FINAL_SCOPE,membership_in_verified_WoS_query_#5,verified
EC_EV_001779,EC_EV_FINAL_SCOPE,membership_in_verified_WoS_query_#5,verified
EC_EV_001780,EC_EV_FINAL_SCOPE,membership_in_verified_WoS_query_#5,verified
EC_EV_001781,EC_EV_FINAL_SCOPE,membership_in_verified_WoS_query_#5,verified
EC_EV_001782,EC_EV_FINAL_SCOPE,membership_in_verified_WoS_query_#5,verified
EC_EV_001783,EC_EV_FINAL_SCOPE,membership_in_verified_WoS_query_#5,verified
EC_EV_001784,EC_EV_FINAL_SCOPE,membership_in_verified_WoS_query_#5,verified
EC_EV_001785,EC_EV_FINAL_SCOPE,membership_in_verified_WoS_query_#5,verified
EC_EV_001786,EC_EV_FINAL_SCOPE,membership_in_verified_WoS_query_#5,verified
EC_EV_001787,EC_EV_FINAL_SCOPE,membership_in_verified_WoS_query_#5,verified
EC_EV_001788,EC_EV_FINAL_SCOPE,membership_in_verified_WoS_query_#5,verified
EC_EV_001789,EC_EV_FINAL_SCOPE,membership_in_verified_WoS_query_#5,verified
EC_EV_001790,EC_EV_FINAL_SCOPE,membership_in_verified_WoS_query_#5,verified
EC_EV_001791,EC_EV_FINAL_SCOPE,membership_in_verified_WoS_query_#5,verified
EC_EV_001792,EC_EV_FINAL_SCOPE,membership_in_verified_WoS_query_#5,verified
EC_EV_001793,EC_EV_FINAL_SCOPE,membership_in_verified_WoS_query_#5,verified
EC_EV_001794,EC_EV_FINAL_SCOPE,membership_in_verified_WoS_query_#5,verified
EC_EV_001795,EC_EV_FINAL_SCOPE,membership_in_verified_WoS_query_#5,verified
EC_EV_001796,EC_EV_FINAL_SCOPE,membership_in_verified_WoS_query_#5,verified
EC_EV_001797,EC_EV_FINAL_SCOPE,membership_in_verified_WoS_query_#5,verified
EC_EV_001798,EC_EV_FINAL_SCOPE,membership_in_verified_WoS_query_#5,verified
EC_EV_001799,EC_EV_FINAL_SCOPE,membership_in_verified_WoS_query_#5,verified
EC_EV_001800,EC_EV_FINAL_SCOPE,membership_in_verified_WoS_query_#5,verified
EC_EV_001801,EC_EV_FINAL_SCOPE,membership_in_verified_WoS_query_#5,verified
EC_EV_001802,EC_EV_FINAL_SCOPE,membership_in_verified_WoS_query_#5,verified
EC_EV_001803,EC_EV_FINAL_SCOPE,membership_in_verified_WoS_query_#5,verified
EC_EV_001804,EC_EV_FINAL_SCOPE,membership_in_verified_WoS_query_#5,verified
EC_EV_001805,EC_EV_FINAL_SCOPE,membership_in_verified_WoS_query_#5,verified
EC_EV_001806,EC_EV_FINAL_SCOPE,membership_in_verified_WoS_query_#5,verified
EC_EV_001807,EC_EV_FINAL_SCOPE,membership_in_verified_WoS_query_#5,verified
EC_EV_001808,EC_EV_FINAL_SCOPE,membership_in_verified_WoS_query_#5,verified
EC_EV_001809,EC_EV_FINAL_SCOPE,membership_in_verified_WoS_query_#5,verified
EC_EV_001810,EC_EV_FINAL_SCOPE,membership_in_verified_WoS_query_#5,verified
EC_EV_001811,EC_EV_FINAL_SCOPE,membership_in_verified_WoS_query_#5,verified
EC_EV_001812,EC_EV_FINAL_SCOPE,membership_in_verified_WoS_query_#5,verified
EC_EV_001813,EC_EV_FINAL_SCOPE,membership_in_verified_WoS_query_#5,verified
EC_EV_001814,EC_EV_FINAL_SCOPE,membership_in_verified_WoS_query_#5,verified
EC_EV_001815,EC_EV_FINAL_SCOPE,membership_in_verified_WoS_query_#5,verified
EC_EV_001816,EC_EV_FINAL_SCOPE,membership_in_verified_WoS_query_#5,verified
EC_EV_001817,EC_EV_FINAL_SCOPE,membership_in_verified_WoS_query_#5,verified
EC_EV_001818,EC_EV_FINAL_SCOPE,membership_in_verified_WoS_query_#5,verified
EC_EV_001819,EC_EV_FINAL_SCOPE,membership_in_verified_WoS_query_#5,verified
EC_EV_001820,EC_EV_FINAL_SCOPE,membership_in_verified_WoS_query_#5,verified
EC_EV_001821,EC_EV_FINAL_SCOPE,membership_in_verified_WoS_query_#5,verified
EC_EV_001822,EC_EV_FINAL_SCOPE,membership_in_verified_WoS_query_#5,verified
EC_EV_001823,EC_EV_FINAL_SCOPE,membership_in_verified_WoS_query_#5,verified
EC_EV_001824,EC_EV_FINAL_SCOPE,membership_in_verified_WoS_query_#5,verified
EC_EV_001825,EC_EV_FINAL_SCOPE,membership_in_verified_WoS_query_#5,verified
EC_EV_001826,EC_EV_FINAL_SCOPE,membership_in_verified_WoS_query_#5,verified
EC_EV_001827,EC_EV_FINAL_SCOPE,membership_in_verified_WoS_query_#5,verified
EC_EV_001828,EC_EV_FINAL_SCOPE,membership_in_verified_WoS_query_#5,verified
EC_EV_001829,EC_EV_FINAL_SCOPE,membership_in_verified_WoS_query_#5,verified
EC_EV_001830,EC_EV_FINAL_SCOPE,membership_in_verified_WoS_query_#5,verified
EC_EV_001831,EC_EV_FINAL_SCOPE,membership_in_verified_WoS_query_#5,verified
EC_EV_001832,EC_EV_FINAL_SCOPE,membership_in_verified_WoS_query_#5,verified
EC_EV_001833,EC_EV_FINAL_SCOPE,membership_in_verified_WoS_query_#5,verified
EC_EV_001834,EC_EV_FINAL_SCOPE,membership_in_verified_WoS_query_#5,verified
EC_EV_001835,EC_EV_FINAL_SCOPE,membership_in_verified_WoS_query_#5,verified
EC_EV_001836,EC_EV_FINAL_SCOPE,membership_in_verified_WoS_query_#5,verified
EC_EV_001837,EC_EV_FINAL_SCOPE,membership_in_verified_WoS_query_#5,verified
EC_EV_001838,EC_EV_FINAL_SCOPE,membership_in_verified_WoS_query_#5,verified
EC_EV_001839,EC_EV_FINAL_SCOPE,membership_in_verified_WoS_query_#5,verified
EC_EV_001840,EC_EV_FINAL_SCOPE,membership_in_verified_WoS_query_#5,verified
EC_EV_001841,EC_EV_FINAL_SCOPE,membership_in_verified_WoS_query_#5,verified
EC_EV_001842,EC_EV_FINAL_SCOPE,membership_in_verified_WoS_query_#5,verified
EC_EV_001843,EC_EV_FINAL_SCOPE,membership_in_verified_WoS_query_#5,verified
EC_EV_001844,EC_EV_FINAL_SCOPE,membership_in_verified_WoS_query_#5,verified
EC_EV_001845,EC_EV_FINAL_SCOPE,membership_in_verified_WoS_query_#5,verified
EC_EV_001846,EC_EV_FINAL_SCOPE,membership_in_verified_WoS_query_#5,verified
EC_EV_001847,EC_EV_FINAL_SCOPE,membership_in_verified_WoS_query_#5,verified
EC_EV_001848,EC_EV_FINAL_SCOPE,membership_in_verified_WoS_query_#5,verified
EC_EV_001849,EC_EV_FINAL_SCOPE,membership_in_verified_WoS_query_#5,verified
EC_EV_001850,EC_EV_FINAL_SCOPE,membership_in_verified_WoS_query_#5,verified
EC_EV_001851,EC_EV_FINAL_SCOPE,membership_in_verified_WoS_query_#5,verified
EC_EV_001852,EC_EV_FINAL_SCOPE,membership_in_verified_WoS_query_#5,verified
EC_EV_001853,EC_EV_FINAL_SCOPE,membership_in_verified_WoS_query_#5,verified
EC_EV_001854,EC_EV_FINAL_SCOPE,membership_in_verified_WoS_query_#5,verified
EC_EV_001855,EC_EV_FINAL_SCOPE,membership_in_verified_WoS_query_#5,verified
EC_EV_001856,EC_EV_FINAL_SCOPE,membership_in_verified_WoS_query_#5,verified
EC_EV_001857,EC_EV_FINAL_SCOPE,membership_in_verified_WoS_query_#5,verified
EC_EV_001858,EC_EV_FINAL_SCOPE,membership_in_verified_WoS_query_#5,verified
EC_EV_001859,EC_EV_FINAL_SCOPE,membership_in_verified_WoS_query_#5,verified
EC_EV_001860,EC_EV_FINAL_SCOPE,membership_in_verified_WoS_query_#5,verified
EC_EV_001861,EC_EV_FINAL_SCOPE,membership_in_verified_WoS_query_#5,verified
EC_EV_001862,EC_EV_FINAL_SCOPE,membership_in_verified_WoS_query_#5,verified
EC_EV_001863,EC_EV_FINAL_SCOPE,membership_in_verified_WoS_query_#5,verified
EC_EV_001864,EC_EV_FINAL_SCOPE,membership_in_verified_WoS_query_#5,verified
EC_EV_001865,EC_EV_FINAL_SCOPE,membership_in_verified_WoS_query_#5,verified
EC_EV_001866,EC_EV_FINAL_SCOPE,membership_in_verified_WoS_query_#5,verified
EC_EV_001867,EC_EV_FINAL_SCOPE,membership_in_verified_WoS_query_#5,verified
EC_EV_001868,EC_EV_FINAL_SCOPE,membership_in_verified_WoS_query_#5,verified
EC_EV_001869,EC_EV_FINAL_SCOPE,membership_in_verified_WoS_query_#5,verified
EC_EV_001870,EC_EV_FINAL_SCOPE,membership_in_verified_WoS_query_#5,verified
EC_EV_001871,EC_EV_FINAL_SCOPE,membership_in_verified_WoS_query_#5,verified
EC_EV_001872,EC_EV_FINAL_SCOPE,membership_in_verified_WoS_query_#5,verified
EC_EV_001873,EC_EV_FINAL_SCOPE,membership_in_verified_WoS_query_#5,verified
EC_EV_001874,EC_EV_FINAL_SCOPE,membership_in_verified_WoS_query_#5,verified
EC_EV_001875,EC_EV_FINAL_SCOPE,membership_in_verified_WoS_query_#5,verified
EC_EV_001876,EC_EV_FINAL_SCOPE,membership_in_verified_WoS_query_#5,verified
EC_EV_001877,EC_EV_FINAL_SCOPE,membership_in_verified_WoS_query_#5,verified
EC_EV_001878,EC_EV_FINAL_SCOPE,membership_in_verified_WoS_query_#5,verified
EC_EV_001879,EC_EV_FINAL_SCOPE,membership_in_verified_WoS_query_#5,verified
EC_EV_001880,EC_EV_FINAL_SCOPE,membership_in_verified_WoS_query_#5,verified
EC_EV_001881,EC_EV_FINAL_SCOPE,membership_in_verified_WoS_query_#5,verified
EC_EV_001882,EC_EV_FINAL_SCOPE,membership_in_verified_WoS_query_#5,verified
EC_EV_001883,EC_EV_FINAL_SCOPE,membership_in_verified_WoS_query_#5,verified
EC_EV_001884,EC_EV_FINAL_SCOPE,membership_in_verified_WoS_query_#5,verified
EC_EV_001885,EC_EV_FINAL_SCOPE,membership_in_verified_WoS_query_#5,verified
EC_EV_001886,EC_EV_FINAL_SCOPE,membership_in_verified_WoS_query_#5,verified
EC_EV_001887,EC_EV_FINAL_SCOPE,membership_in_verified_WoS_query_#5,verified
EC_EV_001888,EC_EV_FINAL_SCOPE,membership_in_verified_WoS_query_#5,verified
EC_EV_001889,EC_EV_FINAL_SCOPE,membership_in_verified_WoS_query_#5,verified
EC_EV_001890,EC_EV_FINAL_SCOPE,membership_in_verified_WoS_query_#5,verified
EC_EV_001891,EC_EV_FINAL_SCOPE,membership_in_verified_WoS_query_#5,verified
EC_EV_001892,EC_EV_FINAL_SCOPE,membership_in_verified_WoS_query_#5,verified
EC_EV_001893,EC_EV_FINAL_SCOPE,membership_in_verified_WoS_query_#5,verified
EC_EV_001894,EC_EV_FINAL_SCOPE,membership_in_verified_WoS_query_#5,verified
EC_EV_001895,EC_EV_FINAL_SCOPE,membership_in_verified_WoS_query_#5,verified
EC_EV_001896,EC_EV_FINAL_SCOPE,membership_in_verified_WoS_query_#5,verified
EC_EV_001897,EC_EV_FINAL_SCOPE,membership_in_verified_WoS_query_#5,verified
EC_EV_001898,EC_EV_FINAL_SCOPE,membership_in_verified_WoS_query_#5,verified
EC_EV_001899,EC_EV_FINAL_SCOPE,membership_in_verified_WoS_query_#5,verified
EC_EV_001900,EC_EV_FINAL_SCOPE,membership_in_verified_WoS_query_#5,verified
EC_EV_001901,EC_EV_FINAL_SCOPE,membership_in_verified_WoS_query_#5,verified
EC_EV_001902,EC_EV_FINAL_SCOPE,membership_in_verified_WoS_query_#5,verified
EC_EV_001903,EC_EV_FINAL_SCOPE,membership_in_verified_WoS_query_#5,verified
EC_EV_001904,EC_EV_FINAL_SCOPE,membership_in_verified_WoS_query_#5,verified
EC_EV_001905,EC_EV_FINAL_SCOPE,membership_in_verified_WoS_query_#5,verified
EC_EV_001906,EC_EV_FINAL_SCOPE,membership_in_verified_WoS_query_#5,verified
EC_EV_001907,EC_EV_FINAL_SCOPE,membership_in_verified_WoS_query_#5,verified
EC_EV_001908,EC_EV_FINAL_SCOPE,membership_in_verified_WoS_query_#5,verified
EC_EV_001909,EC_EV_FINAL_SCOPE,membership_in_verified_WoS_query_#5,verified
EC_EV_001910,EC_EV_FINAL_SCOPE,membership_in_verified_WoS_query_#5,verified
EC_EV_001911,EC_EV_FINAL_SCOPE,membership_in_verified_WoS_query_#5,verified
EC_EV_001912,EC_EV_FINAL_SCOPE,membership_in_verified_WoS_query_#5,verified
EC_EV_001913,EC_EV_FINAL_SCOPE,membership_in_verified_WoS_query_#5,verified
EC_EV_001914,EC_EV_FINAL_SCOPE,membership_in_verified_WoS_query_#5,verified
EC_EV_001915,EC_EV_FINAL_SCOPE,membership_in_verified_WoS_query_#5,verified
EC_EV_001916,EC_EV_FINAL_SCOPE,membership_in_verified_WoS_query_#5,verified
EC_EV_001917,EC_EV_FINAL_SCOPE,membership_in_verified_WoS_query_#5,verified
EC_EV_001918,EC_EV_FINAL_SCOPE,membership_in_verified_WoS_query_#5,verified
EC_EV_001919,EC_EV_FINAL_SCOPE,membership_in_verified_WoS_query_#5,verified
EC_EV_001920,EC_EV_FINAL_SCOPE,membership_in_verified_WoS_query_#5,verified
EC_EV_001921,EC_EV_FINAL_SCOPE,membership_in_verified_WoS_query_#5,verified
EC_EV_001922,EC_EV_FINAL_SCOPE,membership_in_verified_WoS_query_#5,verified
EC_EV_001923,EC_EV_FINAL_SCOPE,membership_in_verified_WoS_query_#5,verified
EC_EV_001924,EC_EV_FINAL_SCOPE,membership_in_verified_WoS_query_#5,verified
EC_EV_001925,EC_EV_FINAL_SCOPE,membership_in_verified_WoS_query_#5,verified
EC_EV_001926,EC_EV_FINAL_SCOPE,membership_in_verified_WoS_query_#5,verified
EC_EV_001927,EC_EV_FINAL_SCOPE,membership_in_verified_WoS_query_#5,verified
EC_EV_001928,EC_EV_FINAL_SCOPE,membership_in_verified_WoS_query_#5,verified
EC_EV_001929,EC_EV_FINAL_SCOPE,membership_in_verified_WoS_query_#5,verified
EC_EV_001930,EC_EV_FINAL_SCOPE,membership_in_verified_WoS_query_#5,verified
EC_EV_001931,EC_EV_FINAL_SCOPE,membership_in_verified_WoS_query_#5,verified
EC_EV_001932,EC_EV_FINAL_SCOPE,membership_in_verified_WoS_query_#5,verified
EC_EV_001933,EC_EV_FINAL_SCOPE,membership_in_verified_WoS_query_#5,verified
EC_EV_001934,EC_EV_FINAL_SCOPE,membership_in_verified_WoS_query_#5,verified
EC_EV_001935,EC_EV_FINAL_SCOPE,membership_in_verified_WoS_query_#5,verified
EC_EV_001936,EC_EV_FINAL_SCOPE,membership_in_verified_WoS_query_#5,verified
EC_EV_001937,EC_EV_FINAL_SCOPE,membership_in_verified_WoS_query_#5,verified
EC_EV_001938,EC_EV_FINAL_SCOPE,membership_in_verified_WoS_query_#5,verified
EC_EV_001939,EC_EV_FINAL_SCOPE,membership_in_verified_WoS_query_#5,verified
EC_EV_001940,EC_EV_FINAL_SCOPE,membership_in_verified_WoS_query_#5,verified
EC_EV_001941,EC_EV_FINAL_SCOPE,membership_in_verified_WoS_query_#5,verified
EC_EV_001942,EC_EV_FINAL_SCOPE,membership_in_verified_WoS_query_#5,verified
EC_EV_001943,EC_EV_FINAL_SCOPE,membership_in_verified_WoS_query_#5,verified
EC_EV_001944,EC_EV_FINAL_SCOPE,membership_in_verified_WoS_query_#5,verified
EC_EV_001945,EC_EV_FINAL_SCOPE,membership_in_verified_WoS_query_#5,verified
EC_EV_001946,EC_EV_FINAL_SCOPE,membership_in_verified_WoS_query_#5,verified
EC_EV_001947,EC_EV_FINAL_SCOPE,membership_in_verified_WoS_query_#5,verified
EC_EV_001948,EC_EV_FINAL_SCOPE,membership_in_verified_WoS_query_#5,verified
EC_EV_001949,EC_EV_FINAL_SCOPE,membership_in_verified_WoS_query_#5,verified
EC_EV_001950,EC_EV_FINAL_SCOPE,membership_in_verified_WoS_query_#5,verified
EC_EV_001951,EC_EV_FINAL_SCOPE,membership_in_verified_WoS_query_#5,verified
EC_EV_001952,EC_EV_FINAL_SCOPE,membership_in_verified_WoS_query_#5,verified
EC_EV_001953,EC_EV_FINAL_SCOPE,membership_in_verified_WoS_query_#5,verified
EC_EV_001954,EC_EV_FINAL_SCOPE,membership_in_verified_WoS_query_#5,verified
EC_EV_001955,EC_EV_FINAL_SCOPE,membership_in_verified_WoS_query_#5,verified
EC_EV_001956,EC_EV_FINAL_SCOPE,membership_in_verified_WoS_query_#5,verified
EC_EV_001957,EC_EV_FINAL_SCOPE,membership_in_verified_WoS_query_#5,verified
EC_EV_001958,EC_EV_FINAL_SCOPE,membership_in_verified_WoS_query_#5,verified
EC_EV_001959,EC_EV_FINAL_SCOPE,membership_in_verified_WoS_query_#5,verified
EC_EV_001960,EC_EV_FINAL_SCOPE,membership_in_verified_WoS_query_#5,verified
EC_EV_001961,EC_EV_FINAL_SCOPE,membership_in_verified_WoS_query_#5,verified
EC_EV_001962,EC_EV_FINAL_SCOPE,membership_in_verified_WoS_query_#5,verified
EC_EV_001963,EC_EV_FINAL_SCOPE,membership_in_verified_WoS_query_#5,verified
EC_EV_001964,EC_EV_FINAL_SCOPE,membership_in_verified_WoS_query_#5,verified
EC_EV_001965,EC_EV_FINAL_SCOPE,membership_in_verified_WoS_query_#5,verified
EC_EV_001966,EC_EV_FINAL_SCOPE,membership_in_verified_WoS_query_#5,verified
EC_EV_001967,EC_EV_FINAL_SCOPE,membership_in_verified_WoS_query_#5,verified
EC_EV_001968,EC_EV_FINAL_SCOPE,membership_in_verified_WoS_query_#5,verified
EC_EV_001969,EC_EV_FINAL_SCOPE,membership_in_verified_WoS_query_#5,verified
EC_EV_001970,EC_EV_FINAL_SCOPE,membership_in_verified_WoS_query_#5,verified
EC_EV_001971,EC_EV_FINAL_SCOPE,membership_in_verified_WoS_query_#5,verified
EC_EV_001972,EC_EV_FINAL_SCOPE,membership_in_verified_WoS_query_#5,verified
EC_EV_001973,EC_EV_FINAL_SCOPE,membership_in_verified_WoS_query_#5,verified
EC_EV_001974,EC_EV_FINAL_SCOPE,membership_in_verified_WoS_query_#5,verified
EC_EV_001975,EC_EV_FINAL_SCOPE,membership_in_verified_WoS_query_#5,verified
EC_EV_001976,EC_EV_FINAL_SCOPE,membership_in_verified_WoS_query_#5,verified
EC_EV_001977,EC_EV_FINAL_SCOPE,membership_in_verified_WoS_query_#5,verified
EC_EV_001978,EC_EV_FINAL_SCOPE,membership_in_verified_WoS_query_#5,verified
EC_EV_001979,EC_EV_FINAL_SCOPE,membership_in_verified_WoS_query_#5,verified
EC_EV_001980,EC_EV_FINAL_SCOPE,membership_in_verified_WoS_query_#5,verified
EC_EV_001981,EC_EV_FINAL_SCOPE,membership_in_verified_WoS_query_#5,verified
EC_EV_001982,EC_EV_FINAL_SCOPE,membership_in_verified_WoS_query_#5,verified
EC_EV_001983,EC_EV_FINAL_SCOPE,membership_in_verified_WoS_query_#5,verified
EC_EV_001984,EC_EV_FINAL_SCOPE,membership_in_verified_WoS_query_#5,verified
EC_EV_001985,EC_EV_FINAL_SCOPE,membership_in_verified_WoS_query_#5,verified
EC_EV_001986,EC_EV_FINAL_SCOPE,membership_in_verified_WoS_query_#5,verified
EC_EV_001987,EC_EV_FINAL_SCOPE,membership_in_verified_WoS_query_#5,verified
EC_EV_001988,EC_EV_FINAL_SCOPE,membership_in_verified_WoS_query_#5,verified
EC_EV_001989,EC_EV_FINAL_SCOPE,membership_in_verified_WoS_query_#5,verified
EC_EV_001990,EC_EV_FINAL_SCOPE,membership_in_verified_WoS_query_#5,verified
EC_EV_001991,EC_EV_FINAL_SCOPE,membership_in_verified_WoS_query_#5,verified
EC_EV_001992,EC_EV_FINAL_SCOPE,membership_in_verified_WoS_query_#5,verified
EC_EV_001993,EC_EV_FINAL_SCOPE,membership_in_verified_WoS_query_#5,verified
EC_EV_001994,EC_EV_FINAL_SCOPE,membership_in_verified_WoS_query_#5,verified
EC_EV_001995,EC_EV_FINAL_SCOPE,membership_in_verified_WoS_query_#5,verified
EC_EV_001996,EC_EV_FINAL_SCOPE,membership_in_verified_WoS_query_#5,verified
EC_EV_001997,EC_EV_FINAL_SCOPE,membership_in_verified_WoS_query_#5,verified
EC_EV_001998,EC_EV_FINAL_SCOPE,membership_in_verified_WoS_query_#5,verified
EC_EV_001999,EC_EV_FINAL_SCOPE,membership_in_verified_WoS_query_#5,verified
EC_EV_002000,EC_EV_FINAL_SCOPE,membership_in_verified_WoS_query_#5,verified
EC_EV_002001,EC_EV_FINAL_SCOPE,membership_in_verified_WoS_query_#5,verified
EC_EV_002002,EC_EV_FINAL_SCOPE,membership_in_verified_WoS_query_#5,verified
EC_EV_002003,EC_EV_FINAL_SCOPE,membership_in_verified_WoS_query_#5,verified
EC_EV_002004,EC_EV_FINAL_SCOPE,membership_in_verified_WoS_query_#5,verified
EC_EV_002005,EC_EV_FINAL_SCOPE,membership_in_verified_WoS_query_#5,verified
EC_EV_002006,EC_EV_FINAL_SCOPE,membership_in_verified_WoS_query_#5,verified
EC_EV_002007,EC_EV_FINAL_SCOPE,membership_in_verified_WoS_query_#5,verified
EC_EV_002008,EC_EV_FINAL_SCOPE,membership_in_verified_WoS_query_#5,verified
EC_EV_002009,EC_EV_FINAL_SCOPE,membership_in_verified_WoS_query_#5,verified
EC_EV_002010,EC_EV_FINAL_SCOPE,membership_in_verified_WoS_query_#5,verified
EC_EV_002011,EC_EV_FINAL_SCOPE,membership_in_verified_WoS_query_#5,verified
EC_EV_002012,EC_EV_FINAL_SCOPE,membership_in_verified_WoS_query_#5,verified
EC_EV_002013,EC_EV_FINAL_SCOPE,membership_in_verified_WoS_query_#5,verified
EC_EV_002014,EC_EV_FINAL_SCOPE,membership_in_verified_WoS_query_#5,verified
EC_EV_002015,EC_EV_FINAL_SCOPE,membership_in_verified_WoS_query_#5,verified
EC_EV_002016,EC_EV_FINAL_SCOPE,membership_in_verified_WoS_query_#5,verified
EC_EV_002017,EC_EV_FINAL_SCOPE,membership_in_verified_WoS_query_#5,verified
EC_EV_002018,EC_EV_FINAL_SCOPE,membership_in_verified_WoS_query_#5,verified
EC_EV_002019,EC_EV_FINAL_SCOPE,membership_in_verified_WoS_query_#5,verified
EC_EV_002020,EC_EV_FINAL_SCOPE,membership_in_verified_WoS_query_#5,verified
EC_EV_002021,EC_EV_FINAL_SCOPE,membership_in_verified_WoS_query_#5,verified
EC_EV_002022,EC_EV_FINAL_SCOPE,membership_in_verified_WoS_query_#5,verified
EC_EV_002023,EC_EV_FINAL_SCOPE,membership_in_verified_WoS_query_#5,verified
EC_EV_002024,EC_EV_FINAL_SCOPE,membership_in_verified_WoS_query_#5,verified
EC_EV_002025,EC_EV_FINAL_SCOPE,membership_in_verified_WoS_query_#5,verified
EC_EV_002026,EC_EV_FINAL_SCOPE,membership_in_verified_WoS_query_#5,verified
EC_EV_002027,EC_EV_FINAL_SCOPE,membership_in_verified_WoS_query_#5,verified
EC_EV_002028,EC_EV_FINAL_SCOPE,membership_in_verified_WoS_query_#5,verified
EC_EV_002029,EC_EV_FINAL_SCOPE,membership_in_verified_WoS_query_#5,verified
EC_EV_002030,EC_EV_FINAL_SCOPE,membership_in_verified_WoS_query_#5,verified
EC_EV_002031,EC_EV_FINAL_SCOPE,membership_in_verified_WoS_query_#5,verified
EC_EV_002032,EC_EV_FINAL_SCOPE,membership_in_verified_WoS_query_#5,verified
EC_EV_002033,EC_EV_FINAL_SCOPE,membership_in_verified_WoS_query_#5,verified
EC_EV_002034,EC_EV_FINAL_SCOPE,membership_in_verified_WoS_query_#5,verified
EC_EV_002035,EC_EV_FINAL_SCOPE,membership_in_verified_WoS_query_#5,verified
EC_EV_002036,EC_EV_FINAL_SCOPE,membership_in_verified_WoS_query_#5,verified
EC_EV_002037,EC_EV_FINAL_SCOPE,membership_in_verified_WoS_query_#5,verified
EC_EV_002038,EC_EV_FINAL_SCOPE,membership_in_verified_WoS_query_#5,verified
EC_EV_002039,EC_EV_FINAL_SCOPE,membership_in_verified_WoS_query_#5,verified
EC_EV_002040,EC_EV_FINAL_SCOPE,membership_in_verified_WoS_query_#5,verified
EC_EV_002041,EC_EV_FINAL_SCOPE,membership_in_verified_WoS_query_#5,verified
EC_EV_002042,EC_EV_FINAL_SCOPE,membership_in_verified_WoS_query_#5,verified
EC_EV_002043,EC_EV_FINAL_SCOPE,membership_in_verified_WoS_query_#5,verified
EC_EV_002044,EC_EV_FINAL_SCOPE,membership_in_verified_WoS_query_#5,verified
EC_EV_002045,EC_EV_FINAL_SCOPE,membership_in_verified_WoS_query_#5,verified
EC_EV_002046,EC_EV_FINAL_SCOPE,membership_in_verified_WoS_query_#5,verified
EC_EV_002047,EC_EV_FINAL_SCOPE,membership_in_verified_WoS_query_#5,verified
EC_EV_002048,EC_EV_FINAL_SCOPE,membership_in_verified_WoS_query_#5,verified
EC_EV_002049,EC_EV_FINAL_SCOPE,membership_in_verified_WoS_query_#5,verified
EC_EV_002050,EC_EV_FINAL_SCOPE,membership_in_verified_WoS_query_#5,verified
EC_EV_002051,EC_EV_FINAL_SCOPE,membership_in_verified_WoS_query_#5,verified
EC_EV_002052,EC_EV_FINAL_SCOPE,membership_in_verified_WoS_query_#5,verified
EC_EV_002053,EC_EV_FINAL_SCOPE,membership_in_verified_WoS_query_#5,verified
EC_EV_002054,EC_EV_FINAL_SCOPE,membership_in_verified_WoS_query_#5,verified
EC_EV_002055,EC_EV_FINAL_SCOPE,membership_in_verified_WoS_query_#5,verified
EC_EV_002056,EC_EV_FINAL_SCOPE,membership_in_verified_WoS_query_#5,verified
EC_EV_002057,EC_EV_FINAL_SCOPE,membership_in_verified_WoS_query_#5,verified
EC_EV_002058,EC_EV_FINAL_SCOPE,membership_in_verified_WoS_query_#5,verified
EC_EV_002059,EC_EV_FINAL_SCOPE,membership_in_verified_WoS_query_#5,verified
EC_EV_002060,EC_EV_FINAL_SCOPE,membership_in_verified_WoS_query_#5,verified
EC_EV_002061,EC_EV_FINAL_SCOPE,membership_in_verified_WoS_query_#5,verified
EC_EV_002062,EC_EV_FINAL_SCOPE,membership_in_verified_WoS_query_#5,verified
EC_EV_002063,EC_EV_FINAL_SCOPE,membership_in_verified_WoS_query_#5,verified
EC_EV_002064,EC_EV_FINAL_SCOPE,membership_in_verified_WoS_query_#5,verified
EC_EV_002065,EC_EV_FINAL_SCOPE,membership_in_verified_WoS_query_#5,verified
EC_EV_002066,EC_EV_FINAL_SCOPE,membership_in_verified_WoS_query_#5,verified
EC_EV_002067,EC_EV_FINAL_SCOPE,membership_in_verified_WoS_query_#5,verified
EC_EV_002068,EC_EV_FINAL_SCOPE,membership_in_verified_WoS_query_#5,verified
EC_EV_002069,EC_EV_FINAL_SCOPE,membership_in_verified_WoS_query_#5,verified
EC_EV_002070,EC_EV_FINAL_SCOPE,membership_in_verified_WoS_query_#5,verified
EC_EV_002071,EC_EV_FINAL_SCOPE,membership_in_verified_WoS_query_#5,verified
EC_EV_002072,EC_EV_FINAL_SCOPE,membership_in_verified_WoS_query_#5,verified
EC_EV_002073,EC_EV_FINAL_SCOPE,membership_in_verified_WoS_query_#5,verified
EC_EV_002074,EC_EV_FINAL_SCOPE,membership_in_verified_WoS_query_#5,verified
EC_EV_002075,EC_EV_FINAL_SCOPE,membership_in_verified_WoS_query_#5,verified
EC_EV_002076,EC_EV_FINAL_SCOPE,membership_in_verified_WoS_query_#5,verified
EC_EV_002077,EC_EV_FINAL_SCOPE,membership_in_verified_WoS_query_#5,verified
EC_EV_002078,EC_EV_FINAL_SCOPE,membership_in_verified_WoS_query_#5,verified
EC_EV_002079,EC_EV_FINAL_SCOPE,membership_in_verified_WoS_query_#5,verified
EC_EV_002080,EC_EV_FINAL_SCOPE,membership_in_verified_WoS_query_#5,verified
EC_EV_002081,EC_EV_FINAL_SCOPE,membership_in_verified_WoS_query_#5,verified
EC_EV_002082,EC_EV_FINAL_SCOPE,membership_in_verified_WoS_query_#5,verified
EC_EV_002083,EC_EV_FINAL_SCOPE,membership_in_verified_WoS_query_#5,verified
EC_EV_002084,EC_EV_FINAL_SCOPE,membership_in_verified_WoS_query_#5,verified
EC_EV_002085,EC_EV_FINAL_SCOPE,membership_in_verified_WoS_query_#5,verified
EC_EV_002086,EC_EV_FINAL_SCOPE,membership_in_verified_WoS_query_#5,verified
EC_EV_002087,EC_EV_FINAL_SCOPE,membership_in_verified_WoS_query_#5,verified
EC_EV_002088,EC_EV_FINAL_SCOPE,membership_in_verified_WoS_query_#5,verified
EC_EV_002089,EC_EV_FINAL_SCOPE,membership_in_verified_WoS_query_#5,verified
EC_EV_002090,EC_EV_FINAL_SCOPE,membership_in_verified_WoS_query_#5,verified
EC_EV_002091,EC_EV_FINAL_SCOPE,membership_in_verified_WoS_query_#5,verified
EC_EV_002092,EC_EV_FINAL_SCOPE,membership_in_verified_WoS_query_#5,verified
EC_EV_002093,EC_EV_FINAL_SCOPE,membership_in_verified_WoS_query_#5,verified
EC_EV_002094,EC_EV_FINAL_SCOPE,membership_in_verified_WoS_query_#5,verified
EC_EV_002095,EC_EV_FINAL_SCOPE,membership_in_verified_WoS_query_#5,verified
EC_EV_002096,EC_EV_FINAL_SCOPE,membership_in_verified_WoS_query_#5,verified
EC_EV_002097,EC_EV_FINAL_SCOPE,membership_in_verified_WoS_query_#5,verified
EC_EV_002098,EC_EV_FINAL_SCOPE,membership_in_verified_WoS_query_#5,verified
EC_EV_002099,EC_EV_FINAL_SCOPE,membership_in_verified_WoS_query_#5,verified
EC_EV_002100,EC_EV_FINAL_SCOPE,membership_in_verified_WoS_query_#5,verified
EC_EV_002101,EC_EV_FINAL_SCOPE,membership_in_verified_WoS_query_#5,verified
EC_EV_002102,EC_EV_FINAL_SCOPE,membership_in_verified_WoS_query_#5,verified
EC_EV_002103,EC_EV_FINAL_SCOPE,membership_in_verified_WoS_query_#5,verified
EC_EV_002104,EC_EV_FINAL_SCOPE,membership_in_verified_WoS_query_#5,verified
EC_EV_002105,EC_EV_FINAL_SCOPE,membership_in_verified_WoS_query_#5,verified
EC_EV_002106,EC_EV_FINAL_SCOPE,membership_in_verified_WoS_query_#5,verified
EC_EV_002107,EC_EV_FINAL_SCOPE,membership_in_verified_WoS_query_#5,verified
EC_EV_002108,EC_EV_FINAL_SCOPE,membership_in_verified_WoS_query_#5,verified
EC_EV_002109,EC_EV_FINAL_SCOPE,membership_in_verified_WoS_query_#5,verified
EC_EV_002110,EC_EV_FINAL_SCOPE,membership_in_verified_WoS_query_#5,verified
EC_EV_002111,EC_EV_FINAL_SCOPE,membership_in_verified_WoS_query_#5,verified
EC_EV_002112,EC_EV_FINAL_SCOPE,membership_in_verified_WoS_query_#5,verified
EC_EV_002113,EC_EV_FINAL_SCOPE,membership_in_verified_WoS_query_#5,verified
EC_EV_002114,EC_EV_FINAL_SCOPE,membership_in_verified_WoS_query_#5,verified
EC_EV_002115,EC_EV_FINAL_SCOPE,membership_in_verified_WoS_query_#5,verified
EC_EV_002116,EC_EV_FINAL_SCOPE,membership_in_verified_WoS_query_#5,verified
EC_EV_002117,EC_EV_FINAL_SCOPE,membership_in_verified_WoS_query_#5,verified
EC_EV_002118,EC_EV_FINAL_SCOPE,membership_in_verified_WoS_query_#5,verified
EC_EV_002119,EC_EV_FINAL_SCOPE,membership_in_verified_WoS_query_#5,verified
EC_EV_002120,EC_EV_FINAL_SCOPE,membership_in_verified_WoS_query_#5,verified
EC_EV_002121,EC_EV_FINAL_SCOPE,membership_in_verified_WoS_query_#5,verified
EC_EV_002122,EC_EV_FINAL_SCOPE,membership_in_verified_WoS_query_#5,verified
EC_EV_002123,EC_EV_FINAL_SCOPE,membership_in_verified_WoS_query_#5,verified
EC_EV_002124,EC_EV_FINAL_SCOPE,membership_in_verified_WoS_query_#5,verified
EC_EV_002125,EC_EV_FINAL_SCOPE,membership_in_verified_WoS_query_#5,verified
EC_EV_002126,EC_EV_FINAL_SCOPE,membership_in_verified_WoS_query_#5,verified
EC_EV_002127,EC_EV_FINAL_SCOPE,membership_in_verified_WoS_query_#5,verified
EC_EV_002128,EC_EV_FINAL_SCOPE,membership_in_verified_WoS_query_#5,verified
EC_EV_002129,EC_EV_FINAL_SCOPE,membership_in_verified_WoS_query_#5,verified
EC_EV_002130,EC_EV_FINAL_SCOPE,membership_in_verified_WoS_query_#5,verified
EC_EV_002131,EC_EV_FINAL_SCOPE,membership_in_verified_WoS_query_#5,verified
EC_EV_002132,EC_EV_FINAL_SCOPE,membership_in_verified_WoS_query_#5,verified
EC_EV_002133,EC_EV_FINAL_SCOPE,membership_in_verified_WoS_query_#5,verified
EC_EV_002134,EC_EV_FINAL_SCOPE,membership_in_verified_WoS_query_#5,verified
EC_EV_002135,EC_EV_FINAL_SCOPE,membership_in_verified_WoS_query_#5,verified
EC_EV_002136,EC_EV_FINAL_SCOPE,membership_in_verified_WoS_query_#5,verified
EC_EV_002137,EC_EV_FINAL_SCOPE,membership_in_verified_WoS_query_#5,verified
EC_EV_002138,EC_EV_FINAL_SCOPE,membership_in_verified_WoS_query_#5,verified
EC_EV_002139,EC_EV_FINAL_SCOPE,membership_in_verified_WoS_query_#5,verified
EC_EV_002140,EC_EV_FINAL_SCOPE,membership_in_verified_WoS_query_#5,verified
EC_EV_002141,EC_EV_FINAL_SCOPE,membership_in_verified_WoS_query_#5,verified
EC_EV_002142,EC_EV_FINAL_SCOPE,membership_in_verified_WoS_query_#5,verified
EC_EV_002143,EC_EV_FINAL_SCOPE,membership_in_verified_WoS_query_#5,verified
EC_EV_002144,EC_EV_FINAL_SCOPE,membership_in_verified_WoS_query_#5,verified
EC_EV_002145,EC_EV_FINAL_SCOPE,membership_in_verified_WoS_query_#5,verified
EC_EV_002146,EC_EV_FINAL_SCOPE,membership_in_verified_WoS_query_#5,verified
EC_EV_002147,EC_EV_FINAL_SCOPE,membership_in_verified_WoS_query_#5,verified
EC_EV_002148,EC_EV_FINAL_SCOPE,membership_in_verified_WoS_query_#5,verified
EC_EV_002149,EC_EV_FINAL_SCOPE,membership_in_verified_WoS_query_#5,verified
EC_EV_002150,EC_EV_FINAL_SCOPE,membership_in_verified_WoS_query_#5,verified
EC_EV_002151,EC_EV_FINAL_SCOPE,membership_in_verified_WoS_query_#5,verified
EC_EV_002152,EC_EV_FINAL_SCOPE,membership_in_verified_WoS_query_#5,verified
EC_EV_002153,EC_EV_FINAL_SCOPE,membership_in_verified_WoS_query_#5,verified
EC_EV_002154,EC_EV_FINAL_SCOPE,membership_in_verified_WoS_query_#5,verified
EC_EV_002155,EC_EV_FINAL_SCOPE,membership_in_verified_WoS_query_#5,verified
EC_EV_002156,EC_EV_FINAL_SCOPE,membership_in_verified_WoS_query_#5,verified
EC_EV_002157,EC_EV_FINAL_SCOPE,membership_in_verified_WoS_query_#5,verified
EC_EV_002158,EC_EV_FINAL_SCOPE,membership_in_verified_WoS_query_#5,verified
EC_EV_002159,EC_EV_FINAL_SCOPE,membership_in_verified_WoS_query_#5,verified
EC_EV_002160,EC_EV_FINAL_SCOPE,membership_in_verified_WoS_query_#5,verified
EC_EV_002161,EC_EV_FINAL_SCOPE,membership_in_verified_WoS_query_#5,verified
EC_EV_002162,EC_EV_FINAL_SCOPE,membership_in_verified_WoS_query_#5,verified
EC_EV_002163,EC_EV_FINAL_SCOPE,membership_in_verified_WoS_query_#5,verified
EC_EV_002164,EC_EV_FINAL_SCOPE,membership_in_verified_WoS_query_#5,verified
EC_EV_002165,EC_EV_FINAL_SCOPE,membership_in_verified_WoS_query_#5,verified
EC_EV_002166,EC_EV_FINAL_SCOPE,membership_in_verified_WoS_query_#5,verified
EC_EV_002167,EC_EV_FINAL_SCOPE,membership_in_verified_WoS_query_#5,verified
EC_EV_002168,EC_EV_FINAL_SCOPE,membership_in_verified_WoS_query_#5,verified
EC_EV_002169,EC_EV_FINAL_SCOPE,membership_in_verified_WoS_query_#5,verified
EC_EV_002170,EC_EV_FINAL_SCOPE,membership_in_verified_WoS_query_#5,verified
EC_EV_002171,EC_EV_FINAL_SCOPE,membership_in_verified_WoS_query_#5,verified
EC_EV_002172,EC_EV_FINAL_SCOPE,membership_in_verified_WoS_query_#5,verified
EC_EV_002173,EC_EV_FINAL_SCOPE,membership_in_verified_WoS_query_#5,verified
EC_EV_002174,EC_EV_FINAL_SCOPE,membership_in_verified_WoS_query_#5,verified
EC_EV_002175,EC_EV_FINAL_SCOPE,membership_in_verified_WoS_query_#5,verified
EC_EV_002176,EC_EV_FINAL_SCOPE,membership_in_verified_WoS_query_#5,verified
EC_EV_002177,EC_EV_FINAL_SCOPE,membership_in_verified_WoS_query_#5,verified
EC_EV_002178,EC_EV_FINAL_SCOPE,membership_in_verified_WoS_query_#5,verified
EC_EV_002179,EC_EV_FINAL_SCOPE,membership_in_verified_WoS_query_#5,verified
EC_EV_002180,EC_EV_FINAL_SCOPE,membership_in_verified_WoS_query_#5,verified
EC_EV_002181,EC_EV_FINAL_SCOPE,membership_in_verified_WoS_query_#5,verified
EC_EV_002182,EC_EV_FINAL_SCOPE,membership_in_verified_WoS_query_#5,verified
EC_EV_002183,EC_EV_FINAL_SCOPE,membership_in_verified_WoS_query_#5,verified
EC_EV_002184,EC_EV_FINAL_SCOPE,membership_in_verified_WoS_query_#5,verified
EC_EV_002185,EC_EV_FINAL_SCOPE,membership_in_verified_WoS_query_#5,verified
EC_EV_002186,EC_EV_FINAL_SCOPE,membership_in_verified_WoS_query_#5,verified
EC_EV_002187,EC_EV_FINAL_SCOPE,membership_in_verified_WoS_query_#5,verified
EC_EV_002188,EC_EV_FINAL_SCOPE,membership_in_verified_WoS_query_#5,verified
EC_EV_002189,EC_EV_FINAL_SCOPE,membership_in_verified_WoS_query_#5,verified
EC_EV_002190,EC_EV_FINAL_SCOPE,membership_in_verified_WoS_query_#5,verified
EC_EV_002191,EC_EV_FINAL_SCOPE,membership_in_verified_WoS_query_#5,verified
EC_EV_002192,EC_EV_FINAL_SCOPE,membership_in_verified_WoS_query_#5,verified
EC_EV_002193,EC_EV_FINAL_SCOPE,membership_in_verified_WoS_query_#5,verified
EC_EV_002194,EC_EV_FINAL_SCOPE,membership_in_verified_WoS_query_#5,verified
EC_EV_002195,EC_EV_FINAL_SCOPE,membership_in_verified_WoS_query_#5,verified
EC_EV_002196,EC_EV_FINAL_SCOPE,membership_in_verified_WoS_query_#5,verified
EC_EV_002197,EC_EV_FINAL_SCOPE,membership_in_verified_WoS_query_#5,verified
EC_EV_002198,EC_EV_FINAL_SCOPE,membership_in_verified_WoS_query_#5,verified
EC_EV_002199,EC_EV_FINAL_SCOPE,membership_in_verified_WoS_query_#5,verified
EC_EV_002200,EC_EV_FINAL_SCOPE,membership_in_verified_WoS_query_#5,verified
EC_EV_002201,EC_EV_FINAL_SCOPE,membership_in_verified_WoS_query_#5,verified
EC_EV_002202,EC_EV_FINAL_SCOPE,membership_in_verified_WoS_query_#5,verified
EC_EV_002203,EC_EV_FINAL_SCOPE,membership_in_verified_WoS_query_#5,verified
EC_EV_002204,EC_EV_FINAL_SCOPE,membership_in_verified_WoS_query_#5,verified
EC_EV_002205,EC_EV_FINAL_SCOPE,membership_in_verified_WoS_query_#5,verified
EC_EV_002206,EC_EV_FINAL_SCOPE,membership_in_verified_WoS_query_#5,verified
EC_EV_002207,EC_EV_FINAL_SCOPE,membership_in_verified_WoS_query_#5,verified
EC_EV_002208,EC_EV_FINAL_SCOPE,membership_in_verified_WoS_query_#5,verified
EC_EV_002209,EC_EV_FINAL_SCOPE,membership_in_verified_WoS_query_#5,verified
EC_EV_002210,EC_EV_FINAL_SCOPE,membership_in_verified_WoS_query_#5,verified
EC_EV_002211,EC_EV_FINAL_SCOPE,membership_in_verified_WoS_query_#5,verified
EC_EV_002212,EC_EV_FINAL_SCOPE,membership_in_verified_WoS_query_#5,verified
EC_EV_002213,EC_EV_FINAL_SCOPE,membership_in_verified_WoS_query_#5,verified
EC_EV_002214,EC_EV_FINAL_SCOPE,membership_in_verified_WoS_query_#5,verified
EC_EV_002215,EC_EV_FINAL_SCOPE,membership_in_verified_WoS_query_#5,verified
EC_EV_002216,EC_EV_FINAL_SCOPE,membership_in_verified_WoS_query_#5,verified
EC_EV_002217,EC_EV_FINAL_SCOPE,membership_in_verified_WoS_query_#5,verified
EC_EV_002218,EC_EV_FINAL_SCOPE,membership_in_verified_WoS_query_#5,verified
EC_EV_002219,EC_EV_FINAL_SCOPE,membership_in_verified_WoS_query_#5,verified
EC_EV_002220,EC_EV_FINAL_SCOPE,membership_in_verified_WoS_query_#5,verified
EC_EV_002221,EC_EV_FINAL_SCOPE,membership_in_verified_WoS_query_#5,verified
EC_EV_002222,EC_EV_FINAL_SCOPE,membership_in_verified_WoS_query_#5,verified
EC_EV_002223,EC_EV_FINAL_SCOPE,membership_in_verified_WoS_query_#5,verified
EC_EV_002224,EC_EV_FINAL_SCOPE,membership_in_verified_WoS_query_#5,verified
EC_EV_002225,EC_EV_FINAL_SCOPE,membership_in_verified_WoS_query_#5,verified
EC_EV_002226,EC_EV_FINAL_SCOPE,membership_in_verified_WoS_query_#5,verified
EC_EV_002227,EC_EV_FINAL_SCOPE,membership_in_verified_WoS_query_#5,verified
EC_EV_002228,EC_EV_FINAL_SCOPE,membership_in_verified_WoS_query_#5,verified
EC_EV_002229,EC_EV_FINAL_SCOPE,membership_in_verified_WoS_query_#5,verified
EC_EV_002230,EC_EV_FINAL_SCOPE,membership_in_verified_WoS_query_#5,verified
EC_EV_002231,EC_EV_FINAL_SCOPE,membership_in_verified_WoS_query_#5,verified
EC_EV_002232,EC_EV_FINAL_SCOPE,membership_in_verified_WoS_query_#5,verified
EC_EV_002233,EC_EV_FINAL_SCOPE,membership_in_verified_WoS_query_#5,verified
EC_EV_002234,EC_EV_FINAL_SCOPE,membership_in_verified_WoS_query_#5,verified
EC_EV_002235,EC_EV_FINAL_SCOPE,membership_in_verified_WoS_query_#5,verified
EC_EV_002236,EC_EV_FINAL_SCOPE,membership_in_verified_WoS_query_#5,verified
EC_EV_002237,EC_EV_FINAL_SCOPE,membership_in_verified_WoS_query_#5,verified
EC_EV_002238,EC_EV_FINAL_SCOPE,membership_in_verified_WoS_query_#5,verified
EC_EV_002239,EC_EV_FINAL_SCOPE,membership_in_verified_WoS_query_#5,verified
EC_EV_002240,EC_EV_FINAL_SCOPE,membership_in_verified_WoS_query_#5,verified
EC_EV_002241,EC_EV_FINAL_SCOPE,membership_in_verified_WoS_query_#5,verified
EC_EV_002242,EC_EV_FINAL_SCOPE,membership_in_verified_WoS_query_#5,verified
EC_EV_002243,EC_EV_FINAL_SCOPE,membership_in_verified_WoS_query_#5,verified
EC_EV_002244,EC_EV_FINAL_SCOPE,membership_in_verified_WoS_query_#5,verified
EC_EV_002245,EC_EV_FINAL_SCOPE,membership_in_verified_WoS_query_#5,verified
EC_EV_002246,EC_EV_FINAL_SCOPE,membership_in_verified_WoS_query_#5,verified
EC_EV_002247,EC_EV_FINAL_SCOPE,membership_in_verified_WoS_query_#5,verified
EC_EV_002248,EC_EV_FINAL_SCOPE,membership_in_verified_WoS_query_#5,verified
EC_EV_002249,EC_EV_FINAL_SCOPE,membership_in_verified_WoS_query_#5,verified
EC_EV_002250,EC_EV_FINAL_SCOPE,membership_in_verified_WoS_query_#5,verified
EC_EV_002251,EC_EV_FINAL_SCOPE,membership_in_verified_WoS_query_#5,verified
EC_EV_002252,EC_EV_FINAL_SCOPE,membership_in_verified_WoS_query_#5,verified
EC_EV_002253,EC_EV_FINAL_SCOPE,membership_in_verified_WoS_query_#5,verified
EC_EV_002254,EC_EV_FINAL_SCOPE,membership_in_verified_WoS_query_#5,verified
EC_EV_002255,EC_EV_FINAL_SCOPE,membership_in_verified_WoS_query_#5,verified
EC_EV_002256,EC_EV_FINAL_SCOPE,membership_in_verified_WoS_query_#5,verified
EC_EV_002257,EC_EV_FINAL_SCOPE,membership_in_verified_WoS_query_#5,verified
EC_EV_002258,EC_EV_FINAL_SCOPE,membership_in_verified_WoS_query_#5,verified
EC_EV_002259,EC_EV_FINAL_SCOPE,membership_in_verified_WoS_query_#5,verified
EC_EV_002260,EC_EV_FINAL_SCOPE,membership_in_verified_WoS_query_#5,verified
EC_EV_002261,EC_EV_FINAL_SCOPE,membership_in_verified_WoS_query_#5,verified
EC_EV_002262,EC_EV_FINAL_SCOPE,membership_in_verified_WoS_query_#5,verified
EC_EV_002263,EC_EV_FINAL_SCOPE,membership_in_verified_WoS_query_#5,verified
EC_EV_002264,EC_EV_FINAL_SCOPE,membership_in_verified_WoS_query_#5,verified
EC_EV_002265,EC_EV_FINAL_SCOPE,membership_in_verified_WoS_query_#5,verified
EC_EV_002266,EC_EV_FINAL_SCOPE,membership_in_verified_WoS_query_#5,verified
EC_EV_002267,EC_EV_FINAL_SCOPE,membership_in_verified_WoS_query_#5,verified
EC_EV_002268,EC_EV_FINAL_SCOPE,membership_in_verified_WoS_query_#5,verified
EC_EV_002269,EC_EV_FINAL_SCOPE,membership_in_verified_WoS_query_#5,verified
EC_EV_002270,EC_EV_FINAL_SCOPE,membership_in_verified_WoS_query_#5,verified
EC_EV_002271,EC_EV_FINAL_SCOPE,membership_in_verified_WoS_query_#5,verified
EC_EV_002272,EC_EV_FINAL_SCOPE,membership_in_verified_WoS_query_#5,verified
EC_EV_002273,EC_EV_FINAL_SCOPE,membership_in_verified_WoS_query_#5,verified
EC_EV_002274,EC_EV_FINAL_SCOPE,membership_in_verified_WoS_query_#5,verified
EC_EV_002275,EC_EV_FINAL_SCOPE,membership_in_verified_WoS_query_#5,verified
EC_EV_002276,EC_EV_FINAL_SCOPE,membership_in_verified_WoS_query_#5,verified
EC_EV_002277,EC_EV_FINAL_SCOPE,membership_in_verified_WoS_query_#5,verified
EC_EV_002278,EC_EV_FINAL_SCOPE,membership_in_verified_WoS_query_#5,verified
EC_EV_002279,EC_EV_FINAL_SCOPE,membership_in_verified_WoS_query_#5,verified
EC_EV_002280,EC_EV_FINAL_SCOPE,membership_in_verified_WoS_query_#5,verified
EC_EV_002281,EC_EV_FINAL_SCOPE,membership_in_verified_WoS_query_#5,verified
EC_EV_002282,EC_EV_FINAL_SCOPE,membership_in_verified_WoS_query_#5,verified
EC_EV_002283,EC_EV_FINAL_SCOPE,membership_in_verified_WoS_query_#5,verified
EC_EV_002284,EC_EV_FINAL_SCOPE,membership_in_verified_WoS_query_#5,verified
EC_EV_002285,EC_EV_FINAL_SCOPE,membership_in_verified_WoS_query_#5,verified
EC_EV_002286,EC_EV_FINAL_SCOPE,membership_in_verified_WoS_query_#5,verified
EC_EV_002287,EC_EV_FINAL_SCOPE,membership_in_verified_WoS_query_#5,verified
EC_EV_002288,EC_EV_FINAL_SCOPE,membership_in_verified_WoS_query_#5,verified
EC_EV_002289,EC_EV_FINAL_SCOPE,membership_in_verified_WoS_query_#5,verified
EC_EV_002290,EC_EV_FINAL_SCOPE,membership_in_verified_WoS_query_#5,verified
EC_EV_002291,EC_EV_FINAL_SCOPE,membership_in_verified_WoS_query_#5,verified
EC_EV_002292,EC_EV_FINAL_SCOPE,membership_in_verified_WoS_query_#5,verified
EC_EV_002293,EC_EV_FINAL_SCOPE,membership_in_verified_WoS_query_#5,verified
EC_EV_002294,EC_EV_FINAL_SCOPE,membership_in_verified_WoS_query_#5,verified
EC_EV_002295,EC_EV_FINAL_SCOPE,membership_in_verified_WoS_query_#5,verified
EC_EV_002296,EC_EV_FINAL_SCOPE,membership_in_verified_WoS_query_#5,verified
EC_EV_002297,EC_EV_FINAL_SCOPE,membership_in_verified_WoS_query_#5,verified
EC_EV_002298,EC_EV_FINAL_SCOPE,membership_in_verified_WoS_query_#5,verified
EC_EV_002299,EC_EV_FINAL_SCOPE,membership_in_verified_WoS_query_#5,verified
EC_EV_002300,EC_EV_FINAL_SCOPE,membership_in_verified_WoS_query_#5,verified
EC_EV_002301,EC_EV_FINAL_SCOPE,membership_in_verified_WoS_query_#5,verified
EC_EV_002302,EC_EV_FINAL_SCOPE,membership_in_verified_WoS_query_#5,verified
EC_EV_002303,EC_EV_FINAL_SCOPE,membership_in_verified_WoS_query_#5,verified
EC_EV_002304,EC_EV_FINAL_SCOPE,membership_in_verified_WoS_query_#5,verified
EC_EV_002305,EC_EV_FINAL_SCOPE,membership_in_verified_WoS_query_#5,verified
EC_EV_002306,EC_EV_FINAL_SCOPE,membership_in_verified_WoS_query_#5,verified
EC_EV_002307,EC_EV_FINAL_SCOPE,membership_in_verified_WoS_query_#5,verified
EC_EV_002308,EC_EV_FINAL_SCOPE,membership_in_verified_WoS_query_#5,verified
EC_EV_002309,EC_EV_FINAL_SCOPE,membership_in_verified_WoS_query_#5,verified
EC_EV_002310,EC_EV_FINAL_SCOPE,membership_in_verified_WoS_query_#5,verified
EC_EV_002311,EC_EV_FINAL_SCOPE,membership_in_verified_WoS_query_#5,verified
EC_EV_002312,EC_EV_FINAL_SCOPE,membership_in_verified_WoS_query_#5,verified
EC_EV_002313,EC_EV_FINAL_SCOPE,membership_in_verified_WoS_query_#5,verified
EC_EV_002314,EC_EV_FINAL_SCOPE,membership_in_verified_WoS_query_#5,verified
EC_EV_002315,EC_EV_FINAL_SCOPE,membership_in_verified_WoS_query_#5,verified
EC_EV_002316,EC_EV_FINAL_SCOPE,membership_in_verified_WoS_query_#5,verified
EC_EV_002317,EC_EV_FINAL_SCOPE,membership_in_verified_WoS_query_#5,verified
EC_EV_002318,EC_EV_FINAL_SCOPE,membership_in_verified_WoS_query_#5,verified
EC_EV_002319,EC_EV_FINAL_SCOPE,membership_in_verified_WoS_query_#5,verified
EC_EV_002320,EC_EV_FINAL_SCOPE,membership_in_verified_WoS_query_#5,verified
EC_EV_002321,EC_EV_FINAL_SCOPE,membership_in_verified_WoS_query_#5,verified
EC_EV_002322,EC_EV_FINAL_SCOPE,membership_in_verified_WoS_query_#5,verified
EC_EV_002323,EC_EV_FINAL_SCOPE,membership_in_verified_WoS_query_#5,verified
EC_EV_002324,EC_EV_FINAL_SCOPE,membership_in_verified_WoS_query_#5,verified
EC_EV_002325,EC_EV_FINAL_SCOPE,membership_in_verified_WoS_query_#5,verified
EC_EV_002326,EC_EV_FINAL_SCOPE,membership_in_verified_WoS_query_#5,verified
EC_EV_002327,EC_EV_FINAL_SCOPE,membership_in_verified_WoS_query_#5,verified
EC_EV_002328,EC_EV_FINAL_SCOPE,membership_in_verified_WoS_query_#5,verified
EC_EV_002329,EC_EV_FINAL_SCOPE,membership_in_verified_WoS_query_#5,verified
EC_EV_002330,EC_EV_FINAL_SCOPE,membership_in_verified_WoS_query_#5,verified
EC_EV_002331,EC_EV_FINAL_SCOPE,membership_in_verified_WoS_query_#5,verified
EC_EV_002332,EC_EV_FINAL_SCOPE,membership_in_verified_WoS_query_#5,verified
EC_EV_002333,EC_EV_FINAL_SCOPE,membership_in_verified_WoS_query_#5,verified
EC_EV_002334,EC_EV_FINAL_SCOPE,membership_in_verified_WoS_query_#5,verified
EC_EV_002335,EC_EV_FINAL_SCOPE,membership_in_verified_WoS_query_#5,verified
EC_EV_002336,EC_EV_FINAL_SCOPE,membership_in_verified_WoS_query_#5,verified
EC_EV_002337,EC_EV_FINAL_SCOPE,membership_in_verified_WoS_query_#5,verified
EC_EV_002338,EC_EV_FINAL_SCOPE,membership_in_verified_WoS_query_#5,verified
EC_EV_002339,EC_EV_FINAL_SCOPE,membership_in_verified_WoS_query_#5,verified
EC_EV_002340,EC_EV_FINAL_SCOPE,membership_in_verified_WoS_query_#5,verified
EC_EV_002341,EC_EV_FINAL_SCOPE,membership_in_verified_WoS_query_#5,verified
EC_EV_002342,EC_EV_FINAL_SCOPE,membership_in_verified_WoS_query_#5,verified
EC_EV_002343,EC_EV_FINAL_SCOPE,membership_in_verified_WoS_query_#5,verified
EC_EV_002344,EC_EV_FINAL_SCOPE,membership_in_verified_WoS_query_#5,verified
EC_EV_002345,EC_EV_FINAL_SCOPE,membership_in_verified_WoS_query_#5,verified
EC_EV_002346,EC_EV_FINAL_SCOPE,membership_in_verified_WoS_query_#5,verified
EC_EV_002347,EC_EV_FINAL_SCOPE,membership_in_verified_WoS_query_#5,verified
EC_EV_002348,EC_EV_FINAL_SCOPE,membership_in_verified_WoS_query_#5,verified
EC_EV_002349,EC_EV_FINAL_SCOPE,membership_in_verified_WoS_query_#5,verified
EC_EV_002350,EC_EV_FINAL_SCOPE,membership_in_verified_WoS_query_#5,verified
EC_EV_002351,EC_EV_FINAL_SCOPE,membership_in_verified_WoS_query_#5,verified
EC_EV_002352,EC_EV_FINAL_SCOPE,membership_in_verified_WoS_query_#5,verified
EC_EV_002353,EC_EV_FINAL_SCOPE,membership_in_verified_WoS_query_#5,verified
EC_EV_002354,EC_EV_FINAL_SCOPE,membership_in_verified_WoS_query_#5,verified
EC_EV_002355,EC_EV_FINAL_SCOPE,membership_in_verified_WoS_query_#5,verified
EC_EV_002356,EC_EV_FINAL_SCOPE,membership_in_verified_WoS_query_#5,verified
EC_EV_002357,EC_EV_FINAL_SCOPE,membership_in_verified_WoS_query_#5,verified
EC_EV_002358,EC_EV_FINAL_SCOPE,membership_in_verified_WoS_query_#5,verified
EC_EV_002359,EC_EV_FINAL_SCOPE,membership_in_verified_WoS_query_#5,verified
EC_EV_002360,EC_EV_FINAL_SCOPE,membership_in_verified_WoS_query_#5,verified
EC_EV_002361,EC_EV_FINAL_SCOPE,membership_in_verified_WoS_query_#5,verified
EC_EV_002362,EC_EV_FINAL_SCOPE,membership_in_verified_WoS_query_#5,verified
EC_EV_002363,EC_EV_FINAL_SCOPE,membership_in_verified_WoS_query_#5,verified
EC_EV_002364,EC_EV_FINAL_SCOPE,membership_in_verified_WoS_query_#5,verified
EC_EV_002365,EC_EV_FINAL_SCOPE,membership_in_verified_WoS_query_#5,verified
EC_EV_002366,EC_EV_FINAL_SCOPE,membership_in_verified_WoS_query_#5,verified
EC_EV_002367,EC_EV_FINAL_SCOPE,membership_in_verified_WoS_query_#5,verified
EC_EV_002368,EC_EV_FINAL_SCOPE,membership_in_verified_WoS_query_#5,verified
EC_EV_002369,EC_EV_FINAL_SCOPE,membership_in_verified_WoS_query_#5,verified
EC_EV_002370,EC_EV_FINAL_SCOPE,membership_in_verified_WoS_query_#5,verified
EC_EV_002371,EC_EV_FINAL_SCOPE,membership_in_verified_WoS_query_#5,verified
EC_EV_002372,EC_EV_FINAL_SCOPE,membership_in_verified_WoS_query_#5,verified
EC_EV_002373,EC_EV_FINAL_SCOPE,membership_in_verified_WoS_query_#5,verified
EC_EV_002374,EC_EV_FINAL_SCOPE,membership_in_verified_WoS_query_#5,verified
EC_EV_002375,EC_EV_FINAL_SCOPE,membership_in_verified_WoS_query_#5,verified
EC_EV_002376,EC_EV_FINAL_SCOPE,membership_in_verified_WoS_query_#5,verified
EC_EV_002377,EC_EV_FINAL_SCOPE,membership_in_verified_WoS_query_#5,verified
EC_EV_002378,EC_EV_FINAL_SCOPE,membership_in_verified_WoS_query_#5,verified
EC_EV_002379,EC_EV_FINAL_SCOPE,membership_in_verified_WoS_query_#5,verified
EC_EV_002380,EC_EV_FINAL_SCOPE,membership_in_verified_WoS_query_#5,verified
EC_EV_002381,EC_EV_FINAL_SCOPE,membership_in_verified_WoS_query_#5,verified
EC_EV_002382,EC_EV_FINAL_SCOPE,membership_in_verified_WoS_query_#5,verified
EC_EV_002383,EC_EV_FINAL_SCOPE,membership_in_verified_WoS_query_#5,verified
EC_EV_002384,EC_EV_FINAL_SCOPE,membership_in_verified_WoS_query_#5,verified
EC_EV_002385,EC_EV_FINAL_SCOPE,membership_in_verified_WoS_query_#5,verified
EC_EV_002386,EC_EV_FINAL_SCOPE,membership_in_verified_WoS_query_#5,verified
EC_EV_002387,EC_EV_FINAL_SCOPE,membership_in_verified_WoS_query_#5,verified
EC_EV_002388,EC_EV_FINAL_SCOPE,membership_in_verified_WoS_query_#5,verified
EC_EV_002389,EC_EV_FINAL_SCOPE,membership_in_verified_WoS_query_#5,verified
EC_EV_002390,EC_EV_FINAL_SCOPE,membership_in_verified_WoS_query_#5,verified
EC_EV_002391,EC_EV_FINAL_SCOPE,membership_in_verified_WoS_query_#5,verified
EC_EV_002392,EC_EV_FINAL_SCOPE,membership_in_verified_WoS_query_#5,verified
EC_EV_002393,EC_EV_FINAL_SCOPE,membership_in_verified_WoS_query_#5,verified
EC_EV_002394,EC_EV_FINAL_SCOPE,membership_in_verified_WoS_query_#5,verified
EC_EV_002395,EC_EV_FINAL_SCOPE,membership_in_verified_WoS_query_#5,verified
EC_EV_002396,EC_EV_FINAL_SCOPE,membership_in_verified_WoS_query_#5,verified
EC_EV_002397,EC_EV_FINAL_SCOPE,membership_in_verified_WoS_query_#5,verified
EC_EV_002398,EC_EV_FINAL_SCOPE,membership_in_verified_WoS_query_#5,verified
EC_EV_002399,EC_EV_FINAL_SCOPE,membership_in_verified_WoS_query_#5,verified
EC_EV_002400,EC_EV_FINAL_SCOPE,membership_in_verified_WoS_query_#5,verified
EC_EV_002401,EC_EV_FINAL_SCOPE,membership_in_verified_WoS_query_#5,verified
EC_EV_002402,EC_EV_FINAL_SCOPE,membership_in_verified_WoS_query_#5,verified
EC_EV_002403,EC_EV_FINAL_SCOPE,membership_in_verified_WoS_query_#5,verified
EC_EV_002404,EC_EV_FINAL_SCOPE,membership_in_verified_WoS_query_#5,verified
EC_EV_002405,EC_EV_FINAL_SCOPE,membership_in_verified_WoS_query_#5,verified
EC_EV_002406,EC_EV_FINAL_SCOPE,membership_in_verified_WoS_query_#5,verified
EC_EV_002407,EC_EV_FINAL_SCOPE,membership_in_verified_WoS_query_#5,verified
EC_EV_002408,EC_EV_FINAL_SCOPE,membership_in_verified_WoS_query_#5,verified
EC_EV_002409,EC_EV_FINAL_SCOPE,membership_in_verified_WoS_query_#5,verified
EC_EV_002410,EC_EV_FINAL_SCOPE,membership_in_verified_WoS_query_#5,verified
EC_EV_002411,EC_EV_FINAL_SCOPE,membership_in_verified_WoS_query_#5,verified
EC_EV_002412,EC_EV_FINAL_SCOPE,membership_in_verified_WoS_query_#5,verified
EC_EV_002413,EC_EV_FINAL_SCOPE,membership_in_verified_WoS_query_#5,verified
EC_EV_002414,EC_EV_FINAL_SCOPE,membership_in_verified_WoS_query_#5,verified
EC_EV_002415,EC_EV_FINAL_SCOPE,membership_in_verified_WoS_query_#5,verified
EC_EV_002416,EC_EV_FINAL_SCOPE,membership_in_verified_WoS_query_#5,verified
EC_EV_002417,EC_EV_FINAL_SCOPE,membership_in_verified_WoS_query_#5,verified
EC_EV_002418,EC_EV_FINAL_SCOPE,membership_in_verified_WoS_query_#5,verified
EC_EV_002419,EC_EV_FINAL_SCOPE,membership_in_verified_WoS_query_#5,verified
EC_EV_002420,EC_EV_FINAL_SCOPE,membership_in_verified_WoS_query_#5,verified
EC_EV_002421,EC_EV_FINAL_SCOPE,membership_in_verified_WoS_query_#5,verified
EC_EV_002422,EC_EV_FINAL_SCOPE,membership_in_verified_WoS_query_#5,verified
EC_EV_002423,EC_EV_FINAL_SCOPE,membership_in_verified_WoS_query_#5,verified
EC_EV_002424,EC_EV_FINAL_SCOPE,membership_in_verified_WoS_query_#5,verified
EC_EV_002425,EC_EV_FINAL_SCOPE,membership_in_verified_WoS_query_#5,verified
EC_EV_002426,EC_EV_FINAL_SCOPE,membership_in_verified_WoS_query_#5,verified
EC_EV_002427,EC_EV_FINAL_SCOPE,membership_in_verified_WoS_query_#5,verified
EC_EV_002428,EC_EV_FINAL_SCOPE,membership_in_verified_WoS_query_#5,verified
EC_EV_002429,EC_EV_FINAL_SCOPE,membership_in_verified_WoS_query_#5,verified
EC_EV_002430,EC_EV_FINAL_SCOPE,membership_in_verified_WoS_query_#5,verified
EC_EV_002431,EC_EV_FINAL_SCOPE,membership_in_verified_WoS_query_#5,verified
EC_EV_002432,EC_EV_FINAL_SCOPE,membership_in_verified_WoS_query_#5,verified
EC_EV_002433,EC_EV_FINAL_SCOPE,membership_in_verified_WoS_query_#5,verified
EC_EV_002434,EC_EV_FINAL_SCOPE,membership_in_verified_WoS_query_#5,verified
EC_EV_002435,EC_EV_FINAL_SCOPE,membership_in_verified_WoS_query_#5,verified
EC_EV_002436,EC_EV_FINAL_SCOPE,membership_in_verified_WoS_query_#5,verified
EC_EV_002437,EC_EV_FINAL_SCOPE,membership_in_verified_WoS_query_#5,verified
EC_EV_002438,EC_EV_FINAL_SCOPE,membership_in_verified_WoS_query_#5,verified
EC_EV_002439,EC_EV_FINAL_SCOPE,membership_in_verified_WoS_query_#5,verified
EC_EV_002440,EC_EV_FINAL_SCOPE,membership_in_verified_WoS_query_#5,verified
EC_EV_002441,EC_EV_FINAL_SCOPE,membership_in_verified_WoS_query_#5,verified
EC_EV_002442,EC_EV_FINAL_SCOPE,membership_in_verified_WoS_query_#5,verified
EC_EV_002443,EC_EV_FINAL_SCOPE,membership_in_verified_WoS_query_#5,verified
EC_EV_002444,EC_EV_FINAL_SCOPE,membership_in_verified_WoS_query_#5,verified
EC_EV_002445,EC_EV_FINAL_SCOPE,membership_in_verified_WoS_query_#5,verified
EC_EV_002446,EC_EV_FINAL_SCOPE,membership_in_verified_WoS_query_#5,verified
EC_EV_002447,EC_EV_FINAL_SCOPE,membership_in_verified_WoS_query_#5,verified
EC_EV_002448,EC_EV_FINAL_SCOPE,membership_in_verified_WoS_query_#5,verified
EC_EV_002449,EC_EV_FINAL_SCOPE,membership_in_verified_WoS_query_#5,verified
EC_EV_002450,EC_EV_FINAL_SCOPE,membership_in_verified_WoS_query_#5,verified
EC_EV_002451,EC_EV_FINAL_SCOPE,membership_in_verified_WoS_query_#5,verified
EC_EV_002452,EC_EV_FINAL_SCOPE,membership_in_verified_WoS_query_#5,verified
EC_EV_002453,EC_EV_FINAL_SCOPE,membership_in_verified_WoS_query_#5,verified
EC_EV_002454,EC_EV_FINAL_SCOPE,membership_in_verified_WoS_query_#5,verified
EC_EV_002455,EC_EV_FINAL_SCOPE,membership_in_verified_WoS_query_#5,verified
EC_EV_002456,EC_EV_FINAL_SCOPE,membership_in_verified_WoS_query_#5,verified
EC_EV_002457,EC_EV_FINAL_SCOPE,membership_in_verified_WoS_query_#5,verified
EC_EV_002458,EC_EV_FINAL_SCOPE,membership_in_verified_WoS_query_#5,verified
EC_EV_002459,EC_EV_FINAL_SCOPE,membership_in_verified_WoS_query_#5,verified
EC_EV_002460,EC_EV_FINAL_SCOPE,membership_in_verified_WoS_query_#5,verified
EC_EV_002461,EC_EV_FINAL_SCOPE,membership_in_verified_WoS_query_#5,verified
EC_EV_002462,EC_EV_FINAL_SCOPE,membership_in_verified_WoS_query_#5,verified
EC_EV_002463,EC_EV_FINAL_SCOPE,membership_in_verified_WoS_query_#5,verified
EC_EV_002464,EC_EV_FINAL_SCOPE,membership_in_verified_WoS_query_#5,verified
EC_EV_002465,EC_EV_FINAL_SCOPE,membership_in_verified_WoS_query_#5,verified
EC_EV_002466,EC_EV_FINAL_SCOPE,membership_in_verified_WoS_query_#5,verified
EC_EV_002467,EC_EV_FINAL_SCOPE,membership_in_verified_WoS_query_#5,verified
EC_EV_002468,EC_EV_FINAL_SCOPE,membership_in_verified_WoS_query_#5,verified
EC_EV_002469,EC_EV_FINAL_SCOPE,membership_in_verified_WoS_query_#5,verified
EC_EV_002470,EC_EV_FINAL_SCOPE,membership_in_verified_WoS_query_#5,verified
EC_EV_002471,EC_EV_FINAL_SCOPE,membership_in_verified_WoS_query_#5,verified
EC_EV_002472,EC_EV_FINAL_SCOPE,membership_in_verified_WoS_query_#5,verified
EC_EV_002473,EC_EV_FINAL_SCOPE,membership_in_verified_WoS_query_#5,verified
EC_EV_002474,EC_EV_FINAL_SCOPE,membership_in_verified_WoS_query_#5,verified
EC_EV_002475,EC_EV_FINAL_SCOPE,membership_in_verified_WoS_query_#5,verified
EC_EV_002476,EC_EV_FINAL_SCOPE,membership_in_verified_WoS_query_#5,verified
EC_EV_002477,EC_EV_FINAL_SCOPE,membership_in_verified_WoS_query_#5,verified
EC_EV_002478,EC_EV_FINAL_SCOPE,membership_in_verified_WoS_query_#5,verified
EC_EV_002479,EC_EV_FINAL_SCOPE,membership_in_verified_WoS_query_#5,verified
EC_EV_002480,EC_EV_FINAL_SCOPE,membership_in_verified_WoS_query_#5,verified
EC_EV_002481,EC_EV_FINAL_SCOPE,membership_in_verified_WoS_query_#5,verified
EC_EV_002482,EC_EV_FINAL_SCOPE,membership_in_verified_WoS_query_#5,verified
EC_EV_002483,EC_EV_FINAL_SCOPE,membership_in_verified_WoS_query_#5,verified
EC_EV_002484,EC_EV_FINAL_SCOPE,membership_in_verified_WoS_query_#5,verified
EC_EV_002485,EC_EV_FINAL_SCOPE,membership_in_verified_WoS_query_#5,verified
EC_EV_002486,EC_EV_FINAL_SCOPE,membership_in_verified_WoS_query_#5,verified
EC_EV_002487,EC_EV_FINAL_SCOPE,membership_in_verified_WoS_query_#5,verified
EC_EV_002488,EC_EV_FINAL_SCOPE,membership_in_verified_WoS_query_#5,verified
EC_EV_002489,EC_EV_FINAL_SCOPE,membership_in_verified_WoS_query_#5,verified
EC_EV_002490,EC_EV_FINAL_SCOPE,membership_in_verified_WoS_query_#5,verified
EC_EV_002491,EC_EV_FINAL_SCOPE,membership_in_verified_WoS_query_#5,verified
EC_EV_002492,EC_EV_FINAL_SCOPE,membership_in_verified_WoS_query_#5,verified
EC_EV_002493,EC_EV_FINAL_SCOPE,membership_in_verified_WoS_query_#5,verified
EC_EV_002494,EC_EV_FINAL_SCOPE,membership_in_verified_WoS_query_#5,verified
EC_EV_002495,EC_EV_FINAL_SCOPE,membership_in_verified_WoS_query_#5,verified
EC_EV_002496,EC_EV_FINAL_SCOPE,membership_in_verified_WoS_query_#5,verified
EC_EV_002497,EC_EV_FINAL_SCOPE,membership_in_verified_WoS_query_#5,verified
EC_EV_002498,EC_EV_FINAL_SCOPE,membership_in_verified_WoS_query_#5,verified
EC_EV_002499,EC_EV_FINAL_SCOPE,membership_in_verified_WoS_query_#5,verified
EC_EV_002500,EC_EV_FINAL_SCOPE,membership_in_verified_WoS_query_#5,verified
EC_EV_002501,EC_EV_FINAL_SCOPE,membership_in_verified_WoS_query_#5,verified
EC_EV_002502,EC_EV_FINAL_SCOPE,membership_in_verified_WoS_query_#5,verified
EC_EV_002503,EC_EV_FINAL_SCOPE,membership_in_verified_WoS_query_#5,verified
EC_EV_002504,EC_EV_FINAL_SCOPE,membership_in_verified_WoS_query_#5,verified
EC_EV_002505,EC_EV_FINAL_SCOPE,membership_in_verified_WoS_query_#5,verified
EC_EV_002506,EC_EV_FINAL_SCOPE,membership_in_verified_WoS_query_#5,verified
EC_EV_002507,EC_EV_FINAL_SCOPE,membership_in_verified_WoS_query_#5,verified
EC_EV_002508,EC_EV_FINAL_SCOPE,membership_in_verified_WoS_query_#5,verified
EC_EV_002509,EC_EV_FINAL_SCOPE,membership_in_verified_WoS_query_#5,verified
EC_EV_002510,EC_EV_FINAL_SCOPE,membership_in_verified_WoS_query_#5,verified
EC_EV_002511,EC_EV_FINAL_SCOPE,membership_in_verified_WoS_query_#5,verified
EC_EV_002512,EC_EV_FINAL_SCOPE,membership_in_verified_WoS_query_#5,verified
EC_EV_002513,EC_EV_FINAL_SCOPE,membership_in_verified_WoS_query_#5,verified
EC_EV_002514,EC_EV_FINAL_SCOPE,membership_in_verified_WoS_query_#5,verified
EC_EV_002515,EC_EV_FINAL_SCOPE,membership_in_verified_WoS_query_#5,verified
EC_EV_002516,EC_EV_FINAL_SCOPE,membership_in_verified_WoS_query_#5,verified
EC_EV_002517,EC_EV_FINAL_SCOPE,membership_in_verified_WoS_query_#5,verified
EC_EV_002518,EC_EV_FINAL_SCOPE,membership_in_verified_WoS_query_#5,verified
EC_EV_002519,EC_EV_FINAL_SCOPE,membership_in_verified_WoS_query_#5,verified
EC_EV_002520,EC_EV_FINAL_SCOPE,membership_in_verified_WoS_query_#5,verified
EC_EV_002521,EC_EV_FINAL_SCOPE,membership_in_verified_WoS_query_#5,verified
EC_EV_002522,EC_EV_FINAL_SCOPE,membership_in_verified_WoS_query_#5,verified
EC_EV_002523,EC_EV_FINAL_SCOPE,membership_in_verified_WoS_query_#5,verified
EC_EV_002524,EC_EV_FINAL_SCOPE,membership_in_verified_WoS_query_#5,verified
EC_EV_002525,EC_EV_FINAL_SCOPE,membership_in_verified_WoS_query_#5,verified
EC_EV_002526,EC_EV_FINAL_SCOPE,membership_in_verified_WoS_query_#5,verified
EC_EV_002527,EC_EV_FINAL_SCOPE,membership_in_verified_WoS_query_#5,verified
EC_EV_002528,EC_EV_FINAL_SCOPE,membership_in_verified_WoS_query_#5,verified
EC_EV_002529,EC_EV_FINAL_SCOPE,membership_in_verified_WoS_query_#5,verified
EC_EV_002530,EC_EV_FINAL_SCOPE,membership_in_verified_WoS_query_#5,verified
EC_EV_002531,EC_EV_FINAL_SCOPE,membership_in_verified_WoS_query_#5,verified
EC_EV_002532,EC_EV_FINAL_SCOPE,membership_in_verified_WoS_query_#5,verified
EC_EV_002533,EC_EV_FINAL_SCOPE,membership_in_verified_WoS_query_#5,verified
EC_EV_002534,EC_EV_FINAL_SCOPE,membership_in_verified_WoS_query_#5,verified
EC_EV_002535,EC_EV_FINAL_SCOPE,membership_in_verified_WoS_query_#5,verified
EC_EV_002536,EC_EV_FINAL_SCOPE,membership_in_verified_WoS_query_#5,verified
EC_EV_002537,EC_EV_FINAL_SCOPE,membership_in_verified_WoS_query_#5,verified
EC_EV_002538,EC_EV_FINAL_SCOPE,membership_in_verified_WoS_query_#5,verified
EC_EV_002539,EC_EV_FINAL_SCOPE,membership_in_verified_WoS_query_#5,verified
EC_EV_002540,EC_EV_FINAL_SCOPE,membership_in_verified_WoS_query_#5,verified
EC_EV_002541,EC_EV_FINAL_SCOPE,membership_in_verified_WoS_query_#5,verified
EC_EV_002542,EC_EV_FINAL_SCOPE,membership_in_verified_WoS_query_#5,verified
EC_EV_002543,EC_EV_FINAL_SCOPE,membership_in_verified_WoS_query_#5,verified
EC_EV_002544,EC_EV_FINAL_SCOPE,membership_in_verified_WoS_query_#5,verified
EC_EV_002545,EC_EV_FINAL_SCOPE,membership_in_verified_WoS_query_#5,verified
EC_EV_002546,EC_EV_FINAL_SCOPE,membership_in_verified_WoS_query_#5,verified
EC_EV_002547,EC_EV_FINAL_SCOPE,membership_in_verified_WoS_query_#5,verified
EC_EV_002548,EC_EV_FINAL_SCOPE,membership_in_verified_WoS_query_#5,verified
EC_EV_002549,EC_EV_FINAL_SCOPE,membership_in_verified_WoS_query_#5,verified
EC_EV_002550,EC_EV_FINAL_SCOPE,membership_in_verified_WoS_query_#5,verified
EC_EV_002551,EC_EV_FINAL_SCOPE,membership_in_verified_WoS_query_#5,verified
EC_EV_002552,EC_EV_FINAL_SCOPE,membership_in_verified_WoS_query_#5,verified
EC_EV_002553,EC_EV_FINAL_SCOPE,membership_in_verified_WoS_query_#5,verified
EC_EV_002554,EC_EV_FINAL_SCOPE,membership_in_verified_WoS_query_#5,verified
EC_EV_002555,EC_EV_FINAL_SCOPE,membership_in_verified_WoS_query_#5,verified
EC_EV_002556,EC_EV_FINAL_SCOPE,membership_in_verified_WoS_query_#5,verified
EC_EV_002557,EC_EV_FINAL_SCOPE,membership_in_verified_WoS_query_#5,verified
EC_EV_002558,EC_EV_FINAL_SCOPE,membership_in_verified_WoS_query_#5,verified
EC_EV_002559,EC_EV_FINAL_SCOPE,membership_in_verified_WoS_query_#5,verified
EC_EV_002560,EC_EV_FINAL_SCOPE,membership_in_verified_WoS_query_#5,verified
EC_EV_002561,EC_EV_FINAL_SCOPE,membership_in_verified_WoS_query_#5,verified
EC_EV_002562,EC_EV_FINAL_SCOPE,membership_in_verified_WoS_query_#5,verified
EC_EV_002563,EC_EV_FINAL_SCOPE,membership_in_verified_WoS_query_#5,verified
EC_EV_002564,EC_EV_FINAL_SCOPE,membership_in_verified_WoS_query_#5,verified
EC_EV_002565,EC_EV_FINAL_SCOPE,membership_in_verified_WoS_query_#5,verified
EC_EV_002566,EC_EV_FINAL_SCOPE,membership_in_verified_WoS_query_#5,verified
EC_EV_002567,EC_EV_FINAL_SCOPE,membership_in_verified_WoS_query_#5,verified
EC_EV_002568,EC_EV_FINAL_SCOPE,membership_in_verified_WoS_query_#5,verified
EC_EV_002569,EC_EV_FINAL_SCOPE,membership_in_verified_WoS_query_#5,verified
EC_EV_002570,EC_EV_FINAL_SCOPE,membership_in_verified_WoS_query_#5,verified
EC_EV_002571,EC_EV_FINAL_SCOPE,membership_in_verified_WoS_query_#5,verified
EC_EV_002572,EC_EV_FINAL_SCOPE,membership_in_verified_WoS_query_#5,verified
EC_EV_002573,EC_EV_FINAL_SCOPE,membership_in_verified_WoS_query_#5,verified
EC_EV_002574,EC_EV_FINAL_SCOPE,membership_in_verified_WoS_query_#5,verified
EC_EV_002575,EC_EV_FINAL_SCOPE,membership_in_verified_WoS_query_#5,verified
EC_EV_002576,EC_EV_FINAL_SCOPE,membership_in_verified_WoS_query_#5,verified
EC_EV_002577,EC_EV_FINAL_SCOPE,membership_in_verified_WoS_query_#5,verified
EC_EV_002578,EC_EV_FINAL_SCOPE,membership_in_verified_WoS_query_#5,verified
EC_EV_002579,EC_EV_FINAL_SCOPE,membership_in_verified_WoS_query_#5,verified
EC_EV_002580,EC_EV_FINAL_SCOPE,membership_in_verified_WoS_query_#5,verified
EC_EV_002581,EC_EV_FINAL_SCOPE,membership_in_verified_WoS_query_#5,verified
EC_EV_002582,EC_EV_FINAL_SCOPE,membership_in_verified_WoS_query_#5,verified
EC_EV_002583,EC_EV_FINAL_SCOPE,membership_in_verified_WoS_query_#5,verified
EC_EV_002584,EC_EV_FINAL_SCOPE,membership_in_verified_WoS_query_#5,verified
EC_EV_002585,EC_EV_FINAL_SCOPE,membership_in_verified_WoS_query_#5,verified
EC_EV_002586,EC_EV_FINAL_SCOPE,membership_in_verified_WoS_query_#5,verified
EC_EV_002587,EC_EV_FINAL_SCOPE,membership_in_verified_WoS_query_#5,verified
EC_EV_002588,EC_EV_FINAL_SCOPE,membership_in_verified_WoS_query_#5,verified
EC_EV_002589,EC_EV_FINAL_SCOPE,membership_in_verified_WoS_query_#5,verified
EC_EV_002590,EC_EV_FINAL_SCOPE,membership_in_verified_WoS_query_#5,verified
EC_EV_002591,EC_EV_FINAL_SCOPE,membership_in_verified_WoS_query_#5,verified
EC_EV_002592,EC_EV_FINAL_SCOPE,membership_in_verified_WoS_query_#5,verified
EC_EV_002593,EC_EV_FINAL_SCOPE,membership_in_verified_WoS_query_#5,verified
EC_EV_002594,EC_EV_FINAL_SCOPE,membership_in_verified_WoS_query_#5,verified
EC_EV_002595,EC_EV_FINAL_SCOPE,membership_in_verified_WoS_query_#5,verified
EC_EV_002596,EC_EV_FINAL_SCOPE,membership_in_verified_WoS_query_#5,verified
EC_EV_002597,EC_EV_FINAL_SCOPE,membership_in_verified_WoS_query_#5,verified
EC_EV_002598,EC_EV_FINAL_SCOPE,membership_in_verified_WoS_query_#5,verified
EC_EV_002599,EC_EV_FINAL_SCOPE,membership_in_verified_WoS_query_#5,verified
EC_EV_002600,EC_EV_FINAL_SCOPE,membership_in_verified_WoS_query_#5,verified
EC_EV_002601,EC_EV_FINAL_SCOPE,membership_in_verified_WoS_query_#5,verified
EC_EV_002602,EC_EV_FINAL_SCOPE,membership_in_verified_WoS_query_#5,verified
EC_EV_002603,EC_EV_FINAL_SCOPE,membership_in_verified_WoS_query_#5,verified
EC_EV_002604,EC_EV_FINAL_SCOPE,membership_in_verified_WoS_query_#5,verified
EC_EV_002605,EC_EV_FINAL_SCOPE,membership_in_verified_WoS_query_#5,verified
EC_EV_002606,EC_EV_FINAL_SCOPE,membership_in_verified_WoS_query_#5,verified
EC_EV_002607,EC_EV_FINAL_SCOPE,membership_in_verified_WoS_query_#5,verified
EC_EV_002608,EC_EV_FINAL_SCOPE,membership_in_verified_WoS_query_#5,verified
EC_EV_002609,EC_EV_FINAL_SCOPE,membership_in_verified_WoS_query_#5,verified
EC_EV_002610,EC_EV_FINAL_SCOPE,membership_in_verified_WoS_query_#5,verified
EC_EV_002611,EC_EV_FINAL_SCOPE,membership_in_verified_WoS_query_#5,verified
EC_EV_002612,EC_EV_FINAL_SCOPE,membership_in_verified_WoS_query_#5,verified
EC_EV_002613,EC_EV_FINAL_SCOPE,membership_in_verified_WoS_query_#5,verified
EC_EV_002614,EC_EV_FINAL_SCOPE,membership_in_verified_WoS_query_#5,verified
EC_EV_002615,EC_EV_FINAL_SCOPE,membership_in_verified_WoS_query_#5,verified
EC_EV_002616,EC_EV_FINAL_SCOPE,membership_in_verified_WoS_query_#5,verified
EC_EV_002617,EC_EV_FINAL_SCOPE,membership_in_verified_WoS_query_#5,verified
EC_EV_002618,EC_EV_FINAL_SCOPE,membership_in_verified_WoS_query_#5,verified
EC_EV_002619,EC_EV_FINAL_SCOPE,membership_in_verified_WoS_query_#5,verified
EC_EV_002620,EC_EV_FINAL_SCOPE,membership_in_verified_WoS_query_#5,verified
EC_EV_002621,EC_EV_FINAL_SCOPE,membership_in_verified_WoS_query_#5,verified
EC_EV_002622,EC_EV_FINAL_SCOPE,membership_in_verified_WoS_query_#5,verified
EC_EV_002623,EC_EV_FINAL_SCOPE,membership_in_verified_WoS_query_#5,verified
EC_EV_002624,EC_EV_FINAL_SCOPE,membership_in_verified_WoS_query_#5,verified
EC_EV_002625,EC_EV_FINAL_SCOPE,membership_in_verified_WoS_query_#5,verified
EC_EV_002626,EC_EV_FINAL_SCOPE,membership_in_verified_WoS_query_#5,verified
EC_EV_002627,EC_EV_FINAL_SCOPE,membership_in_verified_WoS_query_#5,verified
EC_EV_002628,EC_EV_FINAL_SCOPE,membership_in_verified_WoS_query_#5,verified
EC_EV_002629,EC_EV_FINAL_SCOPE,membership_in_verified_WoS_query_#5,verified
EC_EV_002630,EC_EV_FINAL_SCOPE,membership_in_verified_WoS_query_#5,verified
EC_EV_002631,EC_EV_FINAL_SCOPE,membership_in_verified_WoS_query_#5,verified
EC_EV_002632,EC_EV_FINAL_SCOPE,membership_in_verified_WoS_query_#5,verified
EC_EV_002633,EC_EV_FINAL_SCOPE,membership_in_verified_WoS_query_#5,verified
EC_EV_002634,EC_EV_FINAL_SCOPE,membership_in_verified_WoS_query_#5,verified
EC_EV_002635,EC_EV_FINAL_SCOPE,membership_in_verified_WoS_query_#5,verified
EC_EV_002636,EC_EV_FINAL_SCOPE,membership_in_verified_WoS_query_#5,verified
EC_EV_002637,EC_EV_FINAL_SCOPE,membership_in_verified_WoS_query_#5,verified
EC_EV_002638,EC_EV_FINAL_SCOPE,membership_in_verified_WoS_query_#5,verified
EC_EV_002639,EC_EV_FINAL_SCOPE,membership_in_verified_WoS_query_#5,verified
EC_EV_002640,EC_EV_FINAL_SCOPE,membership_in_verified_WoS_query_#5,verified
EC_EV_002641,EC_EV_FINAL_SCOPE,membership_in_verified_WoS_query_#5,verified
EC_EV_002642,EC_EV_FINAL_SCOPE,membership_in_verified_WoS_query_#5,verified
EC_EV_002643,EC_EV_FINAL_SCOPE,membership_in_verified_WoS_query_#5,verified
EC_EV_002644,EC_EV_FINAL_SCOPE,membership_in_verified_WoS_query_#5,verified
EC_EV_002645,EC_EV_FINAL_SCOPE,membership_in_verified_WoS_query_#5,verified
EC_EV_002646,EC_EV_FINAL_SCOPE,membership_in_verified_WoS_query_#5,verified
EC_EV_002647,EC_EV_FINAL_SCOPE,membership_in_verified_WoS_query_#5,verified
EC_EV_002648,EC_EV_FINAL_SCOPE,membership_in_verified_WoS_query_#5,verified
EC_EV_002649,EC_EV_FINAL_SCOPE,membership_in_verified_WoS_query_#5,verified
EC_EV_002650,EC_EV_FINAL_SCOPE,membership_in_verified_WoS_query_#5,verified
EC_EV_002651,EC_EV_FINAL_SCOPE,membership_in_verified_WoS_query_#5,verified
EC_EV_002652,EC_EV_FINAL_SCOPE,membership_in_verified_WoS_query_#5,verified
EC_EV_002653,EC_EV_FINAL_SCOPE,membership_in_verified_WoS_query_#5,verified
EC_EV_002654,EC_EV_FINAL_SCOPE,membership_in_verified_WoS_query_#5,verified
EC_EV_002655,EC_EV_FINAL_SCOPE,membership_in_verified_WoS_query_#5,verified
EC_EV_002656,EC_EV_FINAL_SCOPE,membership_in_verified_WoS_query_#5,verified
EC_EV_002657,EC_EV_FINAL_SCOPE,membership_in_verified_WoS_query_#5,verified
EC_EV_002658,EC_EV_FINAL_SCOPE,membership_in_verified_WoS_query_#5,verified
EC_EV_002659,EC_EV_FINAL_SCOPE,membership_in_verified_WoS_query_#5,verified
EC_EV_002660,EC_EV_FINAL_SCOPE,membership_in_verified_WoS_query_#5,verified
EC_EV_002661,EC_EV_FINAL_SCOPE,membership_in_verified_WoS_query_#5,verified
EC_EV_002662,EC_EV_FINAL_SCOPE,membership_in_verified_WoS_query_#5,verified
EC_EV_002663,EC_EV_FINAL_SCOPE,membership_in_verified_WoS_query_#5,verified
EC_EV_002664,EC_EV_FINAL_SCOPE,membership_in_verified_WoS_query_#5,verified
EC_EV_002665,EC_EV_FINAL_SCOPE,membership_in_verified_WoS_query_#5,verified
EC_EV_002666,EC_EV_FINAL_SCOPE,membership_in_verified_WoS_query_#5,verified
EC_EV_002667,EC_EV_FINAL_SCOPE,membership_in_verified_WoS_query_#5,verified
EC_EV_002668,EC_EV_FINAL_SCOPE,membership_in_verified_WoS_query_#5,verified
EC_EV_002669,EC_EV_FINAL_SCOPE,membership_in_verified_WoS_query_#5,verified
EC_EV_002670,EC_EV_FINAL_SCOPE,membership_in_verified_WoS_query_#5,verified
EC_EV_002671,EC_EV_FINAL_SCOPE,membership_in_verified_WoS_query_#5,verified
EC_EV_002672,EC_EV_FINAL_SCOPE,membership_in_verified_WoS_query_#5,verified
EC_EV_002673,EC_EV_FINAL_SCOPE,membership_in_verified_WoS_query_#5,verified
EC_EV_002674,EC_EV_FINAL_SCOPE,membership_in_verified_WoS_query_#5,verified
EC_EV_002675,EC_EV_FINAL_SCOPE,membership_in_verified_WoS_query_#5,verified
EC_EV_002676,EC_EV_FINAL_SCOPE,membership_in_verified_WoS_query_#5,verified
EC_EV_002677,EC_EV_FINAL_SCOPE,membership_in_verified_WoS_query_#5,verified
EC_EV_002678,EC_EV_FINAL_SCOPE,membership_in_verified_WoS_query_#5,verified
EC_EV_002679,EC_EV_FINAL_SCOPE,membership_in_verified_WoS_query_#5,verified
EC_EV_002680,EC_EV_FINAL_SCOPE,membership_in_verified_WoS_query_#5,verified
EC_EV_002681,EC_EV_FINAL_SCOPE,membership_in_verified_WoS_query_#5,verified
EC_EV_002682,EC_EV_FINAL_SCOPE,membership_in_verified_WoS_query_#5,verified
EC_EV_002683,EC_EV_FINAL_SCOPE,membership_in_verified_WoS_query_#5,verified
EC_EV_002684,EC_EV_FINAL_SCOPE,membership_in_verified_WoS_query_#5,verified
EC_EV_002685,EC_EV_FINAL_SCOPE,membership_in_verified_WoS_query_#5,verified
EC_EV_002686,EC_EV_FINAL_SCOPE,membership_in_verified_WoS_query_#5,verified
EC_EV_002687,EC_EV_FINAL_SCOPE,membership_in_verified_WoS_query_#5,verified
EC_EV_002688,EC_EV_FINAL_SCOPE,membership_in_verified_WoS_query_#5,verified
EC_EV_002689,EC_EV_FINAL_SCOPE,membership_in_verified_WoS_query_#5,verified
EC_EV_002690,EC_EV_FINAL_SCOPE,membership_in_verified_WoS_query_#5,verified
EC_EV_002691,EC_EV_FINAL_SCOPE,membership_in_verified_WoS_query_#5,verified
EC_EV_002692,EC_EV_FINAL_SCOPE,membership_in_verified_WoS_query_#5,verified
EC_EV_002693,EC_EV_FINAL_SCOPE,membership_in_verified_WoS_query_#5,verified
EC_EV_002694,EC_EV_FINAL_SCOPE,membership_in_verified_WoS_query_#5,verified
EC_EV_002695,EC_EV_FINAL_SCOPE,membership_in_verified_WoS_query_#5,verified
EC_EV_002696,EC_EV_FINAL_SCOPE,membership_in_verified_WoS_query_#5,verified
EC_EV_002697,EC_EV_FINAL_SCOPE,membership_in_verified_WoS_query_#5,verified
EC_EV_002698,EC_EV_FINAL_SCOPE,membership_in_verified_WoS_query_#5,verified
EC_EV_002699,EC_EV_FINAL_SCOPE,membership_in_verified_WoS_query_#5,verified
EC_EV_002700,EC_EV_FINAL_SCOPE,membership_in_verified_WoS_query_#5,verified
EC_EV_002701,EC_EV_FINAL_SCOPE,membership_in_verified_WoS_query_#5,verified
EC_EV_002702,EC_EV_FINAL_SCOPE,membership_in_verified_WoS_query_#5,verified
EC_EV_002703,EC_EV_FINAL_SCOPE,membership_in_verified_WoS_query_#5,verified
EC_EV_002704,EC_EV_FINAL_SCOPE,membership_in_verified_WoS_query_#5,verified
EC_EV_002705,EC_EV_FINAL_SCOPE,membership_in_verified_WoS_query_#5,verified
EC_EV_002706,EC_EV_FINAL_SCOPE,membership_in_verified_WoS_query_#5,verified
EC_EV_002707,EC_EV_FINAL_SCOPE,membership_in_verified_WoS_query_#5,verified
EC_EV_002708,EC_EV_FINAL_SCOPE,membership_in_verified_WoS_query_#5,verified
EC_EV_002709,EC_EV_FINAL_SCOPE,membership_in_verified_WoS_query_#5,verified
EC_EV_002710,EC_EV_FINAL_SCOPE,membership_in_verified_WoS_query_#5,verified
EC_EV_002711,EC_EV_FINAL_SCOPE,membership_in_verified_WoS_query_#5,verified
EC_EV_002712,EC_EV_FINAL_SCOPE,membership_in_verified_WoS_query_#5,verified
EC_EV_002713,EC_EV_FINAL_SCOPE,membership_in_verified_WoS_query_#5,verified
EC_EV_002714,EC_EV_FINAL_SCOPE,membership_in_verified_WoS_query_#5,verified
EC_EV_002715,EC_EV_FINAL_SCOPE,membership_in_verified_WoS_query_#5,verified
EC_EV_002716,EC_EV_FINAL_SCOPE,membership_in_verified_WoS_query_#5,verified
EC_EV_002717,EC_EV_FINAL_SCOPE,membership_in_verified_WoS_query_#5,verified
EC_EV_002718,EC_EV_FINAL_SCOPE,membership_in_verified_WoS_query_#5,verified
EC_EV_002719,EC_EV_FINAL_SCOPE,membership_in_verified_WoS_query_#5,verified
EC_EV_002720,EC_EV_FINAL_SCOPE,membership_in_verified_WoS_query_#5,verified
EC_EV_002721,EC_EV_FINAL_SCOPE,membership_in_verified_WoS_query_#5,verified
EC_EV_002722,EC_EV_FINAL_SCOPE,membership_in_verified_WoS_query_#5,verified
EC_EV_002723,EC_EV_FINAL_SCOPE,membership_in_verified_WoS_query_#5,verified
EC_EV_002724,EC_EV_FINAL_SCOPE,membership_in_verified_WoS_query_#5,verified
EC_EV_002725,EC_EV_FINAL_SCOPE,membership_in_verified_WoS_query_#5,verified
EC_EV_002726,EC_EV_FINAL_SCOPE,membership_in_verified_WoS_query_#5,verified
EC_EV_002727,EC_EV_FINAL_SCOPE,membership_in_verified_WoS_query_#5,verified
EC_EV_002728,EC_EV_FINAL_SCOPE,membership_in_verified_WoS_query_#5,verified
EC_EV_002729,EC_EV_FINAL_SCOPE,membership_in_verified_WoS_query_#5,verified
EC_EV_002730,EC_EV_FINAL_SCOPE,membership_in_verified_WoS_query_#5,verified
EC_EV_002731,EC_EV_FINAL_SCOPE,membership_in_verified_WoS_query_#5,verified
EC_EV_002732,EC_EV_FINAL_SCOPE,membership_in_verified_WoS_query_#5,verified
EC_EV_002733,EC_EV_FINAL_SCOPE,membership_in_verified_WoS_query_#5,verified
EC_EV_002734,EC_EV_FINAL_SCOPE,membership_in_verified_WoS_query_#5,verified
EC_EV_002735,EC_EV_FINAL_SCOPE,membership_in_verified_WoS_query_#5,verified
EC_EV_002736,EC_EV_FINAL_SCOPE,membership_in_verified_WoS_query_#5,verified
EC_EV_002737,EC_EV_FINAL_SCOPE,membership_in_verified_WoS_query_#5,verified
EC_EV_002738,EC_EV_FINAL_SCOPE,membership_in_verified_WoS_query_#5,verified
EC_EV_002739,EC_EV_FINAL_SCOPE,membership_in_verified_WoS_query_#5,verified
EC_EV_002740,EC_EV_FINAL_SCOPE,membership_in_verified_WoS_query_#5,verified
EC_EV_002741,EC_EV_FINAL_SCOPE,membership_in_verified_WoS_query_#5,verified
EC_EV_002742,EC_EV_FINAL_SCOPE,membership_in_verified_WoS_query_#5,verified
EC_EV_002743,EC_EV_FINAL_SCOPE,membership_in_verified_WoS_query_#5,verified
EC_EV_002744,EC_EV_FINAL_SCOPE,membership_in_verified_WoS_query_#5,verified
EC_EV_002745,EC_EV_FINAL_SCOPE,membership_in_verified_WoS_query_#5,verified
EC_EV_002746,EC_EV_FINAL_SCOPE,membership_in_verified_WoS_query_#5,verified
EC_EV_002747,EC_EV_FINAL_SCOPE,membership_in_verified_WoS_query_#5,verified
EC_EV_002748,EC_EV_FINAL_SCOPE,membership_in_verified_WoS_query_#5,verified
EC_EV_002749,EC_EV_FINAL_SCOPE,membership_in_verified_WoS_query_#5,verified
EC_EV_002750,EC_EV_FINAL_SCOPE,membership_in_verified_WoS_query_#5,verified
EC_EV_002751,EC_EV_FINAL_SCOPE,membership_in_verified_WoS_query_#5,verified
EC_EV_002752,EC_EV_FINAL_SCOPE,membership_in_verified_WoS_query_#5,verified
EC_EV_002753,EC_EV_FINAL_SCOPE,membership_in_verified_WoS_query_#5,verified
EC_EV_002754,EC_EV_FINAL_SCOPE,membership_in_verified_WoS_query_#5,verified
EC_EV_002755,EC_EV_FINAL_SCOPE,membership_in_verified_WoS_query_#5,verified
EC_EV_002756,EC_EV_FINAL_SCOPE,membership_in_verified_WoS_query_#5,verified
EC_EV_002757,EC_EV_FINAL_SCOPE,membership_in_verified_WoS_query_#5,verified
EC_EV_002758,EC_EV_FINAL_SCOPE,membership_in_verified_WoS_query_#5,verified
EC_EV_002759,EC_EV_FINAL_SCOPE,membership_in_verified_WoS_query_#5,verified
EC_EV_002760,EC_EV_FINAL_SCOPE,membership_in_verified_WoS_query_#5,verified
EC_EV_002761,EC_EV_FINAL_SCOPE,membership_in_verified_WoS_query_#5,verified
EC_EV_002762,EC_EV_FINAL_SCOPE,membership_in_verified_WoS_query_#5,verified
EC_EV_002763,EC_EV_FINAL_SCOPE,membership_in_verified_WoS_query_#5,verified
EC_EV_002764,EC_EV_FINAL_SCOPE,membership_in_verified_WoS_query_#5,verified
EC_EV_002765,EC_EV_FINAL_SCOPE,membership_in_verified_WoS_query_#5,verified
EC_EV_002766,EC_EV_FINAL_SCOPE,membership_in_verified_WoS_query_#5,verified
EC_EV_002767,EC_EV_FINAL_SCOPE,membership_in_verified_WoS_query_#5,verified
EC_EV_002768,EC_EV_FINAL_SCOPE,membership_in_verified_WoS_query_#5,verified
EC_EV_002769,EC_EV_FINAL_SCOPE,membership_in_verified_WoS_query_#5,verified
EC_EV_002770,EC_EV_FINAL_SCOPE,membership_in_verified_WoS_query_#5,verified
EC_EV_002771,EC_EV_FINAL_SCOPE,membership_in_verified_WoS_query_#5,verified
EC_EV_002772,EC_EV_FINAL_SCOPE,membership_in_verified_WoS_query_#5,verified
EC_EV_002773,EC_EV_FINAL_SCOPE,membership_in_verified_WoS_query_#5,verified
EC_EV_002774,EC_EV_FINAL_SCOPE,membership_in_verified_WoS_query_#5,verified
EC_EV_002775,EC_EV_FINAL_SCOPE,membership_in_verified_WoS_query_#5,verified
EC_EV_002776,EC_EV_FINAL_SCOPE,membership_in_verified_WoS_query_#5,verified
EC_EV_002777,EC_EV_FINAL_SCOPE,membership_in_verified_WoS_query_#5,verified
EC_EV_002778,EC_EV_FINAL_SCOPE,membership_in_verified_WoS_query_#5,verified
EC_EV_002779,EC_EV_FINAL_SCOPE,membership_in_verified_WoS_query_#5,verified
EC_EV_002780,EC_EV_FINAL_SCOPE,membership_in_verified_WoS_query_#5,verified
EC_EV_002781,EC_EV_FINAL_SCOPE,membership_in_verified_WoS_query_#5,verified
EC_EV_002782,EC_EV_FINAL_SCOPE,membership_in_verified_WoS_query_#5,verified
EC_EV_002783,EC_EV_FINAL_SCOPE,membership_in_verified_WoS_query_#5,verified
EC_EV_002784,EC_EV_FINAL_SCOPE,membership_in_verified_WoS_query_#5,verified
EC_EV_002785,EC_EV_FINAL_SCOPE,membership_in_verified_WoS_query_#5,verified
EC_EV_002786,EC_EV_FINAL_SCOPE,membership_in_verified_WoS_query_#5,verified
EC_EV_002787,EC_EV_FINAL_SCOPE,membership_in_verified_WoS_query_#5,verified
EC_EV_002788,EC_EV_FINAL_SCOPE,membership_in_verified_WoS_query_#5,verified
EC_EV_002789,EC_EV_FINAL_SCOPE,membership_in_verified_WoS_query_#5,verified
EC_EV_002790,EC_EV_FINAL_SCOPE,membership_in_verified_WoS_query_#5,verified
EC_EV_002791,EC_EV_FINAL_SCOPE,membership_in_verified_WoS_query_#5,verified
EC_EV_002792,EC_EV_FINAL_SCOPE,membership_in_verified_WoS_query_#5,verified
EC_EV_002793,EC_EV_FINAL_SCOPE,membership_in_verified_WoS_query_#5,verified
EC_EV_002794,EC_EV_FINAL_SCOPE,membership_in_verified_WoS_query_#5,verified
EC_EV_002795,EC_EV_FINAL_SCOPE,membership_in_verified_WoS_query_#5,verified
EC_EV_002796,EC_EV_FINAL_SCOPE,membership_in_verified_WoS_query_#5,verified
EC_EV_002797,EC_EV_FINAL_SCOPE,membership_in_verified_WoS_query_#5,verified
EC_EV_002798,EC_EV_FINAL_SCOPE,membership_in_verified_WoS_query_#5,verified
EC_EV_002799,EC_EV_FINAL_SCOPE,membership_in_verified_WoS_query_#5,verified
EC_EV_002800,EC_EV_FINAL_SCOPE,membership_in_verified_WoS_query_#5,verified
EC_EV_002801,EC_EV_FINAL_SCOPE,membership_in_verified_WoS_query_#5,verified
EC_EV_002802,EC_EV_FINAL_SCOPE,membership_in_verified_WoS_query_#5,verified
EC_EV_002803,EC_EV_FINAL_SCOPE,membership_in_verified_WoS_query_#5,verified
EC_EV_002804,EC_EV_FINAL_SCOPE,membership_in_verified_WoS_query_#5,verified
EC_EV_002805,EC_EV_FINAL_SCOPE,membership_in_verified_WoS_query_#5,verified
EC_EV_002806,EC_EV_FINAL_SCOPE,membership_in_verified_WoS_query_#5,verified
EC_EV_002807,EC_EV_FINAL_SCOPE,membership_in_verified_WoS_query_#5,verified
EC_EV_002808,EC_EV_FINAL_SCOPE,membership_in_verified_WoS_query_#5,verified
EC_EV_002809,EC_EV_FINAL_SCOPE,membership_in_verified_WoS_query_#5,verified
EC_EV_002810,EC_EV_FINAL_SCOPE,membership_in_verified_WoS_query_#5,verified
EC_EV_002811,EC_EV_FINAL_SCOPE,membership_in_verified_WoS_query_#5,verified
EC_EV_002812,EC_EV_FINAL_SCOPE,membership_in_verified_WoS_query_#5,verified
EC_EV_002813,EC_EV_FINAL_SCOPE,membership_in_verified_WoS_query_#5,verified
EC_EV_002814,EC_EV_FINAL_SCOPE,membership_in_verified_WoS_query_#5,verified
EC_EV_002815,EC_EV_FINAL_SCOPE,membership_in_verified_WoS_query_#5,verified
EC_EV_002816,EC_EV_FINAL_SCOPE,membership_in_verified_WoS_query_#5,verified
EC_EV_002817,EC_EV_FINAL_SCOPE,membership_in_verified_WoS_query_#5,verified
EC_EV_002818,EC_EV_FINAL_SCOPE,membership_in_verified_WoS_query_#5,verified
EC_EV_002819,EC_EV_FINAL_SCOPE,membership_in_verified_WoS_query_#5,verified
EC_EV_002820,EC_EV_FINAL_SCOPE,membership_in_verified_WoS_query_#5,verified
EC_EV_002821,EC_EV_FINAL_SCOPE,membership_in_verified_WoS_query_#5,verified
EC_EV_002822,EC_EV_FINAL_SCOPE,membership_in_verified_WoS_query_#5,verified
EC_EV_002823,EC_EV_FINAL_SCOPE,membership_in_verified_WoS_query_#5,verified
EC_EV_002824,EC_EV_FINAL_SCOPE,membership_in_verified_WoS_query_#5,verified
EC_EV_002825,EC_EV_FINAL_SCOPE,membership_in_verified_WoS_query_#5,verified
EC_EV_002826,EC_EV_FINAL_SCOPE,membership_in_verified_WoS_query_#5,verified
EC_EV_002827,EC_EV_FINAL_SCOPE,membership_in_verified_WoS_query_#5,verified
EC_EV_002828,EC_EV_FINAL_SCOPE,membership_in_verified_WoS_query_#5,verified
EC_EV_002829,EC_EV_FINAL_SCOPE,membership_in_verified_WoS_query_#5,verified
EC_EV_002830,EC_EV_FINAL_SCOPE,membership_in_verified_WoS_query_#5,verified
EC_EV_002831,EC_EV_FINAL_SCOPE,membership_in_verified_WoS_query_#5,verified
EC_EV_002832,EC_EV_FINAL_SCOPE,membership_in_verified_WoS_query_#5,verified
EC_EV_002833,EC_EV_FINAL_SCOPE,membership_in_verified_WoS_query_#5,verified
EC_EV_002834,EC_EV_FINAL_SCOPE,membership_in_verified_WoS_query_#5,verified
EC_EV_002835,EC_EV_FINAL_SCOPE,membership_in_verified_WoS_query_#5,verified
EC_EV_002836,EC_EV_FINAL_SCOPE,membership_in_verified_WoS_query_#5,verified
EC_EV_002837,EC_EV_FINAL_SCOPE,membership_in_verified_WoS_query_#5,verified
EC_EV_002838,EC_EV_FINAL_SCOPE,membership_in_verified_WoS_query_#5,verified
EC_EV_002839,EC_EV_FINAL_SCOPE,membership_in_verified_WoS_query_#5,verified
EC_EV_002840,EC_EV_FINAL_SCOPE,membership_in_verified_WoS_query_#5,verified
EC_EV_002841,EC_EV_FINAL_SCOPE,membership_in_verified_WoS_query_#5,verified
EC_EV_002842,EC_EV_FINAL_SCOPE,membership_in_verified_WoS_query_#5,verified
EC_EV_002843,EC_EV_FINAL_SCOPE,membership_in_verified_WoS_query_#5,verified
EC_EV_002844,EC_EV_FINAL_SCOPE,membership_in_verified_WoS_query_#5,verified
EC_EV_002845,EC_EV_FINAL_SCOPE,membership_in_verified_WoS_query_#5,verified
EC_EV_002846,EC_EV_FINAL_SCOPE,membership_in_verified_WoS_query_#5,verified
EC_EV_002847,EC_EV_FINAL_SCOPE,membership_in_verified_WoS_query_#5,verified
EC_EV_002848,EC_EV_FINAL_SCOPE,membership_in_verified_WoS_query_#5,verified
EC_EV_002849,EC_EV_FINAL_SCOPE,membership_in_verified_WoS_query_#5,verified
EC_EV_002850,EC_EV_FINAL_SCOPE,membership_in_verified_WoS_query_#5,verified
EC_EV_002851,EC_EV_FINAL_SCOPE,membership_in_verified_WoS_query_#5,verified
EC_EV_002852,EC_EV_FINAL_SCOPE,membership_in_verified_WoS_query_#5,verified
EC_EV_002853,EC_EV_FINAL_SCOPE,membership_in_verified_WoS_query_#5,verified
EC_EV_002854,EC_EV_FINAL_SCOPE,membership_in_verified_WoS_query_#5,verified
EC_EV_002855,EC_EV_FINAL_SCOPE,membership_in_verified_WoS_query_#5,verified
EC_EV_002856,EC_EV_FINAL_SCOPE,membership_in_verified_WoS_query_#5,verified
EC_EV_002857,EC_EV_FINAL_SCOPE,membership_in_verified_WoS_query_#5,verified
EC_EV_002858,EC_EV_FINAL_SCOPE,membership_in_verified_WoS_query_#5,verified
EC_EV_002859,EC_EV_FINAL_SCOPE,membership_in_verified_WoS_query_#5,verified
EC_EV_002860,EC_EV_FINAL_SCOPE,membership_in_verified_WoS_query_#5,verified
EC_EV_002861,EC_EV_FINAL_SCOPE,membership_in_verified_WoS_query_#5,verified
EC_EV_002862,EC_EV_FINAL_SCOPE,membership_in_verified_WoS_query_#5,verified
EC_EV_002863,EC_EV_FINAL_SCOPE,membership_in_verified_WoS_query_#5,verified
EC_EV_002864,EC_EV_FINAL_SCOPE,membership_in_verified_WoS_query_#5,verified
EC_EV_002865,EC_EV_FINAL_SCOPE,membership_in_verified_WoS_query_#5,verified
EC_EV_002866,EC_EV_FINAL_SCOPE,membership_in_verified_WoS_query_#5,verified
EC_EV_002867,EC_EV_FINAL_SCOPE,membership_in_verified_WoS_query_#5,verified
EC_EV_002868,EC_EV_FINAL_SCOPE,membership_in_verified_WoS_query_#5,verified
EC_EV_002869,EC_EV_FINAL_SCOPE,membership_in_verified_WoS_query_#5,verified
EC_EV_002870,EC_EV_FINAL_SCOPE,membership_in_verified_WoS_query_#5,verified
EC_EV_002871,EC_EV_FINAL_SCOPE,membership_in_verified_WoS_query_#5,verified
EC_EV_002872,EC_EV_FINAL_SCOPE,membership_in_verified_WoS_query_#5,verified
EC_EV_002873,EC_EV_FINAL_SCOPE,membership_in_verified_WoS_query_#5,verified
EC_EV_002874,EC_EV_FINAL_SCOPE,membership_in_verified_WoS_query_#5,verified
EC_EV_002875,EC_EV_FINAL_SCOPE,membership_in_verified_WoS_query_#5,verified
EC_EV_002876,EC_EV_FINAL_SCOPE,membership_in_verified_WoS_query_#5,verified
EC_EV_002877,EC_EV_FINAL_SCOPE,membership_in_verified_WoS_query_#5,verified
EC_EV_002878,EC_EV_FINAL_SCOPE,membership_in_verified_WoS_query_#5,verified
EC_EV_002879,EC_EV_FINAL_SCOPE,membership_in_verified_WoS_query_#5,verified
EC_EV_002880,EC_EV_FINAL_SCOPE,membership_in_verified_WoS_query_#5,verified
EC_EV_002881,EC_EV_FINAL_SCOPE,membership_in_verified_WoS_query_#5,verified
EC_EV_002882,EC_EV_FINAL_SCOPE,membership_in_verified_WoS_query_#5,verified
EC_EV_002883,EC_EV_FINAL_SCOPE,membership_in_verified_WoS_query_#5,verified
EC_EV_002884,EC_EV_FINAL_SCOPE,membership_in_verified_WoS_query_#5,verified
EC_EV_002885,EC_EV_FINAL_SCOPE,membership_in_verified_WoS_query_#5,verified
EC_EV_002886,EC_EV_FINAL_SCOPE,membership_in_verified_WoS_query_#5,verified
EC_EV_002887,EC_EV_FINAL_SCOPE,membership_in_verified_WoS_query_#5,verified
EC_EV_002888,EC_EV_FINAL_SCOPE,membership_in_verified_WoS_query_#5,verified
EC_EV_002889,EC_EV_FINAL_SCOPE,membership_in_verified_WoS_query_#5,verified
EC_EV_002890,EC_EV_FINAL_SCOPE,membership_in_verified_WoS_query_#5,verified
EC_EV_002891,EC_EV_FINAL_SCOPE,membership_in_verified_WoS_query_#5,verified
EC_EV_002892,EC_EV_FINAL_SCOPE,membership_in_verified_WoS_query_#5,verified
EC_EV_002893,EC_EV_FINAL_SCOPE,membership_in_verified_WoS_query_#5,verified
EC_EV_002894,EC_EV_FINAL_SCOPE,membership_in_verified_WoS_query_#5,verified
EC_EV_002895,EC_EV_FINAL_SCOPE,membership_in_verified_WoS_query_#5,verified
EC_EV_002896,EC_EV_FINAL_SCOPE,membership_in_verified_WoS_query_#5,verified
EC_EV_002897,EC_EV_FINAL_SCOPE,membership_in_verified_WoS_query_#5,verified
EC_EV_002898,EC_EV_FINAL_SCOPE,membership_in_verified_WoS_query_#5,verified
EC_EV_002899,EC_EV_FINAL_SCOPE,membership_in_verified_WoS_query_#5,verified
EC_EV_002900,EC_EV_FINAL_SCOPE,membership_in_verified_WoS_query_#5,verified
EC_EV_002901,EC_EV_FINAL_SCOPE,membership_in_verified_WoS_query_#5,verified
EC_EV_002902,EC_EV_FINAL_SCOPE,membership_in_verified_WoS_query_#5,verified
EC_EV_002903,EC_EV_FINAL_SCOPE,membership_in_verified_WoS_query_#5,verified
EC_EV_002904,EC_EV_FINAL_SCOPE,membership_in_verified_WoS_query_#5,verified
EC_EV_002905,EC_EV_FINAL_SCOPE,membership_in_verified_WoS_query_#5,verified
EC_EV_002906,EC_EV_FINAL_SCOPE,membership_in_verified_WoS_query_#5,verified
EC_EV_002907,EC_EV_FINAL_SCOPE,membership_in_verified_WoS_query_#5,verified
EC_EV_002908,EC_EV_FINAL_SCOPE,membership_in_verified_WoS_query_#5,verified
EC_EV_002909,EC_EV_FINAL_SCOPE,membership_in_verified_WoS_query_#5,verified
EC_EV_002910,EC_EV_FINAL_SCOPE,membership_in_verified_WoS_query_#5,verified
EC_EV_002911,EC_EV_FINAL_SCOPE,membership_in_verified_WoS_query_#5,verified
EC_EV_002912,EC_EV_FINAL_SCOPE,membership_in_verified_WoS_query_#5,verified
EC_EV_002913,EC_EV_FINAL_SCOPE,membership_in_verified_WoS_query_#5,verified
EC_EV_002914,EC_EV_FINAL_SCOPE,membership_in_verified_WoS_query_#5,verified
EC_EV_002915,EC_EV_FINAL_SCOPE,membership_in_verified_WoS_query_#5,verified
EC_EV_002916,EC_EV_FINAL_SCOPE,membership_in_verified_WoS_query_#5,verified
EC_EV_002917,EC_EV_FINAL_SCOPE,membership_in_verified_WoS_query_#5,verified
EC_EV_002918,EC_EV_FINAL_SCOPE,membership_in_verified_WoS_query_#5,verified
EC_EV_002919,EC_EV_FINAL_SCOPE,membership_in_verified_WoS_query_#5,verified
EC_EV_002920,EC_EV_FINAL_SCOPE,membership_in_verified_WoS_query_#5,verified
EC_EV_002921,EC_EV_FINAL_SCOPE,membership_in_verified_WoS_query_#5,verified
EC_EV_002922,EC_EV_FINAL_SCOPE,membership_in_verified_WoS_query_#5,verified
EC_EV_002923,EC_EV_FINAL_SCOPE,membership_in_verified_WoS_query_#5,verified
EC_EV_002924,EC_EV_FINAL_SCOPE,membership_in_verified_WoS_query_#5,verified
EC_EV_002925,EC_EV_FINAL_SCOPE,membership_in_verified_WoS_query_#5,verified
EC_EV_002926,EC_EV_FINAL_SCOPE,membership_in_verified_WoS_query_#5,verified
EC_EV_002927,EC_EV_FINAL_SCOPE,membership_in_verified_WoS_query_#5,verified
EC_EV_002928,EC_EV_FINAL_SCOPE,membership_in_verified_WoS_query_#5,verified
EC_EV_002929,EC_EV_FINAL_SCOPE,membership_in_verified_WoS_query_#5,verified
EC_EV_002930,EC_EV_FINAL_SCOPE,membership_in_verified_WoS_query_#5,verified
EC_EV_002931,EC_EV_FINAL_SCOPE,membership_in_verified_WoS_query_#5,verified
EC_EV_002932,EC_EV_FINAL_SCOPE,membership_in_verified_WoS_query_#5,verified
EC_EV_002933,EC_EV_FINAL_SCOPE,membership_in_verified_WoS_query_#5,verified
EC_EV_002934,EC_EV_FINAL_SCOPE,membership_in_verified_WoS_query_#5,verified
EC_EV_002935,EC_EV_FINAL_SCOPE,membership_in_verified_WoS_query_#5,verified
EC_EV_002936,EC_EV_FINAL_SCOPE,membership_in_verified_WoS_query_#5,verified
EC_EV_002937,EC_EV_FINAL_SCOPE,membership_in_verified_WoS_query_#5,verified
EC_EV_002938,EC_EV_FINAL_SCOPE,membership_in_verified_WoS_query_#5,verified
EC_EV_002939,EC_EV_FINAL_SCOPE,membership_in_verified_WoS_query_#5,verified
EC_EV_002940,EC_EV_FINAL_SCOPE,membership_in_verified_WoS_query_#5,verified
EC_EV_002941,EC_EV_FINAL_SCOPE,membership_in_verified_WoS_query_#5,verified
EC_EV_002942,EC_EV_FINAL_SCOPE,membership_in_verified_WoS_query_#5,verified
EC_EV_002943,EC_EV_FINAL_SCOPE,membership_in_verified_WoS_query_#5,verified
EC_EV_002944,EC_EV_FINAL_SCOPE,membership_in_verified_WoS_query_#5,verified
EC_EV_002945,EC_EV_FINAL_SCOPE,membership_in_verified_WoS_query_#5,verified
EC_EV_002946,EC_EV_FINAL_SCOPE,membership_in_verified_WoS_query_#5,verified
EC_EV_002947,EC_EV_FINAL_SCOPE,membership_in_verified_WoS_query_#5,verified
EC_EV_002948,EC_EV_FINAL_SCOPE,membership_in_verified_WoS_query_#5,verified
EC_EV_002949,EC_EV_FINAL_SCOPE,membership_in_verified_WoS_query_#5,verified
EC_EV_002950,EC_EV_FINAL_SCOPE,membership_in_verified_WoS_query_#5,verified
EC_EV_002951,EC_EV_FINAL_SCOPE,membership_in_verified_WoS_query_#5,verified
EC_EV_002952,EC_EV_FINAL_SCOPE,membership_in_verified_WoS_query_#5,verified
EC_EV_002953,EC_EV_FINAL_SCOPE,membership_in_verified_WoS_query_#5,verified
EC_EV_002954,EC_EV_FINAL_SCOPE,membership_in_verified_WoS_query_#5,verified
EC_EV_002955,EC_EV_FINAL_SCOPE,membership_in_verified_WoS_query_#5,verified
EC_EV_002956,EC_EV_FINAL_SCOPE,membership_in_verified_WoS_query_#5,verified
EC_EV_002957,EC_EV_FINAL_SCOPE,membership_in_verified_WoS_query_#5,verified
EC_EV_002958,EC_EV_FINAL_SCOPE,membership_in_verified_WoS_query_#5,verified
EC_EV_002959,EC_EV_FINAL_SCOPE,membership_in_verified_WoS_query_#5,verified
EC_EV_002960,EC_EV_FINAL_SCOPE,membership_in_verified_WoS_query_#5,verified
EC_EV_002961,EC_EV_FINAL_SCOPE,membership_in_verified_WoS_query_#5,verified
EC_EV_002962,EC_EV_FINAL_SCOPE,membership_in_verified_WoS_query_#5,verified
EC_EV_002963,EC_EV_FINAL_SCOPE,membership_in_verified_WoS_query_#5,verified
EC_EV_002964,EC_EV_FINAL_SCOPE,membership_in_verified_WoS_query_#5,verified
EC_EV_002965,EC_EV_FINAL_SCOPE,membership_in_verified_WoS_query_#5,verified
EC_EV_002966,EC_EV_FINAL_SCOPE,membership_in_verified_WoS_query_#5,verified
EC_EV_002967,EC_EV_FINAL_SCOPE,membership_in_verified_WoS_query_#5,verified
EC_EV_002968,EC_EV_FINAL_SCOPE,membership_in_verified_WoS_query_#5,verified
EC_EV_002969,EC_EV_FINAL_SCOPE,membership_in_verified_WoS_query_#5,verified
EC_EV_002970,EC_EV_FINAL_SCOPE,membership_in_verified_WoS_query_#5,verified
EC_EV_002971,EC_EV_FINAL_SCOPE,membership_in_verified_WoS_query_#5,verified
EC_EV_002972,EC_EV_FINAL_SCOPE,membership_in_verified_WoS_query_#5,verified
EC_EV_002973,EC_EV_FINAL_SCOPE,membership_in_verified_WoS_query_#5,verified
EC_EV_002974,EC_EV_FINAL_SCOPE,membership_in_verified_WoS_query_#5,verified
EC_EV_002975,EC_EV_FINAL_SCOPE,membership_in_verified_WoS_query_#5,verified
EC_EV_002976,EC_EV_FINAL_SCOPE,membership_in_verified_WoS_query_#5,verified
EC_EV_002977,EC_EV_FINAL_SCOPE,membership_in_verified_WoS_query_#5,verified
EC_EV_002978,EC_EV_FINAL_SCOPE,membership_in_verified_WoS_query_#5,verified
EC_EV_002979,EC_EV_FINAL_SCOPE,membership_in_verified_WoS_query_#5,verified
EC_EV_002980,EC_EV_FINAL_SCOPE,membership_in_verified_WoS_query_#5,verified
EC_EV_002981,EC_EV_FINAL_SCOPE,membership_in_verified_WoS_query_#5,verified
EC_EV_002982,EC_EV_FINAL_SCOPE,membership_in_verified_WoS_query_#5,verified
EC_EV_002983,EC_EV_FINAL_SCOPE,membership_in_verified_WoS_query_#5,verified
EC_EV_002984,EC_EV_FINAL_SCOPE,membership_in_verified_WoS_query_#5,verified
EC_EV_002985,EC_EV_FINAL_SCOPE,membership_in_verified_WoS_query_#5,verified
EC_EV_002986,EC_EV_FINAL_SCOPE,membership_in_verified_WoS_query_#5,verified
EC_EV_002987,EC_EV_FINAL_SCOPE,membership_in_verified_WoS_query_#5,verified
EC_EV_002988,EC_EV_FINAL_SCOPE,membership_in_verified_WoS_query_#5,verified
EC_EV_002989,EC_EV_FINAL_SCOPE,membership_in_verified_WoS_query_#5,verified
EC_EV_002990,EC_EV_FINAL_SCOPE,membership_in_verified_WoS_query_#5,verified
EC_EV_002991,EC_EV_FINAL_SCOPE,membership_in_verified_WoS_query_#5,verified
EC_EV_002992,EC_EV_FINAL_SCOPE,membership_in_verified_WoS_query_#5,verified
EC_EV_002993,EC_EV_FINAL_SCOPE,membership_in_verified_WoS_query_#5,verified
EC_EV_002994,EC_EV_FINAL_SCOPE,membership_in_verified_WoS_query_#5,verified
EC_EV_002995,EC_EV_FINAL_SCOPE,membership_in_verified_WoS_query_#5,verified
EC_EV_002996,EC_EV_FINAL_SCOPE,membership_in_verified_WoS_query_#5,verified
EC_EV_002997,EC_EV_FINAL_SCOPE,membership_in_verified_WoS_query_#5,verified
EC_EV_002998,EC_EV_FINAL_SCOPE,membership_in_verified_WoS_query_#5,verified
EC_EV_002999,EC_EV_FINAL_SCOPE,membership_in_verified_WoS_query_#5,verified
EC_EV_003000,EC_EV_FINAL_SCOPE,membership_in_verified_WoS_query_#5,verified
EC_EV_003001,EC_EV_FINAL_SCOPE,membership_in_verified_WoS_query_#5,verified
EC_EV_003002,EC_EV_FINAL_SCOPE,membership_in_verified_WoS_query_#5,verified
EC_EV_003003,EC_EV_FINAL_SCOPE,membership_in_verified_WoS_query_#5,verified
EC_EV_003004,EC_EV_FINAL_SCOPE,membership_in_verified_WoS_query_#5,verified
EC_EV_003005,EC_EV_FINAL_SCOPE,membership_in_verified_WoS_query_#5,verified
EC_EV_003006,EC_EV_FINAL_SCOPE,membership_in_verified_WoS_query_#5,verified
EC_EV_003007,EC_EV_FINAL_SCOPE,membership_in_verified_WoS_query_#5,verified
EC_EV_003008,EC_EV_FINAL_SCOPE,membership_in_verified_WoS_query_#5,verified
EC_EV_003009,EC_EV_FINAL_SCOPE,membership_in_verified_WoS_query_#5,verified
EC_EV_003010,EC_EV_FINAL_SCOPE,membership_in_verified_WoS_query_#5,verified
EC_EV_003011,EC_EV_FINAL_SCOPE,membership_in_verified_WoS_query_#5,verified
EC_EV_003012,EC_EV_FINAL_SCOPE,membership_in_verified_WoS_query_#5,verified
EC_EV_003013,EC_EV_FINAL_SCOPE,membership_in_verified_WoS_query_#5,verified
EC_EV_003014,EC_EV_FINAL_SCOPE,membership_in_verified_WoS_query_#5,verified
EC_EV_003015,EC_EV_FINAL_SCOPE,membership_in_verified_WoS_query_#5,verified
EC_EV_003016,EC_EV_FINAL_SCOPE,membership_in_verified_WoS_query_#5,verified
EC_EV_003017,EC_EV_FINAL_SCOPE,membership_in_verified_WoS_query_#5,verified
EC_EV_003018,EC_EV_FINAL_SCOPE,membership_in_verified_WoS_query_#5,verified
EC_EV_003019,EC_EV_FINAL_SCOPE,membership_in_verified_WoS_query_#5,verified
EC_EV_003020,EC_EV_FINAL_SCOPE,membership_in_verified_WoS_query_#5,verified
EC_EV_003021,EC_EV_FINAL_SCOPE,membership_in_verified_WoS_query_#5,verified
EC_EV_003022,EC_EV_FINAL_SCOPE,membership_in_verified_WoS_query_#5,verified
EC_EV_003023,EC_EV_FINAL_SCOPE,membership_in_verified_WoS_query_#5,verified
EC_EV_003024,EC_EV_FINAL_SCOPE,membership_in_verified_WoS_query_#5,verified
EC_EV_003025,EC_EV_FINAL_SCOPE,membership_in_verified_WoS_query_#5,verified
EC_EV_003026,EC_EV_FINAL_SCOPE,membership_in_verified_WoS_query_#5,verified
EC_EV_003027,EC_EV_FINAL_SCOPE,membership_in_verified_WoS_query_#5,verified
EC_EV_003028,EC_EV_FINAL_SCOPE,membership_in_verified_WoS_query_#5,verified
EC_EV_003029,EC_EV_FINAL_SCOPE,membership_in_verified_WoS_query_#5,verified
EC_EV_003030,EC_EV_FINAL_SCOPE,membership_in_verified_WoS_query_#5,verified
EC_EV_003031,EC_EV_FINAL_SCOPE,membership_in_verified_WoS_query_#5,verified
EC_EV_003032,EC_EV_FINAL_SCOPE,membership_in_verified_WoS_query_#5,verified
EC_EV_003033,EC_EV_FINAL_SCOPE,membership_in_verified_WoS_query_#5,verified
EC_EV_003034,EC_EV_FINAL_SCOPE,membership_in_verified_WoS_query_#5,verified
EC_EV_003035,EC_EV_FINAL_SCOPE,membership_in_verified_WoS_query_#5,verified
EC_EV_003036,EC_EV_FINAL_SCOPE,membership_in_verified_WoS_query_#5,verified
EC_EV_003037,EC_EV_FINAL_SCOPE,membership_in_verified_WoS_query_#5,verified
EC_EV_003038,EC_EV_FINAL_SCOPE,membership_in_verified_WoS_query_#5,verified
EC_EV_003039,EC_EV_FINAL_SCOPE,membership_in_verified_WoS_query_#5,verified
EC_EV_003040,EC_EV_FINAL_SCOPE,membership_in_verified_WoS_query_#5,verified
EC_EV_003041,EC_EV_FINAL_SCOPE,membership_in_verified_WoS_query_#5,verified
EC_EV_003042,EC_EV_FINAL_SCOPE,membership_in_verified_WoS_query_#5,verified
EC_EV_003043,EC_EV_FINAL_SCOPE,membership_in_verified_WoS_query_#5,verified
EC_EV_003044,EC_EV_FINAL_SCOPE,membership_in_verified_WoS_query_#5,verified
EC_EV_003045,EC_EV_FINAL_SCOPE,membership_in_verified_WoS_query_#5,verified
EC_EV_003046,EC_EV_FINAL_SCOPE,membership_in_verified_WoS_query_#5,verified
EC_EV_003047,EC_EV_FINAL_SCOPE,membership_in_verified_WoS_query_#5,verified
EC_EV_003048,EC_EV_FINAL_SCOPE,membership_in_verified_WoS_query_#5,verified
EC_EV_003049,EC_EV_FINAL_SCOPE,membership_in_verified_WoS_query_#5,verified
EC_EV_003050,EC_EV_FINAL_SCOPE,membership_in_verified_WoS_query_#5,verified
EC_EV_003051,EC_EV_FINAL_SCOPE,membership_in_verified_WoS_query_#5,verified
EC_EV_003052,EC_EV_FINAL_SCOPE,membership_in_verified_WoS_query_#5,verified
EC_EV_003053,EC_EV_FINAL_SCOPE,membership_in_verified_WoS_query_#5,verified
EC_EV_003054,EC_EV_FINAL_SCOPE,membership_in_verified_WoS_query_#5,verified
EC_EV_003055,EC_EV_FINAL_SCOPE,membership_in_verified_WoS_query_#5,verified
EC_EV_003056,EC_EV_FINAL_SCOPE,membership_in_verified_WoS_query_#5,verified
EC_EV_003057,EC_EV_FINAL_SCOPE,membership_in_verified_WoS_query_#5,verified
EC_EV_003058,EC_EV_FINAL_SCOPE,membership_in_verified_WoS_query_#5,verified
EC_EV_003059,EC_EV_FINAL_SCOPE,membership_in_verified_WoS_query_#5,verified
EC_EV_003060,EC_EV_FINAL_SCOPE,membership_in_verified_WoS_query_#5,verified
EC_EV_003061,EC_EV_FINAL_SCOPE,membership_in_verified_WoS_query_#5,verified
EC_EV_003062,EC_EV_FINAL_SCOPE,membership_in_verified_WoS_query_#5,verified
EC_EV_003063,EC_EV_FINAL_SCOPE,membership_in_verified_WoS_query_#5,verified
EC_EV_003064,EC_EV_FINAL_SCOPE,membership_in_verified_WoS_query_#5,verified
EC_EV_003065,EC_EV_FINAL_SCOPE,membership_in_verified_WoS_query_#5,verified
EC_EV_003066,EC_EV_FINAL_SCOPE,membership_in_verified_WoS_query_#5,verified
EC_EV_003067,EC_EV_FINAL_SCOPE,membership_in_verified_WoS_query_#5,verified
EC_EV_003068,EC_EV_FINAL_SCOPE,membership_in_verified_WoS_query_#5,verified
EC_EV_003069,EC_EV_FINAL_SCOPE,membership_in_verified_WoS_query_#5,verified
EC_EV_003070,EC_EV_FINAL_SCOPE,membership_in_verified_WoS_query_#5,verified
EC_EV_003071,EC_EV_FINAL_SCOPE,membership_in_verified_WoS_query_#5,verified
EC_EV_003072,EC_EV_FINAL_SCOPE,membership_in_verified_WoS_query_#5,verified
EC_EV_003073,EC_EV_FINAL_SCOPE,membership_in_verified_WoS_query_#5,verified
EC_EV_003074,EC_EV_FINAL_SCOPE,membership_in_verified_WoS_query_#5,verified
EC_EV_003075,EC_EV_FINAL_SCOPE,membership_in_verified_WoS_query_#5,verified
EC_EV_003076,EC_EV_FINAL_SCOPE,membership_in_verified_WoS_query_#5,verified
EC_EV_003077,EC_EV_FINAL_SCOPE,membership_in_verified_WoS_query_#5,verified
EC_EV_003078,EC_EV_FINAL_SCOPE,membership_in_verified_WoS_query_#5,verified
EC_EV_003079,EC_EV_FINAL_SCOPE,membership_in_verified_WoS_query_#5,verified
EC_EV_003080,EC_EV_FINAL_SCOPE,membership_in_verified_WoS_query_#5,verified
EC_EV_003081,EC_EV_FINAL_SCOPE,membership_in_verified_WoS_query_#5,verified
EC_EV_003082,EC_EV_FINAL_SCOPE,membership_in_verified_WoS_query_#5,verified
EC_EV_003083,EC_EV_FINAL_SCOPE,membership_in_verified_WoS_query_#5,verified
EC_EV_003084,EC_EV_FINAL_SCOPE,membership_in_verified_WoS_query_#5,verified
EC_EV_003085,EC_EV_FINAL_SCOPE,membership_in_verified_WoS_query_#5,verified
EC_EV_003086,EC_EV_FINAL_SCOPE,membership_in_verified_WoS_query_#5,verified
EC_EV_003087,EC_EV_FINAL_SCOPE,membership_in_verified_WoS_query_#5,verified
EC_EV_003088,EC_EV_FINAL_SCOPE,membership_in_verified_WoS_query_#5,verified
EC_EV_003089,EC_EV_FINAL_SCOPE,membership_in_verified_WoS_query_#5,verified
EC_EV_003090,EC_EV_FINAL_SCOPE,membership_in_verified_WoS_query_#5,verified
EC_EV_003091,EC_EV_FINAL_SCOPE,membership_in_verified_WoS_query_#5,verified
EC_EV_003092,EC_EV_FINAL_SCOPE,membership_in_verified_WoS_query_#5,verified
EC_EV_003093,EC_EV_FINAL_SCOPE,membership_in_verified_WoS_query_#5,verified
EC_EV_003094,EC_EV_FINAL_SCOPE,membership_in_verified_WoS_query_#5,verified
EC_EV_003095,EC_EV_FINAL_SCOPE,membership_in_verified_WoS_query_#5,verified
EC_EV_003096,EC_EV_FINAL_SCOPE,membership_in_verified_WoS_query_#5,verified
EC_EV_003097,EC_EV_FINAL_SCOPE,membership_in_verified_WoS_query_#5,verified
EC_EV_003098,EC_EV_FINAL_SCOPE,membership_in_verified_WoS_query_#5,verified
EC_EV_003099,EC_EV_FINAL_SCOPE,membership_in_verified_WoS_query_#5,verified
EC_EV_003100,EC_EV_FINAL_SCOPE,membership_in_verified_WoS_query_#5,verified
EC_EV_003101,EC_EV_FINAL_SCOPE,membership_in_verified_WoS_query_#5,verified
EC_EV_003102,EC_EV_FINAL_SCOPE,membership_in_verified_WoS_query_#5,verified
EC_EV_003103,EC_EV_FINAL_SCOPE,membership_in_verified_WoS_query_#5,verified
EC_EV_003104,EC_EV_FINAL_SCOPE,membership_in_verified_WoS_query_#5,verified
EC_EV_003105,EC_EV_FINAL_SCOPE,membership_in_verified_WoS_query_#5,verified
EC_EV_003106,EC_EV_FINAL_SCOPE,membership_in_verified_WoS_query_#5,verified
EC_EV_003107,EC_EV_FINAL_SCOPE,membership_in_verified_WoS_query_#5,verified
EC_EV_003108,EC_EV_FINAL_SCOPE,membership_in_verified_WoS_query_#5,verified
EC_EV_003109,EC_EV_FINAL_SCOPE,membership_in_verified_WoS_query_#5,verified
EC_EV_003110,EC_EV_FINAL_SCOPE,membership_in_verified_WoS_query_#5,verified
EC_EV_003111,EC_EV_FINAL_SCOPE,membership_in_verified_WoS_query_#5,verified
EC_EV_003112,EC_EV_FINAL_SCOPE,membership_in_verified_WoS_query_#5,verified
EC_EV_003113,EC_EV_FINAL_SCOPE,membership_in_verified_WoS_query_#5,verified
EC_EV_003114,EC_EV_FINAL_SCOPE,membership_in_verified_WoS_query_#5,verified
EC_EV_003115,EC_EV_FINAL_SCOPE,membership_in_verified_WoS_query_#5,verified
EC_EV_003116,EC_EV_FINAL_SCOPE,membership_in_verified_WoS_query_#5,verified
EC_EV_003117,EC_EV_FINAL_SCOPE,membership_in_verified_WoS_query_#5,verified
EC_EV_003118,EC_EV_FINAL_SCOPE,membership_in_verified_WoS_query_#5,verified
EC_EV_003119,EC_EV_FINAL_SCOPE,membership_in_verified_WoS_query_#5,verified
EC_EV_003120,EC_EV_FINAL_SCOPE,membership_in_verified_WoS_query_#5,verified
EC_EV_003121,EC_EV_FINAL_SCOPE,membership_in_verified_WoS_query_#5,verified
EC_EV_003122,EC_EV_FINAL_SCOPE,membership_in_verified_WoS_query_#5,verified
EC_EV_003123,EC_EV_FINAL_SCOPE,membership_in_verified_WoS_query_#5,verified
EC_EV_003124,EC_EV_FINAL_SCOPE,membership_in_verified_WoS_query_#5,verified
EC_EV_003125,EC_EV_FINAL_SCOPE,membership_in_verified_WoS_query_#5,verified
EC_EV_003126,EC_EV_FINAL_SCOPE,membership_in_verified_WoS_query_#5,verified
EC_EV_003127,EC_EV_FINAL_SCOPE,membership_in_verified_WoS_query_#5,verified
EC_EV_003128,EC_EV_FINAL_SCOPE,membership_in_verified_WoS_query_#5,verified
EC_EV_003129,EC_EV_FINAL_SCOPE,membership_in_verified_WoS_query_#5,verified
EC_EV_003130,EC_EV_FINAL_SCOPE,membership_in_verified_WoS_query_#5,verified
EC_EV_003131,EC_EV_FINAL_SCOPE,membership_in_verified_WoS_query_#5,verified
EC_EV_003132,EC_EV_FINAL_SCOPE,membership_in_verified_WoS_query_#5,verified
EC_EV_003133,EC_EV_FINAL_SCOPE,membership_in_verified_WoS_query_#5,verified
EC_EV_003134,EC_EV_FINAL_SCOPE,membership_in_verified_WoS_query_#5,verified
EC_EV_003135,EC_EV_FINAL_SCOPE,membership_in_verified_WoS_query_#5,verified
EC_EV_003136,EC_EV_FINAL_SCOPE,membership_in_verified_WoS_query_#5,verified
EC_EV_003137,EC_EV_FINAL_SCOPE,membership_in_verified_WoS_query_#5,verified
EC_EV_003138,EC_EV_FINAL_SCOPE,membership_in_verified_WoS_query_#5,verified
EC_EV_003139,EC_EV_FINAL_SCOPE,membership_in_verified_WoS_query_#5,verified
EC_EV_003140,EC_EV_FINAL_SCOPE,membership_in_verified_WoS_query_#5,verified
EC_EV_003141,EC_EV_FINAL_SCOPE,membership_in_verified_WoS_query_#5,verified
EC_EV_003142,EC_EV_FINAL_SCOPE,membership_in_verified_WoS_query_#5,verified
EC_EV_003143,EC_EV_FINAL_SCOPE,membership_in_verified_WoS_query_#5,verified
EC_EV_003144,EC_EV_FINAL_SCOPE,membership_in_verified_WoS_query_#5,verified
EC_EV_003145,EC_EV_FINAL_SCOPE,membership_in_verified_WoS_query_#5,verified
EC_EV_003146,EC_EV_FINAL_SCOPE,membership_in_verified_WoS_query_#5,verified
EC_EV_003147,EC_EV_FINAL_SCOPE,membership_in_verified_WoS_query_#5,verified
EC_EV_003148,EC_EV_FINAL_SCOPE,membership_in_verified_WoS_query_#5,verified
EC_EV_003149,EC_EV_FINAL_SCOPE,membership_in_verified_WoS_query_#5,verified
EC_EV_003150,EC_EV_FINAL_SCOPE,membership_in_verified_WoS_query_#5,verified
EC_EV_003151,EC_EV_FINAL_SCOPE,membership_in_verified_WoS_query_#5,verified
EC_EV_003152,EC_EV_FINAL_SCOPE,membership_in_verified_WoS_query_#5,verified
EC_EV_003153,EC_EV_FINAL_SCOPE,membership_in_verified_WoS_query_#5,verified
EC_EV_003154,EC_EV_FINAL_SCOPE,membership_in_verified_WoS_query_#5,verified
EC_EV_003155,EC_EV_FINAL_SCOPE,membership_in_verified_WoS_query_#5,verified
EC_EV_003156,EC_EV_FINAL_SCOPE,membership_in_verified_WoS_query_#5,verified
EC_EV_003157,EC_EV_FINAL_SCOPE,membership_in_verified_WoS_query_#5,verified
EC_EV_003158,EC_EV_FINAL_SCOPE,membership_in_verified_WoS_query_#5,verified
EC_EV_003159,EC_EV_FINAL_SCOPE,membership_in_verified_WoS_query_#5,verified
EC_EV_003160,EC_EV_FINAL_SCOPE,membership_in_verified_WoS_query_#5,verified
EC_EV_003161,EC_EV_FINAL_SCOPE,membership_in_verified_WoS_query_#5,verified
EC_EV_003162,EC_EV_FINAL_SCOPE,membership_in_verified_WoS_query_#5,verified
EC_EV_003163,EC_EV_FINAL_SCOPE,membership_in_verified_WoS_query_#5,verified
EC_EV_003164,EC_EV_FINAL_SCOPE,membership_in_verified_WoS_query_#5,verified
EC_EV_003165,EC_EV_FINAL_SCOPE,membership_in_verified_WoS_query_#5,verified
EC_EV_003166,EC_EV_FINAL_SCOPE,membership_in_verified_WoS_query_#5,verified
EC_EV_003167,EC_EV_FINAL_SCOPE,membership_in_verified_WoS_query_#5,verified
EC_EV_003168,EC_EV_FINAL_SCOPE,membership_in_verified_WoS_query_#5,verified
EC_EV_003169,EC_EV_FINAL_SCOPE,membership_in_verified_WoS_query_#5,verified
EC_EV_003170,EC_EV_FINAL_SCOPE,membership_in_verified_WoS_query_#5,verified
EC_EV_003171,EC_EV_FINAL_SCOPE,membership_in_verified_WoS_query_#5,verified
EC_EV_003172,EC_EV_FINAL_SCOPE,membership_in_verified_WoS_query_#5,verified
EC_EV_003173,EC_EV_FINAL_SCOPE,membership_in_verified_WoS_query_#5,verified
EC_EV_003174,EC_EV_FINAL_SCOPE,membership_in_verified_WoS_query_#5,verified
EC_EV_003175,EC_EV_FINAL_SCOPE,membership_in_verified_WoS_query_#5,verified
EC_EV_003176,EC_EV_FINAL_SCOPE,membership_in_verified_WoS_query_#5,verified
EC_EV_003177,EC_EV_FINAL_SCOPE,membership_in_verified_WoS_query_#5,verified
EC_EV_003178,EC_EV_FINAL_SCOPE,membership_in_verified_WoS_query_#5,verified
EC_EV_003179,EC_EV_FINAL_SCOPE,membership_in_verified_WoS_query_#5,verified
EC_EV_003180,EC_EV_FINAL_SCOPE,membership_in_verified_WoS_query_#5,verified
EC_EV_003181,EC_EV_FINAL_SCOPE,membership_in_verified_WoS_query_#5,verified
EC_EV_003182,EC_EV_FINAL_SCOPE,membership_in_verified_WoS_query_#5,verified
EC_EV_003183,EC_EV_FINAL_SCOPE,membership_in_verified_WoS_query_#5,verified
EC_EV_003184,EC_EV_FINAL_SCOPE,membership_in_verified_WoS_query_#5,verified
EC_EV_003185,EC_EV_FINAL_SCOPE,membership_in_verified_WoS_query_#5,verified
EC_EV_003186,EC_EV_FINAL_SCOPE,membership_in_verified_WoS_query_#5,verified
EC_EV_003187,EC_EV_FINAL_SCOPE,membership_in_verified_WoS_query_#5,verified
EC_EV_003188,EC_EV_FINAL_SCOPE,membership_in_verified_WoS_query_#5,verified
EC_EV_003189,EC_EV_FINAL_SCOPE,membership_in_verified_WoS_query_#5,verified
EC_EV_003190,EC_EV_FINAL_SCOPE,membership_in_verified_WoS_query_#5,verified
EC_EV_003191,EC_EV_FINAL_SCOPE,membership_in_verified_WoS_query_#5,verified
EC_EV_003192,EC_EV_FINAL_SCOPE,membership_in_verified_WoS_query_#5,verified
EC_EV_003193,EC_EV_FINAL_SCOPE,membership_in_verified_WoS_query_#5,verified
EC_EV_003194,EC_EV_FINAL_SCOPE,membership_in_verified_WoS_query_#5,verified
EC_EV_003195,EC_EV_FINAL_SCOPE,membership_in_verified_WoS_query_#5,verified
EC_EV_003196,EC_EV_FINAL_SCOPE,membership_in_verified_WoS_query_#5,verified
EC_EV_003197,EC_EV_FINAL_SCOPE,membership_in_verified_WoS_query_#5,verified
EC_EV_003198,EC_EV_FINAL_SCOPE,membership_in_verified_WoS_query_#5,verified
EC_EV_003199,EC_EV_FINAL_SCOPE,membership_in_verified_WoS_query_#5,verified
EC_EV_003200,EC_EV_FINAL_SCOPE,membership_in_verified_WoS_query_#5,verified
EC_EV_003201,EC_EV_FINAL_SCOPE,membership_in_verified_WoS_query_#5,verified
EC_EV_003202,EC_EV_FINAL_SCOPE,membership_in_verified_WoS_query_#5,verified
EC_EV_003203,EC_EV_FINAL_SCOPE,membership_in_verified_WoS_query_#5,verified
EC_EV_003204,EC_EV_FINAL_SCOPE,membership_in_verified_WoS_query_#5,verified
EC_EV_003205,EC_EV_FINAL_SCOPE,membership_in_verified_WoS_query_#5,verified
EC_EV_003206,EC_EV_FINAL_SCOPE,membership_in_verified_WoS_query_#5,verified
EC_EV_003207,EC_EV_FINAL_SCOPE,membership_in_verified_WoS_query_#5,verified
EC_EV_003208,EC_EV_FINAL_SCOPE,membership_in_verified_WoS_query_#5,verified
EC_EV_003209,EC_EV_FINAL_SCOPE,membership_in_verified_WoS_query_#5,verified
EC_EV_003210,EC_EV_FINAL_SCOPE,membership_in_verified_WoS_query_#5,verified
EC_EV_003211,EC_EV_FINAL_SCOPE,membership_in_verified_WoS_query_#5,verified
EC_EV_003212,EC_EV_FINAL_SCOPE,membership_in_verified_WoS_query_#5,verified
EC_EV_003213,EC_EV_FINAL_SCOPE,membership_in_verified_WoS_query_#5,verified
EC_EV_003214,EC_EV_FINAL_SCOPE,membership_in_verified_WoS_query_#5,verified
EC_EV_003215,EC_EV_FINAL_SCOPE,membership_in_verified_WoS_query_#5,verified
EC_EV_003216,EC_EV_FINAL_SCOPE,membership_in_verified_WoS_query_#5,verified
EC_EV_003217,EC_EV_FINAL_SCOPE,membership_in_verified_WoS_query_#5,verified
EC_EV_003218,EC_EV_FINAL_SCOPE,membership_in_verified_WoS_query_#5,verified
EC_EV_003219,EC_EV_FINAL_SCOPE,membership_in_verified_WoS_query_#5,verified
EC_EV_003220,EC_EV_FINAL_SCOPE,membership_in_verified_WoS_query_#5,verified
EC_EV_003221,EC_EV_FINAL_SCOPE,membership_in_verified_WoS_query_#5,verified
EC_EV_003222,EC_EV_FINAL_SCOPE,membership_in_verified_WoS_query_#5,verified
EC_EV_003223,EC_EV_FINAL_SCOPE,membership_in_verified_WoS_query_#5,verified
EC_EV_003224,EC_EV_FINAL_SCOPE,membership_in_verified_WoS_query_#5,verified
EC_EV_003225,EC_EV_FINAL_SCOPE,membership_in_verified_WoS_query_#5,verified
EC_EV_003226,EC_EV_FINAL_SCOPE,membership_in_verified_WoS_query_#5,verified
EC_EV_003227,EC_EV_FINAL_SCOPE,membership_in_verified_WoS_query_#5,verified
EC_EV_003228,EC_EV_FINAL_SCOPE,membership_in_verified_WoS_query_#5,verified
EC_EV_003229,EC_EV_FINAL_SCOPE,membership_in_verified_WoS_query_#5,verified
EC_EV_003230,EC_EV_FINAL_SCOPE,membership_in_verified_WoS_query_#5,verified
EC_EV_003231,EC_EV_FINAL_SCOPE,membership_in_verified_WoS_query_#5,verified
EC_EV_003232,EC_EV_FINAL_SCOPE,membership_in_verified_WoS_query_#5,verified
EC_EV_003233,EC_EV_FINAL_SCOPE,membership_in_verified_WoS_query_#5,verified
EC_EV_003234,EC_EV_FINAL_SCOPE,membership_in_verified_WoS_query_#5,verified
EC_EV_003235,EC_EV_FINAL_SCOPE,membership_in_verified_WoS_query_#5,verified
EC_EV_003236,EC_EV_FINAL_SCOPE,membership_in_verified_WoS_query_#5,verified
EC_EV_003237,EC_EV_FINAL_SCOPE,membership_in_verified_WoS_query_#5,verified
EC_EV_003238,EC_EV_FINAL_SCOPE,membership_in_verified_WoS_query_#5,verified
EC_EV_003239,EC_EV_FINAL_SCOPE,membership_in_verified_WoS_query_#5,verified
EC_EV_003240,EC_EV_FINAL_SCOPE,membership_in_verified_WoS_query_#5,verified
EC_EV_003241,EC_EV_FINAL_SCOPE,membership_in_verified_WoS_query_#5,verified
EC_EV_003242,EC_EV_FINAL_SCOPE,membership_in_verified_WoS_query_#5,verified
EC_EV_003243,EC_EV_FINAL_SCOPE,membership_in_verified_WoS_query_#5,verified
EC_EV_003244,EC_EV_FINAL_SCOPE,membership_in_verified_WoS_query_#5,verified
EC_EV_003245,EC_EV_FINAL_SCOPE,membership_in_verified_WoS_query_#5,verified
EC_EV_003246,EC_EV_FINAL_SCOPE,membership_in_verified_WoS_query_#5,verified
EC_EV_003247,EC_EV_FINAL_SCOPE,membership_in_verified_WoS_query_#5,verified
EC_EV_003248,EC_EV_FINAL_SCOPE,membership_in_verified_WoS_query_#5,verified
EC_EV_003249,EC_EV_FINAL_SCOPE,membership_in_verified_WoS_query_#5,verified
EC_EV_003250,EC_EV_FINAL_SCOPE,membership_in_verified_WoS_query_#5,verified
EC_EV_003251,EC_EV_FINAL_SCOPE,membership_in_verified_WoS_query_#5,verified
EC_EV_003252,EC_EV_FINAL_SCOPE,membership_in_verified_WoS_query_#5,verified
EC_EV_003253,EC_EV_FINAL_SCOPE,membership_in_verified_WoS_query_#5,verified
EC_EV_003254,EC_EV_FINAL_SCOPE,membership_in_verified_WoS_query_#5,verified
EC_EV_003255,EC_EV_FINAL_SCOPE,membership_in_verified_WoS_query_#5,verified
EC_EV_003256,EC_EV_FINAL_SCOPE,membership_in_verified_WoS_query_#5,verified
EC_EV_003257,EC_EV_FINAL_SCOPE,membership_in_verified_WoS_query_#5,verified
EC_EV_003258,EC_EV_FINAL_SCOPE,membership_in_verified_WoS_query_#5,verified
EC_EV_003259,EC_EV_FINAL_SCOPE,membership_in_verified_WoS_query_#5,verified
EC_EV_003260,EC_EV_FINAL_SCOPE,membership_in_verified_WoS_query_#5,verified
EC_EV_003261,EC_EV_FINAL_SCOPE,membership_in_verified_WoS_query_#5,verified
EC_EV_003262,EC_EV_FINAL_SCOPE,membership_in_verified_WoS_query_#5,verified
EC_EV_003263,EC_EV_FINAL_SCOPE,membership_in_verified_WoS_query_#5,verified
EC_EV_003264,EC_EV_FINAL_SCOPE,membership_in_verified_WoS_query_#5,verified
EC_EV_003265,EC_EV_FINAL_SCOPE,membership_in_verified_WoS_query_#5,verified
EC_EV_003266,EC_EV_FINAL_SCOPE,membership_in_verified_WoS_query_#5,verified
EC_EV_003267,EC_EV_FINAL_SCOPE,membership_in_verified_WoS_query_#5,verified
EC_EV_003268,EC_EV_FINAL_SCOPE,membership_in_verified_WoS_query_#5,verified
EC_EV_003269,EC_EV_FINAL_SCOPE,membership_in_verified_WoS_query_#5,verified
EC_EV_003270,EC_EV_FINAL_SCOPE,membership_in_verified_WoS_query_#5,verified
EC_EV_003271,EC_EV_FINAL_SCOPE,membership_in_verified_WoS_query_#5,verified
EC_EV_003272,EC_EV_FINAL_SCOPE,membership_in_verified_WoS_query_#5,verified
EC_EV_003273,EC_EV_FINAL_SCOPE,membership_in_verified_WoS_query_#5,verified
EC_EV_003274,EC_EV_FINAL_SCOPE,membership_in_verified_WoS_query_#5,verified
EC_EV_003275,EC_EV_FINAL_SCOPE,membership_in_verified_WoS_query_#5,verified
EC_EV_003276,EC_EV_FINAL_SCOPE,membership_in_verified_WoS_query_#5,verified
EC_EV_003277,EC_EV_FINAL_SCOPE,membership_in_verified_WoS_query_#5,verified
EC_EV_003278,EC_EV_FINAL_SCOPE,membership_in_verified_WoS_query_#5,verified
EC_EV_003279,EC_EV_FINAL_SCOPE,membership_in_verified_WoS_query_#5,verified
EC_EV_003280,EC_EV_FINAL_SCOPE,membership_in_verified_WoS_query_#5,verified
EC_EV_003281,EC_EV_FINAL_SCOPE,membership_in_verified_WoS_query_#5,verified
EC_EV_003282,EC_EV_FINAL_SCOPE,membership_in_verified_WoS_query_#5,verified
EC_EV_003283,EC_EV_FINAL_SCOPE,membership_in_verified_WoS_query_#5,verified
EC_EV_003284,EC_EV_FINAL_SCOPE,membership_in_verified_WoS_query_#5,verified
EC_EV_003285,EC_EV_FINAL_SCOPE,membership_in_verified_WoS_query_#5,verified
EC_EV_003286,EC_EV_FINAL_SCOPE,membership_in_verified_WoS_query_#5,verified
EC_EV_003287,EC_EV_FINAL_SCOPE,membership_in_verified_WoS_query_#5,verified
EC_EV_003288,EC_EV_FINAL_SCOPE,membership_in_verified_WoS_query_#5,verified
EC_EV_003289,EC_EV_FINAL_SCOPE,membership_in_verified_WoS_query_#5,verified
EC_EV_003290,EC_EV_FINAL_SCOPE,membership_in_verified_WoS_query_#5,verified
EC_EV_003291,EC_EV_FINAL_SCOPE,membership_in_verified_WoS_query_#5,verified
EC_EV_003292,EC_EV_FINAL_SCOPE,membership_in_verified_WoS_query_#5,verified
EC_EV_003293,EC_EV_FINAL_SCOPE,membership_in_verified_WoS_query_#5,verified
EC_EV_003294,EC_EV_FINAL_SCOPE,membership_in_verified_WoS_query_#5,verified
EC_EV_003295,EC_EV_FINAL_SCOPE,membership_in_verified_WoS_query_#5,verified
EC_EV_003296,EC_EV_FINAL_SCOPE,membership_in_verified_WoS_query_#5,verified
EC_EV_003297,EC_EV_FINAL_SCOPE,membership_in_verified_WoS_query_#5,verified
EC_EV_003298,EC_EV_FINAL_SCOPE,membership_in_verified_WoS_query_#5,verified
EC_EV_003299,EC_EV_FINAL_SCOPE,membership_in_verified_WoS_query_#5,verified
EC_EV_003300,EC_EV_FINAL_SCOPE,membership_in_verified_WoS_query_#5,verified
EC_EV_003301,EC_EV_FINAL_SCOPE,membership_in_verified_WoS_query_#5,verified
EC_EV_003302,EC_EV_FINAL_SCOPE,membership_in_verified_WoS_query_#5,verified
EC_EV_003303,EC_EV_FINAL_SCOPE,membership_in_verified_WoS_query_#5,verified
EC_EV_003304,EC_EV_FINAL_SCOPE,membership_in_verified_WoS_query_#5,verified
EC_EV_003305,EC_EV_FINAL_SCOPE,membership_in_verified_WoS_query_#5,verified
EC_EV_003306,EC_EV_FINAL_SCOPE,membership_in_verified_WoS_query_#5,verified
EC_EV_003307,EC_EV_FINAL_SCOPE,membership_in_verified_WoS_query_#5,verified
EC_EV_003308,EC_EV_FINAL_SCOPE,membership_in_verified_WoS_query_#5,verified
EC_EV_003309,EC_EV_FINAL_SCOPE,membership_in_verified_WoS_query_#5,verified
EC_EV_003310,EC_EV_FINAL_SCOPE,membership_in_verified_WoS_query_#5,verified
EC_EV_003311,EC_EV_FINAL_SCOPE,membership_in_verified_WoS_query_#5,verified
EC_EV_003312,EC_EV_FINAL_SCOPE,membership_in_verified_WoS_query_#5,verified
EC_EV_003313,EC_EV_FINAL_SCOPE,membership_in_verified_WoS_query_#5,verified
EC_EV_003314,EC_EV_FINAL_SCOPE,membership_in_verified_WoS_query_#5,verified
EC_EV_003315,EC_EV_FINAL_SCOPE,membership_in_verified_WoS_query_#5,verified
EC_EV_003316,EC_EV_FINAL_SCOPE,membership_in_verified_WoS_query_#5,verified
EC_EV_003317,EC_EV_FINAL_SCOPE,membership_in_verified_WoS_query_#5,verified
EC_EV_003318,EC_EV_FINAL_SCOPE,membership_in_verified_WoS_query_#5,verified
EC_EV_003319,EC_EV_FINAL_SCOPE,membership_in_verified_WoS_query_#5,verified
EC_EV_003320,EC_EV_FINAL_SCOPE,membership_in_verified_WoS_query_#5,verified
EC_EV_003321,EC_EV_FINAL_SCOPE,membership_in_verified_WoS_query_#5,verified
EC_EV_003322,EC_EV_FINAL_SCOPE,membership_in_verified_WoS_query_#5,verified
EC_EV_003323,EC_EV_FINAL_SCOPE,membership_in_verified_WoS_query_#5,verified
EC_EV_003324,EC_EV_FINAL_SCOPE,membership_in_verified_WoS_query_#5,verified
EC_EV_003325,EC_EV_FINAL_SCOPE,membership_in_verified_WoS_query_#5,verified
EC_EV_003326,EC_EV_FINAL_SCOPE,membership_in_verified_WoS_query_#5,verified
EC_EV_003327,EC_EV_FINAL_SCOPE,membership_in_verified_WoS_query_#5,verified
EC_EV_003328,EC_EV_FINAL_SCOPE,membership_in_verified_WoS_query_#5,verified
EC_EV_003329,EC_EV_FINAL_SCOPE,membership_in_verified_WoS_query_#5,verified
EC_EV_003330,EC_EV_FINAL_SCOPE,membership_in_verified_WoS_query_#5,verified
EC_EV_003331,EC_EV_FINAL_SCOPE,membership_in_verified_WoS_query_#5,verified
EC_EV_003332,EC_EV_FINAL_SCOPE,membership_in_verified_WoS_query_#5,verified
EC_EV_003333,EC_EV_FINAL_SCOPE,membership_in_verified_WoS_query_#5,verified
EC_EV_003334,EC_EV_FINAL_SCOPE,membership_in_verified_WoS_query_#5,verified
EC_EV_003335,EC_EV_FINAL_SCOPE,membership_in_verified_WoS_query_#5,verified
EC_EV_003336,EC_EV_FINAL_SCOPE,membership_in_verified_WoS_query_#5,verified
EC_EV_003337,EC_EV_FINAL_SCOPE,membership_in_verified_WoS_query_#5,verified
EC_EV_003338,EC_EV_FINAL_SCOPE,membership_in_verified_WoS_query_#5,verified
EC_EV_003339,EC_EV_FINAL_SCOPE,membership_in_verified_WoS_query_#5,verified
EC_EV_003340,EC_EV_FINAL_SCOPE,membership_in_verified_WoS_query_#5,verified
EC_EV_003341,EC_EV_FINAL_SCOPE,membership_in_verified_WoS_query_#5,verified
EC_EV_003342,EC_EV_FINAL_SCOPE,membership_in_verified_WoS_query_#5,verified
EC_EV_003343,EC_EV_FINAL_SCOPE,membership_in_verified_WoS_query_#5,verified
EC_EV_003344,EC_EV_FINAL_SCOPE,membership_in_verified_WoS_query_#5,verified
EC_EV_003345,EC_EV_FINAL_SCOPE,membership_in_verified_WoS_query_#5,verified
EC_EV_003346,EC_EV_FINAL_SCOPE,membership_in_verified_WoS_query_#5,verified
EC_EV_003347,EC_EV_FINAL_SCOPE,membership_in_verified_WoS_query_#5,verified
EC_EV_003348,EC_EV_FINAL_SCOPE,membership_in_verified_WoS_query_#5,verified
EC_EV_003349,EC_EV_FINAL_SCOPE,membership_in_verified_WoS_query_#5,verified
EC_EV_003350,EC_EV_FINAL_SCOPE,membership_in_verified_WoS_query_#5,verified
EC_EV_003351,EC_EV_FINAL_SCOPE,membership_in_verified_WoS_query_#5,verified
EC_EV_003352,EC_EV_FINAL_SCOPE,membership_in_verified_WoS_query_#5,verified
EC_EV_003353,EC_EV_FINAL_SCOPE,membership_in_verified_WoS_query_#5,verified
EC_EV_003354,EC_EV_FINAL_SCOPE,membership_in_verified_WoS_query_#5,verified
EC_EV_003355,EC_EV_FINAL_SCOPE,membership_in_verified_WoS_query_#5,verified
EC_EV_003356,EC_EV_FINAL_SCOPE,membership_in_verified_WoS_query_#5,verified
EC_EV_003357,EC_EV_FINAL_SCOPE,membership_in_verified_WoS_query_#5,verified
EC_EV_003358,EC_EV_FINAL_SCOPE,membership_in_verified_WoS_query_#5,verified
EC_EV_003359,EC_EV_FINAL_SCOPE,membership_in_verified_WoS_query_#5,verified
EC_EV_003360,EC_EV_FINAL_SCOPE,membership_in_verified_WoS_query_#5,verified
EC_EV_003361,EC_EV_FINAL_SCOPE,membership_in_verified_WoS_query_#5,verified
EC_EV_003362,EC_EV_FINAL_SCOPE,membership_in_verified_WoS_query_#5,verified
EC_EV_003363,EC_EV_FINAL_SCOPE,membership_in_verified_WoS_query_#5,verified
EC_EV_003364,EC_EV_FINAL_SCOPE,membership_in_verified_WoS_query_#5,verified
EC_EV_003365,EC_EV_FINAL_SCOPE,membership_in_verified_WoS_query_#5,verified
EC_EV_003366,EC_EV_FINAL_SCOPE,membership_in_verified_WoS_query_#5,verified
EC_EV_003367,EC_EV_FINAL_SCOPE,membership_in_verified_WoS_query_#5,verified
EC_EV_003368,EC_EV_FINAL_SCOPE,membership_in_verified_WoS_query_#5,verified
EC_EV_003369,EC_EV_FINAL_SCOPE,membership_in_verified_WoS_query_#5,verified
EC_EV_003370,EC_EV_FINAL_SCOPE,membership_in_verified_WoS_query_#5,verified
EC_EV_003371,EC_EV_FINAL_SCOPE,membership_in_verified_WoS_query_#5,verified
EC_EV_003372,EC_EV_FINAL_SCOPE,membership_in_verified_WoS_query_#5,verified
EC_EV_003373,EC_EV_FINAL_SCOPE,membership_in_verified_WoS_query_#5,verified
EC_EV_003374,EC_EV_FINAL_SCOPE,membership_in_verified_WoS_query_#5,verified
EC_EV_003375,EC_EV_FINAL_SCOPE,membership_in_verified_WoS_query_#5,verified
EC_EV_003376,EC_EV_FINAL_SCOPE,membership_in_verified_WoS_query_#5,verified
EC_EV_003377,EC_EV_FINAL_SCOPE,membership_in_verified_WoS_query_#5,verified
EC_EV_003378,EC_EV_FINAL_SCOPE,membership_in_verified_WoS_query_#5,verified
EC_EV_003379,EC_EV_FINAL_SCOPE,membership_in_verified_WoS_query_#5,verified
EC_EV_003380,EC_EV_FINAL_SCOPE,membership_in_verified_WoS_query_#5,verified
EC_EV_003381,EC_EV_FINAL_SCOPE,membership_in_verified_WoS_query_#5,verified
EC_EV_003382,EC_EV_FINAL_SCOPE,membership_in_verified_WoS_query_#5,verified
EC_EV_003383,EC_EV_FINAL_SCOPE,membership_in_verified_WoS_query_#5,verified
EC_EV_003384,EC_EV_FINAL_SCOPE,membership_in_verified_WoS_query_#5,verified
EC_EV_003385,EC_EV_FINAL_SCOPE,membership_in_verified_WoS_query_#5,verified
EC_EV_003386,EC_EV_FINAL_SCOPE,membership_in_verified_WoS_query_#5,verified
EC_EV_003387,EC_EV_FINAL_SCOPE,membership_in_verified_WoS_query_#5,verified
EC_EV_003388,EC_EV_FINAL_SCOPE,membership_in_verified_WoS_query_#5,verified
EC_EV_003389,EC_EV_FINAL_SCOPE,membership_in_verified_WoS_query_#5,verified
EC_EV_003390,EC_EV_FINAL_SCOPE,membership_in_verified_WoS_query_#5,verified
EC_EV_003391,EC_EV_FINAL_SCOPE,membership_in_verified_WoS_query_#5,verified
EC_EV_003392,EC_EV_FINAL_SCOPE,membership_in_verified_WoS_query_#5,verified
EC_EV_003393,EC_EV_FINAL_SCOPE,membership_in_verified_WoS_query_#5,verified
EC_EV_003394,EC_EV_FINAL_SCOPE,membership_in_verified_WoS_query_#5,verified
EC_EV_003395,EC_EV_FINAL_SCOPE,membership_in_verified_WoS_query_#5,verified
EC_EV_003396,EC_EV_FINAL_SCOPE,membership_in_verified_WoS_query_#5,verified
EC_EV_003397,EC_EV_FINAL_SCOPE,membership_in_verified_WoS_query_#5,verified
EC_EV_003398,EC_EV_FINAL_SCOPE,membership_in_verified_WoS_query_#5,verified
EC_EV_003399,EC_EV_FINAL_SCOPE,membership_in_verified_WoS_query_#5,verified
EC_EV_003400,EC_EV_FINAL_SCOPE,membership_in_verified_WoS_query_#5,verified
EC_EV_003401,EC_EV_FINAL_SCOPE,membership_in_verified_WoS_query_#5,verified
EC_EV_003402,EC_EV_FINAL_SCOPE,membership_in_verified_WoS_query_#5,verified
EC_EV_003403,EC_EV_FINAL_SCOPE,membership_in_verified_WoS_query_#5,verified
EC_EV_003404,EC_EV_FINAL_SCOPE,membership_in_verified_WoS_query_#5,verified
EC_EV_003405,EC_EV_FINAL_SCOPE,membership_in_verified_WoS_query_#5,verified
EC_EV_003406,EC_EV_FINAL_SCOPE,membership_in_verified_WoS_query_#5,verified
EC_EV_003407,EC_EV_FINAL_SCOPE,membership_in_verified_WoS_query_#5,verified
EC_EV_003408,EC_EV_FINAL_SCOPE,membership_in_verified_WoS_query_#5,verified
EC_EV_003409,EC_EV_FINAL_SCOPE,membership_in_verified_WoS_query_#5,verified
EC_EV_003410,EC_EV_FINAL_SCOPE,membership_in_verified_WoS_query_#5,verified
EC_EV_003411,EC_EV_FINAL_SCOPE,membership_in_verified_WoS_query_#5,verified
EC_EV_003412,EC_EV_FINAL_SCOPE,membership_in_verified_WoS_query_#5,verified
EC_EV_003413,EC_EV_FINAL_SCOPE,membership_in_verified_WoS_query_#5,verified
EC_EV_003414,EC_EV_FINAL_SCOPE,membership_in_verified_WoS_query_#5,verified
EC_EV_003415,EC_EV_FINAL_SCOPE,membership_in_verified_WoS_query_#5,verified
EC_EV_003416,EC_EV_FINAL_SCOPE,membership_in_verified_WoS_query_#5,verified
EC_EV_003417,EC_EV_FINAL_SCOPE,membership_in_verified_WoS_query_#5,verified
EC_EV_003418,EC_EV_FINAL_SCOPE,membership_in_verified_WoS_query_#5,verified
EC_EV_003419,EC_EV_FINAL_SCOPE,membership_in_verified_WoS_query_#5,verified
EC_EV_003420,EC_EV_FINAL_SCOPE,membership_in_verified_WoS_query_#5,verified
EC_EV_003421,EC_EV_FINAL_SCOPE,membership_in_verified_WoS_query_#5,verified
EC_EV_003422,EC_EV_FINAL_SCOPE,membership_in_verified_WoS_query_#5,verified
EC_EV_003423,EC_EV_FINAL_SCOPE,membership_in_verified_WoS_query_#5,verified
EC_EV_003424,EC_EV_FINAL_SCOPE,membership_in_verified_WoS_query_#5,verified
EC_EV_003425,EC_EV_FINAL_SCOPE,membership_in_verified_WoS_query_#5,verified
EC_EV_003426,EC_EV_FINAL_SCOPE,membership_in_verified_WoS_query_#5,verified
EC_EV_003427,EC_EV_FINAL_SCOPE,membership_in_verified_WoS_query_#5,verified
EC_EV_003428,EC_EV_FINAL_SCOPE,membership_in_verified_WoS_query_#5,verified
EC_EV_003429,EC_EV_FINAL_SCOPE,membership_in_verified_WoS_query_#5,verified
EC_EV_003430,EC_EV_FINAL_SCOPE,membership_in_verified_WoS_query_#5,verified
EC_EV_003431,EC_EV_FINAL_SCOPE,membership_in_verified_WoS_query_#5,verified
EC_EV_003432,EC_EV_FINAL_SCOPE,membership_in_verified_WoS_query_#5,verified
EC_EV_003433,EC_EV_FINAL_SCOPE,membership_in_verified_WoS_query_#5,verified
EC_EV_003434,EC_EV_FINAL_SCOPE,membership_in_verified_WoS_query_#5,verified
EC_EV_003435,EC_EV_FINAL_SCOPE,membership_in_verified_WoS_query_#5,verified
EC_EV_003436,EC_EV_FINAL_SCOPE,membership_in_verified_WoS_query_#5,verified
EC_EV_003437,EC_EV_FINAL_SCOPE,membership_in_verified_WoS_query_#5,verified
EC_EV_003438,EC_EV_FINAL_SCOPE,membership_in_verified_WoS_query_#5,verified
EC_EV_003439,EC_EV_FINAL_SCOPE,membership_in_verified_WoS_query_#5,verified
EC_EV_003440,EC_EV_FINAL_SCOPE,membership_in_verified_WoS_query_#5,verified
EC_EV_003441,EC_EV_FINAL_SCOPE,membership_in_verified_WoS_query_#5,verified
EC_EV_003442,EC_EV_FINAL_SCOPE,membership_in_verified_WoS_query_#5,verified
EC_EV_003443,EC_EV_FINAL_SCOPE,membership_in_verified_WoS_query_#5,verified
EC_EV_003444,EC_EV_FINAL_SCOPE,membership_in_verified_WoS_query_#5,verified
EC_EV_003445,EC_EV_FINAL_SCOPE,membership_in_verified_WoS_query_#5,verified
EC_EV_003446,EC_EV_FINAL_SCOPE,membership_in_verified_WoS_query_#5,verified
EC_EV_003447,EC_EV_FINAL_SCOPE,membership_in_verified_WoS_query_#5,verified
EC_EV_003448,EC_EV_FINAL_SCOPE,membership_in_verified_WoS_query_#5,verified
EC_EV_003449,EC_EV_FINAL_SCOPE,membership_in_verified_WoS_query_#5,verified
EC_EV_003450,EC_EV_FINAL_SCOPE,membership_in_verified_WoS_query_#5,verified
EC_EV_003451,EC_EV_FINAL_SCOPE,membership_in_verified_WoS_query_#5,verified
EC_EV_003452,EC_EV_FINAL_SCOPE,membership_in_verified_WoS_query_#5,verified
EC_EV_003453,EC_EV_FINAL_SCOPE,membership_in_verified_WoS_query_#5,verified
EC_EV_003454,EC_EV_FINAL_SCOPE,membership_in_verified_WoS_query_#5,verified
EC_EV_003455,EC_EV_FINAL_SCOPE,membership_in_verified_WoS_query_#5,verified
EC_EV_003456,EC_EV_FINAL_SCOPE,membership_in_verified_WoS_query_#5,verified
EC_EV_003457,EC_EV_FINAL_SCOPE,membership_in_verified_WoS_query_#5,verified
EC_EV_003458,EC_EV_FINAL_SCOPE,membership_in_verified_WoS_query_#5,verified
EC_EV_003459,EC_EV_FINAL_SCOPE,membership_in_verified_WoS_query_#5,verified
EC_EV_003460,EC_EV_FINAL_SCOPE,membership_in_verified_WoS_query_#5,verified
EC_EV_003461,EC_EV_FINAL_SCOPE,membership_in_verified_WoS_query_#5,verified
EC_EV_003462,EC_EV_FINAL_SCOPE,membership_in_verified_WoS_query_#5,verified
EC_EV_003463,EC_EV_FINAL_SCOPE,membership_in_verified_WoS_query_#5,verified
EC_EV_003464,EC_EV_FINAL_SCOPE,membership_in_verified_WoS_query_#5,verified
EC_EV_003465,EC_EV_FINAL_SCOPE,membership_in_verified_WoS_query_#5,verified
EC_EV_003466,EC_EV_FINAL_SCOPE,membership_in_verified_WoS_query_#5,verified
EC_EV_003467,EC_EV_FINAL_SCOPE,membership_in_verified_WoS_query_#5,verified
EC_EV_003468,EC_EV_FINAL_SCOPE,membership_in_verified_WoS_query_#5,verified
EC_EV_003469,EC_EV_FINAL_SCOPE,membership_in_verified_WoS_query_#5,verified
EC_EV_003470,EC_EV_FINAL_SCOPE,membership_in_verified_WoS_query_#5,verified
EC_EV_003471,EC_EV_FINAL_SCOPE,membership_in_verified_WoS_query_#5,verified
EC_EV_003472,EC_EV_FINAL_SCOPE,membership_in_verified_WoS_query_#5,verified
EC_EV_003473,EC_EV_FINAL_SCOPE,membership_in_verified_WoS_query_#5,verified
EC_EV_003474,EC_EV_FINAL_SCOPE,membership_in_verified_WoS_query_#5,verified
EC_EV_003475,EC_EV_FINAL_SCOPE,membership_in_verified_WoS_query_#5,verified
EC_EV_003476,EC_EV_FINAL_SCOPE,membership_in_verified_WoS_query_#5,verified
EC_EV_003477,EC_EV_FINAL_SCOPE,membership_in_verified_WoS_query_#5,verified
EC_EV_003478,EC_EV_FINAL_SCOPE,membership_in_verified_WoS_query_#5,verified
EC_EV_003479,EC_EV_FINAL_SCOPE,membership_in_verified_WoS_query_#5,verified
EC_EV_003480,EC_EV_FINAL_SCOPE,membership_in_verified_WoS_query_#5,verified
EC_EV_003481,EC_EV_FINAL_SCOPE,membership_in_verified_WoS_query_#5,verified
EC_EV_003482,EC_EV_FINAL_SCOPE,membership_in_verified_WoS_query_#5,verified
EC_EV_003483,EC_EV_FINAL_SCOPE,membership_in_verified_WoS_query_#5,verified
EC_EV_003484,EC_EV_FINAL_SCOPE,membership_in_verified_WoS_query_#5,verified
EC_EV_003485,EC_EV_FINAL_SCOPE,membership_in_verified_WoS_query_#5,verified
EC_EV_003486,EC_EV_FINAL_SCOPE,membership_in_verified_WoS_query_#5,verified
EC_EV_003487,EC_EV_FINAL_SCOPE,membership_in_verified_WoS_query_#5,verified
EC_EV_003488,EC_EV_FINAL_SCOPE,membership_in_verified_WoS_query_#5,verified
EC_EV_003489,EC_EV_FINAL_SCOPE,membership_in_verified_WoS_query_#5,verified
EC_EV_003490,EC_EV_FINAL_SCOPE,membership_in_verified_WoS_query_#5,verified
EC_EV_003491,EC_EV_FINAL_SCOPE,membership_in_verified_WoS_query_#5,verified
EC_EV_003492,EC_EV_FINAL_SCOPE,membership_in_verified_WoS_query_#5,verified
EC_EV_003493,EC_EV_FINAL_SCOPE,membership_in_verified_WoS_query_#5,verified
EC_EV_003494,EC_EV_FINAL_SCOPE,membership_in_verified_WoS_query_#5,verified
EC_EV_003495,EC_EV_FINAL_SCOPE,membership_in_verified_WoS_query_#5,verified
EC_EV_003496,EC_EV_FINAL_SCOPE,membership_in_verified_WoS_query_#5,verified
EC_EV_003497,EC_EV_FINAL_SCOPE,membership_in_verified_WoS_query_#5,verified
EC_EV_003498,EC_EV_FINAL_SCOPE,membership_in_verified_WoS_query_#5,verified
EC_EV_003499,EC_EV_FINAL_SCOPE,membership_in_verified_WoS_query_#5,verified
EC_EV_003500,EC_EV_FINAL_SCOPE,membership_in_verified_WoS_query_#5,verified
EC_EV_003501,EC_EV_FINAL_SCOPE,membership_in_verified_WoS_query_#5,verified
EC_EV_003502,EC_EV_FINAL_SCOPE,membership_in_verified_WoS_query_#5,verified
EC_EV_003503,EC_EV_FINAL_SCOPE,membership_in_verified_WoS_query_#5,verified
EC_EV_003504,EC_EV_FINAL_SCOPE,membership_in_verified_WoS_query_#5,verified
EC_EV_003505,EC_EV_FINAL_SCOPE,membership_in_verified_WoS_query_#5,verified
EC_EV_003506,EC_EV_FINAL_SCOPE,membership_in_verified_WoS_query_#5,verified
EC_EV_003507,EC_EV_FINAL_SCOPE,membership_in_verified_WoS_query_#5,verified
EC_EV_003508,EC_EV_FINAL_SCOPE,membership_in_verified_WoS_query_#5,verified
EC_EV_003509,EC_EV_FINAL_SCOPE,membership_in_verified_WoS_query_#5,verified
EC_EV_003510,EC_EV_FINAL_SCOPE,membership_in_verified_WoS_query_#5,verified
EC_EV_003511,EC_EV_FINAL_SCOPE,membership_in_verified_WoS_query_#5,verified
EC_EV_003512,EC_EV_FINAL_SCOPE,membership_in_verified_WoS_query_#5,verified
EC_EV_003513,EC_EV_FINAL_SCOPE,membership_in_verified_WoS_query_#5,verified
EC_EV_003514,EC_EV_FINAL_SCOPE,membership_in_verified_WoS_query_#5,verified
EC_EV_003515,EC_EV_FINAL_SCOPE,membership_in_verified_WoS_query_#5,verified
EC_EV_003516,EC_EV_FINAL_SCOPE,membership_in_verified_WoS_query_#5,verified
EC_EV_003517,EC_EV_FINAL_SCOPE,membership_in_verified_WoS_query_#5,verified
EC_EV_003518,EC_EV_FINAL_SCOPE,membership_in_verified_WoS_query_#5,verified
EC_EV_003519,EC_EV_FINAL_SCOPE,membership_in_verified_WoS_query_#5,verified
EC_EV_003520,EC_EV_FINAL_SCOPE,membership_in_verified_WoS_query_#5,verified
EC_EV_003521,EC_EV_FINAL_SCOPE,membership_in_verified_WoS_query_#5,verified
EC_EV_003522,EC_EV_FINAL_SCOPE,membership_in_verified_WoS_query_#5,verified
EC_EV_003523,EC_EV_FINAL_SCOPE,membership_in_verified_WoS_query_#5,verified
EC_EV_003524,EC_EV_FINAL_SCOPE,membership_in_verified_WoS_query_#5,verified
EC_EV_003525,EC_EV_FINAL_SCOPE,membership_in_verified_WoS_query_#5,verified
EC_EV_003526,EC_EV_FINAL_SCOPE,membership_in_verified_WoS_query_#5,verified
EC_EV_003527,EC_EV_FINAL_SCOPE,membership_in_verified_WoS_query_#5,verified
EC_EV_003528,EC_EV_FINAL_SCOPE,membership_in_verified_WoS_query_#5,verified
EC_EV_003529,EC_EV_FINAL_SCOPE,membership_in_verified_WoS_query_#5,verified
EC_EV_003530,EC_EV_FINAL_SCOPE,membership_in_verified_WoS_query_#5,verified
EC_EV_003531,EC_EV_FINAL_SCOPE,membership_in_verified_WoS_query_#5,verified
EC_EV_003532,EC_EV_FINAL_SCOPE,membership_in_verified_WoS_query_#5,verified
EC_EV_003533,EC_EV_FINAL_SCOPE,membership_in_verified_WoS_query_#5,verified
EC_EV_003534,EC_EV_FINAL_SCOPE,membership_in_verified_WoS_query_#5,verified
EC_EV_003535,EC_EV_FINAL_SCOPE,membership_in_verified_WoS_query_#5,verified
EC_EV_003536,EC_EV_FINAL_SCOPE,membership_in_verified_WoS_query_#5,verified
EC_EV_003537,EC_EV_FINAL_SCOPE,membership_in_verified_WoS_query_#5,verified
EC_EV_003538,EC_EV_FINAL_SCOPE,membership_in_verified_WoS_query_#5,verified
EC_EV_003539,EC_EV_FINAL_SCOPE,membership_in_verified_WoS_query_#5,verified
EC_EV_003540,EC_EV_FINAL_SCOPE,membership_in_verified_WoS_query_#5,verified
EC_EV_003541,EC_EV_FINAL_SCOPE,membership_in_verified_WoS_query_#5,verified
EC_EV_003542,EC_EV_FINAL_SCOPE,membership_in_verified_WoS_query_#5,verified
EC_EV_003543,EC_EV_FINAL_SCOPE,membership_in_verified_WoS_query_#5,verified
EC_EV_003544,EC_EV_FINAL_SCOPE,membership_in_verified_WoS_query_#5,verified
EC_EV_003545,EC_EV_FINAL_SCOPE,membership_in_verified_WoS_query_#5,verified
EC_EV_003546,EC_EV_FINAL_SCOPE,membership_in_verified_WoS_query_#5,verified
EC_EV_003547,EC_EV_FINAL_SCOPE,membership_in_verified_WoS_query_#5,verified
EC_EV_003548,EC_EV_FINAL_SCOPE,membership_in_verified_WoS_query_#5,verified
EC_EV_003549,EC_EV_FINAL_SCOPE,membership_in_verified_WoS_query_#5,verified
EC_EV_003550,EC_EV_FINAL_SCOPE,membership_in_verified_WoS_query_#5,verified
EC_EV_003551,EC_EV_FINAL_SCOPE,membership_in_verified_WoS_query_#5,verified
EC_EV_003552,EC_EV_FINAL_SCOPE,membership_in_verified_WoS_query_#5,verified
EC_EV_003553,EC_EV_FINAL_SCOPE,membership_in_verified_WoS_query_#5,verified
EC_EV_003554,EC_EV_FINAL_SCOPE,membership_in_verified_WoS_query_#5,verified
EC_EV_003555,EC_EV_FINAL_SCOPE,membership_in_verified_WoS_query_#5,verified
EC_EV_003556,EC_EV_FINAL_SCOPE,membership_in_verified_WoS_query_#5,verified
EC_EV_003557,EC_EV_FINAL_SCOPE,membership_in_verified_WoS_query_#5,verified
EC_EV_003558,EC_EV_FINAL_SCOPE,membership_in_verified_WoS_query_#5,verified
EC_EV_003559,EC_EV_FINAL_SCOPE,membership_in_verified_WoS_query_#5,verified
EC_EV_003560,EC_EV_FINAL_SCOPE,membership_in_verified_WoS_query_#5,verified
EC_EV_003561,EC_EV_FINAL_SCOPE,membership_in_verified_WoS_query_#5,verified
EC_EV_003562,EC_EV_FINAL_SCOPE,membership_in_verified_WoS_query_#5,verified
EC_EV_003563,EC_EV_FINAL_SCOPE,membership_in_verified_WoS_query_#5,verified
EC_EV_003564,EC_EV_FINAL_SCOPE,membership_in_verified_WoS_query_#5,verified
EC_EV_003565,EC_EV_FINAL_SCOPE,membership_in_verified_WoS_query_#5,verified
EC_EV_003566,EC_EV_FINAL_SCOPE,membership_in_verified_WoS_query_#5,verified
EC_EV_003567,EC_EV_FINAL_SCOPE,membership_in_verified_WoS_query_#5,verified
EC_EV_003568,EC_EV_FINAL_SCOPE,membership_in_verified_WoS_query_#5,verified
EC_EV_003569,EC_EV_FINAL_SCOPE,membership_in_verified_WoS_query_#5,verified
EC_EV_003570,EC_EV_FINAL_SCOPE,membership_in_verified_WoS_query_#5,verified
EC_EV_003571,EC_EV_FINAL_SCOPE,membership_in_verified_WoS_query_#5,verified
EC_EV_003572,EC_EV_FINAL_SCOPE,membership_in_verified_WoS_query_#5,verified
EC_EV_003573,EC_EV_FINAL_SCOPE,membership_in_verified_WoS_query_#5,verified
EC_EV_003574,EC_EV_FINAL_SCOPE,membership_in_verified_WoS_query_#5,verified
EC_EV_003575,EC_EV_FINAL_SCOPE,membership_in_verified_WoS_query_#5,verified
EC_EV_003576,EC_EV_FINAL_SCOPE,membership_in_verified_WoS_query_#5,verified
EC_EV_003577,EC_EV_FINAL_SCOPE,membership_in_verified_WoS_query_#5,verified
EC_EV_003578,EC_EV_FINAL_SCOPE,membership_in_verified_WoS_query_#5,verified
EC_EV_003579,EC_EV_FINAL_SCOPE,membership_in_verified_WoS_query_#5,verified
EC_EV_003580,EC_EV_FINAL_SCOPE,membership_in_verified_WoS_query_#5,verified
EC_EV_003581,EC_EV_FINAL_SCOPE,membership_in_verified_WoS_query_#5,verified
EC_EV_003582,EC_EV_FINAL_SCOPE,membership_in_verified_WoS_query_#5,verified
EC_EV_003583,EC_EV_FINAL_SCOPE,membership_in_verified_WoS_query_#5,verified
EC_EV_003584,EC_EV_FINAL_SCOPE,membership_in_verified_WoS_query_#5,verified
EC_EV_003585,EC_EV_FINAL_SCOPE,membership_in_verified_WoS_query_#5,verified
EC_EV_003586,EC_EV_FINAL_SCOPE,membership_in_verified_WoS_query_#5,verified
EC_EV_003587,EC_EV_FINAL_SCOPE,membership_in_verified_WoS_query_#5,verified
EC_EV_003588,EC_EV_FINAL_SCOPE,membership_in_verified_WoS_query_#5,verified
EC_EV_003589,EC_EV_FINAL_SCOPE,membership_in_verified_WoS_query_#5,verified
EC_EV_003590,EC_EV_FINAL_SCOPE,membership_in_verified_WoS_query_#5,verified
EC_EV_003591,EC_EV_FINAL_SCOPE,membership_in_verified_WoS_query_#5,verified
EC_EV_003592,EC_EV_FINAL_SCOPE,membership_in_verified_WoS_query_#5,verified
EC_EV_003593,EC_EV_FINAL_SCOPE,membership_in_verified_WoS_query_#5,verified
EC_EV_003594,EC_EV_FINAL_SCOPE,membership_in_verified_WoS_query_#5,verified
EC_EV_003595,EC_EV_FINAL_SCOPE,membership_in_verified_WoS_query_#5,verified
EC_EV_003596,EC_EV_FINAL_SCOPE,membership_in_verified_WoS_query_#5,verified
EC_EV_003597,EC_EV_FINAL_SCOPE,membership_in_verified_WoS_query_#5,verified
EC_EV_003598,EC_EV_FINAL_SCOPE,membership_in_verified_WoS_query_#5,verified
EC_EV_003599,EC_EV_FINAL_SCOPE,membership_in_verified_WoS_query_#5,verified
EC_EV_003600,EC_EV_FINAL_SCOPE,membership_in_verified_WoS_query_#5,verified
EC_EV_003601,EC_EV_FINAL_SCOPE,membership_in_verified_WoS_query_#5,verified
EC_EV_003602,EC_EV_FINAL_SCOPE,membership_in_verified_WoS_query_#5,verified
EC_EV_003603,EC_EV_FINAL_SCOPE,membership_in_verified_WoS_query_#5,verified
EC_EV_003604,EC_EV_FINAL_SCOPE,membership_in_verified_WoS_query_#5,verified
EC_EV_003605,EC_EV_FINAL_SCOPE,membership_in_verified_WoS_query_#5,verified
EC_EV_003606,EC_EV_FINAL_SCOPE,membership_in_verified_WoS_query_#5,verified
EC_EV_003607,EC_EV_FINAL_SCOPE,membership_in_verified_WoS_query_#5,verified
EC_EV_003608,EC_EV_FINAL_SCOPE,membership_in_verified_WoS_query_#5,verified
EC_EV_003609,EC_EV_FINAL_SCOPE,membership_in_verified_WoS_query_#5,verified
EC_EV_003610,EC_EV_FINAL_SCOPE,membership_in_verified_WoS_query_#5,verified
EC_EV_003611,EC_EV_FINAL_SCOPE,membership_in_verified_WoS_query_#5,verified
EC_EV_003612,EC_EV_FINAL_SCOPE,membership_in_verified_WoS_query_#5,verified
EC_EV_003613,EC_EV_FINAL_SCOPE,membership_in_verified_WoS_query_#5,verified
EC_EV_003614,EC_EV_FINAL_SCOPE,membership_in_verified_WoS_query_#5,verified
EC_EV_003615,EC_EV_FINAL_SCOPE,membership_in_verified_WoS_query_#5,verified
EC_EV_003616,EC_EV_FINAL_SCOPE,membership_in_verified_WoS_query_#5,verified
EC_EV_003617,EC_EV_FINAL_SCOPE,membership_in_verified_WoS_query_#5,verified
EC_EV_003618,EC_EV_FINAL_SCOPE,membership_in_verified_WoS_query_#5,verified
EC_EV_003619,EC_EV_FINAL_SCOPE,membership_in_verified_WoS_query_#5,verified
EC_EV_003620,EC_EV_FINAL_SCOPE,membership_in_verified_WoS_query_#5,verified
EC_EV_003621,EC_EV_FINAL_SCOPE,membership_in_verified_WoS_query_#5,verified
EC_EV_003622,EC_EV_FINAL_SCOPE,membership_in_verified_WoS_query_#5,verified
EC_EV_003623,EC_EV_FINAL_SCOPE,membership_in_verified_WoS_query_#5,verified
EC_EV_003624,EC_EV_FINAL_SCOPE,membership_in_verified_WoS_query_#5,verified
EC_EV_003625,EC_EV_FINAL_SCOPE,membership_in_verified_WoS_query_#5,verified
EC_EV_003626,EC_EV_FINAL_SCOPE,membership_in_verified_WoS_query_#5,verified
EC_EV_003627,EC_EV_FINAL_SCOPE,membership_in_verified_WoS_query_#5,verified
EC_EV_003628,EC_EV_FINAL_SCOPE,membership_in_verified_WoS_query_#5,verified
EC_EV_003629,EC_EV_FINAL_SCOPE,membership_in_verified_WoS_query_#5,verified
EC_EV_003630,EC_EV_FINAL_SCOPE,membership_in_verified_WoS_query_#5,verified
EC_EV_003631,EC_EV_FINAL_SCOPE,membership_in_verified_WoS_query_#5,verified
EC_EV_003632,EC_EV_FINAL_SCOPE,membership_in_verified_WoS_query_#5,verified
EC_EV_003633,EC_EV_FINAL_SCOPE,membership_in_verified_WoS_query_#5,verified
EC_EV_003634,EC_EV_FINAL_SCOPE,membership_in_verified_WoS_query_#5,verified
EC_EV_003635,EC_EV_FINAL_SCOPE,membership_in_verified_WoS_query_#5,verified
EC_EV_003636,EC_EV_FINAL_SCOPE,membership_in_verified_WoS_query_#5,verified
EC_EV_003637,EC_EV_FINAL_SCOPE,membership_in_verified_WoS_query_#5,verified
EC_EV_003638,EC_EV_FINAL_SCOPE,membership_in_verified_WoS_query_#5,verified
EC_EV_003639,EC_EV_FINAL_SCOPE,membership_in_verified_WoS_query_#5,verified
EC_EV_003640,EC_EV_FINAL_SCOPE,membership_in_verified_WoS_query_#5,verified
EC_EV_003641,EC_EV_FINAL_SCOPE,membership_in_verified_WoS_query_#5,verified
EC_EV_003642,EC_EV_FINAL_SCOPE,membership_in_verified_WoS_query_#5,verified
EC_EV_003643,EC_EV_FINAL_SCOPE,membership_in_verified_WoS_query_#5,verified
EC_EV_003644,EC_EV_FINAL_SCOPE,membership_in_verified_WoS_query_#5,verified
EC_EV_003645,EC_EV_FINAL_SCOPE,membership_in_verified_WoS_query_#5,verified
EC_EV_003646,EC_EV_FINAL_SCOPE,membership_in_verified_WoS_query_#5,verified
EC_EV_003647,EC_EV_FINAL_SCOPE,membership_in_verified_WoS_query_#5,verified
EC_EV_003648,EC_EV_FINAL_SCOPE,membership_in_verified_WoS_query_#5,verified
EC_EV_003649,EC_EV_FINAL_SCOPE,membership_in_verified_WoS_query_#5,verified
EC_EV_003650,EC_EV_FINAL_SCOPE,membership_in_verified_WoS_query_#5,verified
EC_EV_003651,EC_EV_FINAL_SCOPE,membership_in_verified_WoS_query_#5,verified
EC_EV_003652,EC_EV_FINAL_SCOPE,membership_in_verified_WoS_query_#5,verified
EC_EV_003653,EC_EV_FINAL_SCOPE,membership_in_verified_WoS_query_#5,verified
EC_EV_003654,EC_EV_FINAL_SCOPE,membership_in_verified_WoS_query_#5,verified
EC_EV_003655,EC_EV_FINAL_SCOPE,membership_in_verified_WoS_query_#5,verified
EC_EV_003656,EC_EV_FINAL_SCOPE,membership_in_verified_WoS_query_#5,verified
EC_EV_003657,EC_EV_FINAL_SCOPE,membership_in_verified_WoS_query_#5,verified
EC_EV_003658,EC_EV_FINAL_SCOPE,membership_in_verified_WoS_query_#5,verified
EC_EV_003659,EC_EV_FINAL_SCOPE,membership_in_verified_WoS_query_#5,verified
EC_EV_003660,EC_EV_FINAL_SCOPE,membership_in_verified_WoS_query_#5,verified
EC_EV_003661,EC_EV_FINAL_SCOPE,membership_in_verified_WoS_query_#5,verified
EC_EV_003662,EC_EV_FINAL_SCOPE,membership_in_verified_WoS_query_#5,verified
EC_EV_003663,EC_EV_FINAL_SCOPE,membership_in_verified_WoS_query_#5,verified
EC_EV_003664,EC_EV_FINAL_SCOPE,membership_in_verified_WoS_query_#5,verified
EC_EV_003665,EC_EV_FINAL_SCOPE,membership_in_verified_WoS_query_#5,verified
EC_EV_003666,EC_EV_FINAL_SCOPE,membership_in_verified_WoS_query_#5,verified
EC_EV_003667,EC_EV_FINAL_SCOPE,membership_in_verified_WoS_query_#5,verified
EC_EV_003668,EC_EV_FINAL_SCOPE,membership_in_verified_WoS_query_#5,verified
EC_EV_003669,EC_EV_FINAL_SCOPE,membership_in_verified_WoS_query_#5,verified
EC_EV_003670,EC_EV_FINAL_SCOPE,membership_in_verified_WoS_query_#5,verified
EC_EV_003671,EC_EV_FINAL_SCOPE,membership_in_verified_WoS_query_#5,verified
EC_EV_003672,EC_EV_FINAL_SCOPE,membership_in_verified_WoS_query_#5,verified
EC_EV_003673,EC_EV_FINAL_SCOPE,membership_in_verified_WoS_query_#5,verified
EC_EV_003674,EC_EV_FINAL_SCOPE,membership_in_verified_WoS_query_#5,verified
EC_EV_003675,EC_EV_FINAL_SCOPE,membership_in_verified_WoS_query_#5,verified
EC_EV_003676,EC_EV_FINAL_SCOPE,membership_in_verified_WoS_query_#5,verified
EC_EV_003677,EC_EV_FINAL_SCOPE,membership_in_verified_WoS_query_#5,verified
EC_EV_003678,EC_EV_FINAL_SCOPE,membership_in_verified_WoS_query_#5,verified
EC_EV_003679,EC_EV_FINAL_SCOPE,membership_in_verified_WoS_query_#5,verified
EC_EV_003680,EC_EV_FINAL_SCOPE,membership_in_verified_WoS_query_#5,verified
EC_EV_003681,EC_EV_FINAL_SCOPE,membership_in_verified_WoS_query_#5,verified
EC_EV_003682,EC_EV_FINAL_SCOPE,membership_in_verified_WoS_query_#5,verified
EC_EV_003683,EC_EV_FINAL_SCOPE,membership_in_verified_WoS_query_#5,verified
EC_EV_003684,EC_EV_FINAL_SCOPE,membership_in_verified_WoS_query_#5,verified
EC_EV_003685,EC_EV_FINAL_SCOPE,membership_in_verified_WoS_query_#5,verified
EC_EV_003686,EC_EV_FINAL_SCOPE,membership_in_verified_WoS_query_#5,verified
EC_EV_003687,EC_EV_FINAL_SCOPE,membership_in_verified_WoS_query_#5,verified
EC_EV_003688,EC_EV_FINAL_SCOPE,membership_in_verified_WoS_query_#5,verified
EC_EV_003689,EC_EV_FINAL_SCOPE,membership_in_verified_WoS_query_#5,verified
EC_EV_003690,EC_EV_FINAL_SCOPE,membership_in_verified_WoS_query_#5,verified
EC_EV_003691,EC_EV_FINAL_SCOPE,membership_in_verified_WoS_query_#5,verified
EC_EV_003692,EC_EV_FINAL_SCOPE,membership_in_verified_WoS_query_#5,verified
EC_EV_003693,EC_EV_FINAL_SCOPE,membership_in_verified_WoS_query_#5,verified
EC_EV_003694,EC_EV_FINAL_SCOPE,membership_in_verified_WoS_query_#5,verified
EC_EV_003695,EC_EV_FINAL_SCOPE,membership_in_verified_WoS_query_#5,verified
EC_EV_003696,EC_EV_FINAL_SCOPE,membership_in_verified_WoS_query_#5,verified
EC_EV_003697,EC_EV_FINAL_SCOPE,membership_in_verified_WoS_query_#5,verified
EC_EV_003698,EC_EV_FINAL_SCOPE,membership_in_verified_WoS_query_#5,verified
EC_EV_003699,EC_EV_FINAL_SCOPE,membership_in_verified_WoS_query_#5,verified
EC_EV_003700,EC_EV_FINAL_SCOPE,membership_in_verified_WoS_query_#5,verified
EC_EV_003701,EC_EV_FINAL_SCOPE,membership_in_verified_WoS_query_#5,verified
EC_EV_003702,EC_EV_FINAL_SCOPE,membership_in_verified_WoS_query_#5,verified
EC_EV_003703,EC_EV_FINAL_SCOPE,membership_in_verified_WoS_query_#5,verified
EC_EV_003704,EC_EV_FINAL_SCOPE,membership_in_verified_WoS_query_#5,verified
EC_EV_003705,EC_EV_FINAL_SCOPE,membership_in_verified_WoS_query_#5,verified
EC_EV_003706,EC_EV_FINAL_SCOPE,membership_in_verified_WoS_query_#5,verified
EC_EV_003707,EC_EV_FINAL_SCOPE,membership_in_verified_WoS_query_#5,verified
EC_EV_003708,EC_EV_FINAL_SCOPE,membership_in_verified_WoS_query_#5,verified
EC_EV_003709,EC_EV_FINAL_SCOPE,membership_in_verified_WoS_query_#5,verified
EC_EV_003710,EC_EV_FINAL_SCOPE,membership_in_verified_WoS_query_#5,verified
EC_EV_003711,EC_EV_FINAL_SCOPE,membership_in_verified_WoS_query_#5,verified
EC_EV_003712,EC_EV_FINAL_SCOPE,membership_in_verified_WoS_query_#5,verified
EC_EV_003713,EC_EV_FINAL_SCOPE,membership_in_verified_WoS_query_#5,verified
EC_EV_003714,EC_EV_FINAL_SCOPE,membership_in_verified_WoS_query_#5,verified
EC_EV_003715,EC_EV_FINAL_SCOPE,membership_in_verified_WoS_query_#5,verified
EC_EV_003716,EC_EV_FINAL_SCOPE,membership_in_verified_WoS_query_#5,verified
EC_EV_003717,EC_EV_FINAL_SCOPE,membership_in_verified_WoS_query_#5,verified
EC_EV_003718,EC_EV_FINAL_SCOPE,membership_in_verified_WoS_query_#5,verified
EC_EV_003719,EC_EV_FINAL_SCOPE,membership_in_verified_WoS_query_#5,verified
EC_EV_003720,EC_EV_FINAL_SCOPE,membership_in_verified_WoS_query_#5,verified
EC_EV_003721,EC_EV_FINAL_SCOPE,membership_in_verified_WoS_query_#5,verified
EC_EV_003722,EC_EV_FINAL_SCOPE,membership_in_verified_WoS_query_#5,verified
EC_EV_003723,EC_EV_FINAL_SCOPE,membership_in_verified_WoS_query_#5,verified
EC_EV_003724,EC_EV_FINAL_SCOPE,membership_in_verified_WoS_query_#5,verified
EC_EV_003725,EC_EV_FINAL_SCOPE,membership_in_verified_WoS_query_#5,verified
EC_EV_003726,EC_EV_FINAL_SCOPE,membership_in_verified_WoS_query_#5,verified
EC_EV_003727,EC_EV_FINAL_SCOPE,membership_in_verified_WoS_query_#5,verified
EC_EV_003728,EC_EV_FINAL_SCOPE,membership_in_verified_WoS_query_#5,verified
EC_EV_003729,EC_EV_FINAL_SCOPE,membership_in_verified_WoS_query_#5,verified
EC_EV_003730,EC_EV_FINAL_SCOPE,membership_in_verified_WoS_query_#5,verified
EC_EV_003731,EC_EV_FINAL_SCOPE,membership_in_verified_WoS_query_#5,verified
EC_EV_003732,EC_EV_FINAL_SCOPE,membership_in_verified_WoS_query_#5,verified
EC_EV_003733,EC_EV_FINAL_SCOPE,membership_in_verified_WoS_query_#5,verified
EC_EV_003734,EC_EV_FINAL_SCOPE,membership_in_verified_WoS_query_#5,verified
EC_EV_003735,EC_EV_FINAL_SCOPE,membership_in_verified_WoS_query_#5,verified
EC_EV_003736,EC_EV_FINAL_SCOPE,membership_in_verified_WoS_query_#5,verified
EC_EV_003737,EC_EV_FINAL_SCOPE,membership_in_verified_WoS_query_#5,verified
EC_EV_003738,EC_EV_FINAL_SCOPE,membership_in_verified_WoS_query_#5,verified
EC_EV_003739,EC_EV_FINAL_SCOPE,membership_in_verified_WoS_query_#5,verified
EC_EV_003740,EC_EV_FINAL_SCOPE,membership_in_verified_WoS_query_#5,verified
EC_EV_003741,EC_EV_FINAL_SCOPE,membership_in_verified_WoS_query_#5,verified
EC_EV_003742,EC_EV_FINAL_SCOPE,membership_in_verified_WoS_query_#5,verified
EC_EV_003743,EC_EV_FINAL_SCOPE,membership_in_verified_WoS_query_#5,verified
EC_EV_003744,EC_EV_FINAL_SCOPE,membership_in_verified_WoS_query_#5,verified
EC_EV_003745,EC_EV_FINAL_SCOPE,membership_in_verified_WoS_query_#5,verified
EC_EV_003746,EC_EV_FINAL_SCOPE,membership_in_verified_WoS_query_#5,verified
EC_EV_003747,EC_EV_FINAL_SCOPE,membership_in_verified_WoS_query_#5,verified
EC_EV_003748,EC_EV_FINAL_SCOPE,membership_in_verified_WoS_query_#5,verified
EC_EV_003749,EC_EV_FINAL_SCOPE,membership_in_verified_WoS_query_#5,verified
EC_EV_003750,EC_EV_FINAL_SCOPE,membership_in_verified_WoS_query_#5,verified
EC_EV_003751,EC_EV_FINAL_SCOPE,membership_in_verified_WoS_query_#5,verified
EC_EV_003752,EC_EV_FINAL_SCOPE,membership_in_verified_WoS_query_#5,verified
EC_EV_003753,EC_EV_FINAL_SCOPE,membership_in_verified_WoS_query_#5,verified
EC_EV_003754,EC_EV_FINAL_SCOPE,membership_in_verified_WoS_query_#5,verified
EC_EV_003755,EC_EV_FINAL_SCOPE,membership_in_verified_WoS_query_#5,verified
EC_EV_003756,EC_EV_FINAL_SCOPE,membership_in_verified_WoS_query_#5,verified
EC_EV_003757,EC_EV_FINAL_SCOPE,membership_in_verified_WoS_query_#5,verified
EC_EV_003758,EC_EV_FINAL_SCOPE,membership_in_verified_WoS_query_#5,verified
EC_EV_003759,EC_EV_FINAL_SCOPE,membership_in_verified_WoS_query_#5,verified
EC_EV_003760,EC_EV_FINAL_SCOPE,membership_in_verified_WoS_query_#5,verified
EC_EV_003761,EC_EV_FINAL_SCOPE,membership_in_verified_WoS_query_#5,verified
EC_EV_003762,EC_EV_FINAL_SCOPE,membership_in_verified_WoS_query_#5,verified
EC_EV_003763,EC_EV_FINAL_SCOPE,membership_in_verified_WoS_query_#5,verified
EC_EV_003764,EC_EV_FINAL_SCOPE,membership_in_verified_WoS_query_#5,verified
EC_EV_003765,EC_EV_FINAL_SCOPE,membership_in_verified_WoS_query_#5,verified
EC_EV_003766,EC_EV_FINAL_SCOPE,membership_in_verified_WoS_query_#5,verified
EC_EV_003767,EC_EV_FINAL_SCOPE,membership_in_verified_WoS_query_#5,verified
EC_EV_003768,EC_EV_FINAL_SCOPE,membership_in_verified_WoS_query_#5,verified
EC_EV_003769,EC_EV_FINAL_SCOPE,membership_in_verified_WoS_query_#5,verified
EC_EV_003770,EC_EV_FINAL_SCOPE,membership_in_verified_WoS_query_#5,verified
EC_EV_003771,EC_EV_FINAL_SCOPE,membership_in_verified_WoS_query_#5,verified
EC_EV_003772,EC_EV_FINAL_SCOPE,membership_in_verified_WoS_query_#5,verified
EC_EV_003773,EC_EV_FINAL_SCOPE,membership_in_verified_WoS_query_#5,verified
EC_EV_003774,EC_EV_FINAL_SCOPE,membership_in_verified_WoS_query_#5,verified
EC_EV_003775,EC_EV_FINAL_SCOPE,membership_in_verified_WoS_query_#5,verified
EC_EV_003776,EC_EV_FINAL_SCOPE,membership_in_verified_WoS_query_#5,verified
EC_EV_003777,EC_EV_FINAL_SCOPE,membership_in_verified_WoS_query_#5,verified
EC_EV_003778,EC_EV_FINAL_SCOPE,membership_in_verified_WoS_query_#5,verified
EC_EV_003779,EC_EV_FINAL_SCOPE,membership_in_verified_WoS_query_#5,verified
EC_EV_003780,EC_EV_FINAL_SCOPE,membership_in_verified_WoS_query_#5,verified
EC_EV_003781,EC_EV_FINAL_SCOPE,membership_in_verified_WoS_query_#5,verified
EC_EV_003782,EC_EV_FINAL_SCOPE,membership_in_verified_WoS_query_#5,verified
EC_EV_003783,EC_EV_FINAL_SCOPE,membership_in_verified_WoS_query_#5,verified
EC_EV_003784,EC_EV_FINAL_SCOPE,membership_in_verified_WoS_query_#5,verified
EC_EV_003785,EC_EV_FINAL_SCOPE,membership_in_verified_WoS_query_#5,verified
EC_EV_003786,EC_EV_FINAL_SCOPE,membership_in_verified_WoS_query_#5,verified
EC_EV_003787,EC_EV_FINAL_SCOPE,membership_in_verified_WoS_query_#5,verified
EC_EV_003788,EC_EV_FINAL_SCOPE,membership_in_verified_WoS_query_#5,verified
EC_EV_003789,EC_EV_FINAL_SCOPE,membership_in_verified_WoS_query_#5,verified
EC_EV_003790,EC_EV_FINAL_SCOPE,membership_in_verified_WoS_query_#5,verified
EC_EV_003791,EC_EV_FINAL_SCOPE,membership_in_verified_WoS_query_#5,verified
EC_EV_003792,EC_EV_FINAL_SCOPE,membership_in_verified_WoS_query_#5,verified
EC_EV_003793,EC_EV_FINAL_SCOPE,membership_in_verified_WoS_query_#5,verified
EC_EV_003794,EC_EV_FINAL_SCOPE,membership_in_verified_WoS_query_#5,verified
EC_EV_003795,EC_EV_FINAL_SCOPE,membership_in_verified_WoS_query_#5,verified
EC_EV_003796,EC_EV_FINAL_SCOPE,membership_in_verified_WoS_query_#5,verified
EC_EV_003797,EC_EV_FINAL_SCOPE,membership_in_verified_WoS_query_#5,verified
EC_EV_003798,EC_EV_FINAL_SCOPE,membership_in_verified_WoS_query_#5,verified
EC_EV_003799,EC_EV_FINAL_SCOPE,membership_in_verified_WoS_query_#5,verified
EC_EV_003800,EC_EV_FINAL_SCOPE,membership_in_verified_WoS_query_#5,verified
EC_EV_003801,EC_EV_FINAL_SCOPE,membership_in_verified_WoS_query_#5,verified
EC_EV_003802,EC_EV_FINAL_SCOPE,membership_in_verified_WoS_query_#5,verified
EC_EV_003803,EC_EV_FINAL_SCOPE,membership_in_verified_WoS_query_#5,verified
EC_EV_003804,EC_EV_FINAL_SCOPE,membership_in_verified_WoS_query_#5,verified
EC_EV_003805,EC_EV_FINAL_SCOPE,membership_in_verified_WoS_query_#5,verified
EC_EV_003806,EC_EV_FINAL_SCOPE,membership_in_verified_WoS_query_#5,verified
EC_EV_003807,EC_EV_FINAL_SCOPE,membership_in_verified_WoS_query_#5,verified
EC_EV_003808,EC_EV_FINAL_SCOPE,membership_in_verified_WoS_query_#5,verified
EC_EV_003809,EC_EV_FINAL_SCOPE,membership_in_verified_WoS_query_#5,verified
EC_EV_003810,EC_EV_FINAL_SCOPE,membership_in_verified_WoS_query_#5,verified
EC_EV_003811,EC_EV_FINAL_SCOPE,membership_in_verified_WoS_query_#5,verified
EC_EV_003812,EC_EV_FINAL_SCOPE,membership_in_verified_WoS_query_#5,verified
EC_EV_003813,EC_EV_FINAL_SCOPE,membership_in_verified_WoS_query_#5,verified
EC_EV_003814,EC_EV_FINAL_SCOPE,membership_in_verified_WoS_query_#5,verified
EC_EV_003815,EC_EV_FINAL_SCOPE,membership_in_verified_WoS_query_#5,verified
EC_EV_003816,EC_EV_FINAL_SCOPE,membership_in_verified_WoS_query_#5,verified
EC_EV_003817,EC_EV_FINAL_SCOPE,membership_in_verified_WoS_query_#5,verified
EC_EV_003818,EC_EV_FINAL_SCOPE,membership_in_verified_WoS_query_#5,verified
EC_EV_003819,EC_EV_FINAL_SCOPE,membership_in_verified_WoS_query_#5,verified
EC_EV_003820,EC_EV_FINAL_SCOPE,membership_in_verified_WoS_query_#5,verified
EC_EV_003821,EC_EV_FINAL_SCOPE,membership_in_verified_WoS_query_#5,verified
EC_EV_003822,EC_EV_FINAL_SCOPE,membership_in_verified_WoS_query_#5,verified
EC_EV_003823,EC_EV_FINAL_SCOPE,membership_in_verified_WoS_query_#5,verified
EC_EV_003824,EC_EV_FINAL_SCOPE,membership_in_verified_WoS_query_#5,verified
EC_EV_003825,EC_EV_FINAL_SCOPE,membership_in_verified_WoS_query_#5,verified
EC_EV_003826,EC_EV_FINAL_SCOPE,membership_in_verified_WoS_query_#5,verified
EC_EV_003827,EC_EV_FINAL_SCOPE,membership_in_verified_WoS_query_#5,verified
EC_EV_003828,EC_EV_FINAL_SCOPE,membership_in_verified_WoS_query_#5,verified
EC_EV_003829,EC_EV_FINAL_SCOPE,membership_in_verified_WoS_query_#5,verified
EC_EV_003830,EC_EV_FINAL_SCOPE,membership_in_verified_WoS_query_#5,verified
EC_EV_003831,EC_EV_FINAL_SCOPE,membership_in_verified_WoS_query_#5,verified
EC_EV_003832,EC_EV_FINAL_SCOPE,membership_in_verified_WoS_query_#5,verified
EC_EV_003833,EC_EV_FINAL_SCOPE,membership_in_verified_WoS_query_#5,verified
EC_EV_003834,EC_EV_FINAL_SCOPE,membership_in_verified_WoS_query_#5,verified
EC_EV_003835,EC_EV_FINAL_SCOPE,membership_in_verified_WoS_query_#5,verified
EC_EV_003836,EC_EV_FINAL_SCOPE,membership_in_verified_WoS_query_#5,verified
EC_EV_003837,EC_EV_FINAL_SCOPE,membership_in_verified_WoS_query_#5,verified
EC_EV_003838,EC_EV_FINAL_SCOPE,membership_in_verified_WoS_query_#5,verified
EC_EV_003839,EC_EV_FINAL_SCOPE,membership_in_verified_WoS_query_#5,verified
EC_EV_003840,EC_EV_FINAL_SCOPE,membership_in_verified_WoS_query_#5,verified
EC_EV_003841,EC_EV_FINAL_SCOPE,membership_in_verified_WoS_query_#5,verified
EC_EV_003842,EC_EV_FINAL_SCOPE,membership_in_verified_WoS_query_#5,verified
EC_EV_003843,EC_EV_FINAL_SCOPE,membership_in_verified_WoS_query_#5,verified
EC_EV_003844,EC_EV_FINAL_SCOPE,membership_in_verified_WoS_query_#5,verified
EC_EV_003845,EC_EV_FINAL_SCOPE,membership_in_verified_WoS_query_#5,verified
EC_EV_003846,EC_EV_FINAL_SCOPE,membership_in_verified_WoS_query_#5,verified
EC_EV_003847,EC_EV_FINAL_SCOPE,membership_in_verified_WoS_query_#5,verified
EC_EV_003848,EC_EV_FINAL_SCOPE,membership_in_verified_WoS_query_#5,verified
EC_EV_003849,EC_EV_FINAL_SCOPE,membership_in_verified_WoS_query_#5,verified
EC_EV_003850,EC_EV_FINAL_SCOPE,membership_in_verified_WoS_query_#5,verified
EC_EV_003851,EC_EV_FINAL_SCOPE,membership_in_verified_WoS_query_#5,verified
EC_EV_003852,EC_EV_FINAL_SCOPE,membership_in_verified_WoS_query_#5,verified
EC_EV_003853,EC_EV_FINAL_SCOPE,membership_in_verified_WoS_query_#5,verified
EC_EV_003854,EC_EV_FINAL_SCOPE,membership_in_verified_WoS_query_#5,verified
EC_EV_003855,EC_EV_FINAL_SCOPE,membership_in_verified_WoS_query_#5,verified
EC_EV_003856,EC_EV_FINAL_SCOPE,membership_in_verified_WoS_query_#5,verified
EC_EV_003857,EC_EV_FINAL_SCOPE,membership_in_verified_WoS_query_#5,verified
EC_EV_003858,EC_EV_FINAL_SCOPE,membership_in_verified_WoS_query_#5,verified
EC_EV_003859,EC_EV_FINAL_SCOPE,membership_in_verified_WoS_query_#5,verified
EC_EV_003860,EC_EV_FINAL_SCOPE,membership_in_verified_WoS_query_#5,verified
EC_EV_003861,EC_EV_FINAL_SCOPE,membership_in_verified_WoS_query_#5,verified
EC_EV_003862,EC_EV_FINAL_SCOPE,membership_in_verified_WoS_query_#5,verified
EC_EV_003863,EC_EV_FINAL_SCOPE,membership_in_verified_WoS_query_#5,verified
EC_EV_003864,EC_EV_FINAL_SCOPE,membership_in_verified_WoS_query_#5,verified
EC_EV_003865,EC_EV_FINAL_SCOPE,membership_in_verified_WoS_query_#5,verified
EC_EV_003866,EC_EV_FINAL_SCOPE,membership_in_verified_WoS_query_#5,verified
EC_EV_003867,EC_EV_FINAL_SCOPE,membership_in_verified_WoS_query_#5,verified
EC_EV_003868,EC_EV_FINAL_SCOPE,membership_in_verified_WoS_query_#5,verified
EC_EV_003869,EC_EV_FINAL_SCOPE,membership_in_verified_WoS_query_#5,verified
EC_EV_003870,EC_EV_FINAL_SCOPE,membership_in_verified_WoS_query_#5,verified
EC_EV_003871,EC_EV_FINAL_SCOPE,membership_in_verified_WoS_query_#5,verified
EC_EV_003872,EC_EV_FINAL_SCOPE,membership_in_verified_WoS_query_#5,verified
EC_EV_003873,EC_EV_FINAL_SCOPE,membership_in_verified_WoS_query_#5,verified
EC_EV_003874,EC_EV_FINAL_SCOPE,membership_in_verified_WoS_query_#5,verified
EC_EV_003875,EC_EV_FINAL_SCOPE,membership_in_verified_WoS_query_#5,verified
EC_EV_003876,EC_EV_FINAL_SCOPE,membership_in_verified_WoS_query_#5,verified
EC_EV_003877,EC_EV_FINAL_SCOPE,membership_in_verified_WoS_query_#5,verified
EC_EV_003878,EC_EV_FINAL_SCOPE,membership_in_verified_WoS_query_#5,verified
EC_EV_003879,EC_EV_FINAL_SCOPE,membership_in_verified_WoS_query_#5,verified
EC_EV_003880,EC_EV_FINAL_SCOPE,membership_in_verified_WoS_query_#5,verified
EC_EV_003881,EC_EV_FINAL_SCOPE,membership_in_verified_WoS_query_#5,verified
EC_EV_003882,EC_EV_FINAL_SCOPE,membership_in_verified_WoS_query_#5,verified
EC_EV_003883,EC_EV_FINAL_SCOPE,membership_in_verified_WoS_query_#5,verified
EC_EV_003884,EC_EV_FINAL_SCOPE,membership_in_verified_WoS_query_#5,verified
EC_EV_003885,EC_EV_FINAL_SCOPE,membership_in_verified_WoS_query_#5,verified
EC_EV_003886,EC_EV_FINAL_SCOPE,membership_in_verified_WoS_query_#5,verified
EC_EV_003887,EC_EV_FINAL_SCOPE,membership_in_verified_WoS_query_#5,verified
EC_EV_003888,EC_EV_FINAL_SCOPE,membership_in_verified_WoS_query_#5,verified
EC_EV_003889,EC_EV_FINAL_SCOPE,membership_in_verified_WoS_query_#5,verified
EC_EV_003890,EC_EV_FINAL_SCOPE,membership_in_verified_WoS_query_#5,verified
EC_EV_003891,EC_EV_FINAL_SCOPE,membership_in_verified_WoS_query_#5,verified
EC_EV_003892,EC_EV_FINAL_SCOPE,membership_in_verified_WoS_query_#5,verified
EC_EV_003893,EC_EV_FINAL_SCOPE,membership_in_verified_WoS_query_#5,verified
EC_EV_003894,EC_EV_FINAL_SCOPE,membership_in_verified_WoS_query_#5,verified
EC_EV_003895,EC_EV_FINAL_SCOPE,membership_in_verified_WoS_query_#5,verified
EC_EV_003896,EC_EV_FINAL_SCOPE,membership_in_verified_WoS_query_#5,verified
EC_EV_003897,EC_EV_FINAL_SCOPE,membership_in_verified_WoS_query_#5,verified
EC_EV_003898,EC_EV_FINAL_SCOPE,membership_in_verified_WoS_query_#5,verified
EC_EV_003899,EC_EV_FINAL_SCOPE,membership_in_verified_WoS_query_#5,verified
EC_EV_003900,EC_EV_FINAL_SCOPE,membership_in_verified_WoS_query_#5,verified
EC_EV_003901,EC_EV_FINAL_SCOPE,membership_in_verified_WoS_query_#5,verified
EC_EV_003902,EC_EV_FINAL_SCOPE,membership_in_verified_WoS_query_#5,verified
EC_EV_003903,EC_EV_FINAL_SCOPE,membership_in_verified_WoS_query_#5,verified
EC_EV_003904,EC_EV_FINAL_SCOPE,membership_in_verified_WoS_query_#5,verified
EC_EV_003905,EC_EV_FINAL_SCOPE,membership_in_verified_WoS_query_#5,verified
EC_EV_003906,EC_EV_FINAL_SCOPE,membership_in_verified_WoS_query_#5,verified
EC_EV_003907,EC_EV_FINAL_SCOPE,membership_in_verified_WoS_query_#5,verified
EC_EV_003908,EC_EV_FINAL_SCOPE,membership_in_verified_WoS_query_#5,verified
EC_EV_003909,EC_EV_FINAL_SCOPE,membership_in_verified_WoS_query_#5,verified
EC_EV_003910,EC_EV_FINAL_SCOPE,membership_in_verified_WoS_query_#5,verified
EC_EV_003911,EC_EV_FINAL_SCOPE,membership_in_verified_WoS_query_#5,verified
EC_EV_003912,EC_EV_FINAL_SCOPE,membership_in_verified_WoS_query_#5,verified
EC_EV_003913,EC_EV_FINAL_SCOPE,membership_in_verified_WoS_query_#5,verified
EC_EV_003914,EC_EV_FINAL_SCOPE,membership_in_verified_WoS_query_#5,verified
EC_EV_003915,EC_EV_FINAL_SCOPE,membership_in_verified_WoS_query_#5,verified
EC_EV_003916,EC_EV_FINAL_SCOPE,membership_in_verified_WoS_query_#5,verified
EC_EV_003917,EC_EV_FINAL_SCOPE,membership_in_verified_WoS_query_#5,verified
EC_EV_003918,EC_EV_FINAL_SCOPE,membership_in_verified_WoS_query_#5,verified
EC_EV_003919,EC_EV_FINAL_SCOPE,membership_in_verified_WoS_query_#5,verified
EC_EV_003920,EC_EV_FINAL_SCOPE,membership_in_verified_WoS_query_#5,verified
EC_EV_003921,EC_EV_FINAL_SCOPE,membership_in_verified_WoS_query_#5,verified
EC_EV_003922,EC_EV_FINAL_SCOPE,membership_in_verified_WoS_query_#5,verified
EC_EV_003923,EC_EV_FINAL_SCOPE,membership_in_verified_WoS_query_#5,verified
EC_EV_003924,EC_EV_FINAL_SCOPE,membership_in_verified_WoS_query_#5,verified
EC_EV_003925,EC_EV_FINAL_SCOPE,membership_in_verified_WoS_query_#5,verified
EC_EV_003926,EC_EV_FINAL_SCOPE,membership_in_verified_WoS_query_#5,verified
EC_EV_003927,EC_EV_FINAL_SCOPE,membership_in_verified_WoS_query_#5,verified
EC_EV_003928,EC_EV_FINAL_SCOPE,membership_in_verified_WoS_query_#5,verified
EC_EV_003929,EC_EV_FINAL_SCOPE,membership_in_verified_WoS_query_#5,verified
EC_EV_003930,EC_EV_FINAL_SCOPE,membership_in_verified_WoS_query_#5,verified
EC_EV_003931,EC_EV_FINAL_SCOPE,membership_in_verified_WoS_query_#5,verified
EC_EV_003932,EC_EV_FINAL_SCOPE,membership_in_verified_WoS_query_#5,verified
EC_EV_003933,EC_EV_FINAL_SCOPE,membership_in_verified_WoS_query_#5,verified
EC_EV_003934,EC_EV_FINAL_SCOPE,membership_in_verified_WoS_query_#5,verified
EC_EV_003935,EC_EV_FINAL_SCOPE,membership_in_verified_WoS_query_#5,verified
EC_EV_003936,EC_EV_FINAL_SCOPE,membership_in_verified_WoS_query_#5,verified
EC_EV_003937,EC_EV_FINAL_SCOPE,membership_in_verified_WoS_query_#5,verified
EC_EV_003938,EC_EV_FINAL_SCOPE,membership_in_verified_WoS_query_#5,verified
EC_EV_003939,EC_EV_FINAL_SCOPE,membership_in_verified_WoS_query_#5,verified
EC_EV_003940,EC_EV_FINAL_SCOPE,membership_in_verified_WoS_query_#5,verified
EC_EV_003941,EC_EV_FINAL_SCOPE,membership_in_verified_WoS_query_#5,verified
EC_EV_003942,EC_EV_FINAL_SCOPE,membership_in_verified_WoS_query_#5,verified
EC_EV_003943,EC_EV_FINAL_SCOPE,membership_in_verified_WoS_query_#5,verified
EC_EV_003944,EC_EV_FINAL_SCOPE,membership_in_verified_WoS_query_#5,verified
EC_EV_003945,EC_EV_FINAL_SCOPE,membership_in_verified_WoS_query_#5,verified
EC_EV_003946,EC_EV_FINAL_SCOPE,membership_in_verified_WoS_query_#5,verified
EC_EV_003947,EC_EV_FINAL_SCOPE,membership_in_verified_WoS_query_#5,verified
EC_EV_003948,EC_EV_FINAL_SCOPE,membership_in_verified_WoS_query_#5,verified
EC_EV_003949,EC_EV_FINAL_SCOPE,membership_in_verified_WoS_query_#5,verified
EC_EV_003950,EC_EV_FINAL_SCOPE,membership_in_verified_WoS_query_#5,verified
EC_EV_003951,EC_EV_FINAL_SCOPE,membership_in_verified_WoS_query_#5,verified
EC_EV_003952,EC_EV_FINAL_SCOPE,membership_in_verified_WoS_query_#5,verified
EC_EV_003953,EC_EV_FINAL_SCOPE,membership_in_verified_WoS_query_#5,verified
EC_EV_003954,EC_EV_FINAL_SCOPE,membership_in_verified_WoS_query_#5,verified
EC_EV_003955,EC_EV_FINAL_SCOPE,membership_in_verified_WoS_query_#5,verified
EC_EV_003956,EC_EV_FINAL_SCOPE,membership_in_verified_WoS_query_#5,verified
EC_EV_003957,EC_EV_FINAL_SCOPE,membership_in_verified_WoS_query_#5,verified
EC_EV_003958,EC_EV_FINAL_SCOPE,membership_in_verified_WoS_query_#5,verified
EC_EV_003959,EC_EV_FINAL_SCOPE,membership_in_verified_WoS_query_#5,verified
EC_EV_003960,EC_EV_FINAL_SCOPE,membership_in_verified_WoS_query_#5,verified
EC_EV_003961,EC_EV_FINAL_SCOPE,membership_in_verified_WoS_query_#5,verified
EC_EV_003962,EC_EV_FINAL_SCOPE,membership_in_verified_WoS_query_#5,verified
EC_EV_003963,EC_EV_FINAL_SCOPE,membership_in_verified_WoS_query_#5,verified
EC_EV_003964,EC_EV_FINAL_SCOPE,membership_in_verified_WoS_query_#5,verified
EC_EV_003965,EC_EV_FINAL_SCOPE,membership_in_verified_WoS_query_#5,verified
EC_EV_003966,EC_EV_FINAL_SCOPE,membership_in_verified_WoS_query_#5,verified
EC_EV_003967,EC_EV_FINAL_SCOPE,membership_in_verified_WoS_query_#5,verified
EC_EV_003968,EC_EV_FINAL_SCOPE,membership_in_verified_WoS_query_#5,verified
EC_EV_003969,EC_EV_FINAL_SCOPE,membership_in_verified_WoS_query_#5,verified
EC_EV_003970,EC_EV_FINAL_SCOPE,membership_in_verified_WoS_query_#5,verified
EC_EV_003971,EC_EV_FINAL_SCOPE,membership_in_verified_WoS_query_#5,verified
EC_EV_003972,EC_EV_FINAL_SCOPE,membership_in_verified_WoS_query_#5,verified
EC_EV_003973,EC_EV_FINAL_SCOPE,membership_in_verified_WoS_query_#5,verified
EC_EV_003974,EC_EV_FINAL_SCOPE,membership_in_verified_WoS_query_#5,verified
EC_EV_003975,EC_EV_FINAL_SCOPE,membership_in_verified_WoS_query_#5,verified
EC_EV_003976,EC_EV_FINAL_SCOPE,membership_in_verified_WoS_query_#5,verified
EC_EV_003977,EC_EV_FINAL_SCOPE,membership_in_verified_WoS_query_#5,verified
EC_EV_003978,EC_EV_FINAL_SCOPE,membership_in_verified_WoS_query_#5,verified
EC_EV_003979,EC_EV_FINAL_SCOPE,membership_in_verified_WoS_query_#5,verified
EC_EV_003980,EC_EV_FINAL_SCOPE,membership_in_verified_WoS_query_#5,verified
EC_EV_003981,EC_EV_FINAL_SCOPE,membership_in_verified_WoS_query_#5,verified
EC_EV_003982,EC_EV_FINAL_SCOPE,membership_in_verified_WoS_query_#5,verified
EC_EV_003983,EC_EV_FINAL_SCOPE,membership_in_verified_WoS_query_#5,verified
EC_EV_003984,EC_EV_FINAL_SCOPE,membership_in_verified_WoS_query_#5,verified
EC_EV_003985,EC_EV_FINAL_SCOPE,membership_in_verified_WoS_query_#5,verified
EC_EV_003986,EC_EV_FINAL_SCOPE,membership_in_verified_WoS_query_#5,verified
EC_EV_003987,EC_EV_FINAL_SCOPE,membership_in_verified_WoS_query_#5,verified
EC_EV_003988,EC_EV_FINAL_SCOPE,membership_in_verified_WoS_query_#5,verified
EC_EV_003989,EC_EV_FINAL_SCOPE,membership_in_verified_WoS_query_#5,verified
EC_EV_003990,EC_EV_FINAL_SCOPE,membership_in_verified_WoS_query_#5,verified
EC_EV_003991,EC_EV_FINAL_SCOPE,membership_in_verified_WoS_query_#5,verified
EC_EV_003992,EC_EV_FINAL_SCOPE,membership_in_verified_WoS_query_#5,verified
EC_EV_003993,EC_EV_FINAL_SCOPE,membership_in_verified_WoS_query_#5,verified
EC_EV_003994,EC_EV_FINAL_SCOPE,membership_in_verified_WoS_query_#5,verified
EC_EV_003995,EC_EV_FINAL_SCOPE,membership_in_verified_WoS_query_#5,verified
EC_EV_003996,EC_EV_FINAL_SCOPE,membership_in_verified_WoS_query_#5,verified
EC_EV_003997,EC_EV_FINAL_SCOPE,membership_in_verified_WoS_query_#5,verified
EC_EV_003998,EC_EV_FINAL_SCOPE,membership_in_verified_WoS_query_#5,verified
EC_EV_003999,EC_EV_FINAL_SCOPE,membership_in_verified_WoS_query_#5,verified
EC_EV_004000,EC_EV_FINAL_SCOPE,membership_in_verified_WoS_query_#5,verified
EC_EV_004001,EC_EV_FINAL_SCOPE,membership_in_verified_WoS_query_#5,verified
EC_EV_004002,EC_EV_FINAL_SCOPE,membership_in_verified_WoS_query_#5,verified
EC_EV_004003,EC_EV_FINAL_SCOPE,membership_in_verified_WoS_query_#5,verified
EC_EV_004004,EC_EV_FINAL_SCOPE,membership_in_verified_WoS_query_#5,verified
EC_EV_004005,EC_EV_FINAL_SCOPE,membership_in_verified_WoS_query_#5,verified
EC_EV_004006,EC_EV_FINAL_SCOPE,membership_in_verified_WoS_query_#5,verified
EC_EV_004007,EC_EV_FINAL_SCOPE,membership_in_verified_WoS_query_#5,verified
EC_EV_004008,EC_EV_FINAL_SCOPE,membership_in_verified_WoS_query_#5,verified
EC_EV_004009,EC_EV_FINAL_SCOPE,membership_in_verified_WoS_query_#5,verified
EC_EV_004010,EC_EV_FINAL_SCOPE,membership_in_verified_WoS_query_#5,verified
EC_EV_004011,EC_EV_FINAL_SCOPE,membership_in_verified_WoS_query_#5,verified
EC_EV_004012,EC_EV_FINAL_SCOPE,membership_in_verified_WoS_query_#5,verified
EC_EV_004013,EC_EV_FINAL_SCOPE,membership_in_verified_WoS_query_#5,verified
EC_EV_004014,EC_EV_FINAL_SCOPE,membership_in_verified_WoS_query_#5,verified
EC_EV_004015,EC_EV_FINAL_SCOPE,membership_in_verified_WoS_query_#5,verified
EC_EV_004016,EC_EV_FINAL_SCOPE,membership_in_verified_WoS_query_#5,verified
EC_EV_004017,EC_EV_FINAL_SCOPE,membership_in_verified_WoS_query_#5,verified
EC_EV_004018,EC_EV_FINAL_SCOPE,membership_in_verified_WoS_query_#5,verified
EC_EV_004019,EC_EV_FINAL_SCOPE,membership_in_verified_WoS_query_#5,verified
EC_EV_004020,EC_EV_FINAL_SCOPE,membership_in_verified_WoS_query_#5,verified
EC_EV_004021,EC_EV_FINAL_SCOPE,membership_in_verified_WoS_query_#5,verified
EC_EV_004022,EC_EV_FINAL_SCOPE,membership_in_verified_WoS_query_#5,verified
EC_EV_004023,EC_EV_FINAL_SCOPE,membership_in_verified_WoS_query_#5,verified
EC_EV_004024,EC_EV_FINAL_SCOPE,membership_in_verified_WoS_query_#5,verified
EC_EV_004025,EC_EV_FINAL_SCOPE,membership_in_verified_WoS_query_#5,verified
EC_EV_004026,EC_EV_FINAL_SCOPE,membership_in_verified_WoS_query_#5,verified
EC_EV_004027,EC_EV_FINAL_SCOPE,membership_in_verified_WoS_query_#5,verified
EC_EV_004028,EC_EV_FINAL_SCOPE,membership_in_verified_WoS_query_#5,verified
EC_EV_004029,EC_EV_FINAL_SCOPE,membership_in_verified_WoS_query_#5,verified
EC_EV_004030,EC_EV_FINAL_SCOPE,membership_in_verified_WoS_query_#5,verified
EC_EV_004031,EC_EV_FINAL_SCOPE,membership_in_verified_WoS_query_#5,verified
EC_EV_004032,EC_EV_FINAL_SCOPE,membership_in_verified_WoS_query_#5,verified
EC_EV_004033,EC_EV_FINAL_SCOPE,membership_in_verified_WoS_query_#5,verified
EC_EV_004034,EC_EV_FINAL_SCOPE,membership_in_verified_WoS_query_#5,verified
EC_EV_004035,EC_EV_FINAL_SCOPE,membership_in_verified_WoS_query_#5,verified
EC_EV_004036,EC_EV_FINAL_SCOPE,membership_in_verified_WoS_query_#5,verified
EC_EV_004037,EC_EV_FINAL_SCOPE,membership_in_verified_WoS_query_#5,verified
EC_EV_004038,EC_EV_FINAL_SCOPE,membership_in_verified_WoS_query_#5,verified
EC_EV_004039,EC_EV_FINAL_SCOPE,membership_in_verified_WoS_query_#5,verified
EC_EV_004040,EC_EV_FINAL_SCOPE,membership_in_verified_WoS_query_#5,verified
EC_EV_004041,EC_EV_FINAL_SCOPE,membership_in_verified_WoS_query_#5,verified
EC_EV_004042,EC_EV_FINAL_SCOPE,membership_in_verified_WoS_query_#5,verified
EC_EV_004043,EC_EV_FINAL_SCOPE,membership_in_verified_WoS_query_#5,verified
EC_EV_004044,EC_EV_FINAL_SCOPE,membership_in_verified_WoS_query_#5,verified
EC_EV_004045,EC_EV_FINAL_SCOPE,membership_in_verified_WoS_query_#5,verified
EC_EV_004046,EC_EV_FINAL_SCOPE,membership_in_verified_WoS_query_#5,verified
EC_EV_004047,EC_EV_FINAL_SCOPE,membership_in_verified_WoS_query_#5,verified
EC_EV_004048,EC_EV_FINAL_SCOPE,membership_in_verified_WoS_query_#5,verified
EC_EV_004049,EC_EV_FINAL_SCOPE,membership_in_verified_WoS_query_#5,verified
EC_EV_004050,EC_EV_FINAL_SCOPE,membership_in_verified_WoS_query_#5,verified
EC_EV_004051,EC_EV_FINAL_SCOPE,membership_in_verified_WoS_query_#5,verified
EC_EV_004052,EC_EV_FINAL_SCOPE,membership_in_verified_WoS_query_#5,verified
EC_EV_004053,EC_EV_FINAL_SCOPE,membership_in_verified_WoS_query_#5,verified
EC_EV_004054,EC_EV_FINAL_SCOPE,membership_in_verified_WoS_query_#5,verified
EC_EV_004055,EC_EV_FINAL_SCOPE,membership_in_verified_WoS_query_#5,verified
EC_EV_004056,EC_EV_FINAL_SCOPE,membership_in_verified_WoS_query_#5,verified
EC_EV_004057,EC_EV_FINAL_SCOPE,membership_in_verified_WoS_query_#5,verified
EC_EV_004058,EC_EV_FINAL_SCOPE,membership_in_verified_WoS_query_#5,verified
EC_EV_004059,EC_EV_FINAL_SCOPE,membership_in_verified_WoS_query_#5,verified
EC_EV_004060,EC_EV_FINAL_SCOPE,membership_in_verified_WoS_query_#5,verified
EC_EV_004061,EC_EV_FINAL_SCOPE,membership_in_verified_WoS_query_#5,verified
EC_EV_004062,EC_EV_FINAL_SCOPE,membership_in_verified_WoS_query_#5,verified
EC_EV_004063,EC_EV_FINAL_SCOPE,membership_in_verified_WoS_query_#5,verified
EC_EV_004064,EC_EV_FINAL_SCOPE,membership_in_verified_WoS_query_#5,verified
EC_EV_004065,EC_EV_FINAL_SCOPE,membership_in_verified_WoS_query_#5,verified
EC_EV_004066,EC_EV_FINAL_SCOPE,membership_in_verified_WoS_query_#5,verified
EC_EV_004067,EC_EV_FINAL_SCOPE,membership_in_verified_WoS_query_#5,verified
EC_EV_004068,EC_EV_FINAL_SCOPE,membership_in_verified_WoS_query_#5,verified
EC_EV_004069,EC_EV_FINAL_SCOPE,membership_in_verified_WoS_query_#5,verified
EC_EV_004070,EC_EV_FINAL_SCOPE,membership_in_verified_WoS_query_#5,verified
EC_EV_004071,EC_EV_FINAL_SCOPE,membership_in_verified_WoS_query_#5,verified
EC_EV_004072,EC_EV_FINAL_SCOPE,membership_in_verified_WoS_query_#5,verified
EC_EV_004073,EC_EV_FINAL_SCOPE,membership_in_verified_WoS_query_#5,verified
EC_EV_004074,EC_EV_FINAL_SCOPE,membership_in_verified_WoS_query_#5,verified
EC_EV_004075,EC_EV_FINAL_SCOPE,membership_in_verified_WoS_query_#5,verified
EC_EV_004076,EC_EV_FINAL_SCOPE,membership_in_verified_WoS_query_#5,verified
EC_EV_004077,EC_EV_FINAL_SCOPE,membership_in_verified_WoS_query_#5,verified
EC_EV_004078,EC_EV_FINAL_SCOPE,membership_in_verified_WoS_query_#5,verified
EC_EV_004079,EC_EV_FINAL_SCOPE,membership_in_verified_WoS_query_#5,verified
EC_EV_004080,EC_EV_FINAL_SCOPE,membership_in_verified_WoS_query_#5,verified
EC_EV_004081,EC_EV_FINAL_SCOPE,membership_in_verified_WoS_query_#5,verified
EC_EV_004082,EC_EV_FINAL_SCOPE,membership_in_verified_WoS_query_#5,verified
EC_EV_004083,EC_EV_FINAL_SCOPE,membership_in_verified_WoS_query_#5,verified
EC_EV_004084,EC_EV_FINAL_SCOPE,membership_in_verified_WoS_query_#5,verified
EC_EV_004085,EC_EV_FINAL_SCOPE,membership_in_verified_WoS_query_#5,verified
EC_EV_004086,EC_EV_FINAL_SCOPE,membership_in_verified_WoS_query_#5,verified
EC_EV_004087,EC_EV_FINAL_SCOPE,membership_in_verified_WoS_query_#5,verified
EC_EV_004088,EC_EV_FINAL_SCOPE,membership_in_verified_WoS_query_#5,verified
EC_EV_004089,EC_EV_FINAL_SCOPE,membership_in_verified_WoS_query_#5,verified
EC_EV_004090,EC_EV_FINAL_SCOPE,membership_in_verified_WoS_query_#5,verified
EC_EV_004091,EC_EV_FINAL_SCOPE,membership_in_verified_WoS_query_#5,verified
EC_EV_004092,EC_EV_FINAL_SCOPE,membership_in_verified_WoS_query_#5,verified
EC_EV_004093,EC_EV_FINAL_SCOPE,membership_in_verified_WoS_query_#5,verified
EC_EV_004094,EC_EV_FINAL_SCOPE,membership_in_verified_WoS_query_#5,verified
EC_EV_004095,EC_EV_FINAL_SCOPE,membership_in_verified_WoS_query_#5,verified
EC_EV_004096,EC_EV_FINAL_SCOPE,membership_in_verified_WoS_query_#5,verified
EC_EV_004097,EC_EV_FINAL_SCOPE,membership_in_verified_WoS_query_#5,verified
EC_EV_004098,EC_EV_FINAL_SCOPE,membership_in_verified_WoS_query_#5,verified
EC_EV_004099,EC_EV_FINAL_SCOPE,membership_in_verified_WoS_query_#5,verified
EC_EV_004100,EC_EV_FINAL_SCOPE,membership_in_verified_WoS_query_#5,verified
EC_EV_004101,EC_EV_FINAL_SCOPE,membership_in_verified_WoS_query_#5,verified
EC_EV_004102,EC_EV_FINAL_SCOPE,membership_in_verified_WoS_query_#5,verified
EC_EV_004103,EC_EV_FINAL_SCOPE,membership_in_verified_WoS_query_#5,verified
EC_EV_004104,EC_EV_FINAL_SCOPE,membership_in_verified_WoS_query_#5,verified
EC_EV_004105,EC_EV_FINAL_SCOPE,membership_in_verified_WoS_query_#5,verified
EC_EV_004106,EC_EV_FINAL_SCOPE,membership_in_verified_WoS_query_#5,verified
EC_EV_004107,EC_EV_FINAL_SCOPE,membership_in_verified_WoS_query_#5,verified
EC_EV_004108,EC_EV_FINAL_SCOPE,membership_in_verified_WoS_query_#5,verified
EC_EV_004109,EC_EV_FINAL_SCOPE,membership_in_verified_WoS_query_#5,verified
EC_EV_004110,EC_EV_FINAL_SCOPE,membership_in_verified_WoS_query_#5,verified
EC_EV_004111,EC_EV_FINAL_SCOPE,membership_in_verified_WoS_query_#5,verified
EC_EV_004112,EC_EV_FINAL_SCOPE,membership_in_verified_WoS_query_#5,verified
EC_EV_004113,EC_EV_FINAL_SCOPE,membership_in_verified_WoS_query_#5,verified
EC_EV_004114,EC_EV_FINAL_SCOPE,membership_in_verified_WoS_query_#5,verified
EC_EV_004115,EC_EV_FINAL_SCOPE,membership_in_verified_WoS_query_#5,verified
EC_EV_004116,EC_EV_FINAL_SCOPE,membership_in_verified_WoS_query_#5,verified
EC_EV_004117,EC_EV_FINAL_SCOPE,membership_in_verified_WoS_query_#5,verified
EC_EV_004118,EC_EV_FINAL_SCOPE,membership_in_verified_WoS_query_#5,verified
EC_EV_004119,EC_EV_FINAL_SCOPE,membership_in_verified_WoS_query_#5,verified
EC_EV_004120,EC_EV_FINAL_SCOPE,membership_in_verified_WoS_query_#5,verified
EC_EV_004121,EC_EV_FINAL_SCOPE,membership_in_verified_WoS_query_#5,verified
EC_EV_004122,EC_EV_FINAL_SCOPE,membership_in_verified_WoS_query_#5,verified
EC_EV_004123,EC_EV_FINAL_SCOPE,membership_in_verified_WoS_query_#5,verified
EC_EV_004124,EC_EV_FINAL_SCOPE,membership_in_verified_WoS_query_#5,verified
EC_EV_004125,EC_EV_FINAL_SCOPE,membership_in_verified_WoS_query_#5,verified
EC_EV_004126,EC_EV_FINAL_SCOPE,membership_in_verified_WoS_query_#5,verified
EC_EV_004127,EC_EV_FINAL_SCOPE,membership_in_verified_WoS_query_#5,verified
EC_EV_004128,EC_EV_FINAL_SCOPE,membership_in_verified_WoS_query_#5,verified
EC_EV_004129,EC_EV_FINAL_SCOPE,membership_in_verified_WoS_query_#5,verified
EC_EV_004130,EC_EV_FINAL_SCOPE,membership_in_verified_WoS_query_#5,verified
EC_EV_004131,EC_EV_FINAL_SCOPE,membership_in_verified_WoS_query_#5,verified
EC_EV_004132,EC_EV_FINAL_SCOPE,membership_in_verified_WoS_query_#5,verified
EC_EV_004133,EC_EV_FINAL_SCOPE,membership_in_verified_WoS_query_#5,verified
EC_EV_004134,EC_EV_FINAL_SCOPE,membership_in_verified_WoS_query_#5,verified
EC_EV_004135,EC_EV_FINAL_SCOPE,membership_in_verified_WoS_query_#5,verified
EC_EV_004136,EC_EV_FINAL_SCOPE,membership_in_verified_WoS_query_#5,verified
EC_EV_004137,EC_EV_FINAL_SCOPE,membership_in_verified_WoS_query_#5,verified
EC_EV_004138,EC_EV_FINAL_SCOPE,membership_in_verified_WoS_query_#5,verified
EC_EV_004139,EC_EV_FINAL_SCOPE,membership_in_verified_WoS_query_#5,verified
EC_EV_004140,EC_EV_FINAL_SCOPE,membership_in_verified_WoS_query_#5,verified
EC_EV_004141,EC_EV_FINAL_SCOPE,membership_in_verified_WoS_query_#5,verified
EC_EV_004142,EC_EV_FINAL_SCOPE,membership_in_verified_WoS_query_#5,verified
EC_EV_004143,EC_EV_FINAL_SCOPE,membership_in_verified_WoS_query_#5,verified
EC_EV_004144,EC_EV_FINAL_SCOPE,membership_in_verified_WoS_query_#5,verified
EC_EV_004145,EC_EV_FINAL_SCOPE,membership_in_verified_WoS_query_#5,verified
EC_EV_004146,EC_EV_FINAL_SCOPE,membership_in_verified_WoS_query_#5,verified
EC_EV_004147,EC_EV_FINAL_SCOPE,membership_in_verified_WoS_query_#5,verified
EC_EV_004148,EC_EV_FINAL_SCOPE,membership_in_verified_WoS_query_#5,verified
EC_EV_004149,EC_EV_FINAL_SCOPE,membership_in_verified_WoS_query_#5,verified
EC_EV_004150,EC_EV_FINAL_SCOPE,membership_in_verified_WoS_query_#5,verified
EC_EV_004151,EC_EV_FINAL_SCOPE,membership_in_verified_WoS_query_#5,verified
EC_EV_004152,EC_EV_FINAL_SCOPE,membership_in_verified_WoS_query_#5,verified
EC_EV_004153,EC_EV_FINAL_SCOPE,membership_in_verified_WoS_query_#5,verified
EC_EV_004154,EC_EV_FINAL_SCOPE,membership_in_verified_WoS_query_#5,verified
EC_EV_004155,EC_EV_FINAL_SCOPE,membership_in_verified_WoS_query_#5,verified
EC_EV_004156,EC_EV_FINAL_SCOPE,membership_in_verified_WoS_query_#5,verified
EC_EV_004157,EC_EV_FINAL_SCOPE,membership_in_verified_WoS_query_#5,verified
EC_EV_004158,EC_EV_FINAL_SCOPE,membership_in_verified_WoS_query_#5,verified
EC_EV_004159,EC_EV_FINAL_SCOPE,membership_in_verified_WoS_query_#5,verified
EC_EV_004160,EC_EV_FINAL_SCOPE,membership_in_verified_WoS_query_#5,verified
EC_EV_004161,EC_EV_FINAL_SCOPE,membership_in_verified_WoS_query_#5,verified
EC_EV_004162,EC_EV_FINAL_SCOPE,membership_in_verified_WoS_query_#5,verified
EC_EV_004163,EC_EV_FINAL_SCOPE,membership_in_verified_WoS_query_#5,verified
EC_EV_004164,EC_EV_FINAL_SCOPE,membership_in_verified_WoS_query_#5,verified
EC_EV_004165,EC_EV_FINAL_SCOPE,membership_in_verified_WoS_query_#5,verified
EC_EV_004166,EC_EV_FINAL_SCOPE,membership_in_verified_WoS_query_#5,verified
EC_EV_004167,EC_EV_FINAL_SCOPE,membership_in_verified_WoS_query_#5,verified
EC_EV_004168,EC_EV_FINAL_SCOPE,membership_in_verified_WoS_query_#5,verified
EC_EV_004169,EC_EV_FINAL_SCOPE,membership_in_verified_WoS_query_#5,verified
EC_EV_004170,EC_EV_FINAL_SCOPE,membership_in_verified_WoS_query_#5,verified
EC_EV_004171,EC_EV_FINAL_SCOPE,membership_in_verified_WoS_query_#5,verified
EC_EV_004172,EC_EV_FINAL_SCOPE,membership_in_verified_WoS_query_#5,verified
EC_EV_004173,EC_EV_FINAL_SCOPE,membership_in_verified_WoS_query_#5,verified
EC_EV_004174,EC_EV_FINAL_SCOPE,membership_in_verified_WoS_query_#5,verified
EC_EV_004175,EC_EV_FINAL_SCOPE,membership_in_verified_WoS_query_#5,verified
EC_EV_004176,EC_EV_FINAL_SCOPE,membership_in_verified_WoS_query_#5,verified
EC_EV_004177,EC_EV_FINAL_SCOPE,membership_in_verified_WoS_query_#5,verified
EC_EV_004178,EC_EV_FINAL_SCOPE,membership_in_verified_WoS_query_#5,verified
EC_EV_004179,EC_EV_FINAL_SCOPE,membership_in_verified_WoS_query_#5,verified
EC_EV_004180,EC_EV_FINAL_SCOPE,membership_in_verified_WoS_query_#5,verified
EC_EV_004181,EC_EV_FINAL_SCOPE,membership_in_verified_WoS_query_#5,verified
EC_EV_004182,EC_EV_FINAL_SCOPE,membership_in_verified_WoS_query_#5,verified
EC_EV_004183,EC_EV_FINAL_SCOPE,membership_in_verified_WoS_query_#5,verified
EC_EV_004184,EC_EV_FINAL_SCOPE,membership_in_verified_WoS_query_#5,verified
EC_EV_004185,EC_EV_FINAL_SCOPE,membership_in_verified_WoS_query_#5,verified
EC_EV_004186,EC_EV_FINAL_SCOPE,membership_in_verified_WoS_query_#5,verified
EC_EV_004187,EC_EV_FINAL_SCOPE,membership_in_verified_WoS_query_#5,verified
EC_EV_004188,EC_EV_FINAL_SCOPE,membership_in_verified_WoS_query_#5,verified
EC_EV_004189,EC_EV_FINAL_SCOPE,membership_in_verified_WoS_query_#5,verified
EC_EV_004190,EC_EV_FINAL_SCOPE,membership_in_verified_WoS_query_#5,verified
EC_EV_004191,EC_EV_FINAL_SCOPE,membership_in_verified_WoS_query_#5,verified
EC_EV_004192,EC_EV_FINAL_SCOPE,membership_in_verified_WoS_query_#5,verified
EC_EV_004193,EC_EV_FINAL_SCOPE,membership_in_verified_WoS_query_#5,verified
EC_EV_004194,EC_EV_FINAL_SCOPE,membership_in_verified_WoS_query_#5,verified
EC_EV_004195,EC_EV_FINAL_SCOPE,membership_in_verified_WoS_query_#5,verified
EC_EV_004196,EC_EV_FINAL_SCOPE,membership_in_verified_WoS_query_#5,verified
EC_EV_004197,EC_EV_FINAL_SCOPE,membership_in_verified_WoS_query_#5,verified
EC_EV_004198,EC_EV_FINAL_SCOPE,membership_in_verified_WoS_query_#5,verified
EC_EV_004199,EC_EV_FINAL_SCOPE,membership_in_verified_WoS_query_#5,verified
EC_EV_004200,EC_EV_FINAL_SCOPE,membership_in_verified_WoS_query_#5,verified
EC_EV_004201,EC_EV_FINAL_SCOPE,membership_in_verified_WoS_query_#5,verified
EC_EV_004202,EC_EV_FINAL_SCOPE,membership_in_verified_WoS_query_#5,verified
EC_EV_004203,EC_EV_FINAL_SCOPE,membership_in_verified_WoS_query_#5,verified
EC_EV_004204,EC_EV_FINAL_SCOPE,membership_in_verified_WoS_query_#5,verified
EC_EV_004205,EC_EV_FINAL_SCOPE,membership_in_verified_WoS_query_#5,verified
EC_EV_004206,EC_EV_FINAL_SCOPE,membership_in_verified_WoS_query_#5,verified
EC_EV_004207,EC_EV_FINAL_SCOPE,membership_in_verified_WoS_query_#5,verified
EC_EV_004208,EC_EV_FINAL_SCOPE,membership_in_verified_WoS_query_#5,verified
EC_EV_004209,EC_EV_FINAL_SCOPE,membership_in_verified_WoS_query_#5,verified
EC_EV_004210,EC_EV_FINAL_SCOPE,membership_in_verified_WoS_query_#5,verified
EC_EV_004211,EC_EV_FINAL_SCOPE,membership_in_verified_WoS_query_#5,verified
EC_EV_004212,EC_EV_FINAL_SCOPE,membership_in_verified_WoS_query_#5,verified
EC_EV_004213,EC_EV_FINAL_SCOPE,membership_in_verified_WoS_query_#5,verified
EC_EV_004214,EC_EV_FINAL_SCOPE,membership_in_verified_WoS_query_#5,verified
EC_EV_004215,EC_EV_FINAL_SCOPE,membership_in_verified_WoS_query_#5,verified
EC_EV_004216,EC_EV_FINAL_SCOPE,membership_in_verified_WoS_query_#5,verified
EC_EV_004217,EC_EV_FINAL_SCOPE,membership_in_verified_WoS_query_#5,verified
EC_EV_004218,EC_EV_FINAL_SCOPE,membership_in_verified_WoS_query_#5,verified
EC_EV_004219,EC_EV_FINAL_SCOPE,membership_in_verified_WoS_query_#5,verified
EC_EV_004220,EC_EV_FINAL_SCOPE,membership_in_verified_WoS_query_#5,verified
EC_EV_004221,EC_EV_FINAL_SCOPE,membership_in_verified_WoS_query_#5,verified
EC_EV_004222,EC_EV_FINAL_SCOPE,membership_in_verified_WoS_query_#5,verified
EC_EV_004223,EC_EV_FINAL_SCOPE,membership_in_verified_WoS_query_#5,verified
EC_EV_004224,EC_EV_FINAL_SCOPE,membership_in_verified_WoS_query_#5,verified
EC_EV_004225,EC_EV_FINAL_SCOPE,membership_in_verified_WoS_query_#5,verified
EC_EV_004226,EC_EV_FINAL_SCOPE,membership_in_verified_WoS_query_#5,verified
EC_EV_004227,EC_EV_FINAL_SCOPE,membership_in_verified_WoS_query_#5,verified
EC_EV_004228,EC_EV_FINAL_SCOPE,membership_in_verified_WoS_query_#5,verified
EC_EV_004229,EC_EV_FINAL_SCOPE,membership_in_verified_WoS_query_#5,verified
EC_EV_004230,EC_EV_FINAL_SCOPE,membership_in_verified_WoS_query_#5,verified
EC_EV_004231,EC_EV_FINAL_SCOPE,membership_in_verified_WoS_query_#5,verified
EC_EV_004232,EC_EV_FINAL_SCOPE,membership_in_verified_WoS_query_#5,verified
EC_EV_004233,EC_EV_FINAL_SCOPE,membership_in_verified_WoS_query_#5,verified
EC_EV_004234,EC_EV_FINAL_SCOPE,membership_in_verified_WoS_query_#5,verified
EC_EV_004235,EC_EV_FINAL_SCOPE,membership_in_verified_WoS_query_#5,verified
EC_EV_004236,EC_EV_FINAL_SCOPE,membership_in_verified_WoS_query_#5,verified
EC_EV_004237,EC_EV_FINAL_SCOPE,membership_in_verified_WoS_query_#5,verified
EC_EV_004238,EC_EV_FINAL_SCOPE,membership_in_verified_WoS_query_#5,verified
EC_EV_004239,EC_EV_FINAL_SCOPE,membership_in_verified_WoS_query_#5,verified
EC_EV_004240,EC_EV_FINAL_SCOPE,membership_in_verified_WoS_query_#5,verified
EC_EV_004241,EC_EV_FINAL_SCOPE,membership_in_verified_WoS_query_#5,verified
EC_EV_004242,EC_EV_FINAL_SCOPE,membership_in_verified_WoS_query_#5,verified
EC_EV_004243,EC_EV_FINAL_SCOPE,membership_in_verified_WoS_query_#5,verified
EC_EV_004244,EC_EV_FINAL_SCOPE,membership_in_verified_WoS_query_#5,verified
EC_EV_004245,EC_EV_FINAL_SCOPE,membership_in_verified_WoS_query_#5,verified
EC_EV_004246,EC_EV_FINAL_SCOPE,membership_in_verified_WoS_query_#5,verified
EC_EV_004247,EC_EV_FINAL_SCOPE,membership_in_verified_WoS_query_#5,verified
EC_EV_004248,EC_EV_FINAL_SCOPE,membership_in_verified_WoS_query_#5,verified
EC_EV_004249,EC_EV_FINAL_SCOPE,membership_in_verified_WoS_query_#5,verified
EC_EV_004250,EC_EV_FINAL_SCOPE,membership_in_verified_WoS_query_#5,verified
EC_EV_004251,EC_EV_FINAL_SCOPE,membership_in_verified_WoS_query_#5,verified
EC_EV_004252,EC_EV_FINAL_SCOPE,membership_in_verified_WoS_query_#5,verified
EC_EV_004253,EC_EV_FINAL_SCOPE,membership_in_verified_WoS_query_#5,verified
EC_EV_004254,EC_EV_FINAL_SCOPE,membership_in_verified_WoS_query_#5,verified
EC_EV_004255,EC_EV_FINAL_SCOPE,membership_in_verified_WoS_query_#5,verified
EC_EV_004256,EC_EV_FINAL_SCOPE,membership_in_verified_WoS_query_#5,verified
EC_EV_004257,EC_EV_FINAL_SCOPE,membership_in_verified_WoS_query_#5,verified
EC_EV_004258,EC_EV_FINAL_SCOPE,membership_in_verified_WoS_query_#5,verified
EC_EV_004259,EC_EV_FINAL_SCOPE,membership_in_verified_WoS_query_#5,verified
EC_EV_004260,EC_EV_FINAL_SCOPE,membership_in_verified_WoS_query_#5,verified
EC_EV_004261,EC_EV_FINAL_SCOPE,membership_in_verified_WoS_query_#5,verified
EC_EV_004262,EC_EV_FINAL_SCOPE,membership_in_verified_WoS_query_#5,verified
EC_EV_004263,EC_EV_FINAL_SCOPE,membership_in_verified_WoS_query_#5,verified
EC_EV_004264,EC_EV_FINAL_SCOPE,membership_in_verified_WoS_query_#5,verified
EC_EV_004265,EC_EV_FINAL_SCOPE,membership_in_verified_WoS_query_#5,verified
EC_EV_004266,EC_EV_FINAL_SCOPE,membership_in_verified_WoS_query_#5,verified
EC_EV_004267,EC_EV_FINAL_SCOPE,membership_in_verified_WoS_query_#5,verified
EC_EV_004268,EC_EV_FINAL_SCOPE,membership_in_verified_WoS_query_#5,verified
EC_EV_004269,EC_EV_FINAL_SCOPE,membership_in_verified_WoS_query_#5,verified
EC_EV_004270,EC_EV_FINAL_SCOPE,membership_in_verified_WoS_query_#5,verified
EC_EV_004271,EC_EV_FINAL_SCOPE,membership_in_verified_WoS_query_#5,verified
EC_EV_004272,EC_EV_FINAL_SCOPE,membership_in_verified_WoS_query_#5,verified
EC_EV_004273,EC_EV_FINAL_SCOPE,membership_in_verified_WoS_query_#5,verified
EC_EV_004274,EC_EV_FINAL_SCOPE,membership_in_verified_WoS_query_#5,verified
EC_EV_004275,EC_EV_FINAL_SCOPE,membership_in_verified_WoS_query_#5,verified
EC_EV_004276,EC_EV_FINAL_SCOPE,membership_in_verified_WoS_query_#5,verified
EC_EV_004277,EC_EV_FINAL_SCOPE,membership_in_verified_WoS_query_#5,verified
EC_EV_004278,EC_EV_FINAL_SCOPE,membership_in_verified_WoS_query_#5,verified
EC_EV_004279,EC_EV_FINAL_SCOPE,membership_in_verified_WoS_query_#5,verified
EC_EV_004280,EC_EV_FINAL_SCOPE,membership_in_verified_WoS_query_#5,verified
EC_EV_004281,EC_EV_FINAL_SCOPE,membership_in_verified_WoS_query_#5,verified
EC_EV_004282,EC_EV_FINAL_SCOPE,membership_in_verified_WoS_query_#5,verified
EC_EV_004283,EC_EV_FINAL_SCOPE,membership_in_verified_WoS_query_#5,verified
EC_EV_004284,EC_EV_FINAL_SCOPE,membership_in_verified_WoS_query_#5,verified
EC_EV_004285,EC_EV_FINAL_SCOPE,membership_in_verified_WoS_query_#5,verified
EC_EV_004286,EC_EV_FINAL_SCOPE,membership_in_verified_WoS_query_#5,verified
EC_EV_004287,EC_EV_FINAL_SCOPE,membership_in_verified_WoS_query_#5,verified
EC_EV_004288,EC_EV_FINAL_SCOPE,membership_in_verified_WoS_query_#5,verified
EC_EV_004289,EC_EV_FINAL_SCOPE,membership_in_verified_WoS_query_#5,verified
EC_EV_004290,EC_EV_FINAL_SCOPE,membership_in_verified_WoS_query_#5,verified
EC_EV_004291,EC_EV_FINAL_SCOPE,membership_in_verified_WoS_query_#5,verified
EC_EV_004292,EC_EV_FINAL_SCOPE,membership_in_verified_WoS_query_#5,verified
EC_EV_004293,EC_EV_FINAL_SCOPE,membership_in_verified_WoS_query_#5,verified
EC_EV_004294,EC_EV_FINAL_SCOPE,membership_in_verified_WoS_query_#5,verified
EC_EV_004295,EC_EV_FINAL_SCOPE,membership_in_verified_WoS_query_#5,verified
EC_EV_004296,EC_EV_FINAL_SCOPE,membership_in_verified_WoS_query_#5,verified
EC_EV_004297,EC_EV_FINAL_SCOPE,membership_in_verified_WoS_query_#5,verified
EC_EV_004298,EC_EV_FINAL_SCOPE,membership_in_verified_WoS_query_#5,verified
EC_EV_004299,EC_EV_FINAL_SCOPE,membership_in_verified_WoS_query_#5,verified
EC_EV_004300,EC_EV_FINAL_SCOPE,membership_in_verified_WoS_query_#5,verified
EC_EV_004301,EC_EV_FINAL_SCOPE,membership_in_verified_WoS_query_#5,verified
EC_EV_004302,EC_EV_FINAL_SCOPE,membership_in_verified_WoS_query_#5,verified
EC_EV_004303,EC_EV_FINAL_SCOPE,membership_in_verified_WoS_query_#5,verified
EC_EV_004304,EC_EV_FINAL_SCOPE,membership_in_verified_WoS_query_#5,verified
EC_EV_004305,EC_EV_FINAL_SCOPE,membership_in_verified_WoS_query_#5,verified
EC_EV_004306,EC_EV_FINAL_SCOPE,membership_in_verified_WoS_query_#5,verified
EC_EV_004307,EC_EV_FINAL_SCOPE,membership_in_verified_WoS_query_#5,verified
EC_EV_004308,EC_EV_FINAL_SCOPE,membership_in_verified_WoS_query_#5,verified
EC_EV_004309,EC_EV_FINAL_SCOPE,membership_in_verified_WoS_query_#5,verified
EC_EV_004310,EC_EV_FINAL_SCOPE,membership_in_verified_WoS_query_#5,verified
EC_EV_004311,EC_EV_FINAL_SCOPE,membership_in_verified_WoS_query_#5,verified
EC_EV_004312,EC_EV_FINAL_SCOPE,membership_in_verified_WoS_query_#5,verified
EC_EV_004313,EC_EV_FINAL_SCOPE,membership_in_verified_WoS_query_#5,verified
EC_EV_004314,EC_EV_FINAL_SCOPE,membership_in_verified_WoS_query_#5,verified
EC_EV_004315,EC_EV_FINAL_SCOPE,membership_in_verified_WoS_query_#5,verified
EC_EV_004316,EC_EV_FINAL_SCOPE,membership_in_verified_WoS_query_#5,verified
EC_EV_004317,EC_EV_FINAL_SCOPE,membership_in_verified_WoS_query_#5,verified
EC_EV_004318,EC_EV_FINAL_SCOPE,membership_in_verified_WoS_query_#5,verified
EC_EV_004319,EC_EV_FINAL_SCOPE,membership_in_verified_WoS_query_#5,verified
EC_EV_004320,EC_EV_FINAL_SCOPE,membership_in_verified_WoS_query_#5,verified
EC_EV_004321,EC_EV_FINAL_SCOPE,membership_in_verified_WoS_query_#5,verified
EC_EV_004322,EC_EV_FINAL_SCOPE,membership_in_verified_WoS_query_#5,verified
EC_EV_004323,EC_EV_FINAL_SCOPE,membership_in_verified_WoS_query_#5,verified
EC_EV_004324,EC_EV_FINAL_SCOPE,membership_in_verified_WoS_query_#5,verified
EC_EV_004325,EC_EV_FINAL_SCOPE,membership_in_verified_WoS_query_#5,verified
EC_EV_004326,EC_EV_FINAL_SCOPE,membership_in_verified_WoS_query_#5,verified
EC_EV_004327,EC_EV_FINAL_SCOPE,membership_in_verified_WoS_query_#5,verified
EC_EV_004328,EC_EV_FINAL_SCOPE,membership_in_verified_WoS_query_#5,verified
EC_EV_004329,EC_EV_FINAL_SCOPE,membership_in_verified_WoS_query_#5,verified
EC_EV_004330,EC_EV_FINAL_SCOPE,membership_in_verified_WoS_query_#5,verified
EC_EV_004331,EC_EV_FINAL_SCOPE,membership_in_verified_WoS_query_#5,verified
EC_EV_004332,EC_EV_FINAL_SCOPE,membership_in_verified_WoS_query_#5,verified
EC_EV_004333,EC_EV_FINAL_SCOPE,membership_in_verified_WoS_query_#5,verified
EC_EV_004334,EC_EV_FINAL_SCOPE,membership_in_verified_WoS_query_#5,verified
EC_EV_004335,EC_EV_FINAL_SCOPE,membership_in_verified_WoS_query_#5,verified
EC_EV_004336,EC_EV_FINAL_SCOPE,membership_in_verified_WoS_query_#5,verified
EC_EV_004337,EC_EV_FINAL_SCOPE,membership_in_verified_WoS_query_#5,verified
EC_EV_004338,EC_EV_FINAL_SCOPE,membership_in_verified_WoS_query_#5,verified
EC_EV_004339,EC_EV_FINAL_SCOPE,membership_in_verified_WoS_query_#5,verified
EC_EV_004340,EC_EV_FINAL_SCOPE,membership_in_verified_WoS_query_#5,verified
EC_EV_004341,EC_EV_FINAL_SCOPE,membership_in_verified_WoS_query_#5,verified
EC_EV_004342,EC_EV_FINAL_SCOPE,membership_in_verified_WoS_query_#5,verified
EC_EV_004343,EC_EV_FINAL_SCOPE,membership_in_verified_WoS_query_#5,verified
EC_EV_004344,EC_EV_FINAL_SCOPE,membership_in_verified_WoS_query_#5,verified
EC_EV_004345,EC_EV_FINAL_SCOPE,membership_in_verified_WoS_query_#5,verified
EC_EV_004346,EC_EV_FINAL_SCOPE,membership_in_verified_WoS_query_#5,verified
EC_EV_004347,EC_EV_FINAL_SCOPE,membership_in_verified_WoS_query_#5,verified
EC_EV_004348,EC_EV_FINAL_SCOPE,membership_in_verified_WoS_query_#5,verified
EC_EV_004349,EC_EV_FINAL_SCOPE,membership_in_verified_WoS_query_#5,verified
EC_EV_004350,EC_EV_FINAL_SCOPE,membership_in_verified_WoS_query_#5,verified
EC_EV_004351,EC_EV_FINAL_SCOPE,membership_in_verified_WoS_query_#5,verified
EC_EV_004352,EC_EV_FINAL_SCOPE,membership_in_verified_WoS_query_#5,verified
EC_EV_004353,EC_EV_FINAL_SCOPE,membership_in_verified_WoS_query_#5,verified
EC_EV_004354,EC_EV_FINAL_SCOPE,membership_in_verified_WoS_query_#5,verified
EC_EV_004355,EC_EV_FINAL_SCOPE,membership_in_verified_WoS_query_#5,verified
EC_EV_004356,EC_EV_FINAL_SCOPE,membership_in_verified_WoS_query_#5,verified
EC_EV_004357,EC_EV_FINAL_SCOPE,membership_in_verified_WoS_query_#5,verified
EC_EV_004358,EC_EV_FINAL_SCOPE,membership_in_verified_WoS_query_#5,verified
EC_EV_004359,EC_EV_FINAL_SCOPE,membership_in_verified_WoS_query_#5,verified
EC_EV_004360,EC_EV_FINAL_SCOPE,membership_in_verified_WoS_query_#5,verified
EC_EV_004361,EC_EV_FINAL_SCOPE,membership_in_verified_WoS_query_#5,verified
EC_EV_004362,EC_EV_FINAL_SCOPE,membership_in_verified_WoS_query_#5,verified
EC_EV_004363,EC_EV_FINAL_SCOPE,membership_in_verified_WoS_query_#5,verified
EC_EV_004364,EC_EV_FINAL_SCOPE,membership_in_verified_WoS_query_#5,verified
EC_EV_004365,EC_EV_FINAL_SCOPE,membership_in_verified_WoS_query_#5,verified
EC_EV_004366,EC_EV_FINAL_SCOPE,membership_in_verified_WoS_query_#5,verified
EC_EV_004367,EC_EV_FINAL_SCOPE,membership_in_verified_WoS_query_#5,verified
EC_EV_004368,EC_EV_FINAL_SCOPE,membership_in_verified_WoS_query_#5,verified
EC_EV_004369,EC_EV_FINAL_SCOPE,membership_in_verified_WoS_query_#5,verified
EC_EV_004370,EC_EV_FINAL_SCOPE,membership_in_verified_WoS_query_#5,verified
EC_EV_004371,EC_EV_FINAL_SCOPE,membership_in_verified_WoS_query_#5,verified
EC_EV_004372,EC_EV_FINAL_SCOPE,membership_in_verified_WoS_query_#5,verified
EC_EV_004373,EC_EV_FINAL_SCOPE,membership_in_verified_WoS_query_#5,verified
EC_EV_004374,EC_EV_FINAL_SCOPE,membership_in_verified_WoS_query_#5,verified
EC_EV_004375,EC_EV_FINAL_SCOPE,membership_in_verified_WoS_query_#5,verified
EC_EV_004376,EC_EV_FINAL_SCOPE,membership_in_verified_WoS_query_#5,verified
EC_EV_004377,EC_EV_FINAL_SCOPE,membership_in_verified_WoS_query_#5,verified
EC_EV_004378,EC_EV_FINAL_SCOPE,membership_in_verified_WoS_query_#5,verified
EC_EV_004379,EC_EV_FINAL_SCOPE,membership_in_verified_WoS_query_#5,verified
EC_EV_004380,EC_EV_FINAL_SCOPE,membership_in_verified_WoS_query_#5,verified
EC_EV_004381,EC_EV_FINAL_SCOPE,membership_in_verified_WoS_query_#5,verified
EC_EV_004382,EC_EV_FINAL_SCOPE,membership_in_verified_WoS_query_#5,verified
EC_EV_004383,EC_EV_FINAL_SCOPE,membership_in_verified_WoS_query_#5,verified
EC_EV_004384,EC_EV_FINAL_SCOPE,membership_in_verified_WoS_query_#5,verified
EC_EV_004385,EC_EV_FINAL_SCOPE,membership_in_verified_WoS_query_#5,verified
EC_EV_004386,EC_EV_FINAL_SCOPE,membership_in_verified_WoS_query_#5,verified
EC_EV_004387,EC_EV_FINAL_SCOPE,membership_in_verified_WoS_query_#5,verified
EC_EV_004388,EC_EV_FINAL_SCOPE,membership_in_verified_WoS_query_#5,verified
EC_EV_004389,EC_EV_FINAL_SCOPE,membership_in_verified_WoS_query_#5,verified
EC_EV_004390,EC_EV_FINAL_SCOPE,membership_in_verified_WoS_query_#5,verified
EC_EV_004391,EC_EV_FINAL_SCOPE,membership_in_verified_WoS_query_#5,verified
EC_EV_004392,EC_EV_FINAL_SCOPE,membership_in_verified_WoS_query_#5,verified
EC_EV_004393,EC_EV_FINAL_SCOPE,membership_in_verified_WoS_query_#5,verified
EC_EV_004394,EC_EV_FINAL_SCOPE,membership_in_verified_WoS_query_#5,verified
EC_EV_004395,EC_EV_FINAL_SCOPE,membership_in_verified_WoS_query_#5,verified
EC_EV_004396,EC_EV_FINAL_SCOPE,membership_in_verified_WoS_query_#5,verified
EC_EV_004397,EC_EV_FINAL_SCOPE,membership_in_verified_WoS_query_#5,verified
EC_EV_004398,EC_EV_FINAL_SCOPE,membership_in_verified_WoS_query_#5,verified
EC_EV_004399,EC_EV_FINAL_SCOPE,membership_in_verified_WoS_query_#5,verified
EC_EV_004400,EC_EV_FINAL_SCOPE,membership_in_verified_WoS_query_#5,verified
EC_EV_004401,EC_EV_FINAL_SCOPE,membership_in_verified_WoS_query_#5,verified
EC_EV_004402,EC_EV_FINAL_SCOPE,membership_in_verified_WoS_query_#5,verified
EC_EV_004403,EC_EV_FINAL_SCOPE,membership_in_verified_WoS_query_#5,verified
EC_EV_004404,EC_EV_FINAL_SCOPE,membership_in_verified_WoS_query_#5,verified
EC_EV_004405,EC_EV_FINAL_SCOPE,membership_in_verified_WoS_query_#5,verified
EC_EV_004406,EC_EV_FINAL_SCOPE,membership_in_verified_WoS_query_#5,verified
EC_EV_004407,EC_EV_FINAL_SCOPE,membership_in_verified_WoS_query_#5,verified
EC_EV_004408,EC_EV_FINAL_SCOPE,membership_in_verified_WoS_query_#5,verified
EC_EV_004409,EC_EV_FINAL_SCOPE,membership_in_verified_WoS_query_#5,verified
EC_EV_004410,EC_EV_FINAL_SCOPE,membership_in_verified_WoS_query_#5,verified
EC_EV_004411,EC_EV_FINAL_SCOPE,membership_in_verified_WoS_query_#5,verified
EC_EV_004412,EC_EV_FINAL_SCOPE,membership_in_verified_WoS_query_#5,verified
EC_EV_004413,EC_EV_FINAL_SCOPE,membership_in_verified_WoS_query_#5,verified
EC_EV_004414,EC_EV_FINAL_SCOPE,membership_in_verified_WoS_query_#5,verified
EC_EV_004415,EC_EV_FINAL_SCOPE,membership_in_verified_WoS_query_#5,verified
EC_EV_004416,EC_EV_FINAL_SCOPE,membership_in_verified_WoS_query_#5,verified
EC_EV_004417,EC_EV_FINAL_SCOPE,membership_in_verified_WoS_query_#5,verified
EC_EV_004418,EC_EV_FINAL_SCOPE,membership_in_verified_WoS_query_#5,verified
EC_EV_004419,EC_EV_FINAL_SCOPE,membership_in_verified_WoS_query_#5,verified
EC_EV_004420,EC_EV_FINAL_SCOPE,membership_in_verified_WoS_query_#5,verified
EC_EV_004421,EC_EV_FINAL_SCOPE,membership_in_verified_WoS_query_#5,verified
EC_EV_004422,EC_EV_FINAL_SCOPE,membership_in_verified_WoS_query_#5,verified
EC_EV_004423,EC_EV_FINAL_SCOPE,membership_in_verified_WoS_query_#5,verified
EC_EV_004424,EC_EV_FINAL_SCOPE,membership_in_verified_WoS_query_#5,verified
EC_EV_004425,EC_EV_FINAL_SCOPE,membership_in_verified_WoS_query_#5,verified
EC_EV_004426,EC_EV_FINAL_SCOPE,membership_in_verified_WoS_query_#5,verified
EC_EV_004427,EC_EV_FINAL_SCOPE,membership_in_verified_WoS_query_#5,verified
EC_EV_004428,EC_EV_FINAL_SCOPE,membership_in_verified_WoS_query_#5,verified
EC_EV_004429,EC_EV_FINAL_SCOPE,membership_in_verified_WoS_query_#5,verified
EC_EV_004430,EC_EV_FINAL_SCOPE,membership_in_verified_WoS_query_#5,verified
EC_EV_004431,EC_EV_FINAL_SCOPE,membership_in_verified_WoS_query_#5,verified
EC_EV_004432,EC_EV_FINAL_SCOPE,membership_in_verified_WoS_query_#5,verified
EC_EV_004433,EC_EV_FINAL_SCOPE,membership_in_verified_WoS_query_#5,verified
EC_EV_004434,EC_EV_FINAL_SCOPE,membership_in_verified_WoS_query_#5,verified
EC_EV_004435,EC_EV_FINAL_SCOPE,membership_in_verified_WoS_query_#5,verified
EC_EV_004436,EC_EV_FINAL_SCOPE,membership_in_verified_WoS_query_#5,verified
EC_EV_004437,EC_EV_FINAL_SCOPE,membership_in_verified_WoS_query_#5,verified
EC_EV_004438,EC_EV_FINAL_SCOPE,membership_in_verified_WoS_query_#5,verified
EC_EV_004439,EC_EV_FINAL_SCOPE,membership_in_verified_WoS_query_#5,verified
EC_EV_004440,EC_EV_FINAL_SCOPE,membership_in_verified_WoS_query_#5,verified
EC_EV_004441,EC_EV_FINAL_SCOPE,membership_in_verified_WoS_query_#5,verified
EC_EV_004442,EC_EV_FINAL_SCOPE,membership_in_verified_WoS_query_#5,verified
EC_EV_004443,EC_EV_FINAL_SCOPE,membership_in_verified_WoS_query_#5,verified
EC_EV_004444,EC_EV_FINAL_SCOPE,membership_in_verified_WoS_query_#5,verified
EC_EV_004445,EC_EV_FINAL_SCOPE,membership_in_verified_WoS_query_#5,verified
EC_EV_004446,EC_EV_FINAL_SCOPE,membership_in_verified_WoS_query_#5,verified
EC_EV_004447,EC_EV_FINAL_SCOPE,membership_in_verified_WoS_query_#5,verified
EC_EV_004448,EC_EV_FINAL_SCOPE,membership_in_verified_WoS_query_#5,verified
EC_EV_004449,EC_EV_FINAL_SCOPE,membership_in_verified_WoS_query_#5,verified
EC_EV_004450,EC_EV_FINAL_SCOPE,membership_in_verified_WoS_query_#5,verified
EC_EV_004451,EC_EV_FINAL_SCOPE,membership_in_verified_WoS_query_#5,verified
EC_EV_004452,EC_EV_FINAL_SCOPE,membership_in_verified_WoS_query_#5,verified
EC_EV_004453,EC_EV_FINAL_SCOPE,membership_in_verified_WoS_query_#5,verified
EC_EV_004454,EC_EV_FINAL_SCOPE,membership_in_verified_WoS_query_#5,verified
EC_EV_004455,EC_EV_FINAL_SCOPE,membership_in_verified_WoS_query_#5,verified
EC_EV_004456,EC_EV_FINAL_SCOPE,membership_in_verified_WoS_query_#5,verified
EC_EV_004457,EC_EV_FINAL_SCOPE,membership_in_verified_WoS_query_#5,verified
EC_EV_004458,EC_EV_FINAL_SCOPE,membership_in_verified_WoS_query_#5,verified
EC_EV_004459,EC_EV_FINAL_SCOPE,membership_in_verified_WoS_query_#5,verified
EC_EV_004460,EC_EV_FINAL_SCOPE,membership_in_verified_WoS_query_#5,verified
EC_EV_004461,EC_EV_FINAL_SCOPE,membership_in_verified_WoS_query_#5,verified
EC_EV_004462,EC_EV_FINAL_SCOPE,membership_in_verified_WoS_query_#5,verified
EC_EV_004463,EC_EV_FINAL_SCOPE,membership_in_verified_WoS_query_#5,verified
EC_EV_004464,EC_EV_FINAL_SCOPE,membership_in_verified_WoS_query_#5,verified
EC_EV_004465,EC_EV_FINAL_SCOPE,membership_in_verified_WoS_query_#5,verified
EC_EV_004466,EC_EV_FINAL_SCOPE,membership_in_verified_WoS_query_#5,verified
EC_EV_004467,EC_EV_FINAL_SCOPE,membership_in_verified_WoS_query_#5,verified
EC_EV_004468,EC_EV_FINAL_SCOPE,membership_in_verified_WoS_query_#5,verified
EC_EV_004469,EC_EV_FINAL_SCOPE,membership_in_verified_WoS_query_#5,verified
EC_EV_004470,EC_EV_FINAL_SCOPE,membership_in_verified_WoS_query_#5,verified
EC_EV_004471,EC_EV_FINAL_SCOPE,membership_in_verified_WoS_query_#5,verified
EC_EV_004472,EC_EV_FINAL_SCOPE,membership_in_verified_WoS_query_#5,verified
EC_EV_004473,EC_EV_FINAL_SCOPE,membership_in_verified_WoS_query_#5,verified
EC_EV_004474,EC_EV_FINAL_SCOPE,membership_in_verified_WoS_query_#5,verified
EC_EV_004475,EC_EV_FINAL_SCOPE,membership_in_verified_WoS_query_#5,verified
EC_EV_004476,EC_EV_FINAL_SCOPE,membership_in_verified_WoS_query_#5,verified
EC_EV_004477,EC_EV_FINAL_SCOPE,membership_in_verified_WoS_query_#5,verified
EC_EV_004478,EC_EV_FINAL_SCOPE,membership_in_verified_WoS_query_#5,verified
EC_EV_004479,EC_EV_FINAL_SCOPE,membership_in_verified_WoS_query_#5,verified
EC_EV_004480,EC_EV_FINAL_SCOPE,membership_in_verified_WoS_query_#5,verified
EC_EV_004481,EC_EV_FINAL_SCOPE,membership_in_verified_WoS_query_#5,verified
EC_EV_004482,EC_EV_FINAL_SCOPE,membership_in_verified_WoS_query_#5,verified
EC_EV_004483,EC_EV_FINAL_SCOPE,membership_in_verified_WoS_query_#5,verified
EC_EV_004484,EC_EV_FINAL_SCOPE,membership_in_verified_WoS_query_#5,verified
EC_EV_004485,EC_EV_FINAL_SCOPE,membership_in_verified_WoS_query_#5,verified
EC_EV_004486,EC_EV_FINAL_SCOPE,membership_in_verified_WoS_query_#5,verified
EC_EV_004487,EC_EV_FINAL_SCOPE,membership_in_verified_WoS_query_#5,verified
EC_EV_004488,EC_EV_FINAL_SCOPE,membership_in_verified_WoS_query_#5,verified
EC_EV_004489,EC_EV_FINAL_SCOPE,membership_in_verified_WoS_query_#5,verified
EC_EV_004490,EC_EV_FINAL_SCOPE,membership_in_verified_WoS_query_#5,verified
EC_EV_004491,EC_EV_FINAL_SCOPE,membership_in_verified_WoS_query_#5,verified
EC_EV_004492,EC_EV_FINAL_SCOPE,membership_in_verified_WoS_query_#5,verified
EC_EV_004493,EC_EV_FINAL_SCOPE,membership_in_verified_WoS_query_#5,verified
EC_EV_004494,EC_EV_FINAL_SCOPE,membership_in_verified_WoS_query_#5,verified
EC_EV_004495,EC_EV_FINAL_SCOPE,membership_in_verified_WoS_query_#5,verified
EC_EV_004496,EC_EV_FINAL_SCOPE,membership_in_verified_WoS_query_#5,verified
EC_EV_004497,EC_EV_FINAL_SCOPE,membership_in_verified_WoS_query_#5,verified
EC_EV_004498,EC_EV_FINAL_SCOPE,membership_in_verified_WoS_query_#5,verified
EC_EV_004499,EC_EV_FINAL_SCOPE,membership_in_verified_WoS_query_#5,verified
EC_EV_004500,EC_EV_FINAL_SCOPE,membership_in_verified_WoS_query_#5,verified
EC_EV_004501,EC_EV_FINAL_SCOPE,membership_in_verified_WoS_query_#5,verified
EC_EV_004502,EC_EV_FINAL_SCOPE,membership_in_verified_WoS_query_#5,verified
EC_EV_004503,EC_EV_FINAL_SCOPE,membership_in_verified_WoS_query_#5,verified
EC_EV_004504,EC_EV_FINAL_SCOPE,membership_in_verified_WoS_query_#5,verified
EC_EV_004505,EC_EV_FINAL_SCOPE,membership_in_verified_WoS_query_#5,verified
EC_EV_004506,EC_EV_FINAL_SCOPE,membership_in_verified_WoS_query_#5,verified
EC_EV_004507,EC_EV_FINAL_SCOPE,membership_in_verified_WoS_query_#5,verified
EC_EV_004508,EC_EV_FINAL_SCOPE,membership_in_verified_WoS_query_#5,verified
EC_EV_004509,EC_EV_FINAL_SCOPE,membership_in_verified_WoS_query_#5,verified
EC_EV_004510,EC_EV_FINAL_SCOPE,membership_in_verified_WoS_query_#5,verified
EC_EV_004511,EC_EV_FINAL_SCOPE,membership_in_verified_WoS_query_#5,verified
EC_EV_004512,EC_EV_FINAL_SCOPE,membership_in_verified_WoS_query_#5,verified
EC_EV_004513,EC_EV_FINAL_SCOPE,membership_in_verified_WoS_query_#5,verified
EC_EV_004514,EC_EV_FINAL_SCOPE,membership_in_verified_WoS_query_#5,verified
EC_EV_004515,EC_EV_FINAL_SCOPE,membership_in_verified_WoS_query_#5,verified
EC_EV_004516,EC_EV_FINAL_SCOPE,membership_in_verified_WoS_query_#5,verified
EC_EV_004517,EC_EV_FINAL_SCOPE,membership_in_verified_WoS_query_#5,verified
EC_EV_004518,EC_EV_FINAL_SCOPE,membership_in_verified_WoS_query_#5,verified
EC_EV_004519,EC_EV_FINAL_SCOPE,membership_in_verified_WoS_query_#5,verified
EC_EV_004520,EC_EV_FINAL_SCOPE,membership_in_verified_WoS_query_#5,verified
EC_EV_004521,EC_EV_FINAL_SCOPE,membership_in_verified_WoS_query_#5,verified
EC_EV_004522,EC_EV_FINAL_SCOPE,membership_in_verified_WoS_query_#5,verified
EC_EV_004523,EC_EV_FINAL_SCOPE,membership_in_verified_WoS_query_#5,verified
EC_EV_004524,EC_EV_FINAL_SCOPE,membership_in_verified_WoS_query_#5,verified
EC_EV_004525,EC_EV_FINAL_SCOPE,membership_in_verified_WoS_query_#5,verified
EC_EV_004526,EC_EV_FINAL_SCOPE,membership_in_verified_WoS_query_#5,verified
EC_EV_004527,EC_EV_FINAL_SCOPE,membership_in_verified_WoS_query_#5,verified
EC_EV_004528,EC_EV_FINAL_SCOPE,membership_in_verified_WoS_query_#5,verified
EC_EV_004529,EC_EV_FINAL_SCOPE,membership_in_verified_WoS_query_#5,verified
EC_EV_004530,EC_EV_FINAL_SCOPE,membership_in_verified_WoS_query_#5,verified
EC_EV_004531,EC_EV_FINAL_SCOPE,membership_in_verified_WoS_query_#5,verified
EC_EV_004532,EC_EV_FINAL_SCOPE,membership_in_verified_WoS_query_#5,verified
EC_EV_004533,EC_EV_FINAL_SCOPE,membership_in_verified_WoS_query_#5,verified
EC_EV_004534,EC_EV_FINAL_SCOPE,membership_in_verified_WoS_query_#5,verified
EC_EV_004535,EC_EV_FINAL_SCOPE,membership_in_verified_WoS_query_#5,verified
EC_EV_004536,EC_EV_FINAL_SCOPE,membership_in_verified_WoS_query_#5,verified
EC_EV_004537,EC_EV_FINAL_SCOPE,membership_in_verified_WoS_query_#5,verified
EC_EV_004538,EC_EV_FINAL_SCOPE,membership_in_verified_WoS_query_#5,verified
EC_EV_004539,EC_EV_FINAL_SCOPE,membership_in_verified_WoS_query_#5,verified
EC_EV_004540,EC_EV_FINAL_SCOPE,membership_in_verified_WoS_query_#5,verified
EC_EV_004541,EC_EV_FINAL_SCOPE,membership_in_verified_WoS_query_#5,verified
EC_EV_004542,EC_EV_FINAL_SCOPE,membership_in_verified_WoS_query_#5,verified
EC_EV_004543,EC_EV_FINAL_SCOPE,membership_in_verified_WoS_query_#5,verified
EC_EV_004544,EC_EV_FINAL_SCOPE,membership_in_verified_WoS_query_#5,verified
EC_EV_004545,EC_EV_FINAL_SCOPE,membership_in_verified_WoS_query_#5,verified
EC_EV_004546,EC_EV_FINAL_SCOPE,membership_in_verified_WoS_query_#5,verified
EC_EV_004547,EC_EV_FINAL_SCOPE,membership_in_verified_WoS_query_#5,verified
EC_EV_004548,EC_EV_FINAL_SCOPE,membership_in_verified_WoS_query_#5,verified
EC_EV_004549,EC_EV_FINAL_SCOPE,membership_in_verified_WoS_query_#5,verified
EC_EV_004550,EC_EV_FINAL_SCOPE,membership_in_verified_WoS_query_#5,verified
EC_EV_004551,EC_EV_FINAL_SCOPE,membership_in_verified_WoS_query_#5,verified
EC_EV_004552,EC_EV_FINAL_SCOPE,membership_in_verified_WoS_query_#5,verified
EC_EV_004553,EC_EV_FINAL_SCOPE,membership_in_verified_WoS_query_#5,verified
EC_EV_004554,EC_EV_FINAL_SCOPE,membership_in_verified_WoS_query_#5,verified
EC_EV_004555,EC_EV_FINAL_SCOPE,membership_in_verified_WoS_query_#5,verified
EC_EV_004556,EC_EV_FINAL_SCOPE,membership_in_verified_WoS_query_#5,verified
EC_EV_004557,EC_EV_FINAL_SCOPE,membership_in_verified_WoS_query_#5,verified
EC_EV_004558,EC_EV_FINAL_SCOPE,membership_in_verified_WoS_query_#5,verified
EC_EV_004559,EC_EV_FINAL_SCOPE,membership_in_verified_WoS_query_#5,verified
EC_EV_004560,EC_EV_FINAL_SCOPE,membership_in_verified_WoS_query_#5,verified
EC_EV_004561,EC_EV_FINAL_SCOPE,membership_in_verified_WoS_query_#5,verified
EC_EV_004562,EC_EV_FINAL_SCOPE,membership_in_verified_WoS_query_#5,verified
EC_EV_004563,EC_EV_FINAL_SCOPE,membership_in_verified_WoS_query_#5,verified
EC_EV_004564,EC_EV_FINAL_SCOPE,membership_in_verified_WoS_query_#5,verified
EC_EV_004565,EC_EV_FINAL_SCOPE,membership_in_verified_WoS_query_#5,verified
EC_EV_004566,EC_EV_FINAL_SCOPE,membership_in_verified_WoS_query_#5,verified
EC_EV_004567,EC_EV_FINAL_SCOPE,membership_in_verified_WoS_query_#5,verified
EC_EV_004568,EC_EV_FINAL_SCOPE,membership_in_verified_WoS_query_#5,verified
EC_EV_004569,EC_EV_FINAL_SCOPE,membership_in_verified_WoS_query_#5,verified
EC_EV_004570,EC_EV_FINAL_SCOPE,membership_in_verified_WoS_query_#5,verified
EC_EV_004571,EC_EV_FINAL_SCOPE,membership_in_verified_WoS_query_#5,verified
EC_EV_004572,EC_EV_FINAL_SCOPE,membership_in_verified_WoS_query_#5,verified
EC_EV_004573,EC_EV_FINAL_SCOPE,membership_in_verified_WoS_query_#5,verified
EC_EV_004574,EC_EV_FINAL_SCOPE,membership_in_verified_WoS_query_#5,verified
EC_EV_004575,EC_EV_FINAL_SCOPE,membership_in_verified_WoS_query_#5,verified
EC_EV_004576,EC_EV_FINAL_SCOPE,membership_in_verified_WoS_query_#5,verified
EC_EV_004577,EC_EV_FINAL_SCOPE,membership_in_verified_WoS_query_#5,verified
EC_EV_004578,EC_EV_FINAL_SCOPE,membership_in_verified_WoS_query_#5,verified
EC_EV_004579,EC_EV_FINAL_SCOPE,membership_in_verified_WoS_query_#5,verified
EC_EV_004580,EC_EV_FINAL_SCOPE,membership_in_verified_WoS_query_#5,verified
EC_EV_004581,EC_EV_FINAL_SCOPE,membership_in_verified_WoS_query_#5,verified
EC_EV_004582,EC_EV_FINAL_SCOPE,membership_in_verified_WoS_query_#5,verified
EC_EV_004583,EC_EV_FINAL_SCOPE,membership_in_verified_WoS_query_#5,verified
EC_EV_004584,EC_EV_FINAL_SCOPE,membership_in_verified_WoS_query_#5,verified
EC_EV_004585,EC_EV_FINAL_SCOPE,membership_in_verified_WoS_query_#5,verified
EC_EV_004586,EC_EV_FINAL_SCOPE,membership_in_verified_WoS_query_#5,verified
EC_EV_004587,EC_EV_FINAL_SCOPE,membership_in_verified_WoS_query_#5,verified
EC_EV_004588,EC_EV_FINAL_SCOPE,membership_in_verified_WoS_query_#5,verified
EC_EV_004589,EC_EV_FINAL_SCOPE,membership_in_verified_WoS_query_#5,verified
EC_EV_004590,EC_EV_FINAL_SCOPE,membership_in_verified_WoS_query_#5,verified
EC_EV_004591,EC_EV_FINAL_SCOPE,membership_in_verified_WoS_query_#5,verified
EC_EV_004592,EC_EV_FINAL_SCOPE,membership_in_verified_WoS_query_#5,verified
EC_EV_004593,EC_EV_FINAL_SCOPE,membership_in_verified_WoS_query_#5,verified
EC_EV_004594,EC_EV_FINAL_SCOPE,membership_in_verified_WoS_query_#5,verified
EC_EV_004595,EC_EV_FINAL_SCOPE,membership_in_verified_WoS_query_#5,verified
EC_EV_004596,EC_EV_FINAL_SCOPE,membership_in_verified_WoS_query_#5,verified
EC_EV_004597,EC_EV_FINAL_SCOPE,membership_in_verified_WoS_query_#5,verified
EC_EV_004598,EC_EV_FINAL_SCOPE,membership_in_verified_WoS_query_#5,verified
EC_EV_004599,EC_EV_FINAL_SCOPE,membership_in_verified_WoS_query_#5,verified
EC_EV_004600,EC_EV_FINAL_SCOPE,membership_in_verified_WoS_query_#5,verified
EC_EV_004601,EC_EV_FINAL_SCOPE,membership_in_verified_WoS_query_#5,verified
EC_EV_004602,EC_EV_FINAL_SCOPE,membership_in_verified_WoS_query_#5,verified
EC_EV_004603,EC_EV_FINAL_SCOPE,membership_in_verified_WoS_query_#5,verified
EC_EV_004604,EC_EV_FINAL_SCOPE,membership_in_verified_WoS_query_#5,verified
EC_EV_004605,EC_EV_FINAL_SCOPE,membership_in_verified_WoS_query_#5,verified
EC_EV_004606,EC_EV_FINAL_SCOPE,membership_in_verified_WoS_query_#5,verified
EC_EV_004607,EC_EV_FINAL_SCOPE,membership_in_verified_WoS_query_#5,verified
EC_EV_004608,EC_EV_FINAL_SCOPE,membership_in_verified_WoS_query_#5,verified
EC_EV_004609,EC_EV_FINAL_SCOPE,membership_in_verified_WoS_query_#5,verified
EC_EV_004610,EC_EV_FINAL_SCOPE,membership_in_verified_WoS_query_#5,verified
EC_EV_004611,EC_EV_FINAL_SCOPE,membership_in_verified_WoS_query_#5,verified
EC_EV_004612,EC_EV_FINAL_SCOPE,membership_in_verified_WoS_query_#5,verified
EC_EV_004613,EC_EV_FINAL_SCOPE,membership_in_verified_WoS_query_#5,verified
EC_EV_004614,EC_EV_FINAL_SCOPE,membership_in_verified_WoS_query_#5,verified
EC_EV_004615,EC_EV_FINAL_SCOPE,membership_in_verified_WoS_query_#5,verified
EC_EV_004616,EC_EV_FINAL_SCOPE,membership_in_verified_WoS_query_#5,verified
EC_EV_004617,EC_EV_FINAL_SCOPE,membership_in_verified_WoS_query_#5,verified
EC_EV_004618,EC_EV_FINAL_SCOPE,membership_in_verified_WoS_query_#5,verified
EC_EV_004619,EC_EV_FINAL_SCOPE,membership_in_verified_WoS_query_#5,verified
EC_EV_004620,EC_EV_FINAL_SCOPE,membership_in_verified_WoS_query_#5,verified
EC_EV_004621,EC_EV_FINAL_SCOPE,membership_in_verified_WoS_query_#5,verified
EC_EV_004622,EC_EV_FINAL_SCOPE,membership_in_verified_WoS_query_#5,verified
EC_EV_004623,EC_EV_FINAL_SCOPE,membership_in_verified_WoS_query_#5,verified
EC_EV_004624,EC_EV_FINAL_SCOPE,membership_in_verified_WoS_query_#5,verified
EC_EV_004625,EC_EV_FINAL_SCOPE,membership_in_verified_WoS_query_#5,verified
EC_EV_004626,EC_EV_FINAL_SCOPE,membership_in_verified_WoS_query_#5,verified
EC_EV_004627,EC_EV_FINAL_SCOPE,membership_in_verified_WoS_query_#5,verified
EC_EV_004628,EC_EV_FINAL_SCOPE,membership_in_verified_WoS_query_#5,verified
EC_EV_004629,EC_EV_FINAL_SCOPE,membership_in_verified_WoS_query_#5,verified
EC_EV_004630,EC_EV_FINAL_SCOPE,membership_in_verified_WoS_query_#5,verified
EC_EV_004631,EC_EV_FINAL_SCOPE,membership_in_verified_WoS_query_#5,verified
EC_EV_004632,EC_EV_FINAL_SCOPE,membership_in_verified_WoS_query_#5,verified
EC_EV_004633,EC_EV_FINAL_SCOPE,membership_in_verified_WoS_query_#5,verified
EC_EV_004634,EC_EV_FINAL_SCOPE,membership_in_verified_WoS_query_#5,verified
EC_EV_004635,EC_EV_FINAL_SCOPE,membership_in_verified_WoS_query_#5,verified
EC_EV_004636,EC_EV_FINAL_SCOPE,membership_in_verified_WoS_query_#5,verified
EC_EV_004637,EC_EV_FINAL_SCOPE,membership_in_verified_WoS_query_#5,verified
EC_EV_004638,EC_EV_FINAL_SCOPE,membership_in_verified_WoS_query_#5,verified
EC_EV_004639,EC_EV_FINAL_SCOPE,membership_in_verified_WoS_query_#5,verified
EC_EV_004640,EC_EV_FINAL_SCOPE,membership_in_verified_WoS_query_#5,verified
EC_EV_004641,EC_EV_FINAL_SCOPE,membership_in_verified_WoS_query_#5,verified
EC_EV_004642,EC_EV_FINAL_SCOPE,membership_in_verified_WoS_query_#5,verified
EC_EV_004643,EC_EV_FINAL_SCOPE,membership_in_verified_WoS_query_#5,verified
EC_EV_004644,EC_EV_FINAL_SCOPE,membership_in_verified_WoS_query_#5,verified
EC_EV_004645,EC_EV_FINAL_SCOPE,membership_in_verified_WoS_query_#5,verified
EC_EV_004646,EC_EV_FINAL_SCOPE,membership_in_verified_WoS_query_#5,verified
EC_EV_004647,EC_EV_FINAL_SCOPE,membership_in_verified_WoS_query_#5,verified
EC_EV_004648,EC_EV_FINAL_SCOPE,membership_in_verified_WoS_query_#5,verified
EC_EV_004649,EC_EV_FINAL_SCOPE,membership_in_verified_WoS_query_#5,verified
EC_EV_004650,EC_EV_FINAL_SCOPE,membership_in_verified_WoS_query_#5,verified
EC_EV_004651,EC_EV_FINAL_SCOPE,membership_in_verified_WoS_query_#5,verified
EC_EV_004652,EC_EV_FINAL_SCOPE,membership_in_verified_WoS_query_#5,verified
EC_EV_004653,EC_EV_FINAL_SCOPE,membership_in_verified_WoS_query_#5,verified
EC_EV_004654,EC_EV_FINAL_SCOPE,membership_in_verified_WoS_query_#5,verified
EC_EV_004655,EC_EV_FINAL_SCOPE,membership_in_verified_WoS_query_#5,verified
EC_EV_004656,EC_EV_FINAL_SCOPE,membership_in_verified_WoS_query_#5,verified
EC_EV_004657,EC_EV_FINAL_SCOPE,membership_in_verified_WoS_query_#5,verified
EC_EV_004658,EC_EV_FINAL_SCOPE,membership_in_verified_WoS_query_#5,verified
EC_EV_004659,EC_EV_FINAL_SCOPE,membership_in_verified_WoS_query_#5,verified
EC_EV_004660,EC_EV_FINAL_SCOPE,membership_in_verified_WoS_query_#5,verified
EC_EV_004661,EC_EV_FINAL_SCOPE,membership_in_verified_WoS_query_#5,verified
EC_EV_004662,EC_EV_FINAL_SCOPE,membership_in_verified_WoS_query_#5,verified
EC_EV_004663,EC_EV_FINAL_SCOPE,membership_in_verified_WoS_query_#5,verified
EC_EV_004664,EC_EV_FINAL_SCOPE,membership_in_verified_WoS_query_#5,verified
EC_EV_004665,EC_EV_FINAL_SCOPE,membership_in_verified_WoS_query_#5,verified
EC_EV_004666,EC_EV_FINAL_SCOPE,membership_in_verified_WoS_query_#5,verified
EC_EV_004667,EC_EV_FINAL_SCOPE,membership_in_verified_WoS_query_#5,verified
EC_EV_004668,EC_EV_FINAL_SCOPE,membership_in_verified_WoS_query_#5,verified
EC_EV_004669,EC_EV_FINAL_SCOPE,membership_in_verified_WoS_query_#5,verified
EC_EV_004670,EC_EV_FINAL_SCOPE,membership_in_verified_WoS_query_#5,verified
EC_EV_004671,EC_EV_FINAL_SCOPE,membership_in_verified_WoS_query_#5,verified
EC_EV_004672,EC_EV_FINAL_SCOPE,membership_in_verified_WoS_query_#5,verified
EC_EV_004673,EC_EV_FINAL_SCOPE,membership_in_verified_WoS_query_#5,verified
EC_EV_004674,EC_EV_FINAL_SCOPE,membership_in_verified_WoS_query_#5,verified
EC_EV_004675,EC_EV_FINAL_SCOPE,membership_in_verified_WoS_query_#5,verified
EC_EV_004676,EC_EV_FINAL_SCOPE,membership_in_verified_WoS_query_#5,verified
EC_EV_004677,EC_EV_FINAL_SCOPE,membership_in_verified_WoS_query_#5,verified
EC_EV_004678,EC_EV_FINAL_SCOPE,membership_in_verified_WoS_query_#5,verified
EC_EV_004679,EC_EV_FINAL_SCOPE,membership_in_verified_WoS_query_#5,verified
EC_EV_004680,EC_EV_FINAL_SCOPE,membership_in_verified_WoS_query_#5,verified
EC_EV_004681,EC_EV_FINAL_SCOPE,membership_in_verified_WoS_query_#5,verified
EC_EV_004682,EC_EV_FINAL_SCOPE,membership_in_verified_WoS_query_#5,verified
EC_EV_004683,EC_EV_FINAL_SCOPE,membership_in_verified_WoS_query_#5,verified
EC_EV_004684,EC_EV_FINAL_SCOPE,membership_in_verified_WoS_query_#5,verified
EC_EV_004685,EC_EV_FINAL_SCOPE,membership_in_verified_WoS_query_#5,verified
EC_EV_004686,EC_EV_FINAL_SCOPE,membership_in_verified_WoS_query_#5,verified
EC_EV_004687,EC_EV_FINAL_SCOPE,membership_in_verified_WoS_query_#5,verified
EC_EV_004688,EC_EV_FINAL_SCOPE,membership_in_verified_WoS_query_#5,verified
EC_EV_004689,EC_EV_FINAL_SCOPE,membership_in_verified_WoS_query_#5,verified
EC_EV_004690,EC_EV_FINAL_SCOPE,membership_in_verified_WoS_query_#5,verified
EC_EV_004691,EC_EV_FINAL_SCOPE,membership_in_verified_WoS_query_#5,verified
EC_EV_004692,EC_EV_FINAL_SCOPE,membership_in_verified_WoS_query_#5,verified
EC_EV_004693,EC_EV_FINAL_SCOPE,membership_in_verified_WoS_query_#5,verified
EC_EV_004694,EC_EV_FINAL_SCOPE,membership_in_verified_WoS_query_#5,verified
EC_EV_004695,EC_EV_FINAL_SCOPE,membership_in_verified_WoS_query_#5,verified
EC_EV_004696,EC_EV_FINAL_SCOPE,membership_in_verified_WoS_query_#5,verified
EC_EV_004697,EC_EV_FINAL_SCOPE,membership_in_verified_WoS_query_#5,verified
EC_EV_004698,EC_EV_FINAL_SCOPE,membership_in_verified_WoS_query_#5,verified
EC_EV_004699,EC_EV_FINAL_SCOPE,membership_in_verified_WoS_query_#5,verified
EC_EV_004700,EC_EV_FINAL_SCOPE,membership_in_verified_WoS_query_#5,verified
EC_EV_004701,EC_EV_FINAL_SCOPE,membership_in_verified_WoS_query_#5,verified
EC_EV_004702,EC_EV_FINAL_SCOPE,membership_in_verified_WoS_query_#5,verified
EC_EV_004703,EC_EV_FINAL_SCOPE,membership_in_verified_WoS_query_#5,verified
EC_EV_004704,EC_EV_FINAL_SCOPE,membership_in_verified_WoS_query_#5,verified
EC_EV_004705,EC_EV_FINAL_SCOPE,membership_in_verified_WoS_query_#5,verified
EC_EV_004706,EC_EV_FINAL_SCOPE,membership_in_verified_WoS_query_#5,verified
EC_EV_004707,EC_EV_FINAL_SCOPE,membership_in_verified_WoS_query_#5,verified
EC_EV_004708,EC_EV_FINAL_SCOPE,membership_in_verified_WoS_query_#5,verified
EC_EV_004709,EC_EV_FINAL_SCOPE,membership_in_verified_WoS_query_#5,verified
EC_EV_004710,EC_EV_FINAL_SCOPE,membership_in_verified_WoS_query_#5,verified
EC_EV_004711,EC_EV_FINAL_SCOPE,membership_in_verified_WoS_query_#5,verified
EC_EV_004712,EC_EV_FINAL_SCOPE,membership_in_verified_WoS_query_#5,verified
EC_EV_004713,EC_EV_FINAL_SCOPE,membership_in_verified_WoS_query_#5,verified
EC_EV_004714,EC_EV_FINAL_SCOPE,membership_in_verified_WoS_query_#5,verified
EC_EV_004715,EC_EV_FINAL_SCOPE,membership_in_verified_WoS_query_#5,verified
EC_EV_004716,EC_EV_FINAL_SCOPE,membership_in_verified_WoS_query_#5,verified
EC_EV_004717,EC_EV_FINAL_SCOPE,membership_in_verified_WoS_query_#5,verified
EC_EV_004718,EC_EV_FINAL_SCOPE,membership_in_verified_WoS_query_#5,verified
EC_EV_004719,EC_EV_FINAL_SCOPE,membership_in_verified_WoS_query_#5,verified
EC_EV_004720,EC_EV_FINAL_SCOPE,membership_in_verified_WoS_query_#5,verified
EC_EV_004721,EC_EV_FINAL_SCOPE,membership_in_verified_WoS_query_#5,verified
EC_EV_004722,EC_EV_FINAL_SCOPE,membership_in_verified_WoS_query_#5,verified
EC_EV_004723,EC_EV_FINAL_SCOPE,membership_in_verified_WoS_query_#5,verified
EC_EV_004724,EC_EV_FINAL_SCOPE,membership_in_verified_WoS_query_#5,verified
EC_EV_004725,EC_EV_FINAL_SCOPE,membership_in_verified_WoS_query_#5,verified
EC_EV_004726,EC_EV_FINAL_SCOPE,membership_in_verified_WoS_query_#5,verified
EC_EV_004727,EC_EV_FINAL_SCOPE,membership_in_verified_WoS_query_#5,verified
EC_EV_004728,EC_EV_FINAL_SCOPE,membership_in_verified_WoS_query_#5,verified
EC_EV_004729,EC_EV_FINAL_SCOPE,membership_in_verified_WoS_query_#5,verified
EC_EV_004730,EC_EV_FINAL_SCOPE,membership_in_verified_WoS_query_#5,verified
EC_EV_004731,EC_EV_FINAL_SCOPE,membership_in_verified_WoS_query_#5,verified
EC_EV_004732,EC_EV_FINAL_SCOPE,membership_in_verified_WoS_query_#5,verified
EC_EV_004733,EC_EV_FINAL_SCOPE,membership_in_verified_WoS_query_#5,verified
EC_EV_004734,EC_EV_FINAL_SCOPE,membership_in_verified_WoS_query_#5,verified
EC_EV_004735,EC_EV_FINAL_SCOPE,membership_in_verified_WoS_query_#5,verified
EC_EV_004736,EC_EV_FINAL_SCOPE,membership_in_verified_WoS_query_#5,verified
EC_EV_004737,EC_EV_FINAL_SCOPE,membership_in_verified_WoS_query_#5,verified
EC_EV_004738,EC_EV_FINAL_SCOPE,membership_in_verified_WoS_query_#5,verified
EC_EV_004739,EC_EV_FINAL_SCOPE,membership_in_verified_WoS_query_#5,verified
EC_EV_004740,EC_EV_FINAL_SCOPE,membership_in_verified_WoS_query_#5,verified
EC_EV_004741,EC_EV_FINAL_SCOPE,membership_in_verified_WoS_query_#5,verified
EC_EV_004742,EC_EV_FINAL_SCOPE,membership_in_verified_WoS_query_#5,verified
EC_EV_004743,EC_EV_FINAL_SCOPE,membership_in_verified_WoS_query_#5,verified
EC_EV_004744,EC_EV_FINAL_SCOPE,membership_in_verified_WoS_query_#5,verified
EC_EV_004745,EC_EV_FINAL_SCOPE,membership_in_verified_WoS_query_#5,verified
EC_EV_004746,EC_EV_FINAL_SCOPE,membership_in_verified_WoS_query_#5,verified
EC_EV_004747,EC_EV_FINAL_SCOPE,membership_in_verified_WoS_query_#5,verified
EC_EV_004748,EC_EV_FINAL_SCOPE,membership_in_verified_WoS_query_#5,verified
EC_EV_004749,EC_EV_FINAL_SCOPE,membership_in_verified_WoS_query_#5,verified
EC_EV_004750,EC_EV_FINAL_SCOPE,membership_in_verified_WoS_query_#5,verified
EC_EV_004751,EC_EV_FINAL_SCOPE,membership_in_verified_WoS_query_#5,verified
EC_EV_004752,EC_EV_FINAL_SCOPE,membership_in_verified_WoS_query_#5,verified
EC_EV_004753,EC_EV_FINAL_SCOPE,membership_in_verified_WoS_query_#5,verified
EC_EV_004754,EC_EV_FINAL_SCOPE,membership_in_verified_WoS_query_#5,verified
EC_EV_004755,EC_EV_FINAL_SCOPE,membership_in_verified_WoS_query_#5,verified
EC_EV_004756,EC_EV_FINAL_SCOPE,membership_in_verified_WoS_query_#5,verified
EC_EV_004757,EC_EV_FINAL_SCOPE,membership_in_verified_WoS_query_#5,verified
EC_EV_004758,EC_EV_FINAL_SCOPE,membership_in_verified_WoS_query_#5,verified
EC_EV_004759,EC_EV_FINAL_SCOPE,membership_in_verified_WoS_query_#5,verified
EC_EV_004760,EC_EV_FINAL_SCOPE,membership_in_verified_WoS_query_#5,verified
EC_EV_004761,EC_EV_FINAL_SCOPE,membership_in_verified_WoS_query_#5,verified
EC_EV_004762,EC_EV_FINAL_SCOPE,membership_in_verified_WoS_query_#5,verified
EC_EV_004763,EC_EV_FINAL_SCOPE,membership_in_verified_WoS_query_#5,verified
EC_EV_004764,EC_EV_FINAL_SCOPE,membership_in_verified_WoS_query_#5,verified
EC_EV_004765,EC_EV_FINAL_SCOPE,membership_in_verified_WoS_query_#5,verified
EC_EV_004766,EC_EV_FINAL_SCOPE,membership_in_verified_WoS_query_#5,verified
EC_EV_004767,EC_EV_FINAL_SCOPE,membership_in_verified_WoS_query_#5,verified
EC_EV_004768,EC_EV_FINAL_SCOPE,membership_in_verified_WoS_query_#5,verified
EC_EV_004769,EC_EV_FINAL_SCOPE,membership_in_verified_WoS_query_#5,verified
EC_EV_004770,EC_EV_FINAL_SCOPE,membership_in_verified_WoS_query_#5,verified
EC_EV_004771,EC_EV_FINAL_SCOPE,membership_in_verified_WoS_query_#5,verified
EC_EV_004772,EC_EV_FINAL_SCOPE,membership_in_verified_WoS_query_#5,verified
EC_EV_004773,EC_EV_FINAL_SCOPE,membership_in_verified_WoS_query_#5,verified
EC_EV_004774,EC_EV_FINAL_SCOPE,membership_in_verified_WoS_query_#5,verified
EC_EV_004775,EC_EV_FINAL_SCOPE,membership_in_verified_WoS_query_#5,verified
EC_EV_004776,EC_EV_FINAL_SCOPE,membership_in_verified_WoS_query_#5,verified
EC_EV_004777,EC_EV_FINAL_SCOPE,membership_in_verified_WoS_query_#5,verified
EC_EV_004778,EC_EV_FINAL_SCOPE,membership_in_verified_WoS_query_#5,verified
EC_EV_004779,EC_EV_FINAL_SCOPE,membership_in_verified_WoS_query_#5,verified
EC_EV_004780,EC_EV_FINAL_SCOPE,membership_in_verified_WoS_query_#5,verified
EC_EV_004781,EC_EV_FINAL_SCOPE,membership_in_verified_WoS_query_#5,verified
EC_EV_004782,EC_EV_FINAL_SCOPE,membership_in_verified_WoS_query_#5,verified
EC_EV_004783,EC_EV_FINAL_SCOPE,membership_in_verified_WoS_query_#5,verified
EC_EV_004784,EC_EV_FINAL_SCOPE,membership_in_verified_WoS_query_#5,verified
EC_EV_004785,EC_EV_FINAL_SCOPE,membership_in_verified_WoS_query_#5,verified
EC_EV_004786,EC_EV_FINAL_SCOPE,membership_in_verified_WoS_query_#5,verified
EC_EV_004787,EC_EV_FINAL_SCOPE,membership_in_verified_WoS_query_#5,verified
EC_EV_004788,EC_EV_FINAL_SCOPE,membership_in_verified_WoS_query_#5,verified
EC_EV_004789,EC_EV_FINAL_SCOPE,membership_in_verified_WoS_query_#5,verified
EC_EV_004790,EC_EV_FINAL_SCOPE,membership_in_verified_WoS_query_#5,verified
EC_EV_004791,EC_EV_FINAL_SCOPE,membership_in_verified_WoS_query_#5,verified
EC_EV_004792,EC_EV_FINAL_SCOPE,membership_in_verified_WoS_query_#5,verified
EC_EV_004793,EC_EV_FINAL_SCOPE,membership_in_verified_WoS_query_#5,verified
EC_EV_004794,EC_EV_FINAL_SCOPE,membership_in_verified_WoS_query_#5,verified
EC_EV_004795,EC_EV_FINAL_SCOPE,membership_in_verified_WoS_query_#5,verified
EC_EV_004796,EC_EV_FINAL_SCOPE,membership_in_verified_WoS_query_#5,verified
EC_EV_004797,EC_EV_FINAL_SCOPE,membership_in_verified_WoS_query_#5,verified
EC_EV_004798,EC_EV_FINAL_SCOPE,membership_in_verified_WoS_query_#5,verified
EC_EV_004799,EC_EV_FINAL_SCOPE,membership_in_verified_WoS_query_#5,verified
EC_EV_004800,EC_EV_FINAL_SCOPE,membership_in_verified_WoS_query_#5,verified
EC_EV_004801,EC_EV_FINAL_SCOPE,membership_in_verified_WoS_query_#5,verified
EC_EV_004802,EC_EV_FINAL_SCOPE,membership_in_verified_WoS_query_#5,verified
EC_EV_004803,EC_EV_FINAL_SCOPE,membership_in_verified_WoS_query_#5,verified
EC_EV_004804,EC_EV_FINAL_SCOPE,membership_in_verified_WoS_query_#5,verified
EC_EV_004805,EC_EV_FINAL_SCOPE,membership_in_verified_WoS_query_#5,verified
EC_EV_004806,EC_EV_FINAL_SCOPE,membership_in_verified_WoS_query_#5,verified
EC_EV_004807,EC_EV_FINAL_SCOPE,membership_in_verified_WoS_query_#5,verified
EC_EV_004808,EC_EV_FINAL_SCOPE,membership_in_verified_WoS_query_#5,verified
EC_EV_004809,EC_EV_FINAL_SCOPE,membership_in_verified_WoS_query_#5,verified
EC_EV_004810,EC_EV_FINAL_SCOPE,membership_in_verified_WoS_query_#5,verified
EC_EV_004811,EC_EV_FINAL_SCOPE,membership_in_verified_WoS_query_#5,verified
EC_EV_004812,EC_EV_FINAL_SCOPE,membership_in_verified_WoS_query_#5,verified
EC_EV_004813,EC_EV_FINAL_SCOPE,membership_in_verified_WoS_query_#5,verified
EC_EV_004814,EC_EV_FINAL_SCOPE,membership_in_verified_WoS_query_#5,verified
EC_EV_004815,EC_EV_FINAL_SCOPE,membership_in_verified_WoS_query_#5,verified
EC_EV_004816,EC_EV_FINAL_SCOPE,membership_in_verified_WoS_query_#5,verified
EC_EV_004817,EC_EV_FINAL_SCOPE,membership_in_verified_WoS_query_#5,verified
EC_EV_004818,EC_EV_FINAL_SCOPE,membership_in_verified_WoS_query_#5,verified
EC_EV_004819,EC_EV_FINAL_SCOPE,membership_in_verified_WoS_query_#5,verified
EC_EV_004820,EC_EV_FINAL_SCOPE,membership_in_verified_WoS_query_#5,verified
EC_EV_004821,EC_EV_FINAL_SCOPE,membership_in_verified_WoS_query_#5,verified
EC_EV_004822,EC_EV_FINAL_SCOPE,membership_in_verified_WoS_query_#5,verified
EC_EV_004823,EC_EV_FINAL_SCOPE,membership_in_verified_WoS_query_#5,verified
EC_EV_004824,EC_EV_FINAL_SCOPE,membership_in_verified_WoS_query_#5,verified
EC_EV_004825,EC_EV_FINAL_SCOPE,membership_in_verified_WoS_query_#5,verified
EC_EV_004826,EC_EV_FINAL_SCOPE,membership_in_verified_WoS_query_#5,verified
EC_EV_004827,EC_EV_FINAL_SCOPE,membership_in_verified_WoS_query_#5,verified
EC_EV_004828,EC_EV_FINAL_SCOPE,membership_in_verified_WoS_query_#5,verified
EC_EV_004829,EC_EV_FINAL_SCOPE,membership_in_verified_WoS_query_#5,verified
EC_EV_004830,EC_EV_FINAL_SCOPE,membership_in_verified_WoS_query_#5,verified
EC_EV_004831,EC_EV_FINAL_SCOPE,membership_in_verified_WoS_query_#5,verified
EC_EV_004832,EC_EV_FINAL_SCOPE,membership_in_verified_WoS_query_#5,verified
EC_EV_004833,EC_EV_FINAL_SCOPE,membership_in_verified_WoS_query_#5,verified
EC_EV_004834,EC_EV_FINAL_SCOPE,membership_in_verified_WoS_query_#5,verified
EC_EV_004835,EC_EV_FINAL_SCOPE,membership_in_verified_WoS_query_#5,verified
EC_EV_004836,EC_EV_FINAL_SCOPE,membership_in_verified_WoS_query_#5,verified
EC_EV_004837,EC_EV_FINAL_SCOPE,membership_in_verified_WoS_query_#5,verified
EC_EV_004838,EC_EV_FINAL_SCOPE,membership_in_verified_WoS_query_#5,verified
EC_EV_004839,EC_EV_FINAL_SCOPE,membership_in_verified_WoS_query_#5,verified
EC_EV_004840,EC_EV_FINAL_SCOPE,membership_in_verified_WoS_query_#5,verified
EC_EV_004841,EC_EV_FINAL_SCOPE,membership_in_verified_WoS_query_#5,verified
EC_EV_004842,EC_EV_FINAL_SCOPE,membership_in_verified_WoS_query_#5,verified
EC_EV_004843,EC_EV_FINAL_SCOPE,membership_in_verified_WoS_query_#5,verified
EC_EV_004844,EC_EV_FINAL_SCOPE,membership_in_verified_WoS_query_#5,verified
EC_EV_004845,EC_EV_FINAL_SCOPE,membership_in_verified_WoS_query_#5,verified
EC_EV_004846,EC_EV_FINAL_SCOPE,membership_in_verified_WoS_query_#5,verified
EC_EV_004847,EC_EV_FINAL_SCOPE,membership_in_verified_WoS_query_#5,verified
EC_EV_004848,EC_EV_FINAL_SCOPE,membership_in_verified_WoS_query_#5,verified
EC_EV_004849,EC_EV_FINAL_SCOPE,membership_in_verified_WoS_query_#5,verified
EC_EV_004850,EC_EV_FINAL_SCOPE,membership_in_verified_WoS_query_#5,verified
EC_EV_004851,EC_EV_FINAL_SCOPE,membership_in_verified_WoS_query_#5,verified
EC_EV_004852,EC_EV_FINAL_SCOPE,membership_in_verified_WoS_query_#5,verified
EC_EV_004853,EC_EV_FINAL_SCOPE,membership_in_verified_WoS_query_#5,verified
EC_EV_004854,EC_EV_FINAL_SCOPE,membership_in_verified_WoS_query_#5,verified
EC_EV_004855,EC_EV_FINAL_SCOPE,membership_in_verified_WoS_query_#5,verified
EC_EV_004856,EC_EV_FINAL_SCOPE,membership_in_verified_WoS_query_#5,verified
EC_EV_004857,EC_EV_FINAL_SCOPE,membership_in_verified_WoS_query_#5,verified
EC_EV_004858,EC_EV_FINAL_SCOPE,membership_in_verified_WoS_query_#5,verified
EC_EV_004859,EC_EV_FINAL_SCOPE,membership_in_verified_WoS_query_#5,verified
EC_EV_004860,EC_EV_FINAL_SCOPE,membership_in_verified_WoS_query_#5,verified
EC_EV_004861,EC_EV_FINAL_SCOPE,membership_in_verified_WoS_query_#5,verified
EC_EV_004862,EC_EV_FINAL_SCOPE,membership_in_verified_WoS_query_#5,verified
EC_EV_004863,EC_EV_FINAL_SCOPE,membership_in_verified_WoS_query_#5,verified
EC_EV_004864,EC_EV_FINAL_SCOPE,membership_in_verified_WoS_query_#5,verified
EC_EV_004865,EC_EV_FINAL_SCOPE,membership_in_verified_WoS_query_#5,verified
EC_EV_004866,EC_EV_FINAL_SCOPE,membership_in_verified_WoS_query_#5,verified
EC_EV_004867,EC_EV_FINAL_SCOPE,membership_in_verified_WoS_query_#5,verified
EC_EV_004868,EC_EV_FINAL_SCOPE,membership_in_verified_WoS_query_#5,verified
EC_EV_004869,EC_EV_FINAL_SCOPE,membership_in_verified_WoS_query_#5,verified
EC_EV_004870,EC_EV_FINAL_SCOPE,membership_in_verified_WoS_query_#5,verified
EC_EV_004871,EC_EV_FINAL_SCOPE,membership_in_verified_WoS_query_#5,verified
EC_EV_004872,EC_EV_FINAL_SCOPE,membership_in_verified_WoS_query_#5,verified
EC_EV_004873,EC_EV_FINAL_SCOPE,membership_in_verified_WoS_query_#5,verified
EC_EV_004874,EC_EV_FINAL_SCOPE,membership_in_verified_WoS_query_#5,verified
EC_EV_004875,EC_EV_FINAL_SCOPE,membership_in_verified_WoS_query_#5,verified
EC_EV_004876,EC_EV_FINAL_SCOPE,membership_in_verified_WoS_query_#5,verified
EC_EV_004877,EC_EV_FINAL_SCOPE,membership_in_verified_WoS_query_#5,verified
EC_EV_004878,EC_EV_FINAL_SCOPE,membership_in_verified_WoS_query_#5,verified
EC_EV_004879,EC_EV_FINAL_SCOPE,membership_in_verified_WoS_query_#5,verified
EC_EV_004880,EC_EV_FINAL_SCOPE,membership_in_verified_WoS_query_#5,verified
EC_EV_004881,EC_EV_FINAL_SCOPE,membership_in_verified_WoS_query_#5,verified
EC_EV_004882,EC_EV_FINAL_SCOPE,membership_in_verified_WoS_query_#5,verified
EC_EV_004883,EC_EV_FINAL_SCOPE,membership_in_verified_WoS_query_#5,verified
EC_EV_004884,EC_EV_FINAL_SCOPE,membership_in_verified_WoS_query_#5,verified
EC_EV_004885,EC_EV_FINAL_SCOPE,membership_in_verified_WoS_query_#5,verified
EC_EV_004886,EC_EV_FINAL_SCOPE,membership_in_verified_WoS_query_#5,verified
EC_EV_004887,EC_EV_FINAL_SCOPE,membership_in_verified_WoS_query_#5,verified
EC_EV_004888,EC_EV_FINAL_SCOPE,membership_in_verified_WoS_query_#5,verified
EC_EV_004889,EC_EV_FINAL_SCOPE,membership_in_verified_WoS_query_#5,verified
EC_EV_004890,EC_EV_FINAL_SCOPE,membership_in_verified_WoS_query_#5,verified
EC_EV_004891,EC_EV_FINAL_SCOPE,membership_in_verified_WoS_query_#5,verified
EC_EV_004892,EC_EV_FINAL_SCOPE,membership_in_verified_WoS_query_#5,verified
EC_EV_004893,EC_EV_FINAL_SCOPE,membership_in_verified_WoS_query_#5,verified
EC_EV_004894,EC_EV_FINAL_SCOPE,membership_in_verified_WoS_query_#5,verified
EC_EV_004895,EC_EV_FINAL_SCOPE,membership_in_verified_WoS_query_#5,verified
EC_EV_004896,EC_EV_FINAL_SCOPE,membership_in_verified_WoS_query_#5,verified
EC_EV_004897,EC_EV_FINAL_SCOPE,membership_in_verified_WoS_query_#5,verified
EC_EV_004898,EC_EV_FINAL_SCOPE,membership_in_verified_WoS_query_#5,verified
EC_EV_004899,EC_EV_FINAL_SCOPE,membership_in_verified_WoS_query_#5,verified
EC_EV_004900,EC_EV_FINAL_SCOPE,membership_in_verified_WoS_query_#5,verified
EC_EV_004901,EC_EV_FINAL_SCOPE,membership_in_verified_WoS_query_#5,verified
EC_EV_004902,EC_EV_FINAL_SCOPE,membership_in_verified_WoS_query_#5,verified
EC_EV_004903,EC_EV_FINAL_SCOPE,membership_in_verified_WoS_query_#5,verified
EC_EV_004904,EC_EV_FINAL_SCOPE,membership_in_verified_WoS_query_#5,verified
EC_EV_004905,EC_EV_FINAL_SCOPE,membership_in_verified_WoS_query_#5,verified
EC_EV_004906,EC_EV_FINAL_SCOPE,membership_in_verified_WoS_query_#5,verified
EC_EV_004907,EC_EV_FINAL_SCOPE,membership_in_verified_WoS_query_#5,verified
EC_EV_004908,EC_EV_FINAL_SCOPE,membership_in_verified_WoS_query_#5,verified
EC_EV_004909,EC_EV_FINAL_SCOPE,membership_in_verified_WoS_query_#5,verified
EC_EV_004910,EC_EV_FINAL_SCOPE,membership_in_verified_WoS_query_#5,verified
EC_EV_004911,EC_EV_FINAL_SCOPE,membership_in_verified_WoS_query_#5,verified
EC_EV_004912,EC_EV_FINAL_SCOPE,membership_in_verified_WoS_query_#5,verified
EC_EV_004913,EC_EV_FINAL_SCOPE,membership_in_verified_WoS_query_#5,verified
EC_EV_004914,EC_EV_FINAL_SCOPE,membership_in_verified_WoS_query_#5,verified
EC_EV_004915,EC_EV_FINAL_SCOPE,membership_in_verified_WoS_query_#5,verified
EC_EV_004916,EC_EV_FINAL_SCOPE,membership_in_verified_WoS_query_#5,verified
EC_EV_004917,EC_EV_FINAL_SCOPE,membership_in_verified_WoS_query_#5,verified
EC_EV_004918,EC_EV_FINAL_SCOPE,membership_in_verified_WoS_query_#5,verified
EC_EV_004919,EC_EV_FINAL_SCOPE,membership_in_verified_WoS_query_#5,verified
EC_EV_004920,EC_EV_FINAL_SCOPE,membership_in_verified_WoS_query_#5,verified
EC_EV_004921,EC_EV_FINAL_SCOPE,membership_in_verified_WoS_query_#5,verified
EC_EV_004922,EC_EV_FINAL_SCOPE,membership_in_verified_WoS_query_#5,verified
EC_EV_004923,EC_EV_FINAL_SCOPE,membership_in_verified_WoS_query_#5,verified
EC_EV_004924,EC_EV_FINAL_SCOPE,membership_in_verified_WoS_query_#5,verified
EC_EV_004925,EC_EV_FINAL_SCOPE,membership_in_verified_WoS_query_#5,verified
EC_EV_004926,EC_EV_FINAL_SCOPE,membership_in_verified_WoS_query_#5,verified
EC_EV_004927,EC_EV_FINAL_SCOPE,membership_in_verified_WoS_query_#5,verified
EC_EV_004928,EC_EV_FINAL_SCOPE,membership_in_verified_WoS_query_#5,verified
EC_EV_004929,EC_EV_FINAL_SCOPE,membership_in_verified_WoS_query_#5,verified
EC_EV_004930,EC_EV_FINAL_SCOPE,membership_in_verified_WoS_query_#5,verified
EC_EV_004931,EC_EV_FINAL_SCOPE,membership_in_verified_WoS_query_#5,verified
EC_EV_004932,EC_EV_FINAL_SCOPE,membership_in_verified_WoS_query_#5,verified
EC_EV_004933,EC_EV_FINAL_SCOPE,membership_in_verified_WoS_query_#5,verified
EC_EV_004934,EC_EV_FINAL_SCOPE,membership_in_verified_WoS_query_#5,verified
EC_EV_004935,EC_EV_FINAL_SCOPE,membership_in_verified_WoS_query_#5,verified
EC_EV_004936,EC_EV_FINAL_SCOPE,membership_in_verified_WoS_query_#5,verified
EC_EV_004937,EC_EV_FINAL_SCOPE,membership_in_verified_WoS_query_#5,verified
EC_EV_004938,EC_EV_FINAL_SCOPE,membership_in_verified_WoS_query_#5,verified
EC_EV_004939,EC_EV_FINAL_SCOPE,membership_in_verified_WoS_query_#5,verified
EC_EV_004940,EC_EV_FINAL_SCOPE,membership_in_verified_WoS_query_#5,verified
EC_EV_004941,EC_EV_FINAL_SCOPE,membership_in_verified_WoS_query_#5,verified
EC_EV_004942,EC_EV_FINAL_SCOPE,membership_in_verified_WoS_query_#5,verified
EC_EV_004943,EC_EV_FINAL_SCOPE,membership_in_verified_WoS_query_#5,verified
EC_EV_004944,EC_EV_FINAL_SCOPE,membership_in_verified_WoS_query_#5,verified
EC_EV_004945,EC_EV_FINAL_SCOPE,membership_in_verified_WoS_query_#5,verified
EC_EV_004946,EC_EV_FINAL_SCOPE,membership_in_verified_WoS_query_#5,verified
EC_EV_004947,EC_EV_FINAL_SCOPE,membership_in_verified_WoS_query_#5,verified
EC_EV_004948,EC_EV_FINAL_SCOPE,membership_in_verified_WoS_query_#5,verified
EC_EV_004949,EC_EV_FINAL_SCOPE,membership_in_verified_WoS_query_#5,verified
EC_EV_004950,EC_EV_FINAL_SCOPE,membership_in_verified_WoS_query_#5,verified
EC_EV_004951,EC_EV_FINAL_SCOPE,membership_in_verified_WoS_query_#5,verified
EC_EV_004952,EC_EV_FINAL_SCOPE,membership_in_verified_WoS_query_#5,verified
EC_EV_004953,EC_EV_FINAL_SCOPE,membership_in_verified_WoS_query_#5,verified
EC_EV_004954,EC_EV_FINAL_SCOPE,membership_in_verified_WoS_query_#5,verified
EC_EV_004955,EC_EV_FINAL_SCOPE,membership_in_verified_WoS_query_#5,verified
EC_EV_004956,EC_EV_FINAL_SCOPE,membership_in_verified_WoS_query_#5,verified
EC_EV_004957,EC_EV_FINAL_SCOPE,membership_in_verified_WoS_query_#5,verified
EC_EV_004958,EC_EV_FINAL_SCOPE,membership_in_verified_WoS_query_#5,verified
EC_EV_004959,EC_EV_FINAL_SCOPE,membership_in_verified_WoS_query_#5,verified
EC_EV_004960,EC_EV_FINAL_SCOPE,membership_in_verified_WoS_query_#5,verified
EC_EV_004961,EC_EV_FINAL_SCOPE,membership_in_verified_WoS_query_#5,verified
EC_EV_004962,EC_EV_FINAL_SCOPE,membership_in_verified_WoS_query_#5,verified
EC_EV_004963,EC_EV_FINAL_SCOPE,membership_in_verified_WoS_query_#5,verified
EC_EV_004964,EC_EV_FINAL_SCOPE,membership_in_verified_WoS_query_#5,verified
EC_EV_004965,EC_EV_FINAL_SCOPE,membership_in_verified_WoS_query_#5,verified
EC_EV_004966,EC_EV_FINAL_SCOPE,membership_in_verified_WoS_query_#5,verified
EC_EV_004967,EC_EV_FINAL_SCOPE,membership_in_verified_WoS_query_#5,verified
EC_EV_004968,EC_EV_FINAL_SCOPE,membership_in_verified_WoS_query_#5,verified
EC_EV_004969,EC_EV_FINAL_SCOPE,membership_in_verified_WoS_query_#5,verified
EC_EV_004970,EC_EV_FINAL_SCOPE,membership_in_verified_WoS_query_#5,verified
EC_EV_004971,EC_EV_FINAL_SCOPE,membership_in_verified_WoS_query_#5,verified
EC_EV_004972,EC_EV_FINAL_SCOPE,membership_in_verified_WoS_query_#5,verified
EC_EV_004973,EC_EV_FINAL_SCOPE,membership_in_verified_WoS_query_#5,verified
EC_EV_004974,EC_EV_FINAL_SCOPE,membership_in_verified_WoS_query_#5,verified
