record_id,doi,title_sha256,publication_year,document_class,language,scope_label,final_inclusion,provenance_status
EC_EV_000001,10.1016/j.bcmd.2016.07.007,c9537ed46af556e6e91391c27534b112fcd9d77c22fce31edad223acb323c0a8,2016,Article,English,EC_EV_FINAL_SCOPE,include,verified_member_of_final_4974
EC_EV_000002,10.1016/j.jdiacomp.2016.05.009,ceab9a8b9531c0af962d4a5233b5f4408bfc9c889c9167cd8e32f1fce78e264a,2016,Article,English,EC_EV_FINAL_SCOPE,include,verified_member_of_final_4974
EC_EV_000003,10.1007/s00403-018-01888-4,4e5cbc370747db8e392aa531c6704fecf7ec3be8e720999d8a9f90f0226f6a44,2019,Article,English,EC_EV_FINAL_SCOPE,include,verified_member_of_final_4974
EC_EV_000004,,32dc92b85f578593bebc388486ee73803fb1f6606871ac71f89bd3b7d5b3a03d,2019,Article,English,EC_EV_FINAL_SCOPE,include,verified_member_of_final_4974
EC_EV_000005,10.1038/s41598-024-69163-3,050c3690e01bbf7c18670492738f34aac907373f2d9379a33501d2da27cecf94,2024,Article,English,EC_EV_FINAL_SCOPE,include,verified_member_of_final_4974
EC_EV_000006,10.1016/j.placenta.2023.06.014,dca5b97e069a07aacfce9197213a1f08c2d7f431948f186ef423cfc0e81ad5b7,2023,Article,English,EC_EV_FINAL_SCOPE,include,verified_member_of_final_4974
EC_EV_000007,10.1016/j.ygeno.2023.110719,68b99e1b8fab5ad45b859deca3e4198210d54fe4a1086ff3f67b90bdf60b4f24,2023,Article,English,EC_EV_FINAL_SCOPE,include,verified_member_of_final_4974
EC_EV_000008,10.1080/21655979.2022.2025519,85d8fd0811d47dfa13de4e496f408cf217a78b22e7d64442036a6f3615133855,2022,Article,English,EC_EV_FINAL_SCOPE,include,verified_member_of_final_4974
EC_EV_000009,10.1097/mpa.0000000000002346,e2c695862394824a4260fc57f566893e0afc76ad21a8cf643f25b80c950c74c9,2024,Article,English,EC_EV_FINAL_SCOPE,include,verified_member_of_final_4974
EC_EV_000010,10.5966/sctm.2015-0177,a3f88b6ae20d9077a77b236a560e5663df3624d34fbdef0937bcaad32bd81c3d,2016,Article,English,EC_EV_FINAL_SCOPE,include,verified_member_of_final_4974
EC_EV_000011,10.1016/j.taap.2023.116793,0695d754f505e75ba1633d6f7a634f2b09cf93bdadf1cc1d7f46a02a48ef49f1,2024,Article,English,EC_EV_FINAL_SCOPE,include,verified_member_of_final_4974
EC_EV_000012,10.1016/j.mtbio.2025.101651,fde41348e36689cb948c09f2943976195ad958160adcc04f0b426adb1addb221,2025,Article,English,EC_EV_FINAL_SCOPE,include,verified_member_of_final_4974
EC_EV_000013,10.32604/or.2023.046676,16333aefa61e48e4628cec11fb06451ec6197819d4508ff2eba16d86c4479f40,2024,Article,English,EC_EV_FINAL_SCOPE,include,verified_member_of_final_4974
EC_EV_000014,10.1167/iovs.14-14417,1a8b9f6da7b5adfbc85975576fade1c755584d9bc2d06c6a6ea776f631522552,2015,Article,English,EC_EV_FINAL_SCOPE,include,verified_member_of_final_4974
EC_EV_000015,10.1038/s41598-024-55100-x,5b59c72046a11328ce545627a2655494593b123421ba236666c3f5a7aa9e799d,2024,Article,English,EC_EV_FINAL_SCOPE,include,verified_member_of_final_4974
EC_EV_000016,,f42c3aa4533a230fe204df5f3e9777c5e529862df81b989ee47bf7156ea0cfd7,2021,Article,English,EC_EV_FINAL_SCOPE,include,verified_member_of_final_4974
EC_EV_000017,10.1016/j.atherosclerosis.2019.01.013,85d151f8b5a2ac926b3f01ae73d295b2cfd6ea5831bdd2683fee8f2893bb0b54,2019,Article,English,EC_EV_FINAL_SCOPE,include,verified_member_of_final_4974
EC_EV_000018,10.1007/s12011-023-04048-6,350514ebae67daa03aeccaf51c0648d30afaf4b91187447cd25679f6c537231a,2024,Article,English,EC_EV_FINAL_SCOPE,include,verified_member_of_final_4974
EC_EV_000019,10.3389/fphar.2022.979474,57a596200582b4a8d56b7cd6a41127285122c4f43d26e3071dec8997ac9d174a,2022,Article,English,EC_EV_FINAL_SCOPE,include,verified_member_of_final_4974
EC_EV_000020,10.1186/s13046-023-02619-y,3814598431ebf17c0d7b4f6699422bec4c2042ca1a0764810b6162ea332c917a,2023,Article,English,EC_EV_FINAL_SCOPE,include,verified_member_of_final_4974
EC_EV_000021,10.2337/db24-0701,ac1d642d24857487243e71d0f0cfa03303ae0a56e9cf711339d8a686b4e34b73,2025,Article,English,EC_EV_FINAL_SCOPE,include,verified_member_of_final_4974
EC_EV_000022,10.1016/j.bbrc.2022.06.010,9bff4becff06a54c55408201cb596f661e4add695e46d1f44cd134370bed05ad,2022,Article,English,EC_EV_FINAL_SCOPE,include,verified_member_of_final_4974
EC_EV_000023,10.3390/ijms24129866,e09b64276a985e91673fbcfaab074cad3172a4c7c06fee9bbf80b39879f190fe,2023,Article,English,EC_EV_FINAL_SCOPE,include,verified_member_of_final_4974
EC_EV_000024,10.3390/cimb44120419,9e3d93b8dc47c27cbd2fcc6841b5b4e74908bd0dc746ddb3f37a0c218005568a,2022,Article,English,EC_EV_FINAL_SCOPE,include,verified_member_of_final_4974
EC_EV_000025,10.1016/j.ijpara.2020.05.005,ca0264b7166ac32f412230e565936701cc8ded64d7af8e750000f5530fe5c2de,2020,Article,English,EC_EV_FINAL_SCOPE,include,verified_member_of_final_4974
EC_EV_000026,10.3390/cells10061338,cc2f4da4dd82561a48eda4fe7fd6e43a29426f801c63f296169b7e4ea357f59d,2021,Review,English,EC_EV_FINAL_SCOPE,include,verified_member_of_final_4974
EC_EV_000027,10.21037/tlcr-21-356,73cd4f514012e91a9ecb78f54c21dfda5a7a4669296c49545a4f5e7a1d163346,2021,Article,English,EC_EV_FINAL_SCOPE,include,verified_member_of_final_4974
EC_EV_000028,10.34133/research.0425,25be213cb6df17dd87330bea3ad492d1cf143fe841a0610adb20e0495638c870,2024,Article,English,EC_EV_FINAL_SCOPE,include,verified_member_of_final_4974
EC_EV_000029,10.1016/j.exer.2023.109463,be3f598764bffef378cd2c1b6954e93eda15fdf45930f84024d2ef3431155127,2023,Article,English,EC_EV_FINAL_SCOPE,include,verified_member_of_final_4974
EC_EV_000030,10.1182/blood-2010-03-274209,78fae7745bd706f50c2e2c22768f92190eba6709b0ba23ee037d1a225c0c38a6,2010,Article,English,EC_EV_FINAL_SCOPE,include,verified_member_of_final_4974
EC_EV_000031,10.1111/iwj.14867,82a5c37112295b85d54f78458c0a6f1e3a69b4ec018aadea235aaf65abf82201,2024,Article,English,EC_EV_FINAL_SCOPE,include,verified_member_of_final_4974
EC_EV_000032,10.5603/ep.a2022.0011,655f64011a77b65fda6b02dcef885482491d1524f683091bd05b0fec10d4ef21,2022,Article,English,EC_EV_FINAL_SCOPE,include,verified_member_of_final_4974
EC_EV_000033,10.1093/carcin/bgab051,85ec5c84c8e1758ca6131c287f6cc29f0a32135f728f462f6c5405dda66a88c9,2021,Article,English,EC_EV_FINAL_SCOPE,include,verified_member_of_final_4974
EC_EV_000034,10.1152/ajpcell.00169.2015,0d68c169e6e05e59228b58e072bda04deb4b036196da8ced696ec14ba376e1c2,2016,Article,English,EC_EV_FINAL_SCOPE,include,verified_member_of_final_4974
EC_EV_000035,10.1016/j.bioactmat.2021.10.038,99c31347eafd9678f32ffadee71d158455633227b1d24d179ce70847484e176d,2022,Article,English,EC_EV_FINAL_SCOPE,include,verified_member_of_final_4974
EC_EV_000036,10.1016/j.mehy.2016.02.018,fc14420814e03b105e6fa33e4ff995e3a3934c5803c59cab06938bfab0d50203,2016,Article,English,EC_EV_FINAL_SCOPE,include,verified_member_of_final_4974
EC_EV_000037,10.3892/etm.2021.10986,7fd9464f5bd91565ec3c6711e59567a86e9b7dd1baf41c0e35be6945eef71a7b,2022,Review,English,EC_EV_FINAL_SCOPE,include,verified_member_of_final_4974
EC_EV_000038,10.1016/j.phymed.2025.156694,ed9592b3c0fd7ed8101614d9a14911cac6e9af91394c41171dd6771a8bebb9f8,2025,Article,English,EC_EV_FINAL_SCOPE,include,verified_member_of_final_4974
EC_EV_000039,10.12659/msm.909983,9c73ae13333ae540af927163cf47aec3a0807d1fe6b87c4f4183a1581059e45c,2018,Article,English,EC_EV_FINAL_SCOPE,include,verified_member_of_final_4974
EC_EV_000040,10.7150/ijms.78790,96bf1be2f50b295bf629b8200fff82ecb3c4568e45d3f27c213259b124c69928,2023,Article,English,EC_EV_FINAL_SCOPE,include,verified_member_of_final_4974
EC_EV_000041,10.1007/s10735-022-10107-4,83de691cbde6644014bbf9e3e9417beb83fa45605f098d4f67a1af6a437e9cd3,2023,Article,English,EC_EV_FINAL_SCOPE,include,verified_member_of_final_4974
EC_EV_000042,10.1016/j.placenta.2020.10.022,ec97d25a1fd516c07b52e073cc54e0dcb698b0f560c8041b1b935ef6075a715a,2021,Article,English,EC_EV_FINAL_SCOPE,include,verified_member_of_final_4974
EC_EV_000043,10.1016/j.ydbio.2021.05.010,40c0c13d6381d2b8a8e46af75660ba73daac2e915da9836a83355dbe6b57da05,2021,Article,English,EC_EV_FINAL_SCOPE,include,verified_member_of_final_4974
EC_EV_000044,10.1016/j.redox.2021.101932,90a4899eb5a99bb3f568a6dd10b9de9b6289261466a9ec6adc316a2cf796b8f2,2021,Article,English,EC_EV_FINAL_SCOPE,include,verified_member_of_final_4974
EC_EV_000045,10.3389/fimmu.2024.1493904,05e9b0fd3b84794f408ec74522fd5c2cdfd5e6e6d62936836c968b54d1b42a1b,2024,Article,English,EC_EV_FINAL_SCOPE,include,verified_member_of_final_4974
EC_EV_000046,10.1002/adhm.202000255,91af37b2f9354ad980c4ff730c4062ab81faa78d764d520b789cf8668ce37ff4,2020,Review,English,EC_EV_FINAL_SCOPE,include,verified_member_of_final_4974
EC_EV_000047,10.1002/cbin.11531,07e484744ea61f1c8e2143391b86954becc4be304ad13493de090c525fa919bf,2021,Article,English,EC_EV_FINAL_SCOPE,include,verified_member_of_final_4974
EC_EV_000048,10.1177/0300060518809255,ae55d4f2906e4f10e0ea84a6e7d22210d996ee96dde05a5e4fd91762831e26d5,2019,Article,English,EC_EV_FINAL_SCOPE,include,verified_member_of_final_4974
EC_EV_000049,10.3892/ijmm.2018.3367,2ab812fa64ed6ba84f2a2860b4d72553b0502aa5035e5dea8cff359ec9992e77,2018,Article,English,EC_EV_FINAL_SCOPE,include,verified_member_of_final_4974
EC_EV_000050,10.21037/atm-20-6605,e814460e8d695825ad0206583be96f2162ef9c6fc918ea12aab60a4455fd174b,2020,Article,English,EC_EV_FINAL_SCOPE,include,verified_member_of_final_4974
EC_EV_000051,10.1177/15330338231184327,ef429a6050519ed4d84684500e54756022d23d01c3e20fce1d58622958940fc3,2023,Article,English,EC_EV_FINAL_SCOPE,include,verified_member_of_final_4974
EC_EV_000052,10.1093/abbs/gmz123,48182632fe0e89de07a82ff930bc1a68c70652e16f0d5ac0304d273415de0c58,2019,Article,English,EC_EV_FINAL_SCOPE,include,verified_member_of_final_4974
EC_EV_000053,10.1155/2021/5576023,20e64ea2e4b9e90ef8d3ad970be42ca24c204ac9b5fc39a6eb0d518a0e19ccf3,2021,Article,English,EC_EV_FINAL_SCOPE,include,verified_member_of_final_4974
EC_EV_000054,10.1155/2022/8219557,94c31904f15005f26e2bf72d406720e05fff246262ed5bc7137fcaf42231a5a8,2022,Article,English,EC_EV_FINAL_SCOPE,include,verified_member_of_final_4974
EC_EV_000055,10.1186/s12935-021-02379-9,43027f019e364692e0ece0c366d4df5a6c9c7dab585fb0b0dcca1c01c1f3fc3d,2021,Article,English,EC_EV_FINAL_SCOPE,include,verified_member_of_final_4974
EC_EV_000056,10.1111/jcmm.16061,0270f800563c47632330f510542dbdce5687259c8d3345ed794e6e1124835f43,2020,Article,English,EC_EV_FINAL_SCOPE,include,verified_member_of_final_4974
EC_EV_000057,10.7150/ijbs.11943,cbd4bae9a8a1ca85c48cdefb92d30de16f0acf3e5424577c59fd4577e104b3b2,2015,Article,English,EC_EV_FINAL_SCOPE,include,verified_member_of_final_4974
EC_EV_000058,10.1152/ajpcell.00534.2018,6975fc8c1964cd29084205fa354026464b6c0f1419145438476111e89576165b,2019,Article,English,EC_EV_FINAL_SCOPE,include,verified_member_of_final_4974
EC_EV_000059,10.1080/20013078.2018.1487250,70082e2e85a6c642922b2b5bc7ba28bbc3d382393ad4203bee5ab5f8953271e7,2018,Article,English,EC_EV_FINAL_SCOPE,include,verified_member_of_final_4974
EC_EV_000060,10.1016/j.intimp.2023.110196,8427b6e215fdb7e8ad129a6b2d88201d7eecd62d90e8a412f9d9b57fb1f9270f,2023,Article,English,EC_EV_FINAL_SCOPE,include,verified_member_of_final_4974
EC_EV_000061,10.1038/s42003-024-06675-8,4bf95b391496c8f84533bcf9cae9bccea207cab73bebee20a56b6da0cb641abb,2024,Article,English,EC_EV_FINAL_SCOPE,include,verified_member_of_final_4974
EC_EV_000062,10.1016/j.jcyt.2015.11.009,1013e112bd179296efa33ca1eee0cce2dc5cd5cc767437b5ac23998dcd8f9708,2016,Article,English,EC_EV_FINAL_SCOPE,include,verified_member_of_final_4974
EC_EV_000063,10.21037/atm-21-5583,dc47b7a124a2af0ed9539edbfd5b480cfd3123c318210885d4ad997945fbdfb7,2021,Article,English,EC_EV_FINAL_SCOPE,include,verified_member_of_final_4974
EC_EV_000064,10.2147/ijn.s441453,5a302e8cd54b86fd6cc1436b3c2735e6086022d2dcd3cbc45b8196376ffede39,2024,Article,English,EC_EV_FINAL_SCOPE,include,verified_member_of_final_4974
EC_EV_000065,10.3390/ijms23168868,fdd83b9be99d8e8c3c9c58c5a19b7148ffb55fc6735bc76d7a05556e8e1496fd,2022,Article,English,EC_EV_FINAL_SCOPE,include,verified_member_of_final_4974
EC_EV_000066,10.1016/j.acthis.2021.151833,0fd497b7b4cbb56f14d1070f1a4b2f47a16e4fc26d90d77c1d7d0bee15234a36,2022,Article,English,EC_EV_FINAL_SCOPE,include,verified_member_of_final_4974
EC_EV_000067,10.1016/j.transproceed.2024.07.007,cccfb5691d4fcc6da3cf16e4e0fe6b7f158566c72902632e8c02d513d441d762,2024,Article,English,EC_EV_FINAL_SCOPE,include,verified_member_of_final_4974
EC_EV_000068,10.1042/cs20190188,14c2a6a50cda60522474512611ae8ff0854963565251903b57376ad1e1692898,2019,Article,English,EC_EV_FINAL_SCOPE,include,verified_member_of_final_4974
EC_EV_000069,10.3390/cancers15010176,c4eecd04bce4f03fb4dc76361199d28e2e3bad4976d216cfad0ecdab9f9e7079,2023,Article,English,EC_EV_FINAL_SCOPE,include,verified_member_of_final_4974
EC_EV_000070,10.3892/etm.2024.12772,8851cc7ab092f0ade20d811b5edb8d5c7342e17fa2416e59f94b28ecc173039e,2025,Article,English,EC_EV_FINAL_SCOPE,include,verified_member_of_final_4974
EC_EV_000071,10.3390/ijms19103040,4202411b9997bd0f18258fb46c0333c135f6225735f966232211dcb3de126211,2018,Review,English,EC_EV_FINAL_SCOPE,include,verified_member_of_final_4974
EC_EV_000072,10.1016/j.omtn.2021.02.005,99028305a5f29aca1fc1aa3476cde01c3c8f0b530f5ff71d2570995411e46e41,2021,Article,English,EC_EV_FINAL_SCOPE,include,verified_member_of_final_4974
EC_EV_000073,10.1161/hypertensionaha.118.11706,b5dab7d6b70e057f32f9d66865319af295b0e853555191548223843f0ca4a347,2018,Article,English,EC_EV_FINAL_SCOPE,include,verified_member_of_final_4974
EC_EV_000074,10.3389/fgene.2025.1584095,718757ce15f5513ffc8ebae1ffd2c3f93cc447d7dfeef5856392ab6e7decbaec,2025,Article,English,EC_EV_FINAL_SCOPE,include,verified_member_of_final_4974
EC_EV_000075,10.1016/j.omtn.2020.03.002,124b6126335ca9785842eb5e10ee584b761827c1d2ade0fbce297f82e62aa44f,2020,Article,English,EC_EV_FINAL_SCOPE,include,verified_member_of_final_4974
EC_EV_000076,10.1186/s13287-018-1115-7,2f9c065ec6150f5bed175b3736acc9a1835d6d1b596eeb070d4f4ccb4f962dc5,2019,Article,English,EC_EV_FINAL_SCOPE,include,verified_member_of_final_4974
EC_EV_000077,10.1002/pul2.12014,91ca9631f51c1dd84ecb2c7280edcac0ad72178ad8957752f964c2b78d59b75c,2022,Article,English,EC_EV_FINAL_SCOPE,include,verified_member_of_final_4974
EC_EV_000078,10.3389/fcell.2021.689947,ca586630dfaf5d8aba341babf4d2d62e754c9707f90216ba3594c96585a1b4ae,2021,Article,English,EC_EV_FINAL_SCOPE,include,verified_member_of_final_4974
EC_EV_000079,10.1016/j.ymthe.2018.07.023,d6c405ffdb8d094f20c5c616eed4b717fd0eab5260820204066d2db6079e1250,2018,Article,English,EC_EV_FINAL_SCOPE,include,verified_member_of_final_4974
EC_EV_000080,10.1177/09636897221083549,e9002d064679cbc9b748873d20673ab3ba36ba493ed9acc6272dfaccef307357,2022,Article,English,EC_EV_FINAL_SCOPE,include,verified_member_of_final_4974
EC_EV_000081,10.1016/j.fitote.2020.104481,81c68bf7e452f7d09db1e66eeac41cdb120b3544efa1b0e86826d82b2c33f4b3,2020,Article,English,EC_EV_FINAL_SCOPE,include,verified_member_of_final_4974
EC_EV_000082,10.3390/cells13020150,484a1487eede8077221a59d18e9f9dd3d3474254d7b0528a3356b6bb1a062d89,2024,Review,English,EC_EV_FINAL_SCOPE,include,verified_member_of_final_4974
EC_EV_000083,10.3390/ph16060837,afde7417765504a9f8ad92e0354fa3dc9d3346fc2ded8ededa09d9dbba5c1fcc,2023,Article,English,EC_EV_FINAL_SCOPE,include,verified_member_of_final_4974
EC_EV_000084,10.5603/fhc.a2022.0030,34fa457d9945488323fb7ba08e6083dd224ec478d9ed61fea55ecb07a3bd667f,2022,Article,English,EC_EV_FINAL_SCOPE,include,verified_member_of_final_4974
EC_EV_000085,10.1002/2211-5463.13365,17d8af46e657791e45b397b2828c4348484c4cf6194ac29b43cefc114b751ef5,2022,Article,English,EC_EV_FINAL_SCOPE,include,verified_member_of_final_4974
EC_EV_000086,10.1038/s41420-021-00610-0,493be52037740bf3227b37f57c6fa17e88dd9e8b62fea547ae47c0f5d812b365,2021,Article,English,EC_EV_FINAL_SCOPE,include,verified_member_of_final_4974
EC_EV_000087,10.1002/cbf.3543,89e9c4c2825fc068f1565bf292b6bc5ab3683f4fa7b7576cb03ab6e3d7ca8b7c,2020,Article,English,EC_EV_FINAL_SCOPE,include,verified_member_of_final_4974
EC_EV_000088,10.3390/biomedicines11102777,58a867222697163383eb2d5874af97af5d17ead6c75edec2f8f7931724d58a08,2023,Article,English,EC_EV_FINAL_SCOPE,include,verified_member_of_final_4974
EC_EV_000089,10.1080/21623945.2021.1982577,4774ef773a3f1e7c6056fd19043b56aee5040eab139819e090160da32179b74a,2021,Article,English,EC_EV_FINAL_SCOPE,include,verified_member_of_final_4974
EC_EV_000090,10.12998/wjcc.v9.i35.10765,87293e5a8a5e7fee4e74d005bc1d0d799632c5915fea80a17ca8a36e8c8055a2,2021,Review,English,EC_EV_FINAL_SCOPE,include,verified_member_of_final_4974
EC_EV_000091,10.1158/1541-7786.mcr-23-0469,be39f60022a0e83a649c0da4a45c68fa787830abc6c3e8480b1f5fda5f76ace9,2024,Article,English,EC_EV_FINAL_SCOPE,include,verified_member_of_final_4974
EC_EV_000092,10.1021/acs.jafc.0c02060,646fe0590521dd0857807cf41ef7d36c9d896ffe0bb8d4aac160bd85f8585b64,2020,Article,English,EC_EV_FINAL_SCOPE,include,verified_member_of_final_4974
EC_EV_000093,10.2147/dmso.s243549,47936efd0ade8e6ab1d5566fface280389a2af08e9de47ef17245de8cf658e7e,2020,Article,English,EC_EV_FINAL_SCOPE,include,verified_member_of_final_4974
EC_EV_000094,10.3389/fcvm.2024.1506360,a3d8d7a8a9981cf04c6ae60ff54299cd3bd281801826b8526c75b210d747b51e,2025,Article,English,EC_EV_FINAL_SCOPE,include,verified_member_of_final_4974
EC_EV_000095,10.1155/2017/7094781,3289d8389dedc79089511d173e08246cc3025232581d90049dd02c6fb469cb9d,2017,Article,English,EC_EV_FINAL_SCOPE,include,verified_member_of_final_4974
EC_EV_000096,10.1038/srep08505,7b3c8f2741fe44d313a11669372032167b8dc049de0e6022a6f4c0b70ed33d56,2015,Article,English,EC_EV_FINAL_SCOPE,include,verified_member_of_final_4974
EC_EV_000097,10.1038/s41598-022-06824-1,b7282fb16c451df35bd1ba683d9052652f3e6eae837965ceffdef5b8f1fe0301,2022,Article,English,EC_EV_FINAL_SCOPE,include,verified_member_of_final_4974
EC_EV_000098,10.1371/journal.pone.0185406,a4cba0cee8c897f05981bb1b5b3ebc3e3b88fce59e338f406afe57595c793f35,2017,Article,English,EC_EV_FINAL_SCOPE,include,verified_member_of_final_4974
EC_EV_000099,10.1016/j.neuroscience.2020.05.046,5c4729635b2b38b074f0cea78d08bb2b049b1288e604e284d65c933bee322a64,2020,Article,English,EC_EV_FINAL_SCOPE,include,verified_member_of_final_4974
EC_EV_000100,10.1186/s13018-023-03859-6,de7ab10b9e49afc4eaec2452790713d64d26da0dc716944fc25da2cbffd71bad,2023,Article,English,EC_EV_FINAL_SCOPE,include,verified_member_of_final_4974
EC_EV_000101,10.2174/1570161116666180313142139,74bc91cc57dc7ab3b90bccaf5a76e9da8b80ee40352404649c969bda473f5590,2019,Article,English,EC_EV_FINAL_SCOPE,include,verified_member_of_final_4974
EC_EV_000102,10.1186/s13578-024-01255-z,8bd7aad589a4932646d0111c759b88bdbf11baa12f84ee2e3ffefc7bab3095b5,2024,Review,English,EC_EV_FINAL_SCOPE,include,verified_member_of_final_4974
EC_EV_000103,10.4049/jimmunol.1301790,cb275b7aa06ee64a4e691e857d06e905f538efd9e64b20dd453c3f12318a0315,2014,Article,English,EC_EV_FINAL_SCOPE,include,verified_member_of_final_4974
EC_EV_000104,10.3389/fcvm.2022.1061340,36fe22d082a15f27a20c851f17066d82ecaff256457e99132133497285148eac,2022,Article,English,EC_EV_FINAL_SCOPE,include,verified_member_of_final_4974
EC_EV_000105,10.1080/21655979.2021.1932222,bdc4e0219fd523f5d5ec70a6ad8fad5fb32c4aed19865187e2172f2eded79a8b,2021,Article,English,EC_EV_FINAL_SCOPE,include,verified_member_of_final_4974
EC_EV_000106,10.1159/000508302,3c841370b40aad7268e7b0c0c7405aa82fbc99ed992ba0df5de63aa460c1dad3,2020,Article,English,EC_EV_FINAL_SCOPE,include,verified_member_of_final_4974
EC_EV_000107,10.1016/j.mvr.2023.104498,1e58677ecd7b00f998670f5043bfbb3a596782672c4647df67cae918e09c0952,2023,Article,English,EC_EV_FINAL_SCOPE,include,verified_member_of_final_4974
EC_EV_000108,10.1038/s41419-024-07297-y,d488fc70361611eb3fa0080c19c6e24b0f8844a398f3e74fc3163981142e58ef,2024,Article,English,EC_EV_FINAL_SCOPE,include,verified_member_of_final_4974
EC_EV_000109,10.1016/j.mtbio.2023.100841,23aef12f11a4e52e4d660f1b5d5dc5322e2c98adb31df694bf8a0ec06ebc379f,2023,Article,English,EC_EV_FINAL_SCOPE,include,verified_member_of_final_4974
EC_EV_000110,10.2174/011574888x265623230921045240,fed75b6712e4a946fc45e72e267ba7655daec83915f465cc8b0c8b0c979ae20a,2024,Article,English,EC_EV_FINAL_SCOPE,include,verified_member_of_final_4974
EC_EV_000111,10.1042/cs20140826,6693ecaecd02415a9735386fcfd3f33748d9d7ad9ced5981fdb0029c7df7e939,2015,Article,English,EC_EV_FINAL_SCOPE,include,verified_member_of_final_4974
EC_EV_000112,10.1007/s00109-013-1110-5,a8ee278ad5dbe686f89435b179d24ca9b5031206794bfc8de867451112286d81,2014,Article,English,EC_EV_FINAL_SCOPE,include,verified_member_of_final_4974
EC_EV_000113,10.1016/j.intimp.2020.107138,79ac4772bb4ec36321c3281df14110a01633eafe2819dd2360ae0347b6ce60cd,2021,Article,English,EC_EV_FINAL_SCOPE,include,verified_member_of_final_4974
EC_EV_000114,10.1186/s13287-020-01639-1,0635103cf65b13a81a4a00cb56f3dcc8d5eafef078d3f565fb5cb2f189c25f5b,2020,Article,English,EC_EV_FINAL_SCOPE,include,verified_member_of_final_4974
EC_EV_000115,10.17179/excli2019-1505,11c2c5dd6cf74927642d1504dc5f402c094ac036aa5a08f3b3ec7b4dcc78de41,2019,Article,English,EC_EV_FINAL_SCOPE,include,verified_member_of_final_4974
EC_EV_000116,10.1016/j.jcyt.2023.08.013,2a81a35fb70248fe723bf67e37fe5a25bc573392386f9c4888e079217a4cbfb0,2024,Article,English,EC_EV_FINAL_SCOPE,include,verified_member_of_final_4974
EC_EV_000117,10.7717/peerj.14579,4ceba3e6aa9fd3f266538c06f04cad99094ddd7b2d04ae345c3a16870638b3e7,2023,Article,English,EC_EV_FINAL_SCOPE,include,verified_member_of_final_4974
EC_EV_000118,10.1016/j.yjmcc.2016.05.007,7d3d3ba97f01719c478b02fb915ede2764fa40808ab6643c9e3cf5e47229d5ba,2016,Review,English,EC_EV_FINAL_SCOPE,include,verified_member_of_final_4974
EC_EV_000119,10.1182/blood-2013-02-478925,ce503f33be4c1a4db890a8e60df371900044d49cc2965681608158cb2558f2a2,2013,Article,English,EC_EV_FINAL_SCOPE,include,verified_member_of_final_4974
EC_EV_000120,10.1016/j.yexcr.2018.06.003,b32c66ae95fdcb2ac5b3a7172e6140f72df7e42c9a367cba5787460d8aa180ce,2018,Review,English,EC_EV_FINAL_SCOPE,include,verified_member_of_final_4974
EC_EV_000121,10.1038/s41417-020-00292-3,d1333d8d887a404f87948b1456a4baa8bf277812ff23d5adaf29955a8dc7d523,2022,Article,English,EC_EV_FINAL_SCOPE,include,verified_member_of_final_4974
EC_EV_000122,10.1016/j.tice.2023.102219,94ee93cdfd6d977be0cc3e48046b94bc418cd7520ce1163d33df4367b3acb008,2023,Article,English,EC_EV_FINAL_SCOPE,include,verified_member_of_final_4974
EC_EV_000123,10.1080/21655979.2021.2005220,14a4dcc4d17e0644f0ae4bc2fa9070dd5827a866f8b9fa2bda9c2fe9a017db74,2021,Article,English,EC_EV_FINAL_SCOPE,include,verified_member_of_final_4974
EC_EV_000124,10.1016/j.nbd.2016.03.014,e1584150a95d686e3edb009ecb8244b52760a74103c628ff6c0852a9ff1e8897,2016,Review,English,EC_EV_FINAL_SCOPE,include,verified_member_of_final_4974
EC_EV_000125,10.1038/s41598-019-44828-6,0351f16423ec03e1b76b29503ff1f2a79951a4c6a6dcb35c2de1d182805b0715,2019,Article,English,EC_EV_FINAL_SCOPE,include,verified_member_of_final_4974
EC_EV_000126,10.1111/1759-7714.15103,c78fc96d58fd4c5e65b76264377938b005d79545f72fd38603e1e8a2ebac0a68,2023,Article,English,EC_EV_FINAL_SCOPE,include,verified_member_of_final_4974
EC_EV_000127,10.1155/2022/2042754,a5b167aff0b268ea59844c3fbe780089840c9c71eeed7e3f97b53a23ffe65c32,2022,Article,English,EC_EV_FINAL_SCOPE,include,verified_member_of_final_4974
EC_EV_000128,10.1186/s12885-020-07509-6,d1c2cf9652a240a48748981fdda1e096dedccfbb88eb5befa0c0cca89a7eacb5,2020,Article,English,EC_EV_FINAL_SCOPE,include,verified_member_of_final_4974
EC_EV_000129,10.1038/srep24679,de567f492820b57346d6775a537c8c88194d4675e357df43ada586aebf8e20d6,2016,Article,English,EC_EV_FINAL_SCOPE,include,verified_member_of_final_4974
EC_EV_000130,10.1016/j.cellsig.2023.110737,468085a7a6894451069659bf24ff9b45aa3e3c77ac0f8df284e4da7d97e892b5,2023,Article,English,EC_EV_FINAL_SCOPE,include,verified_member_of_final_4974
EC_EV_000131,10.1111/jcmm.15047,d522a1cbee194029419564445fd67ffb08782d789d4d72aa7bc7e8f2dcb0a10e,2020,Article,English,EC_EV_FINAL_SCOPE,include,verified_member_of_final_4974
EC_EV_000132,10.1016/j.isci.2024.109608,7fe784aa6c1a6d61fcc193e584274a808e1d8b98d7622260407f8cb2991ae6b0,2024,Article,English,EC_EV_FINAL_SCOPE,include,verified_member_of_final_4974
EC_EV_000133,10.1016/j.heliyon.2024.e26748,fddce34feb90c314a48b01e9c6b22482b4fcb67b9f97af78ea93bbd8401eb271,2024,Article,English,EC_EV_FINAL_SCOPE,include,verified_member_of_final_4974
EC_EV_000134,10.1186/s13287-019-1253-6,d7638e5ec5734997dc6d486300bd7e28237f2050dfb48c948af9b2ad892354d1,2019,Article,English,EC_EV_FINAL_SCOPE,include,verified_member_of_final_4974
EC_EV_000135,10.1080/21655979.2022.2056317,6fad30730bac79002c92d01cd2a99f5187d309150ccc8522dc8f6ffa3bd96d75,2022,Article,English,EC_EV_FINAL_SCOPE,include,verified_member_of_final_4974
EC_EV_000136,10.7150/ijbs.15514,4e2cac58ee7db9e00372e9c299044a2e0806ff40d982c0caca8633fa0b750cb0,2016,Article,English,EC_EV_FINAL_SCOPE,include,verified_member_of_final_4974
EC_EV_000137,10.1002/ijc.26217,4cc17bd204f7c1df24b3534b0a36f2906af0d7a36ff243a6bc8bd08203107fb1,2012,Article,English,EC_EV_FINAL_SCOPE,include,verified_member_of_final_4974
EC_EV_000138,10.1038/s41388-020-01555-x,0fdb6c4a3eecba4f36cea1fee4af26b6b54f6cf4b112d0f5f753ad99db32b325,2021,Article,English,EC_EV_FINAL_SCOPE,include,verified_member_of_final_4974
EC_EV_000139,10.1002/ijc.32027,5695a59d0a5d3c0eb7eb86ac8f8347798455da1a74aa9821eb16741095915b86,2019,Article,English,EC_EV_FINAL_SCOPE,include,verified_member_of_final_4974
EC_EV_000140,10.1186/s13578-023-01011-9,ee03c285793eb76cef1caa195dd762c1f0594edeb90764a727e5d637337e417f,2023,Article,English,EC_EV_FINAL_SCOPE,include,verified_member_of_final_4974
EC_EV_000141,10.1161/atvbaha.111.244210,ec22417ca1645d9fd0bd281e6cabf1ea2b56bba7047c819a3bf9bd4e8a4c173c,2012,Article,English,EC_EV_FINAL_SCOPE,include,verified_member_of_final_4974
EC_EV_000142,10.1166/jbt.2022.3016,5cc7ac4010bbf11bc3402a1bcf4a78c71266f0f8eda96e1a61832baaf741736f,2022,Article,English,EC_EV_FINAL_SCOPE,include,verified_member_of_final_4974
EC_EV_000143,10.1080/21655979.2021.2009962,2c2afc9bb6be725dae7bd345186f4ade9a7ec020aa16e0d023524650662d91d4,2022,Article,English,EC_EV_FINAL_SCOPE,include,verified_member_of_final_4974
EC_EV_000144,10.1016/j.jconrel.2024.12.081,ea9ce9e0dae1e7b454acd1cb5304119db0cd72f45accf04bed2f3ca3c8056092,2025,Article,English,EC_EV_FINAL_SCOPE,include,verified_member_of_final_4974
EC_EV_000145,10.1038/s41598-021-04662-1,d8084fa8ed0bf47e3528d7fd21c1c7936ac4738fb0d10db1f2d5804efbc8f50d,2022,Article,English,EC_EV_FINAL_SCOPE,include,verified_member_of_final_4974
EC_EV_000146,10.1186/s13287-022-03013-9,1aad476554388c57423f26314c68d55c4d5c96a610668444085ff925c09f6504,2022,Article,English,EC_EV_FINAL_SCOPE,include,verified_member_of_final_4974
EC_EV_000147,10.1152/physiolgenomics.00094.2022,9f74b80cf4c1d4dfe516f9e238526afb3c6c9709a27c322135113b2b16773764,2022,Article,English,EC_EV_FINAL_SCOPE,include,verified_member_of_final_4974
EC_EV_000148,10.1016/j.bbrc.2017.11.092,4bedc0ef586df6f548b9f780b2dfe76711c1cde6d2ec5a47dffd87811009ecb4,2018,Article,English,EC_EV_FINAL_SCOPE,include,verified_member_of_final_4974
EC_EV_000149,10.1113/ep090874,f9509fe0c8602b3f9fe645229159e1d19adbc97de6f0ebabd25e19343ada23e3,2023,Article,English,EC_EV_FINAL_SCOPE,include,verified_member_of_final_4974
EC_EV_000150,10.1002/mabi.201700242,2fab1b32a9cd993b6133b1a297ffc7b0931fa57a33a551b07e4b7149d93fdbe7,2018,Article,English,EC_EV_FINAL_SCOPE,include,verified_member_of_final_4974
EC_EV_000151,10.1016/j.imbio.2019.02.004,b0f3af7092525a4be88934ea8c370da7a0fa2db760aadfde9155a5924b54bc3d,2019,Article,English,EC_EV_FINAL_SCOPE,include,verified_member_of_final_4974
EC_EV_000152,10.3390/ijms21072466,812179985a889e9655e8da91a5326c374f92a9bfe0f7b8aafab18bb3643bcfcb,2020,Review,English,EC_EV_FINAL_SCOPE,include,verified_member_of_final_4974
EC_EV_000153,10.1007/s00542-020-05197-7,81d30e8a2ac276d82e52f86327a271573025ce8d2e361aacf003be01d5931d62,2021,Article,English,EC_EV_FINAL_SCOPE,include,verified_member_of_final_4974
EC_EV_000154,10.1002/ijc.31080,3c6bea08b58ae897fc8278c65d02f2f8337b229396f0d0ac357056fcd72cc5e7,2018,Article,English,EC_EV_FINAL_SCOPE,include,verified_member_of_final_4974
EC_EV_000155,10.1021/acs.jafc.1c02733,50817691be7fe1a0d3d4eef743d127f9f2d0dadb849f3b599a2bb4eca6ec39b6,2021,Article,English,EC_EV_FINAL_SCOPE,include,verified_member_of_final_4974
EC_EV_000156,10.1074/jbc.m607122200,3c7e20361349316329074b680e03e3c04ec71d04d3988f5b3047badda290f056,2007,Article,English,EC_EV_FINAL_SCOPE,include,verified_member_of_final_4974
EC_EV_000157,10.1021/acsnano.2c02898,4dbacbd5c810d7d78ac188ab09402b72774a611665dcca1fd0c97cda480762c8,2022,Article,English,EC_EV_FINAL_SCOPE,include,verified_member_of_final_4974
EC_EV_000158,10.3892/mmr.2018.8982,3b63b59e9d761973a20be89578e0e1d244df20ffe26fb793af2df0c1c7f586d7,2018,Article,English,EC_EV_FINAL_SCOPE,include,verified_member_of_final_4974
EC_EV_000159,10.3389/fmicb.2020.00144,0572784f361f679a20c79c5a3a1a0d2292c09fa0cdbeb479d54da723f3a093df,2020,Article,English,EC_EV_FINAL_SCOPE,include,verified_member_of_final_4974
EC_EV_000160,10.1016/j.mtbio.2025.101652,a15dbe0645d4ebb697ee158db22a7ff77963df1b43eaa0d1b9494af892601fb0,2025,Article,English,EC_EV_FINAL_SCOPE,include,verified_member_of_final_4974
EC_EV_000161,10.1128/mbio.00769-21,3a5e2c5fd66c80f0f0bc76cffaa4ced258d9953caeaa647ca7daae2a035a0b93,2021,Article,English,EC_EV_FINAL_SCOPE,include,verified_member_of_final_4974
EC_EV_000162,10.1186/s12903-024-03852-3,bc346da91a18022a15aa63150a12c9705af64dd4a8de4cac6b682743082b3818,2024,Article,English,EC_EV_FINAL_SCOPE,include,verified_member_of_final_4974
EC_EV_000163,10.1080/15384101.2018.1480207,51eea5778c051dc7686f8aece6e5ebdd7def37d40ffc31093bf7a79a6b1aafed,2018,Article,English,EC_EV_FINAL_SCOPE,include,verified_member_of_final_4974
EC_EV_000164,10.1111/j.1582-4934.2007.00100.x,5f38e989669476ce53b3f2d669112b4acd1f05c4c686869c875c671ea3eafafa,2007,Article,English,EC_EV_FINAL_SCOPE,include,verified_member_of_final_4974
EC_EV_000165,10.1038/s41419-023-06220-1,fd90ee597a5a7d26635ba22c25cd11a803615b8f54c3d0621e24748e8cecf5ce,2023,Article,English,EC_EV_FINAL_SCOPE,include,verified_member_of_final_4974
EC_EV_000166,10.3390/ijms25147576,d2aafecb923662beb5446c97c8e08a19eaa1631c174b11446a879ec6400248b9,2024,Article,English,EC_EV_FINAL_SCOPE,include,verified_member_of_final_4974
EC_EV_000167,10.1089/ten.teb.2024.0178,80b7c88cbb34a8f76a3c38b5887dd3fba5fb1f1aa786d9483aa1534fb2a75e71,2024,Review,English,EC_EV_FINAL_SCOPE,include,verified_member_of_final_4974
EC_EV_000168,10.1080/21655979.2021.1967077,2ed5df6d474959d91e7fc16aa79486800b5942f2f19f0d020821a510eda321f2,2021,Article,English,EC_EV_FINAL_SCOPE,include,verified_member_of_final_4974
EC_EV_000169,10.14336/ad.2024.0717,94aad06aefc74785f48b1aa6cfcb4a72b88ce67426d4a10ddcf9b7ad8ec9d1ee,2025,Review,English,EC_EV_FINAL_SCOPE,include,verified_member_of_final_4974
EC_EV_000170,10.1166/jbt.2022.2896,d9fe24fbaa72b014e837a1049f120f95956a87410fb5fdd02e1b671bca6e02be,2022,Article,English,EC_EV_FINAL_SCOPE,include,verified_member_of_final_4974
EC_EV_000171,10.3389/fphar.2024.1422686,3e33c5137e6450e44a3c66ebdedcb462f3b4ddefec4f0935c6d132fb3b1b92e8,2024,Review,English,EC_EV_FINAL_SCOPE,include,verified_member_of_final_4974
EC_EV_000172,10.1007/s12017-020-08607-1,7a475644674a71ff9169f0639f755897a7c72855a8a249ebdb80c36b936c9237,2020,Article,English,EC_EV_FINAL_SCOPE,include,verified_member_of_final_4974
EC_EV_000173,10.1016/j.expneurol.2020.113325,5a3b4e302eb53c14229405f6ba802d8e7428c2a7f22da24896661c0b97b897e0,2020,Article,English,EC_EV_FINAL_SCOPE,include,verified_member_of_final_4974
EC_EV_000174,,eb1b7ee67f4135b639ddb1016ada5c5d56e2a0907cbb37f51afd861630d0e2c3,2021,Article,English,EC_EV_FINAL_SCOPE,include,verified_member_of_final_4974
EC_EV_000175,10.3390/molecules27207025,0e9e4c2813927ff14ac2b01ffd8cf5a6e96ae35b4bd662012d70bb6ca8bebc19,2022,Article,English,EC_EV_FINAL_SCOPE,include,verified_member_of_final_4974
EC_EV_000176,10.1016/j.acthis.2020.151530,90eed9378ecef186bcecadfea6140eccd6550f2b74516bb0dede5eac4a5d2ff5,2020,Article,English,EC_EV_FINAL_SCOPE,include,verified_member_of_final_4974
EC_EV_000177,10.3389/fonc.2022.943477,c9581b85285c3faa7f66e14d80f5d64dabb8af208fc3173ee901af45f556eb1b,2022,Article,English,EC_EV_FINAL_SCOPE,include,verified_member_of_final_4974
EC_EV_000178,10.3389/fimmu.2019.02205,8acfa850f0eeb5fe8f21f87336a97bd2007faf3b251096d7755307932aecfae5,2019,Article,English,EC_EV_FINAL_SCOPE,include,verified_member_of_final_4974
EC_EV_000179,10.1016/j.ejca.2017.01.025,91efbec5d0a764790ac753f3aa8d9973020423ebf57a76c9b86dccad0d02a192,2017,Article,English,EC_EV_FINAL_SCOPE,include,verified_member_of_final_4974
EC_EV_000180,10.1152/ajpcell.00186.2024,8f888fb73bd9fa307dc575f0282c4242c89f72c613c6933457bff2b263eada17,2024,Article,English,EC_EV_FINAL_SCOPE,include,verified_member_of_final_4974
EC_EV_000181,10.1042/cs20200573,0fe6cf48c0c5da2b79278863198fd94c7bc1d231761305f153371aabed8c71be,2021,Article,English,EC_EV_FINAL_SCOPE,include,verified_member_of_final_4974
EC_EV_000182,,34963890e66a81c50ae3107b0604fdb7ab23af46b9e1b236e8e5c4b388811490,2023,Article,English,EC_EV_FINAL_SCOPE,include,verified_member_of_final_4974
EC_EV_000183,10.1167/iovs.18-26277,f2da9a7a73a2ffa056d0743b07cc41dd01434800f3fffbe8c07c13fee16dd388,2019,Article,English,EC_EV_FINAL_SCOPE,include,verified_member_of_final_4974
EC_EV_000184,10.1002/1873-3468.14183,60f4f14dfbb6d979d1e964b1a63addfd8a0a430227aca88e00f8a58a919e8964,2021,Article,English,EC_EV_FINAL_SCOPE,include,verified_member_of_final_4974
EC_EV_000185,10.1007/978-3-030-31206-0_11,78cdf5c3a04e926b63ffe0522f6ecdf5a7b6fa8029e0212509ba654eb2eefabb,2019,Article,English,EC_EV_FINAL_SCOPE,include,verified_member_of_final_4974
EC_EV_000186,10.1016/j.ajpath.2015.04.010,02d92bd04daf6763b3866d1ef985d134d1f7a9562e0269e4ec71cc5e3076dbc1,2015,Article,English,EC_EV_FINAL_SCOPE,include,verified_member_of_final_4974
EC_EV_000187,10.18632/oncotarget.16452,129c388863113b59b1ba3e8f5e5e1da783a0045d04c340b067446b53017a5a95,2017,Article,English,EC_EV_FINAL_SCOPE,include,verified_member_of_final_4974
EC_EV_000188,10.2147/jir.s324232,a70270ebcb592ca23150a39e233a32ee6bc343cc7678a41fad43fecd06cfc802,2021,Article,English,EC_EV_FINAL_SCOPE,include,verified_member_of_final_4974
EC_EV_000189,10.3390/ijms25179742,fd654640635ecdae120742fca9d5e43dd2d31e17a260c9f7c7630dd399d9c8b8,2024,Article,English,EC_EV_FINAL_SCOPE,include,verified_member_of_final_4974
EC_EV_000190,10.1016/j.matbio.2014.05.007,9e8afcf8ead827c433483f7e6586addbf76b3f485704b425839671cc95301ba8,2014,Article,English,EC_EV_FINAL_SCOPE,include,verified_member_of_final_4974
EC_EV_000191,10.1038/s41598-018-24563-0,5da6b85362fae298f9461c4245e2c9a820be952cec42c7a951efc1fd4669cefa,2018,Article,English,EC_EV_FINAL_SCOPE,include,verified_member_of_final_4974
EC_EV_000192,10.1021/acs.molpharmaceut.8b00985,f56fb4f14e6fd578051b0504eb047e41886b1d32ef1d5b45c9c6e0d8eaa5c7f2,2019,Article,English,EC_EV_FINAL_SCOPE,include,verified_member_of_final_4974
EC_EV_000193,10.1016/j.cellsig.2020.109812,a02f18ce90728b56b2b4fcb1a98d7c059527ccfee22c6c81e7beedd817f0999b,2021,Article,English,EC_EV_FINAL_SCOPE,include,verified_member_of_final_4974
EC_EV_000194,10.2147/ccid.s371330,acb5ceec7c0c4bf1e316da8d169c9dcb0253be509786a3de61c39d7300c562a3,2022,Article,English,EC_EV_FINAL_SCOPE,include,verified_member_of_final_4974
EC_EV_000195,10.1177/0022034516641037,05b68feda8f0b33e5cfb0ad3adbe465bb0f25f0aecb06f698302516d3f6e0c2f,2016,Article,English,EC_EV_FINAL_SCOPE,include,verified_member_of_final_4974
EC_EV_000196,10.1016/j.addr.2021.01.015,0361f843dff7927ba5717f9c887ccb6b85ed2211652cf7b807003196654b4bfb,2021,Review,English,EC_EV_FINAL_SCOPE,include,verified_member_of_final_4974
EC_EV_000197,10.1016/j.redox.2025.103614,f6d39bda0680d809331c1f89b31deb1dc7a2ca6ef90527adabd4f5426947f46e,2025,Article,English,EC_EV_FINAL_SCOPE,include,verified_member_of_final_4974
EC_EV_000198,10.1161/atvbaha.115.307085,4cca64dd320e50fd586dc9230c1eccc45391b5b1961aa44eb570f3b27bb4f70b,2016,Article,English,EC_EV_FINAL_SCOPE,include,verified_member_of_final_4974
EC_EV_000199,10.1016/j.omtn.2020.05.021,67bfb1f0e842444affb97df13bf9d56841c4a7d7780c0de1984275467b1ec061,2020,Article,English,EC_EV_FINAL_SCOPE,include,verified_member_of_final_4974
EC_EV_000200,10.1038/s41390-020-1060-x,f218ea9207301715f7c0ed1db7f312ce9390db014a6896e19334331b6fb83cc4,2021,Article,English,EC_EV_FINAL_SCOPE,include,verified_member_of_final_4974
EC_EV_000201,10.1111/jcmm.17541,f5c7819a9cbe68910d33f87e3988d43ef62e284c5374054ad1b02bc669ae3994,2022,Article,English,EC_EV_FINAL_SCOPE,include,verified_member_of_final_4974
EC_EV_000202,10.3389/fmolb.2020.619697,663dbc4e48ba0a12c39bd8adf5decdf9e68f8a6884611f4ee9eebaf86ed6de66,2021,Review,English,EC_EV_FINAL_SCOPE,include,verified_member_of_final_4974
EC_EV_000203,10.1016/j.phrs.2025.107675,8f4e9af4d2fd8b1c6fcb4503a2eb85616d180cd201d7ac18e7f95fbc674051a5,2025,Article,English,EC_EV_FINAL_SCOPE,include,verified_member_of_final_4974
EC_EV_000204,10.1016/j.cej.2024.149761,8787675a842dedf9fe061e9ba41c24dbfd6cf8c08943ba907d9aa579dc4cc3e7,2024,Article,English,EC_EV_FINAL_SCOPE,include,verified_member_of_final_4974
EC_EV_000205,10.1186/s12935-025-03674-5,6e630891b967dc3b1c67ea7d3d1b84fc69fcce5077cecc6c8efcb4596b8cbd11,2025,Article,English,EC_EV_FINAL_SCOPE,include,verified_member_of_final_4974
EC_EV_000206,10.3389/fphys.2017.00666,d8dea23b38b1b952584a4d3fa6f7276b2bc127b06080a545c18c9d08b50e4379,2017,Article,English,EC_EV_FINAL_SCOPE,include,verified_member_of_final_4974
EC_EV_000207,10.1186/s41232-022-00225-7,fe5b0bf1acadf1e69640c7d9bd31b375965095950572fc41886e5ac241953814,2022,Article,English,EC_EV_FINAL_SCOPE,include,verified_member_of_final_4974
EC_EV_000208,10.1002/hed.27460,927ab5c326a3853a7a969e5dab675af51d120bb3b84d5e172ef5915095bfd2d6,2023,Article,English,EC_EV_FINAL_SCOPE,include,verified_member_of_final_4974
EC_EV_000209,10.3390/ijms241512298,b29dbdbcc943c0e1b2fe6949af73724271abe8dfdf8dae30438640f15d967b1a,2023,Review,English,EC_EV_FINAL_SCOPE,include,verified_member_of_final_4974
EC_EV_000210,10.1038/s41598-024-78717-4,6deff093801e64d1acc392742177e5bbdd8dcd6a314ecac8e97734e0cf897872,2024,Article,English,EC_EV_FINAL_SCOPE,include,verified_member_of_final_4974
EC_EV_000211,10.1016/j.actbio.2024.09.034,094826003c53add2ab944d2e85f67ed5fc5ab2afe28ee08bf9c2755a3cbaa8f5,2024,Article,English,EC_EV_FINAL_SCOPE,include,verified_member_of_final_4974
EC_EV_000212,10.3389/fcell.2019.00353,5cfbea1d6d6423686d45d3c52a763e4ac6087c2b12c54082e6155de035e30dc2,2020,Review,English,EC_EV_FINAL_SCOPE,include,verified_member_of_final_4974
EC_EV_000213,10.18240/ijo.2021.12.03,2dd08cde31ae571b1357a900daf09ca4684c8498a7a64e0a39acb0c43981611a,2021,Article,English,EC_EV_FINAL_SCOPE,include,verified_member_of_final_4974
EC_EV_000214,10.1089/dna.2020.6356,b75adcc56a56d0d999dcdd10cde70c5197a04ce798033690e707e9b26701675e,2021,Article,English,EC_EV_FINAL_SCOPE,include,verified_member_of_final_4974
EC_EV_000215,10.3390/biomedicines9081040,94185863e2754d6c8772f36786c14df9726c9cf633c07dccb9eecf5bc350bc3b,2021,Article,English,EC_EV_FINAL_SCOPE,include,verified_member_of_final_4974
EC_EV_000216,10.3389/fcimb.2019.00366,909385361fac6a513424e8b630ce7c37b6b68aa71ad9d6abf6ad682c3ddadf24,2019,Article,English,EC_EV_FINAL_SCOPE,include,verified_member_of_final_4974
EC_EV_000217,10.2337/db22-0435,419ebc364367c877a80e37d758f6439d65620d1b223111f58ac6c4fc2c01ca62,2023,Article,English,EC_EV_FINAL_SCOPE,include,verified_member_of_final_4974
EC_EV_000218,10.3390/v13061168,8b21e3e7f59690c4ea6663d20d5bb6c39b7b6d7605383325b3eb63bf7a8be0db,2021,Review,English,EC_EV_FINAL_SCOPE,include,verified_member_of_final_4974
EC_EV_000219,10.1074/jbc.m113.480822,bc9e30fccb28c0104d286df03e7be8cd78b4da6f970b34b1c2dafc913d63cf47,2013,Article,English,EC_EV_FINAL_SCOPE,include,verified_member_of_final_4974
EC_EV_000220,10.1016/j.preghy.2020.07.003,d6bf8143f47f36f09fe461d788c371a465c3cf342a238ce5ffbeebe3ae255c37,2020,Article,English,EC_EV_FINAL_SCOPE,include,verified_member_of_final_4974
EC_EV_000221,10.1002/cam4.70785,7295fab54a76942a6fc5e083d339d053c60622e3ad3a4e57ad4225d16535c91d,2025,Article,English,EC_EV_FINAL_SCOPE,include,verified_member_of_final_4974
EC_EV_000222,10.3389/fcell.2020.00755,fefce897a1f44691e6862f2f091a39b4e23a40fe4b7a4a55523cc9a8b7e33fa5,2020,Article,English,EC_EV_FINAL_SCOPE,include,verified_member_of_final_4974
EC_EV_000223,10.1063/1.5123462,646154b1544333c0ecbeae8d461fa24a79a285eb5b94476b35176374027b3f95,2019,Article,English,EC_EV_FINAL_SCOPE,include,verified_member_of_final_4974
EC_EV_000224,10.1186/s12951-023-02142-4,e846294796b3dad5ab5461a1b189d2bf1df282bfea3eacf60431f9bcba8a3fb0,2023,Article,English,EC_EV_FINAL_SCOPE,include,verified_member_of_final_4974
EC_EV_000225,10.1371/journal.pone.0152959,882b84d7c5384726b93ea49f2540ed134f557c25ce5a8151e96444c4652e04ed,2016,Article,English,EC_EV_FINAL_SCOPE,include,verified_member_of_final_4974
EC_EV_000226,10.1093/burnst/tkac037,646147e2ffe8fd6a0f2017ec900e9e952d3db66b3cd2ba172cccc5a734f71ed2,2022,Review,English,EC_EV_FINAL_SCOPE,include,verified_member_of_final_4974
EC_EV_000227,10.3892/etm.2018.6059,a32436fed9fe48248215d6371fa914b51eebc63541f00094117b19d2f6a68623,2018,Article,English,EC_EV_FINAL_SCOPE,include,verified_member_of_final_4974
EC_EV_000228,10.2353/ajpath.2007.070021,e1769bc6af439a0d4fe4180f1a27825500c77ea43a9f3417c42352ccf969c2dc,2007,Article,English,EC_EV_FINAL_SCOPE,include,verified_member_of_final_4974
EC_EV_000229,10.1111/febs.16359,27418aa323c9e6ea6212aa1b178a626b1cad2cef04631eaa113baf7f47463403,2022,Article,English,EC_EV_FINAL_SCOPE,include,verified_member_of_final_4974
EC_EV_000230,10.3390/medicina59061124,54291605e81f6bdb53d57ad63f259776a9e46a9835965a2da53b0bc00aed19cc,2023,Review,English,EC_EV_FINAL_SCOPE,include,verified_member_of_final_4974
EC_EV_000231,10.1016/j.nantod.2023.101758,0164ecaed14e4b67a41e9077fc3ef724299fe32b5128eb79e32182d1e28daa4f,2023,Article,English,EC_EV_FINAL_SCOPE,include,verified_member_of_final_4974
EC_EV_000232,10.1371/journal.pone.0159158,8e3090ed74bb4587c27dc837f01ac97a15aafce516a7bb61e7c830d40015210a,2016,Article,English,EC_EV_FINAL_SCOPE,include,verified_member_of_final_4974
EC_EV_000233,10.3390/ijms26062640,c5766a783a2780742485dcc2db58b4826532fccf099a6beb9e1b5bc8f99519a8,2025,Article,English,EC_EV_FINAL_SCOPE,include,verified_member_of_final_4974
EC_EV_000234,10.1007/s00403-024-03065-2,bb2b0225df69dd986248a2216fa5edbf3d29078480a3b09fdd4167ca6aabc6b2,2024,Article,English,EC_EV_FINAL_SCOPE,include,verified_member_of_final_4974
EC_EV_000235,10.1038/s43018-021-00272-y,59e5d83b8ac23889325689bfe9e920965063b92dfb41c6268f96ce345cee4fb7,2021,Article,English,EC_EV_FINAL_SCOPE,include,verified_member_of_final_4974
EC_EV_000236,10.1038/s41598-021-85534-6,da737fc5b26e835a90eafd0c94671d8ac17884a0108a9ead3eb34a69f9399c19,2021,Article,English,EC_EV_FINAL_SCOPE,include,verified_member_of_final_4974
EC_EV_000237,10.1016/j.placenta.2022.07.003,d2d389a01432507d198901c7289a8b81fa6da957dcd20e69ad9a7f9b69da7097,2022,Article,English,EC_EV_FINAL_SCOPE,include,verified_member_of_final_4974
EC_EV_000238,10.1691/ph.2019.9474,c77b2a61ea60e1dd6789ac55b816734fad0d5b3eb30390179f62290f547ee8c3,2019,Article,English,EC_EV_FINAL_SCOPE,include,verified_member_of_final_4974
EC_EV_000239,10.1093/cvr/cvw244,4a2eb114702de6c921dd88e433428df9ce5a2e125f5d45c6014172ed2c02d6ab,2017,Article,English,EC_EV_FINAL_SCOPE,include,verified_member_of_final_4974
EC_EV_000240,10.2147/ott.s194768,64924bfee2970428b857eb8c052520885fb07f2bf21e68a796f5400702e21fd3,2019,Article,English,EC_EV_FINAL_SCOPE,include,verified_member_of_final_4974
EC_EV_000241,10.1016/j.matdes.2024.112969,1370a226a7cbcba87b0a4175d4aefedea6f6504040424e723df6f83caee07333,2024,Article,English,EC_EV_FINAL_SCOPE,include,verified_member_of_final_4974
EC_EV_000242,10.1007/s12015-019-09891-6,bd37f5719e72d8e917e56d280aae274250d90a7f3954312e3e0a4c17a06d172c,2019,Article,English,EC_EV_FINAL_SCOPE,include,verified_member_of_final_4974
EC_EV_000243,10.1038/onc.2012.295,3fcda05e40ca7d695223705310c31d6c40a66067cd0f4c8f5004eeeb092f1f52,2013,Article,English,EC_EV_FINAL_SCOPE,include,verified_member_of_final_4974
EC_EV_000244,10.1371/journal.pone.0306775,89ee15bd985c3bf110b6e049b9045a5aaa1b2aade32a1a2b5503a457b8171a78,2024,Article,English,EC_EV_FINAL_SCOPE,include,verified_member_of_final_4974
EC_EV_000245,10.3390/life12050654,cb9710c482d5ae4fbbed14703ebda88b52a81932310e869c7f507d6c7e022fde,2022,Article,English,EC_EV_FINAL_SCOPE,include,verified_member_of_final_4974
EC_EV_000246,10.1016/j.bbrc.2016.09.078,bffdb3768ef863eeea21d07b82d5d3015f31dcc8da1d2e10c6a5f76e13767ca4,2016,Article,English,EC_EV_FINAL_SCOPE,include,verified_member_of_final_4974
EC_EV_000247,10.1016/j.ejcb.2022.151266,a62df06459e3811166d301d5281bb7f2cff753378e34e808dc4b5dbf7b0d2da5,2022,Article,English,EC_EV_FINAL_SCOPE,include,verified_member_of_final_4974
EC_EV_000248,10.1111/jcmm.70366,5ec510eb8b50851fae637ea9714aaa0b31cff1ff2f2cbf76f84bfad33c98d16b,2025,Article,English,EC_EV_FINAL_SCOPE,include,verified_member_of_final_4974
EC_EV_000249,10.1208/s12248-021-00621-w,a288a5ae5567c9f21783f67333557cdc6e2014305530f9b484926eaa971b0415,2021,Review,English,EC_EV_FINAL_SCOPE,include,verified_member_of_final_4974
EC_EV_000250,10.1002/cbin.11614,f409621f8f7669d1a86826ce084c6d3fac77c1f7d6ae766f0fba0836173ad543,2021,Article,English,EC_EV_FINAL_SCOPE,include,verified_member_of_final_4974
EC_EV_000251,10.1055/s-0037-1612623,42dc633b6031f750fddecf09d5687275c7956c13acf1372eae95df191f901eda,2018,Review,English,EC_EV_FINAL_SCOPE,include,verified_member_of_final_4974
EC_EV_000252,10.1038/s41598-020-62140-6,bb10220fec873f2b63ba1ae2e266da7b4b0691044d7f091b7178801c072b4d19,2020,Article,English,EC_EV_FINAL_SCOPE,include,verified_member_of_final_4974
EC_EV_000253,10.1016/j.lfs.2020.118749,52f5997b5a15500d7a8a261469c8a78a0b11d26fe8f7147f024a0073132876a8,2021,Article,English,EC_EV_FINAL_SCOPE,include,verified_member_of_final_4974
EC_EV_000254,10.1083/jcb.201612051,5acda5bb9b488c3db8b89625f81909844cd4c9905eac2927cc071443b328d39f,2018,Article,English,EC_EV_FINAL_SCOPE,include,verified_member_of_final_4974
EC_EV_000255,10.1016/j.reth.2025.04.020,404ae940f1aed2be0568cc903c49f386a50796675e45d4be221ca5449bbf680e,2025,Article,English,EC_EV_FINAL_SCOPE,include,verified_member_of_final_4974
EC_EV_000256,10.3390/cancers13092009,70aa910acbd8ecada661b381247f5527e9b56a2754b25b8873d7329b0f695a0a,2021,Article,English,EC_EV_FINAL_SCOPE,include,verified_member_of_final_4974
EC_EV_000257,10.1016/j.lfs.2020.118719,af19d6306a299a85583a58b8384650ae12d2d9de0bb47b0f7331815fa0b358f7,2021,Article,English,EC_EV_FINAL_SCOPE,include,verified_member_of_final_4974
EC_EV_000258,10.1042/cs20190008,8c899f4b9e7089dd49be29c01cd2b6db0b5052144f4c456b19e6360bb3c7d5b5,2019,Article,English,EC_EV_FINAL_SCOPE,include,verified_member_of_final_4974
EC_EV_000259,10.3390/cells10071675,4e0a2a6e0e3c0bfbf03dfe5a377125f329c5cd92b8290904c4b0319663c69aca,2021,Article,English,EC_EV_FINAL_SCOPE,include,verified_member_of_final_4974
EC_EV_000260,10.1021/acs.jafc.0c05698,71769a84708712a6eb22c056269060e67fe11fd2b251f0d02e71ce6db534c00c,2020,Article,English,EC_EV_FINAL_SCOPE,include,verified_member_of_final_4974
EC_EV_000261,10.7150/ijbs.85984,f1d084495d2b221a696b51ce18375bfca72ea2133e2a9bd37ad17d87e553a13b,2024,Article,English,EC_EV_FINAL_SCOPE,include,verified_member_of_final_4974
EC_EV_000262,10.3390/cancers11121946,a73072dee4b695f1adea7d5e2b34397d238eaffd7541b0e3f873d02f6862f67d,2019,Article,English,EC_EV_FINAL_SCOPE,include,verified_member_of_final_4974
EC_EV_000263,10.2174/0113892010331302240913114112,3f40b68409b4e521a23719807731aa943a67871d18465fd6cd1b810ceb8e3fb3,2025,Article,English,EC_EV_FINAL_SCOPE,include,verified_member_of_final_4974
EC_EV_000264,10.1016/j.mvr.2021.104306,931d154cb38982b486af7e9cc0599c8b5c6a59f57e8651ed1c1059765eee0554,2022,Article,English,EC_EV_FINAL_SCOPE,include,verified_member_of_final_4974
EC_EV_000265,10.1016/j.cyto.2023.156190,6229dc525244db0e7c8f9bfed8f2f29f08b7eb57f7df47a05977b7c947f41aa7,2023,Article,English,EC_EV_FINAL_SCOPE,include,verified_member_of_final_4974
EC_EV_000266,10.1073/pnas.1617601114,0228e63c4366c0977fbc43719b854192757b75a18440117ea598b7f7664e9aa3,2017,Article,English,EC_EV_FINAL_SCOPE,include,verified_member_of_final_4974
EC_EV_000267,10.3390/ijms25063305,92afac5c572cc34fa2a31f0a32656d87f911c0397d22b45aab4566c533810e49,2024,Article,English,EC_EV_FINAL_SCOPE,include,verified_member_of_final_4974
EC_EV_000268,10.1007/s11626-024-00984-2,fcf02c79b5b77ccaaf66c3d76aac9946dafef0125474f8691c78a017505c854d,2025,Article,English,EC_EV_FINAL_SCOPE,include,verified_member_of_final_4974
EC_EV_000269,10.1155/2016/2639728,c813bf9bb80da18f6a5d5d345ed77341751e1c46e9d40064c7696dd8afb329d6,2016,Article,English,EC_EV_FINAL_SCOPE,include,verified_member_of_final_4974
EC_EV_000270,10.1038/s41598-024-64263-6,d20f9ddd728e4761a0ccc3e0411d04984d5eafe93f785b34ff491668318ebe76,2024,Article,English,EC_EV_FINAL_SCOPE,include,verified_member_of_final_4974
EC_EV_000271,10.1007/s12265-022-10342-w,3383bd0358ffef00ecce31bd0c89ef7634250ced577d78d021e6411d419734c6,2023,Review,English,EC_EV_FINAL_SCOPE,include,verified_member_of_final_4974
EC_EV_000272,10.1073/pnas.1719642115,2e838b02d12a88b0e91aec2888cb3734ebd3bc60c95619c95f3ea7d550402362,2018,Article,English,EC_EV_FINAL_SCOPE,include,verified_member_of_final_4974
EC_EV_000273,10.1111/jcmm.15958,e8c86f327572ecfc8cfcd0c78a5bed0209c7b939979e5087d5f4c1ccd5e5dc17,2020,Article,English,EC_EV_FINAL_SCOPE,include,verified_member_of_final_4974
EC_EV_000274,10.3967/bes2022.116,b4f4ea26d9cbe46a07e33aa6761bf25ecf4099429746a70d9d572e83806f46be,2022,Article,English,EC_EV_FINAL_SCOPE,include,verified_member_of_final_4974
EC_EV_000275,10.1021/acsbiomaterials.2c01148,db94bf0f193e8ad1f72ebdb8866395218a193c0351250f0e97091a33681c2844,2023,Article,English,EC_EV_FINAL_SCOPE,include,verified_member_of_final_4974
EC_EV_000276,10.3390/biomedicines9111705,5522016bcb9d82b4f51532dfb8606d1d75568b809a5a951274a7624b3b59a953,2021,Article,English,EC_EV_FINAL_SCOPE,include,verified_member_of_final_4974
EC_EV_000277,10.1111/jcmm.17911,a555d5859db64ce32338575e1c9960529580cb16d9836d565aaef601f67159ba,2023,Article,English,EC_EV_FINAL_SCOPE,include,verified_member_of_final_4974
EC_EV_000278,10.1111/jth.15852,e4f9e1360ec22c61ef45322965aa447cd7244fa700d66cdd8f034aad14714d99,2022,Review,English,EC_EV_FINAL_SCOPE,include,verified_member_of_final_4974
EC_EV_000279,10.1016/j.ekir.2024.10.015,093cf530b50f972a1e196b3cbe365b56239486a71e11556792d457608525d630,2025,Article,English,EC_EV_FINAL_SCOPE,include,verified_member_of_final_4974
EC_EV_000280,10.3390/cancers12082138,2c7e29a7c51fc8130e867dcb291fb030ea4e8b3e642b484a96dd55f19caada5e,2020,Article,English,EC_EV_FINAL_SCOPE,include,verified_member_of_final_4974
EC_EV_000281,10.1088/1748-605x/acb412,26df1f90a2e1ab69870306f4d4afc675c4d984a3ad31785bcd5c903361a50e60,2023,Article,English,EC_EV_FINAL_SCOPE,include,verified_member_of_final_4974
EC_EV_000282,10.1016/j.tice.2023.102197,2e7fa12b4a23a40d3e34d4ec6eb48d190bb81b82bf5c3268e1de86a88f91bb2a,2023,Article,English,EC_EV_FINAL_SCOPE,include,verified_member_of_final_4974
EC_EV_000283,10.3390/cancers12030734,d63e5c78842aaef00ff08d8710d1212676967649be6c34b83ed53dc2efe4aebb,2020,Article,English,EC_EV_FINAL_SCOPE,include,verified_member_of_final_4974
EC_EV_000284,10.2174/011574888x272011231128073104,eeeab8b92ea7d41f477d1e236c88a67c20afe336972ce8a077e53adc4c342c11,2024,Article,English,EC_EV_FINAL_SCOPE,include,verified_member_of_final_4974
EC_EV_000285,10.1161/circresaha.124.324214,f7b45095c5d01702a185eaa9258b8a1f26ab9a99ec52c2d7983fbf36699f928b,2024,Article,English,EC_EV_FINAL_SCOPE,include,verified_member_of_final_4974
EC_EV_000286,10.3390/ijms241210197,7fb995c0cc953c6218c6dbcd710a333da3a776f21a31f5a8e1d2c82e49395708,2023,Article,English,EC_EV_FINAL_SCOPE,include,verified_member_of_final_4974
EC_EV_000287,10.3390/ijms24066002,706accde70eafa988c5a1000aedf061a1dbc7d7e1cfe4ecf52945a5bc3efdca1,2023,Article,English,EC_EV_FINAL_SCOPE,include,verified_member_of_final_4974
EC_EV_000288,10.3389/fonc.2017.00261,20c50580de5de072bd6b6eba1edc2eae0e8c7b0ab84c28bcb4929355cfb96d35,2017,Article,English,EC_EV_FINAL_SCOPE,include,verified_member_of_final_4974
EC_EV_000289,10.3892/ijmm.2017.3106,509e057f5781c7e676fdd6ec456d1affcca7e9614c305b46632e315ea07012e8,2017,Article,English,EC_EV_FINAL_SCOPE,include,verified_member_of_final_4974
EC_EV_000290,10.1002/jcp.30331,47efbc24f3ca7df51bc88074fac93d5ad82f7e15f95d4c609df7836243f68c5c,2021,Article,English,EC_EV_FINAL_SCOPE,include,verified_member_of_final_4974
EC_EV_000291,10.1002/cbin.11002,f1da617bf0b673488f1c2560852a2deaf06090083280a3d4354003da0112211a,2018,Article,English,EC_EV_FINAL_SCOPE,include,verified_member_of_final_4974
EC_EV_000292,10.1038/s41598-018-30446-1,839faa946c0338e54f3a843b1234b088bad1402d6aac800cc7a05a2d2032a0e1,2018,Article,English,EC_EV_FINAL_SCOPE,include,verified_member_of_final_4974
EC_EV_000293,10.1186/s40659-023-00418-5,e0ab022ae561ba8841e2950386fd7f09151f3605c9461331906f0e509a087b1b,2023,Article,English,EC_EV_FINAL_SCOPE,include,verified_member_of_final_4974
EC_EV_000294,10.1007/s13770-021-00383-8,343a6d3e0d738b591e7abc8399f0dd9e217c6f4471fb8ac0cc0e5ee29fe1cc8c,2021,Article,English,EC_EV_FINAL_SCOPE,include,verified_member_of_final_4974
EC_EV_000295,10.3390/ijms25073575,28486b4aad2bc2614055b277cff36e57a3b0e77712564c5d4d192b12bf11b6a2,2024,Article,English,EC_EV_FINAL_SCOPE,include,verified_member_of_final_4974
EC_EV_000296,10.1111/wrr.12708,564a4dba82e5318b3dd51fbfa67f759fa7263284d0fd145eb55755a329bae9e2,2019,Article,English,EC_EV_FINAL_SCOPE,include,verified_member_of_final_4974
EC_EV_000297,10.1177/0022034520962463,ca55812862329b649e0f1d39c8ed7e20fb30639fe3b1c4f5121aae836bd96263,2021,Article,English,EC_EV_FINAL_SCOPE,include,verified_member_of_final_4974
EC_EV_000298,10.1016/j.mtcomm.2025.111892,61adc87161d1cff910bde6f62c7dd46ef586c0ec5ba0c2137cffa313c76a50ba,2025,Article,English,EC_EV_FINAL_SCOPE,include,verified_member_of_final_4974
EC_EV_000299,10.1002/2211-5463.13650,82a481302e58f7528199709f452c671afb35d5235ee755737eb518a584d035bf,2024,Article,English,EC_EV_FINAL_SCOPE,include,verified_member_of_final_4974
EC_EV_000300,10.3389/fcvm.2020.584791,dbdf73ba682a0c4dcb0c0daa3800a9deb2747f57fcb7cbc85f26555ec99e131a,2020,Article,English,EC_EV_FINAL_SCOPE,include,verified_member_of_final_4974
EC_EV_000301,10.1021/acsinfecdis.3c00348,6c73cc56639b375b69784087fff7510e39d2b5ec123d16e18aaa67a6231f8380,2023,Article,English,EC_EV_FINAL_SCOPE,include,verified_member_of_final_4974
EC_EV_000302,10.1080/15384047.2020.1764318,0c8a60f56e27c60fade2d614dc92152c780d40b5c63c5a204b8a16f8ad99c9a9,2020,Article,English,EC_EV_FINAL_SCOPE,include,verified_member_of_final_4974
EC_EV_000303,10.1080/20013078.2020.1725285,696ef5d72243c268c6064dfd626f07dc34b4ee52a4eb54b0e4eaab7269cfac1a,2020,Article,English,EC_EV_FINAL_SCOPE,include,verified_member_of_final_4974
EC_EV_000304,10.1038/s41467-023-37832-y,1e126958628295b36d8327c19f4cb905975c65869a35e1cdb4eeef8b1d208ccc,2023,Article,English,EC_EV_FINAL_SCOPE,include,verified_member_of_final_4974
EC_EV_000305,10.1089/scd.2020.0156,319730099f9e9de380b6a29f6a7e4cdcfee004557b19b183e2f81acfc922bab7,2020,Article,English,EC_EV_FINAL_SCOPE,include,verified_member_of_final_4974
EC_EV_000306,10.1177/00033197251319597,01e9d193bf98a72c32269762c4eed9ffabeddced550de94275217e734daa3a83,2025,Review,English,EC_EV_FINAL_SCOPE,include,verified_member_of_final_4974
EC_EV_000307,10.1186/s13578-018-0263-x,48ebd6b7f3b14f1990cfe879e34d859684089680e8e63fa4295cb2390ad6fd40,2019,Article,English,EC_EV_FINAL_SCOPE,include,verified_member_of_final_4974
EC_EV_000308,10.1016/j.jshs.2021.09.009,61b1549d7a31bc2c28cfa591a92bf2c76c045f52d5ce3d21f3080e8e289ab058,2022,Article,English,EC_EV_FINAL_SCOPE,include,verified_member_of_final_4974
EC_EV_000309,10.3389/fcvm.2025.1546325,5af04469ca417af830dd645430303497abed15affa1519ea509af2bfdadb7e37,2025,Article,English,EC_EV_FINAL_SCOPE,include,verified_member_of_final_4974
EC_EV_000310,10.3390/ijms23031314,a044a5339135ebf2ae3a091243fc17869fd82be88828919140adcdc0a42f967a,2022,Article,English,EC_EV_FINAL_SCOPE,include,verified_member_of_final_4974
EC_EV_000311,10.1002/pmic.201200531,32dd4ff2ba5a308fd7c0572389bce2b6e8da577868445d2e0fedd77855261fe2,2013,Article,English,EC_EV_FINAL_SCOPE,include,verified_member_of_final_4974
EC_EV_000312,10.7150/ijbs.31605,d2690588bc95e2003ef9267220c8f10e76898aa292e64abb4a08293e98232c56,2019,Article,English,EC_EV_FINAL_SCOPE,include,verified_member_of_final_4974
EC_EV_000313,10.3892/mmr.2019.10749,ed6c62dfbf96663641be7888bf90ee742251e113cb69e017960b346ea345477d,2019,Article,English,EC_EV_FINAL_SCOPE,include,verified_member_of_final_4974
EC_EV_000314,10.1002/adhm.202402909,475f1a0ea6dfa0546e930a87faa505533ef66def05fcba512e7514a8f4755d63,2025,Article,English,EC_EV_FINAL_SCOPE,include,verified_member_of_final_4974
EC_EV_000315,10.2174/1566524023666230111163718,c11b05d55c8ca678e95d4782378551634ae4eb6b75c6c24be5b56b9e2237b2cf,2024,Article,English,EC_EV_FINAL_SCOPE,include,verified_member_of_final_4974
EC_EV_000316,10.1080/20013078.2019.1629865,73862a7206f488e99df85c572351ba7593cd4a472ebe43f90075f6c12880bbb4,2019,Article,English,EC_EV_FINAL_SCOPE,include,verified_member_of_final_4974
EC_EV_000317,10.1016/j.jtcvs.2019.06.017,5b7ebf8a42da5233f32d95714da8babd4c40ef5f4f8307ce01d638d002390347,2020,Article,English,EC_EV_FINAL_SCOPE,include,verified_member_of_final_4974
EC_EV_000318,10.1016/j.tice.2022.101922,36af213a2b2ce4d457765c91a9cd145ae9a64c42050372987f9f273e3b04dff3,2022,Article,English,EC_EV_FINAL_SCOPE,include,verified_member_of_final_4974
EC_EV_000319,10.2147/jir.s502604,07bee21ae876cc3c3533c2a1106217fc64074d89fe505d016d3103343db46189,2025,Article,English,EC_EV_FINAL_SCOPE,include,verified_member_of_final_4974
EC_EV_000320,10.3892/mmr.2021.11950,28cecb42479b623cc711693f41791385f2237283350dadd7aa2c8750030e9063,2021,Article,English,EC_EV_FINAL_SCOPE,include,verified_member_of_final_4974
EC_EV_000321,10.2174/0109298665347753241028072130,ee07533241b63317d316e95626319044b245cab2db10227a95bb5c4f147e0fba,2025,Article,English,EC_EV_FINAL_SCOPE,include,verified_member_of_final_4974
EC_EV_000322,10.1515/hsz-2019-0219,083db6db07f433dc057d962cad0701583df51f1f26f952227ad7bde28d510c40,2020,Article,English,EC_EV_FINAL_SCOPE,include,verified_member_of_final_4974
EC_EV_000323,10.1016/j.thromres.2019.09.003,ec176aae4e93a804d25a6af15adefe6e40f8d519c1c435301b486c6e80937b95,2020,Article,English,EC_EV_FINAL_SCOPE,include,verified_member_of_final_4974
EC_EV_000324,10.18632/aging.102857,2b73a500e5972de680161965652d86a6bb33a9ff3997ffa01e0e5abf95870a74,2020,Article,English,EC_EV_FINAL_SCOPE,include,verified_member_of_final_4974
EC_EV_000325,10.1113/ep087396,5c5b6f6e64ea914797071d6ef23a5c39815562a43b9cb7844ad8889da8a6f5e1,2019,Article,English,EC_EV_FINAL_SCOPE,include,verified_member_of_final_4974
EC_EV_000326,10.3390/ijms21165840,81c7cbaf005c0192606fb13b8c396eeec0e224f6fb2b51da220e9abaa00477e9,2020,Review,English,EC_EV_FINAL_SCOPE,include,verified_member_of_final_4974
EC_EV_000327,10.1007/s10557-022-07416-x,c5e97e6b20e8597667fc338a73fe8a964f9b4443fd09638c35760a9570bccad9,2024,Article,English,EC_EV_FINAL_SCOPE,include,verified_member_of_final_4974
EC_EV_000328,10.3390/antiox14010077,79863f4a1fc139156559873736d7be6acd6e91d07dac90702bc45ef183f52bbf,2025,Article,English,EC_EV_FINAL_SCOPE,include,verified_member_of_final_4974
EC_EV_000329,10.1016/j.joen.2017.12.024,8173fe881910f103fc429c1e34a78f4af78303b5e28ab379b42e7f8eec247dad,2018,Article,English,EC_EV_FINAL_SCOPE,include,verified_member_of_final_4974
EC_EV_000330,10.1016/j.celrep.2022.111948,fa986ee3465856a0c73c85c643e3ab4c1344545d068b1941758336392b371894,2023,Article,English,EC_EV_FINAL_SCOPE,include,verified_member_of_final_4974
EC_EV_000331,10.1096/fj.202301020rr,7987c0a72d897dc338f1ec7f6cabc38217d003dc9a0fe06485d777aea0efb08f,2023,Article,English,EC_EV_FINAL_SCOPE,include,verified_member_of_final_4974
EC_EV_000332,10.1249/mss.0000000000001672,a07bd12bec84225a8ff73ecd7095e80b6c3807230e595154f3343ae679f2c5ee,2018,Article,English,EC_EV_FINAL_SCOPE,include,verified_member_of_final_4974
EC_EV_000333,10.18632/oncotarget.16778,3d1e256b87a601b127b8bafe03f6c5714368b739c660984b8af906ad51d542ad,2017,Article,English,EC_EV_FINAL_SCOPE,include,verified_member_of_final_4974
EC_EV_000334,10.1371/journal.pntd.0012803,b2764afcd70a68f7ff4d667858acf07bc1717fd7dac4de6f81400084affb5263,2024,Article,English,EC_EV_FINAL_SCOPE,include,verified_member_of_final_4974
EC_EV_000335,10.3389/fimmu.2021.651109,6a0b2393914f5cd44fc0bdede19da17473ca4b0301c36ca1a545960a54264449,2021,Article,English,EC_EV_FINAL_SCOPE,include,verified_member_of_final_4974
EC_EV_000336,10.3390/ph15030365,0e21b65e778bffa1409b4fe94539befd6eafb60a0aba889b1c9649f1634165e4,2022,Article,English,EC_EV_FINAL_SCOPE,include,verified_member_of_final_4974
EC_EV_000337,10.1016/j.exer.2024.110046,1e610c92d36ec8e5bba7c30c17a10a198276c2c7b76eff402d206e6cfa98e2ae,2024,Article,English,EC_EV_FINAL_SCOPE,include,verified_member_of_final_4974
EC_EV_000338,10.1016/j.lfs.2025.123641,e7aeeb4e6a02aff60883431ba401aaee71179f5dcc25c62a179a3e24c456da96,2025,Article,English,EC_EV_FINAL_SCOPE,include,verified_member_of_final_4974
EC_EV_000339,10.1016/j.placenta.2023.04.006,65fecaaf73213a20bd651f80dde9bc966a239c4478e39e2c4271643d81a5d656,2023,Article,English,EC_EV_FINAL_SCOPE,include,verified_member_of_final_4974
EC_EV_000340,10.1016/j.cej.2024.154696,c59e2e3f1dc457b73acad5776f5b11ef20d0b612c8be40b86fb3a57b81525a54,2024,Article,English,EC_EV_FINAL_SCOPE,include,verified_member_of_final_4974
EC_EV_000341,10.3389/fimmu.2021.650522,15e9abf7d0759fea8af5165039b211d6dec6f28e3cb92451ff9ec277370dfac7,2021,Article,English,EC_EV_FINAL_SCOPE,include,verified_member_of_final_4974
EC_EV_000342,10.1007/s10565-024-09881-6,fd8afcf70175c0135f246a091240ce973bf251868a6d67a21adad0c3c4eb15c6,2024,Article,English,EC_EV_FINAL_SCOPE,include,verified_member_of_final_4974
EC_EV_000343,10.3390/ijms23063334,9c79e45210f420b4952f10daa64582bf2ad9e29e7a1a6df62dbe3b554c55b0c0,2022,Article,English,EC_EV_FINAL_SCOPE,include,verified_member_of_final_4974
EC_EV_000344,10.1016/j.gene.2024.148253,b659afd1dd47774cc23ddfd375cf6bd03dd2ce2098511fba51db000706c2bc21,2024,Article,English,EC_EV_FINAL_SCOPE,include,verified_member_of_final_4974
EC_EV_000345,10.3390/ijms21239278,7f206c0e6cb17b60e59f1a8a94009f43ccecde10048d991567ecd840afb13d90,2020,Article,English,EC_EV_FINAL_SCOPE,include,verified_member_of_final_4974
EC_EV_000346,10.1016/j.exer.2020.108271,6d32482a2ddb06290d084106b5af61c94643556607319f73e30297f596436b79,2020,Article,English,EC_EV_FINAL_SCOPE,include,verified_member_of_final_4974
EC_EV_000347,10.3390/molecules29071599,2d8f77ab96f29df0e7e123ebb9fe4c367e34eceb9b18973e9ea4577804b2387b,2024,Article,English,EC_EV_FINAL_SCOPE,include,verified_member_of_final_4974
EC_EV_000348,10.1186/s12951-022-01529-z,ab449666b00ec5575a351aa70b7214d9ebfea269241ff94cde8e9c045b063110,2022,Article,English,EC_EV_FINAL_SCOPE,include,verified_member_of_final_4974
EC_EV_000349,10.1093/carcin/bgad013,4220285da29ced3290d5389728e7321e825888b68f6cddb64cdb57c5ddd092d1,2023,Article,English,EC_EV_FINAL_SCOPE,include,verified_member_of_final_4974
EC_EV_000350,10.3390/cells10020356,184f0a3efa6ff0a68174e4aad868cbb4f05cfd39709ea507b4fe2db00ae0f486,2021,Article,English,EC_EV_FINAL_SCOPE,include,verified_member_of_final_4974
EC_EV_000351,10.1002/cbf.3583,a98fc04c1f713697f79f9747271220c4e6e20bbea617525acb6064743d373a68,2021,Article,English,EC_EV_FINAL_SCOPE,include,verified_member_of_final_4974
EC_EV_000352,10.1016/j.yexcr.2018.09.001,a1ac8c77454209c001f80beaed517e92034a95af35f3739e4aaad82673424601,2018,Article,English,EC_EV_FINAL_SCOPE,include,verified_member_of_final_4974
EC_EV_000353,10.3389/fcvm.2021.754254,e9c77fa88bd5fd8e393453006d8da66a1897d169201ace3258ff2b11a15a1dd1,2021,Article,English,EC_EV_FINAL_SCOPE,include,verified_member_of_final_4974
EC_EV_000354,10.1016/j.biopha.2019.109052,b2c1185d1a18576c66576c703813d7f0eef1fa52cc51e87e72080b8bf528afd0,2019,Article,English,EC_EV_FINAL_SCOPE,include,verified_member_of_final_4974
EC_EV_000355,10.1155/2021/9965639,91bd8804c6c38dbd68c9a7172e9d1481d5329aaf3c38629128a15ad8dfb3c8a1,2021,Article,English,EC_EV_FINAL_SCOPE,include,verified_member_of_final_4974
EC_EV_000356,10.1002/jcb.26621,704e280b8493a209daca4ddbaeb7673062a8ccef7de69de93077c9803889c302,2018,Article,English,EC_EV_FINAL_SCOPE,include,verified_member_of_final_4974
EC_EV_000357,10.1002/cbin.11938,13ccedb1a6d973d15d1e5058ad31ad749bd29fc64c7b10808db861bdeed4085d,2023,Article,English,EC_EV_FINAL_SCOPE,include,verified_member_of_final_4974
EC_EV_000358,10.1016/j.biopha.2020.110756,c7f9736a0905841d504fbd56eeddb9c27271f4c068a67080cf7d2bd55f796c2c,2020,Article,English,EC_EV_FINAL_SCOPE,include,verified_member_of_final_4974
EC_EV_000359,10.1161/hypertensionaha.120.16884,1dd757f3cecb5e11b67883c9f2309a5fc7d24ec27cc0b36b7f23e758c44bb9ab,2021,Article,English,EC_EV_FINAL_SCOPE,include,verified_member_of_final_4974
EC_EV_000360,10.1111/liv.15773,e2854e2378add423c621d40e74a696d24e72f5f831760ed833222941686a8568,2024,Article,English,EC_EV_FINAL_SCOPE,include,verified_member_of_final_4974
EC_EV_000361,10.1007/s13577-022-00732-2,e3c2df748059dde544e05fe6f9dcdc018f03335c5c6ad7e9dc534f0d66df10b8,2022,Article,English,EC_EV_FINAL_SCOPE,include,verified_member_of_final_4974
EC_EV_000362,10.1080/08958378.2024.2356839,5440af202003b6bd1eaef525094e98684d70f3f7d9857bf76549c96d6fb38480,2024,Article,English,EC_EV_FINAL_SCOPE,include,verified_member_of_final_4974
EC_EV_000363,10.1038/s41598-024-79692-6,f84d8544cc242e701c8c81057be26a7edcf9290fd1c55c5c2a0f51ddbe76aa7e,2024,Article,English,EC_EV_FINAL_SCOPE,include,verified_member_of_final_4974
EC_EV_000364,10.1002/adhm.202100334,47446d81ac257e45a8473efc37857c4f53e20cbfc9945ed56a1b119cde9477a2,2022,Article,English,EC_EV_FINAL_SCOPE,include,verified_member_of_final_4974
EC_EV_000365,10.1111/imr.12830,0d05981a82cb3a24f0c1d6001b98a2b90e76a8b1dd1f53e6d1645425815a8487,2020,Review,English,EC_EV_FINAL_SCOPE,include,verified_member_of_final_4974
EC_EV_000366,10.1186/s13287-019-1417-4,5a09c7cc894c8b375bdb7fbc7e045a4f8b7742ee6a12b815b724da578b729aca,2019,Article,English,EC_EV_FINAL_SCOPE,include,verified_member_of_final_4974
EC_EV_000367,10.1002/jbt.22767,846a2b45459a912a719b5b80ee61083c5e6af02a6bf31cd75bc9880bf64f4fe5,2021,Article,English,EC_EV_FINAL_SCOPE,include,verified_member_of_final_4974
EC_EV_000368,10.3390/ijms22168877,94435884a556f9c0cc0f9058b4f4ce0e07b560d2f8db2b83920a2e5b99dbd5b4,2021,Article,English,EC_EV_FINAL_SCOPE,include,verified_member_of_final_4974
EC_EV_000369,10.1007/s11427-022-2328-x,146a73f0ac9b75b5d1bbd2eba7bccce391bde2ab98156800b96ca77cbd75daa8,2024,Article,English,EC_EV_FINAL_SCOPE,include,verified_member_of_final_4974
EC_EV_000370,10.1186/s10020-022-00575-5,e3c264f46516151237d24923d09ca0a30bae48b5440ce3474cf80310c49c17c9,2022,Article,English,EC_EV_FINAL_SCOPE,include,verified_member_of_final_4974
EC_EV_000371,10.1186/s12951-024-03002-5,91e10417cba4197f6efe477602b651b63464feec3996358b598330f29d771d41,2024,Article,English,EC_EV_FINAL_SCOPE,include,verified_member_of_final_4974
EC_EV_000372,10.1186/s12964-019-0474-8,b676fd595d398cb75e9db389310b73545072856278c174663650b7e14084f640,2019,Article,English,EC_EV_FINAL_SCOPE,include,verified_member_of_final_4974
EC_EV_000373,10.1016/j.bbadis.2018.01.032,91d5928ad81d13d6b3b343e19e8d1ac3e227d8aa3a77cb70f83be1a6e5b7de5d,2018,Article,English,EC_EV_FINAL_SCOPE,include,verified_member_of_final_4974
EC_EV_000374,10.1016/j.jot.2022.08.004,f595fd692e18d1ab6580937f09e8d64a312b00d77029203286da6ec79311e006,2022,Article,English,EC_EV_FINAL_SCOPE,include,verified_member_of_final_4974
EC_EV_000375,10.32604/biocell.2023.044177,6c75e96e2043ba494bdad5e051ea86fef5aebba4a063347d8d4624d3c8dfb59d,2023,Article,English,EC_EV_FINAL_SCOPE,include,verified_member_of_final_4974
EC_EV_000376,10.1042/bsr20203258,948e010cc41d9afeb89c87bfb4a23c64101f5a9154d1a2615da3b3e112bc5776,2021,Review,English,EC_EV_FINAL_SCOPE,include,verified_member_of_final_4974
EC_EV_000377,10.1016/j.leukres.2021.106566,529d29729d8af97fd91705dc0ca2bff90de77a6676f7efd0aec09cb0c3177d88,2021,Article,English,EC_EV_FINAL_SCOPE,include,verified_member_of_final_4974
EC_EV_000378,10.1016/j.bbamem.2017.01.013,c045d97b156370b9896624c6ad3c93c32582a393de577d2ca31419b70c7a6dc6,2017,Article,English,EC_EV_FINAL_SCOPE,include,verified_member_of_final_4974
EC_EV_000379,10.1016/j.aanat.2018.04.001,a538f51e96d429d96ecc25c2b7c3f5779c31e026a90f814eb95848dc2903335e,2018,Article,English,EC_EV_FINAL_SCOPE,include,verified_member_of_final_4974
EC_EV_000380,10.1155/2022/4460041,c94efb331f05533fe4d72e82a8a090d6905da7262a5dd9352e4411b852d9f813,2022,Review,English,EC_EV_FINAL_SCOPE,include,verified_member_of_final_4974
EC_EV_000381,10.1038/s41417-023-00627-w,d5b4ed11404d30dbefbb7418e0430866aa0cc2a5d167631652871f7f043af665,2023,Article,English,EC_EV_FINAL_SCOPE,include,verified_member_of_final_4974
EC_EV_000382,10.1590/1678-7757-2022-0427,3969afcfe8d150d5e3b0b7a3fabf765c67bc77c1de412d64de881905d7d56b5a,2023,Article,English,EC_EV_FINAL_SCOPE,include,verified_member_of_final_4974
EC_EV_000383,10.1038/ki.2012.105,dcdb225dd3082c14026073526bc2d2cf79ada61d272cf63a636791571a81ecb0,2012,Article,English,EC_EV_FINAL_SCOPE,include,verified_member_of_final_4974
EC_EV_000384,10.1021/acs.molpharmaceut.4c00911,4f326ae535272ba2635b5f35e1f5e747da41fad92bcd1180db95f292aab9add5,2024,Article,English,EC_EV_FINAL_SCOPE,include,verified_member_of_final_4974
EC_EV_000385,10.1016/j.yexcr.2013.03.026,a359482df1ea6d8f9afc7e17c879bb1787cb82c606b9b47491134f95acfe5be1,2013,Review,English,EC_EV_FINAL_SCOPE,include,verified_member_of_final_4974
EC_EV_000386,10.1016/j.bioactmat.2023.10.020,0c82e87db615c88ae87c7970199a1b8df00b26d73318ab8c695d7b7f5bb326a4,2024,Article,English,EC_EV_FINAL_SCOPE,include,verified_member_of_final_4974
EC_EV_000387,10.1016/j.nbd.2023.106264,fca74b7cdbfce062deafb98cf541dd96209f56411922cab5e0cd9c1936bc1387,2023,Article,English,EC_EV_FINAL_SCOPE,include,verified_member_of_final_4974
EC_EV_000388,10.7150/thno.48562,1015aea8da180482bb62163bd550e4d4b64a18226654002185808a91e7e71807,2020,Article,English,EC_EV_FINAL_SCOPE,include,verified_member_of_final_4974
EC_EV_000389,10.1002/smll.202308688,1271638340d2d43c8dcec423f156f2002e52439996722de7ba60d294f25793a4,2024,Article,English,EC_EV_FINAL_SCOPE,include,verified_member_of_final_4974
EC_EV_000390,10.1161/jaha.121.021119,ab4997e30ff71c582f69d8542ee5d854c796d94d0fb94163cbc961bf37f03b21,2021,Article,English,EC_EV_FINAL_SCOPE,include,verified_member_of_final_4974
EC_EV_000391,10.1111/jcmm.70382,8438d087e6d020ae4607f1a6f85c524e2be8debeb07f9c21fb3ac4439167962a,2025,Article,English,EC_EV_FINAL_SCOPE,include,verified_member_of_final_4974
EC_EV_000392,10.1080/20013078.2020.1801153,e4e9fda4deb22e65c482baf58093313d911795aecb08f1e8a81705b7631d9e97,2020,Article,English,EC_EV_FINAL_SCOPE,include,verified_member_of_final_4974
EC_EV_000393,10.1186/s13287-020-02015-9,e748b86c880caca45a5a25c5a0ff4b8f1ccfb7ec6f63229a48d1c1aef4465bf9,2020,Article,English,EC_EV_FINAL_SCOPE,include,verified_member_of_final_4974
EC_EV_000394,10.7150/jca.25370,ab2b98849fb030635f4e48d7e8c65d51f5667c8d6b41f8b1570ccad180c46730,2018,Article,English,EC_EV_FINAL_SCOPE,include,verified_member_of_final_4974
EC_EV_000395,10.3389/fsurg.2022.1065172,49c0412aa94671c92d6fd3043e9014ba46bc17ed7e8e91754760cd362a639fe9,2022,Article,English,EC_EV_FINAL_SCOPE,include,verified_member_of_final_4974
EC_EV_000396,10.1080/15384101.2019.1642068,e81abfa173fbb43779bc69ad73a550ebacd492ca165f250b3ab639a3a7fe925b,2019,Article,English,EC_EV_FINAL_SCOPE,include,verified_member_of_final_4974
EC_EV_000397,10.1161/circresaha.124.325673,77c8970915ffaf16d881737b0490876a714c236542d0b7bd18f7e850b1559e5b,2025,Article,English,EC_EV_FINAL_SCOPE,include,verified_member_of_final_4974
EC_EV_000398,10.1186/s12951-023-02076-x,4f88f4830a0c24a6fb7cd0449ff2a571b928d34b2886f51542676debc9e92917,2023,Article,English,EC_EV_FINAL_SCOPE,include,verified_member_of_final_4974
EC_EV_000399,10.1161/jaha.118.011134,ca880bcd67a45e2f9ba78192570073375935c3deb21662b1e165d9f0e9db7a09,2019,Article,English,EC_EV_FINAL_SCOPE,include,verified_member_of_final_4974
EC_EV_000400,10.1155/2019/6240505,1abbfa24629d09363e9bef8af811be749b9d5fb9729f7503560be2e2c955674e,2019,Review,English,EC_EV_FINAL_SCOPE,include,verified_member_of_final_4974
EC_EV_000401,10.3389/fphar.2022.857331,da1289dfde8531ef6a7631b8e8b40152cbfd8a532d42cf2e3595254053c147a1,2022,Review,English,EC_EV_FINAL_SCOPE,include,verified_member_of_final_4974
EC_EV_000402,10.21037/atm.2019.05.10,7d8f8135c934716457cd2abf722bb68f5266d706bc6421ba6fb1da379c0f1149,2019,Article,English,EC_EV_FINAL_SCOPE,include,verified_member_of_final_4974
EC_EV_000403,10.1002/adhm.202403521,4d02d3a16826b7f968e81fe82e1d5997b0de0ee9e33e269fb93ad4e1de4f73e4,2025,Article,English,EC_EV_FINAL_SCOPE,include,verified_member_of_final_4974
EC_EV_000404,10.1186/s12951-023-02110-y,ef304e6a896c9cd406d3ea3f06d1b2e5b2d48f298888aca968bd50387efdea95,2023,Article,English,EC_EV_FINAL_SCOPE,include,verified_member_of_final_4974
EC_EV_000405,10.3389/fcvm.2022.922790,6ff07bcbdcb8f4232d33fa2f90d6f735ed352c40bca341034939f1a878a6c9e6,2022,Article,English,EC_EV_FINAL_SCOPE,include,verified_member_of_final_4974
EC_EV_000406,10.1038/s41419-021-04037-4,b1ce8422503f2ae0cbb9b699cd1fd0d75380649e563cc48b6a347922d6fb4691,2021,Article,English,EC_EV_FINAL_SCOPE,include,verified_member_of_final_4974
EC_EV_000407,10.1038/s41427-021-00340-w,f9aed7d01650accfd90c602ed93b065b13a2692dfc8c993b4178ce090c9bc662,2021,Article,English,EC_EV_FINAL_SCOPE,include,verified_member_of_final_4974
EC_EV_000408,10.3892/ol.2024.14215,5d876bee63c0445f87ed0deb360bc36ffc8672725d92ff53f4c477e7d5dbfb6b,2024,Review,English,EC_EV_FINAL_SCOPE,include,verified_member_of_final_4974
EC_EV_000409,10.1093/cvr/cvaa219,224fbe98a49805d9f0b41f1106c8ceaf2aea18ad868e7387de216a13d7c3100d,2021,Article,English,EC_EV_FINAL_SCOPE,include,verified_member_of_final_4974
EC_EV_000410,10.3389/fgene.2021.719312,0eee0cb829981dd37913d533de6c794698d8087608b377246cb976d6bced3764,2021,Article,English,EC_EV_FINAL_SCOPE,include,verified_member_of_final_4974
EC_EV_000411,10.3390/cancers15113045,e23c8c38ec708aff9e348a3949ea12ced137ae8bacad44cb5e40528c09274837,2023,Article,English,EC_EV_FINAL_SCOPE,include,verified_member_of_final_4974
EC_EV_000412,10.1016/j.bbamcr.2024.119844,310c510a216083ef237111d5c3931a5e6a664be10f83e220397a83b54c7b46b4,2024,Article,English,EC_EV_FINAL_SCOPE,include,verified_member_of_final_4974
EC_EV_000413,10.1016/j.thromres.2017.04.016,2d42c112393d187f5358aed70d020163b89cc78b5c91a9444df5a4c09881de29,2017,Article,English,EC_EV_FINAL_SCOPE,include,verified_member_of_final_4974
EC_EV_000414,10.3390/pharmaceutics14040736,e97787d06fb27499eb1693540e33be571ce6a540161dd35f44fb55e0509d1cdb,2022,Article,English,EC_EV_FINAL_SCOPE,include,verified_member_of_final_4974
EC_EV_000415,10.1186/s13046-024-02991-3,0869214033795044b29465e835d59f4b471225466dc395f97406282b038dc6e6,2024,Article,English,EC_EV_FINAL_SCOPE,include,verified_member_of_final_4974
EC_EV_000416,10.3390/ijms22084108,029684de0a46ba7078961cdac3cea64a009f7f0cf3dccac59d3a905be5dcf830,2021,Review,English,EC_EV_FINAL_SCOPE,include,verified_member_of_final_4974
EC_EV_000417,10.3390/polym14040697,5c361dabfe935b8b48c268e15454fbd9d6d167535dbf27237586e3ecc0f325cb,2022,Article,English,EC_EV_FINAL_SCOPE,include,verified_member_of_final_4974
EC_EV_000418,10.1007/s12031-018-1071-9,1b9e251ded22b507691e9caf3fb8e24b091fbdfe1fdece6dfdbf7cf5fe7e0a81,2018,Article,English,EC_EV_FINAL_SCOPE,include,verified_member_of_final_4974
EC_EV_000419,10.3390/ijms26062380,a3de4b4784d5dd3bce7f506221684eb31fb362118d030c5a7c30a44b55bf5c7e,2025,Article,English,EC_EV_FINAL_SCOPE,include,verified_member_of_final_4974
EC_EV_000420,10.1002/advs.201700278,2d75b3317b5d415fb88708d6625fd2a101c7f58c4e729ba0846b4cc957441525,2017,Article,English,EC_EV_FINAL_SCOPE,include,verified_member_of_final_4974
EC_EV_000421,10.1186/s12974-025-03382-x,7ed83e01eaacd80ddd139d425818de77b8495b3ac4b349c49f1131935e526095,2025,Article,English,EC_EV_FINAL_SCOPE,include,verified_member_of_final_4974
EC_EV_000422,10.1007/s00592-022-01910-2,bbdfa1b1f58ffa811549fea9c4e78eb6eb36816ba6eae4e14096fd815929a5f8,2022,Article,English,EC_EV_FINAL_SCOPE,include,verified_member_of_final_4974
EC_EV_000423,10.1016/j.cej.2024.159078,df03265173bba4084ae31cab43e28f2b2cc15e12f17b199725ce93ad285cc64e,2025,Article,English,EC_EV_FINAL_SCOPE,include,verified_member_of_final_4974
EC_EV_000424,10.1007/s00018-024-05342-9,520ccb3295d649deb5c9a85455858b2e1408ef944f4fac98837d2c01b2f73d44,2024,Article,English,EC_EV_FINAL_SCOPE,include,verified_member_of_final_4974
EC_EV_000425,10.1186/s13287-021-02475-7,ff452a86cd52b1cb573011155dc68e8cbf12b272888293342d3546e79375102b,2021,Article,English,EC_EV_FINAL_SCOPE,include,verified_member_of_final_4974
EC_EV_000426,10.1186/s13287-022-02850-y,7ce3397348bc3a3d91a418099d4e07473fbebe1bad2cf009b78fda252dafcb8c,2022,Article,English,EC_EV_FINAL_SCOPE,include,verified_member_of_final_4974
EC_EV_000427,,90db2168b23829e160f8678f01b151d8320a809553f6a2b44083002edcc6d0fb,2007,Article,English,EC_EV_FINAL_SCOPE,include,verified_member_of_final_4974
EC_EV_000428,10.1113/ep089423,9d24118ad5cdf2e18cb62531a96e3df38f64a5ee7cd3183c0d8ea67efb526b9d,2021,Article,English,EC_EV_FINAL_SCOPE,include,verified_member_of_final_4974
EC_EV_000429,10.3389/fimmu.2018.01789,2c5c4949c95afd07a693f2e300dc18d13340571556faed52169f82daee097965,2018,Article,English,EC_EV_FINAL_SCOPE,include,verified_member_of_final_4974
EC_EV_000430,10.14336/ad.2020.0624,e81a218de3283122e6f7cf09bd14930b9e71c67dcd868ca7f5c957e0632378b9,2021,Article,English,EC_EV_FINAL_SCOPE,include,verified_member_of_final_4974
EC_EV_000431,10.1111/sji.13354,1e6b8fd735f122a37bfc18d82743a0d0433f5dafd7fdbf36d50589e1d4a4477e,2024,Article,English,EC_EV_FINAL_SCOPE,include,verified_member_of_final_4974
EC_EV_000432,10.1007/s00424-016-1926-2,f9046263401a15639c7ff1e1d33d59012c60d427ff745099714eea1966732ad3,2017,Article,English,EC_EV_FINAL_SCOPE,include,verified_member_of_final_4974
EC_EV_000433,10.1007/s10753-024-01967-x,0f4d36cd0104c735058df496900b199170a1c4c986186e999bef4423578cf292,2024,Article,English,EC_EV_FINAL_SCOPE,include,verified_member_of_final_4974
EC_EV_000434,10.1038/s41598-018-34557-7,72eceeae5c90492b122b9b8bf380741dc93d97fc944194c43528c66a859c93df,2018,Article,English,EC_EV_FINAL_SCOPE,include,verified_member_of_final_4974
EC_EV_000435,10.1002/adfm.202315274,4999dcdbd4887eff748d21b2c1b93d98074dea0c05e6f63d9b171d434d851b33,2024,Article,English,EC_EV_FINAL_SCOPE,include,verified_member_of_final_4974
EC_EV_000436,10.1016/j.omtn.2020.10.037,d3e342e4ff24d00be3967505a2b3dc2ddeb608fd6b7744ff8a56f676b0d85bd2,2021,Article,English,EC_EV_FINAL_SCOPE,include,verified_member_of_final_4974
EC_EV_000437,10.1016/j.ajt.2023.04.006,0ae64613ac798d076e900604066d3213a902d8b06b2001abde5c7928ce47a905,2023,Article,English,EC_EV_FINAL_SCOPE,include,verified_member_of_final_4974
EC_EV_000438,10.1016/j.neulet.2020.135399,ea51dd2b646d1c331e7cf171761d695334aaac39fafd26e87720cf8734335cb3,2020,Article,English,EC_EV_FINAL_SCOPE,include,verified_member_of_final_4974
EC_EV_000439,10.1536/ihj.20-641,ef382f9c9a65f15ec04080944c3156d8adcacd8c565f694b4256508d32ed4aeb,2021,Article,English,EC_EV_FINAL_SCOPE,include,verified_member_of_final_4974
EC_EV_000440,10.1155/ancp/8890200,2ad4fa0b056f14be4da3c1ddca107a6c1e89c349f6403f53ad69d524defbb5ee,2025,Article,English,EC_EV_FINAL_SCOPE,include,verified_member_of_final_4974
EC_EV_000441,10.1038/s41419-021-04069-w,541e1a46598eb003d6271a5e94a187baf8b28d1d93d745bb9d49dc51910a41ce,2021,Article,English,EC_EV_FINAL_SCOPE,include,verified_member_of_final_4974
EC_EV_000442,10.1172/jci138986,2c51c2665f7ae7a624f0478a435e09d6e8a4d6a03a75e46a0fcdb00d68332838,2021,Article,English,EC_EV_FINAL_SCOPE,include,verified_member_of_final_4974
EC_EV_000443,10.3390/ijms20020406,fdd5cc457bfb786e2780c5bc761a2c28d56f43f63e9e2ca1b3b05254adc5a5c6,2019,Review,English,EC_EV_FINAL_SCOPE,include,verified_member_of_final_4974
EC_EV_000444,10.1016/j.ejphar.2020.172977,73a7de94667bbad0f066154dc90c1cb5eabe2a76a7c7fb4f9f900e80736ae4f5,2020,Article,English,EC_EV_FINAL_SCOPE,include,verified_member_of_final_4974
EC_EV_000445,10.1016/j.bbamem.2018.10.013,41f46dede479130c2ef87cab8e7bd91edd0327382e27f0c8421c61fb43d91995,2019,Article,English,EC_EV_FINAL_SCOPE,include,verified_member_of_final_4974
EC_EV_000446,,dd281780f83f1e47f6421739d1936b2d4aa20904aefd5efaa8a42d2697d64058,2021,Article,English,EC_EV_FINAL_SCOPE,include,verified_member_of_final_4974
EC_EV_000447,10.1177/03946320241234736,75b8d3b217efeef27798fa18117e750cd006f0df4f0892abd26ef38e9c622a46,2024,Article,English,EC_EV_FINAL_SCOPE,include,verified_member_of_final_4974
EC_EV_000448,10.1111/cns.13455,4c62c89eb7d982de887d4c63367fbb130f45405e4455cf5699dc63cef56e949e,2020,Article,English,EC_EV_FINAL_SCOPE,include,verified_member_of_final_4974
EC_EV_000449,10.1371/journal.pone.0032765,d18e690ecbc14707898d4e3749093bb33719f5383a2d6430c944f0517d5e96a9,2012,Article,English,EC_EV_FINAL_SCOPE,include,verified_member_of_final_4974
EC_EV_000450,10.1097/sap.0000000000003266,ab5de054ac8b68ec5905818a33b23db778e607cd1d765b48b5f65953af91be55,2022,Article,English,EC_EV_FINAL_SCOPE,include,verified_member_of_final_4974
EC_EV_000451,10.5483/bmbrep.2009.42.2.106,99a5a79628675d86ed7c44b716fa8f22e6b431ed3fcd4a9259083894821c40e3,2009,Article,English,EC_EV_FINAL_SCOPE,include,verified_member_of_final_4974
EC_EV_000452,10.1152/japplphysiol.00816.2019,86a4226eae344a561de84f27a59e0571d652975e8517b9b1244b66e84ac9de7f,2020,Article,English,EC_EV_FINAL_SCOPE,include,verified_member_of_final_4974
EC_EV_000453,10.1096/fj.202001114r,3d5cb1ad93f81e0c12ee7fa1f9d118c7b0f37b47802489c3fa8a11ed0fd54330,2020,Article,English,EC_EV_FINAL_SCOPE,include,verified_member_of_final_4974
EC_EV_000454,10.1016/j.trsl.2024.03.003,f39f180ed18d7b6ab85a1ab96fb6a6b8e74959728573d9078ccec562133f99e8,2024,Article,English,EC_EV_FINAL_SCOPE,include,verified_member_of_final_4974
EC_EV_000455,10.1515/oncologie-2024-0198,cd7d5264daa2c798f07f9e83cfe75ec2db4159b1319b0ea73545837545db91f7,2024,Article,English,EC_EV_FINAL_SCOPE,include,verified_member_of_final_4974
EC_EV_000456,10.1007/s12015-023-10591-5,eac13e0dfa78d6cb8e62445293d23f06570b8176fa206cf667b14d988a70491e,2023,Article,English,EC_EV_FINAL_SCOPE,include,verified_member_of_final_4974
EC_EV_000457,10.1007/s12265-020-10040-5,424f78ccf24268afa1458ad0032115186618121133b046dd98e1bdf03aa93ad2,2021,Review,English,EC_EV_FINAL_SCOPE,include,verified_member_of_final_4974
EC_EV_000458,10.1161/circresaha.119.315829,b5cadbdace358cf2a9d190731e8ab53a3f99e4e49f5493d4e0de926fd6db036f,2020,Article,English,EC_EV_FINAL_SCOPE,include,verified_member_of_final_4974
EC_EV_000459,10.1161/strokeaha.120.032297,095195284ea17a64d2f2a4b88fa5a31459982b6a53bd0eadb2f6c635680ea669,2021,Article,English,EC_EV_FINAL_SCOPE,include,verified_member_of_final_4974
EC_EV_000460,10.1016/j.omto.2019.10.006,a661837df3f21cdb5754b083a1b2fa8eed7f23190da54f8d21e11cd52481849d,2019,Article,English,EC_EV_FINAL_SCOPE,include,verified_member_of_final_4974
EC_EV_000461,10.1155/2023/8812742,30b33ae39ba0ac1540ba6d92b05bac01c5c2c9d9136f301c2056438102d111be,2023,Article,English,EC_EV_FINAL_SCOPE,include,verified_member_of_final_4974
EC_EV_000462,10.1159/000496796,ed76e1b588a990c54e5b839e986459b4ee99c1bec90f04617a28b71479011c7f,2019,Article,English,EC_EV_FINAL_SCOPE,include,verified_member_of_final_4974
EC_EV_000463,10.1038/srep40548,e0ca765e80bdfd5fd5eb8ef8885a4a8914d561e92257d6fb48841b28ba715ed3,2017,Article,English,EC_EV_FINAL_SCOPE,include,verified_member_of_final_4974
EC_EV_000464,10.1186/s13046-020-1529-9,d0276ef6f413d04cd268b346a0b3a1dd9c3416b3c8d2894ece81c2fdf11afd8f,2020,Article,English,EC_EV_FINAL_SCOPE,include,verified_member_of_final_4974
EC_EV_000465,10.1186/s11658-022-00372-2,6498c397833bd6afc19377688ba6b8bf3796e3d5a73ebb9ec2a25ef0813304da,2022,Article,English,EC_EV_FINAL_SCOPE,include,verified_member_of_final_4974
EC_EV_000466,10.1016/j.neuroscience.2021.08.026,23059267545e0bfe8b13c5e3fdabc67dff90447f3e905a0248958aa99688ac0f,2021,Article,English,EC_EV_FINAL_SCOPE,include,verified_member_of_final_4974
EC_EV_000467,10.1111/cns.14103,f220259e887d76b9a3809ab8f72b9107f6081dcbf837d9f99adbefb0c4b00e06,2023,Article,English,EC_EV_FINAL_SCOPE,include,verified_member_of_final_4974
EC_EV_000468,10.1007/s10456-014-9435-4,274312600dbf31f8d3e904ea426053db35b77bb53e98cf44429df444c7211d56,2014,Article,English,EC_EV_FINAL_SCOPE,include,verified_member_of_final_4974
EC_EV_000469,10.1021/acsnano.3c11050,8cb59e25b16f83f1b2329e94bbc7212e29eeaf20f3966e628b3e2b071b986ee5,2024,Article,English,EC_EV_FINAL_SCOPE,include,verified_member_of_final_4974
EC_EV_000470,10.1186/s13287-022-02766-7,b7b125dfae2c0f019a917030e112284b07f2439d0a4e324df24b547dc49d274a,2022,Article,English,EC_EV_FINAL_SCOPE,include,verified_member_of_final_4974
EC_EV_000471,10.1155/2023/5509652,e3dec2c5ad1a9632c73ed0da4fac5ab5d7537c558bf4b9388ea912c63ff8d360,2023,Review,English,EC_EV_FINAL_SCOPE,include,verified_member_of_final_4974
EC_EV_000472,10.1186/s12967-020-02652-x,7fb1c7247b83928f4ecd3ac4697f3b0eb00c062769c5cb16a07891cf09109539,2021,Article,English,EC_EV_FINAL_SCOPE,include,verified_member_of_final_4974
EC_EV_000473,10.3389/fcell.2021.633358,d15ecd33d136d682f8a186eb84f3ac64aa9e91e3873984d1bdbfce903a305dce,2021,Article,English,EC_EV_FINAL_SCOPE,include,verified_member_of_final_4974
EC_EV_000474,10.3390/ijms19123878,7f6b445642711e59b034eed881f60645105f7081a648b0f58e24a59652fc0b3d,2018,Article,English,EC_EV_FINAL_SCOPE,include,verified_member_of_final_4974
EC_EV_000475,10.1080/20013078.2020.1722385,4da79c4e1fc423c86d71286391d89d82c5b1dd1dbfbf0f1047ba9395b6439a68,2020,Article,English,EC_EV_FINAL_SCOPE,include,verified_member_of_final_4974
EC_EV_000476,10.1002/biof.1665,40e332f957ebf13bfbfb359018457f7388278ee3be167974fc05c68bc5737a9e,2020,Article,English,EC_EV_FINAL_SCOPE,include,verified_member_of_final_4974
EC_EV_000477,10.1155/2020/4213541,0e745e83b6ecb5f80a7442803896284f7e3aa0a43eae5ea900c3023cd5ed23fd,2020,Article,English,EC_EV_FINAL_SCOPE,include,verified_member_of_final_4974
EC_EV_000478,10.1016/j.biopha.2022.113463,9c539743c103ee66ee4078580096a7bb87c33a0a270137523a0c8ee33af60d66,2022,Article,English,EC_EV_FINAL_SCOPE,include,verified_member_of_final_4974
EC_EV_000479,10.3389/fbioe.2022.913791,f0e490ddb26a8ecb706a504a47a384299b2b6bc0e218c0999b763178947e23a6,2022,Article,English,EC_EV_FINAL_SCOPE,include,verified_member_of_final_4974
EC_EV_000480,10.1111/jcmm.15989,11b0f59b260bce2ba5ebf2c18c1e346c3c91275b55512d3c694b5e6c3e54c32e,2020,Article,English,EC_EV_FINAL_SCOPE,include,verified_member_of_final_4974
EC_EV_000481,10.3389/fphar.2023.1143888,d63dd2dd652e111c3d1b3def05243909b5a001c2efbafb86ffe15fe53d16f8b2,2023,Article,English,EC_EV_FINAL_SCOPE,include,verified_member_of_final_4974
EC_EV_000482,10.3390/ph17121568,71f92fa5632ea0234923c666224ab3f2780ed131b9b495d336f8f136cd16f507,2024,Article,English,EC_EV_FINAL_SCOPE,include,verified_member_of_final_4974
EC_EV_000483,10.1155/2020/1289380,cf943c0bf37f40e8543716f4766d3873c087fb399968c27c869d38d72beb53f3,2020,Article,English,EC_EV_FINAL_SCOPE,include,verified_member_of_final_4974
EC_EV_000484,10.2217/nnm-2018-0143,75288498dbaa585119844eb7e8d95d3309efbb834ad4a4ef9d9a95ce39608851,2018,Article,English,EC_EV_FINAL_SCOPE,include,verified_member_of_final_4974
EC_EV_000485,10.1186/s13287-020-01978-z,9fd7e63d358929d7bd64a658b23c3ebf275b5f4021c054b973791c8611fa54be,2020,Article,English,EC_EV_FINAL_SCOPE,include,verified_member_of_final_4974
EC_EV_000486,10.1186/s12951-020-00624-3,4acb29596d6ecdecfd96dec2fb1bf443c7d39be0ad8b348f937efa5a955f4d1d,2020,Article,English,EC_EV_FINAL_SCOPE,include,verified_member_of_final_4974
EC_EV_000487,10.1186/s10020-021-00338-8,69368b312c6a4e6cb890ebdabf9a1cc7e7c5c903ada3b8cba8a4af612431821c,2021,Article,English,EC_EV_FINAL_SCOPE,include,verified_member_of_final_4974
EC_EV_000488,10.1016/j.mtbio.2023.100863,e8d2224aee377524cdd4cc333c86bf7905de5f444834cdcb4a0eabdaa992a995,2023,Article,English,EC_EV_FINAL_SCOPE,include,verified_member_of_final_4974
EC_EV_000489,10.1111/jcmm.16037,9a8b24b0abbb1591107b7f8532386ff6f1b0b089e33f744febbe170d778d3506,2021,Article,English,EC_EV_FINAL_SCOPE,include,verified_member_of_final_4974
EC_EV_000490,10.3390/ijms22020597,6238e391066b9bdc921a2a5902db30383ebfc59d0052676de4b8058d6d666c02,2021,Article,English,EC_EV_FINAL_SCOPE,include,verified_member_of_final_4974
EC_EV_000491,10.1186/s13046-019-1384-8,14f5a17a481996b6df59b10d964e9bdb01b3d72241b9c2e74dfc0889ef23dd47,2019,Article,English,EC_EV_FINAL_SCOPE,include,verified_member_of_final_4974
EC_EV_000492,10.1160/th07-11-0691,a08df885bae993159acd19494f2d563cade156969f386fc7425781d067481bde,2008,Article,English,EC_EV_FINAL_SCOPE,include,verified_member_of_final_4974
EC_EV_000493,10.1002/adhm.202200849,88687cd7f8713b40c29390e1b42821cb9230e1c0e4a0afec0665c97a7ecddd52,2022,Article,English,EC_EV_FINAL_SCOPE,include,verified_member_of_final_4974
EC_EV_000494,10.3389/fonc.2024.1415601,17250432d4b1e74f39648032875b6690fdd12a1c00e20317dda55d74a62c1f6c,2024,Review,English,EC_EV_FINAL_SCOPE,include,verified_member_of_final_4974
EC_EV_000495,10.15366/rimcafd2024.97.017,fab6eb75547ee3437ff25055a830bd91358eae75061864bf2f9c7ec34b902183,2024,Article,English,EC_EV_FINAL_SCOPE,include,verified_member_of_final_4974
EC_EV_000496,10.1096/fj.201801618rrr,d0f0829d803433c66e7b54308c526e1d02f0757a4a1c4e06afb25b299f8db825,2019,Article,English,EC_EV_FINAL_SCOPE,include,verified_member_of_final_4974
EC_EV_000497,10.1080/17435390.2022.2097138,06b12039d54832045ca25ceda68187ce973ecb5432f4791c084dc517c0ec5a02,2022,Article,English,EC_EV_FINAL_SCOPE,include,verified_member_of_final_4974
EC_EV_000498,10.1667/rr15555.1,c33a465a5e045ee3686940a5b75e8dc97952226cb2d8263742dd59722caaf8eb,2020,Article,English,EC_EV_FINAL_SCOPE,include,verified_member_of_final_4974
EC_EV_000499,10.1007/s00418-021-02007-7,42920e2cc9393ffa29bbe7d5c2b2c4b0f1c47eee3cb75fdb2f8b2711bb87d318,2021,Article,English,EC_EV_FINAL_SCOPE,include,verified_member_of_final_4974
EC_EV_000500,10.2174/1381612823666170424120121,153504efd9c0170af0d9ba8f808d209dfb3e6bc61ed55260d5bd343bfdc5439a,2017,Review,English,EC_EV_FINAL_SCOPE,include,verified_member_of_final_4974
EC_EV_000501,10.1007/s11064-025-04374-2,2988f6fa4a6fcacd3c2e7e30589b6bf9ce980b27638327bd6a4e587d13571248,2025,Review,English,EC_EV_FINAL_SCOPE,include,verified_member_of_final_4974
EC_EV_000502,10.3233/bme-171626,860ed04d1f282f8034d59473bb51facf1e0ccbba9310c2f674323e01825abf75,2017,Article,English,EC_EV_FINAL_SCOPE,include,verified_member_of_final_4974
EC_EV_000503,10.1016/j.bbrc.2023.02.015,388ebe8748554e91d67399617a4d61d7f8b89523109bfd1fc5bab38d69ff7f3a,2023,Article,English,EC_EV_FINAL_SCOPE,include,verified_member_of_final_4974
EC_EV_000504,10.1089/dna.2017.3836,7f731a9f212a099c916b7d07271e5bb0ade95ec4475e1c3b8fa5cfdeb711e32d,2017,Article,English,EC_EV_FINAL_SCOPE,include,verified_member_of_final_4974
EC_EV_000505,10.2174/1567202617666200214103950,25c728162fc823f6acf10aab426af49d39055c8c14320bc852fc7757d73f3a18,2020,Article,English,EC_EV_FINAL_SCOPE,include,verified_member_of_final_4974
EC_EV_000506,10.1016/j.addr.2021.113833,9a368f25770a59ec0720870094296c6527575848ee03b47a62af205e716409b6,2021,Review,English,EC_EV_FINAL_SCOPE,include,verified_member_of_final_4974
EC_EV_000507,10.1902/jop.2005.76.6.972,a8688c1b6d1b82c0cf4db0480969986de405fdc862636e33bd732568342f3cc0,2005,Article,English,EC_EV_FINAL_SCOPE,include,verified_member_of_final_4974
EC_EV_000508,10.1186/s12951-020-00670-x,b35ebf246acc7ab1a43fb436051e0a1f98aff95282d52c9d9017769e1489c84c,2020,Article,English,EC_EV_FINAL_SCOPE,include,verified_member_of_final_4974
EC_EV_000509,10.1016/j.tice.2022.101772,f65015714dead40be109f3ca7c5e3e01f7b145f6eef6742bbf45cae151346041,2022,Article,English,EC_EV_FINAL_SCOPE,include,verified_member_of_final_4974
EC_EV_000510,10.1016/j.biocel.2024.106664,32394fc443d7ca5060f30f6484f6de295facd3819d12c1723652112ffa53e66c,2024,Article,English,EC_EV_FINAL_SCOPE,include,verified_member_of_final_4974
EC_EV_000511,10.3389/fcell.2019.00344,0e23186d5999ef787f5f7e5d8cb97f6ab2eddba6f73c33a4c34b934db3e8ddb8,2019,Article,English,EC_EV_FINAL_SCOPE,include,verified_member_of_final_4974
EC_EV_000512,10.1021/acs.nanolett.9b00287,fb423da330eca9990a0808776bd8dfddad67705211d90045d4d2410b7da000d4,2019,Article,English,EC_EV_FINAL_SCOPE,include,verified_member_of_final_4974
EC_EV_000513,,d33aafb21fcdd4ce13efb60fad072524791cbbd07597cc82281b63656408c231,2020,Article,English,EC_EV_FINAL_SCOPE,include,verified_member_of_final_4974
EC_EV_000514,10.3390/ijms26104676,d6ff14fb6e28db195cd892ce59b1f3de1402a100706c8d94400194e13959c078,2025,Review,English,EC_EV_FINAL_SCOPE,include,verified_member_of_final_4974
EC_EV_000515,10.1159/000488635,06ccf25fd43aba1d1cfcb5d3a0155005265246bb82aeb16291db4266eb1586be,2018,Article,English,EC_EV_FINAL_SCOPE,include,verified_member_of_final_4974
EC_EV_000516,10.1016/j.reth.2022.12.007,be2fdf848e7665bff7d7cf8834e23c10fa692799d030f93b40d1baa7526ed615,2023,Article,English,EC_EV_FINAL_SCOPE,include,verified_member_of_final_4974
EC_EV_000517,10.3390/biomedicines12071381,1137d8ed89ddc1feb732c47cbf67a71109aed3f2ad25286a4ea5d8d17b6d5127,2024,Article,English,EC_EV_FINAL_SCOPE,include,verified_member_of_final_4974
EC_EV_000518,,f6269cf9d8ff65754a6b7ab7d6cca9458deb5ed162326f547983397952a9da44,2023,Article,English,EC_EV_FINAL_SCOPE,include,verified_member_of_final_4974
EC_EV_000519,10.3390/ph15050577,971d4d3b75d3e19f35f9425d180d966e689bd650e68c1b858cee1014a9e06ec9,2022,Article,English,EC_EV_FINAL_SCOPE,include,verified_member_of_final_4974
EC_EV_000520,10.1166/jbt.2021.2638,133e597e8008646e66bf403cf3d4452344a23493412a744fd3521a924591544b,2021,Article,English,EC_EV_FINAL_SCOPE,include,verified_member_of_final_4974
EC_EV_000521,10.1016/j.mtbio.2025.101528,8aa64bc1413bb6193bd2de6629f9d48e70ebdcfc8ef4dc191da209afd2354f07,2025,Article,English,EC_EV_FINAL_SCOPE,include,verified_member_of_final_4974
EC_EV_000522,10.1007/s12015-024-10685-8,37702ef1361b0400036806f4395c11bca4bc2e6306abce0098f56592f0ea7474,2024,Article,English,EC_EV_FINAL_SCOPE,include,verified_member_of_final_4974
EC_EV_000523,10.3390/ijms221910504,1d3faf96872e905f79b4233bcc3e573e2d3a0b03a67f9a565b185bdc06eed0ee,2021,Article,English,EC_EV_FINAL_SCOPE,include,verified_member_of_final_4974
EC_EV_000524,10.1186/s12951-022-01632-1,2a8ff75b683f3710ac46514afd29159b7e5bd58fb42b9f0086c4a6022417b0e4,2022,Article,English,EC_EV_FINAL_SCOPE,include,verified_member_of_final_4974
EC_EV_000525,10.1089/scd.2014.0316,c65e499c724c3690b66768517e514865ff0be7ec67421518bdd6b36458d861b2,2015,Article,English,EC_EV_FINAL_SCOPE,include,verified_member_of_final_4974
EC_EV_000526,10.1016/j.yjmcc.2019.11.151,fc58d52144e5ff12f2b40efd06518a1dbf92f3860bf5bba359a1daad2eecf06e,2020,Review,English,EC_EV_FINAL_SCOPE,include,verified_member_of_final_4974
EC_EV_000527,10.1016/j.isci.2024.108955,7e9aac6c887b50721027bf46a55f99040100d7cb0fe40b3106334c78be342f47,2024,Article,English,EC_EV_FINAL_SCOPE,include,verified_member_of_final_4974
EC_EV_000528,10.1016/j.ymthe.2018.02.020,de7de2e693384bf2615b692485a088fead9d10a7fe5c86e10c53c32c86ac1495,2018,Article,English,EC_EV_FINAL_SCOPE,include,verified_member_of_final_4974
EC_EV_000529,10.1007/s10735-020-09877-6,6ff64146230f141a85ff6e2122bf966c0c2ccebaf69bf97f5ec94ea71ba06efc,2020,Article,English,EC_EV_FINAL_SCOPE,include,verified_member_of_final_4974
EC_EV_000530,10.1007/s00018-015-1906-2,28de3d6e20722a10da1094c7330f0ab76d124b16384028256382b58d5fbddb58,2015,Review,English,EC_EV_FINAL_SCOPE,include,verified_member_of_final_4974
EC_EV_000531,10.3389/fphar.2024.1365928,bddf56bf8e061a6428472cea33b98ea15d99cb64ffc67c54d45bbc5bb6e2bd88,2024,Article,English,EC_EV_FINAL_SCOPE,include,verified_member_of_final_4974
EC_EV_000532,10.3390/biology13110873,ab8c9f0612b88885c070f8f3811c044e8ea1904e9160d3df6059002bd41d1ff0,2024,Article,English,EC_EV_FINAL_SCOPE,include,verified_member_of_final_4974
EC_EV_000533,10.1002/jum.14898,d360ba6b67c279867ca05697fb95d00d8ae5b8b594c058f40f8ae04b1fb7778d,2019,Article,English,EC_EV_FINAL_SCOPE,include,verified_member_of_final_4974
EC_EV_000534,10.1186/s12935-017-0430-x,dd85db72203bab3ea35bfa015c9b4b565f8cfc057543821a1bda5aae4ffc6376,2017,Article,English,EC_EV_FINAL_SCOPE,include,verified_member_of_final_4974
EC_EV_000535,10.4251/wjgo.v13.i12.2129,4cb53ca4b1fca2402d2685df2b4d2613bfbda0bdbb0a105b9ecc54c4786fed2a,2021,Article,English,EC_EV_FINAL_SCOPE,include,verified_member_of_final_4974
EC_EV_000536,10.1088/1758-5090/abdacf,0888ac3d7e65cff11c08be0ad856e4d9b74b71f0e983c2c9edb53a8d9c50cfc3,2021,Article,English,EC_EV_FINAL_SCOPE,include,verified_member_of_final_4974
EC_EV_000537,10.1016/j.pathol.2020.05.005,16b1de7f3493d81867922b96a3af71a99f5faaba46098c7a2a0941b108be0822,2020,Article,English,EC_EV_FINAL_SCOPE,include,verified_member_of_final_4974
EC_EV_000538,10.1016/j.matdes.2020.109227,0292bbd0c6e5061c95e6b4bba6af3a1ce017700faf7f998b9cc7705e8869dbb6,2021,Article,English,EC_EV_FINAL_SCOPE,include,verified_member_of_final_4974
EC_EV_000539,10.3389/fcell.2022.752818,b2cd2ca7ad0cde3f2b7447e82bdca287fb09db1d8711f22ec98d2f0a3e7e19c5,2022,Review,English,EC_EV_FINAL_SCOPE,include,verified_member_of_final_4974
EC_EV_000540,10.1016/j.mce.2023.112089,98b981903850d41f577e9e8c0f39695418755d1dcd0c0c81c90fc69038579c91,2024,Article,English,EC_EV_FINAL_SCOPE,include,verified_member_of_final_4974
EC_EV_000541,10.1111/eci.12652,119447b9ab79793f2d7a370decba07cfd0bf49ba6aa45bf7e96bd8dd9c298f63,2016,Article,English,EC_EV_FINAL_SCOPE,include,verified_member_of_final_4974
EC_EV_000542,10.1002/jev2.12341,0f80f6f410d980f9fe937d403d4f7f11f96c0b8e1a788ae8c7b3c63148596d89,2023,Article,English,EC_EV_FINAL_SCOPE,include,verified_member_of_final_4974
EC_EV_000543,10.1530/erc-19-0008,a3a621c8a680395698d04f8d8dcf14bb2c54d63805ec70d911a9d5f5269832d0,2019,Article,English,EC_EV_FINAL_SCOPE,include,verified_member_of_final_4974
EC_EV_000544,10.12998/wjcc.v11.i2.342,a905df92c5214e6ae73d48683b6cf32f8d50c9877f6d806bb4c36f5df2ee628e,2023,Article,English,EC_EV_FINAL_SCOPE,include,verified_member_of_final_4974
EC_EV_000545,10.3389/fcell.2020.608521,3bc7eba4d1ee6ab9cb8f4c4981c82be3807781401cc47f366408c548ac369ae2,2020,Article,English,EC_EV_FINAL_SCOPE,include,verified_member_of_final_4974
EC_EV_000546,10.1186/s12951-024-02380-0,88f43e12ec84281963f9b61fe69b61f47cac5f8f3f276efca016eccb715e3a72,2024,Review,English,EC_EV_FINAL_SCOPE,include,verified_member_of_final_4974
EC_EV_000547,,b63fb492a6b5f6e2a51c74f094a272f12b50eb20a48963b0c17eddb903d688e2,2021,Article,English,EC_EV_FINAL_SCOPE,include,verified_member_of_final_4974
EC_EV_000548,10.3390/ijms23116196,db0ec81523b6f40416740e3c09818f99a1690b3d5dbe4de291a23742b2000c5b,2022,Review,English,EC_EV_FINAL_SCOPE,include,verified_member_of_final_4974
EC_EV_000549,10.1016/j.tice.2022.101814,f9acf44009f027594d6c92db9a84df7f6e1d8e147304385e25de0bd704215b2c,2022,Article,English,EC_EV_FINAL_SCOPE,include,verified_member_of_final_4974
EC_EV_000550,10.1093/cvr/cvy067,60e92bb8ad771844d5369c0220b66a01f6880ff01b1b201bc0052db4af6ca98c,2018,Article,English,EC_EV_FINAL_SCOPE,include,verified_member_of_final_4974
EC_EV_000551,10.1007/s10517-020-05017-y,e40d6c1e55d3e2f05c37928e9b1ad478beed2c97d02a3a4aaec924cfd2f48cac,2020,Article,English,EC_EV_FINAL_SCOPE,include,verified_member_of_final_4974
EC_EV_000552,10.1016/j.ejphar.2019.172894,549a5766f82e6d76f17b1e4e2f1d73de2327eed00edadbd74b9b5def9aa17338,2020,Article,English,EC_EV_FINAL_SCOPE,include,verified_member_of_final_4974
EC_EV_000553,10.1210/jc.2015-2270,930a24b36bf0138b7910564014243f9ca8a9cd6c9ea590f49dc19c85d46d460d,2015,Article,English,EC_EV_FINAL_SCOPE,include,verified_member_of_final_4974
EC_EV_000554,10.3389/fcvm.2021.649352,df5a708852aaacfc27a8713d17e4c237cd9dcc88c26e78e3e6e263bc50bed2bc,2021,Article,English,EC_EV_FINAL_SCOPE,include,verified_member_of_final_4974
EC_EV_000555,10.1021/acs.molpharmaceut.8b00765,24fc3ac96b93350366b1fdf287865208205ed0783813e4b8e9cea82252b3102a,2018,Article,English,EC_EV_FINAL_SCOPE,include,verified_member_of_final_4974
EC_EV_000556,10.1016/j.isci.2022.104006,2afd117496e5e708b84c794a2b004484eab63a94276cc075ddde36254d6a869a,2022,Article,English,EC_EV_FINAL_SCOPE,include,verified_member_of_final_4974
EC_EV_000557,10.23876/j.krcp.23.071,03b56c20142852a304f69532d57de20f0872fba9d044259b2eb8354e20b12237,2024,Article,English,EC_EV_FINAL_SCOPE,include,verified_member_of_final_4974
EC_EV_000558,10.1016/j.bbrc.2009.06.095,c55bc5303f04d2d856c67391798610bb9a4d5c805f65f4589356ca017e42c6b8,2009,Article,English,EC_EV_FINAL_SCOPE,include,verified_member_of_final_4974
EC_EV_000559,10.1039/d4tb02601b,f3f6d0b7fc1c0eeb49af5e01080c9511f76a31a94e023709b3de9682b52c8ed3,2025,Article,English,EC_EV_FINAL_SCOPE,include,verified_member_of_final_4974
EC_EV_000560,10.1007/s10557-020-07117-3,4d0f1cf8240b95dfe7bd8f223339e39d8823a4339361b4fd5df46df9f55325b8,2021,Article,English,EC_EV_FINAL_SCOPE,include,verified_member_of_final_4974
EC_EV_000561,10.3892/ijmm.2020.4792,e67780296a4f5beaf706c2d251f0eb5230a3074cca4287f40ad220812b7275fa,2021,Review,English,EC_EV_FINAL_SCOPE,include,verified_member_of_final_4974
EC_EV_000562,10.1186/s13046-019-1078-2,bf0e61dc232780e9aa9ebd262632cf5a01419f5a02822b26252fc4308c5a435b,2019,Article,English,EC_EV_FINAL_SCOPE,include,verified_member_of_final_4974
EC_EV_000563,10.1097/ta.0000000000002661,490200bca37fca6b25c6d227d4474dd84ccd7bba5ec6718c65d08e2a67b03a40,2020,Article,English,EC_EV_FINAL_SCOPE,include,verified_member_of_final_4974
EC_EV_000564,10.1158/1541-7786.mcr-24-0165,6b4f6dcc1ef3c4d6b29ef4ebeeaa0dca8aa7ee9b714ebd4f76c53fa9966031dc,2025,Article,English,EC_EV_FINAL_SCOPE,include,verified_member_of_final_4974
EC_EV_000565,10.3390/cells11091573,162095ec55b9df0d283c552cf6e014cd9fb0574f8b1daa6651e70b95dddbc050,2022,Article,English,EC_EV_FINAL_SCOPE,include,verified_member_of_final_4974
EC_EV_000566,10.3727/096368911x627534,a3dc5b5b7ad69758ba7509a548dd42cf07adfc246c85d4ac3f09bd2424d7f71f,2012,Article,English,EC_EV_FINAL_SCOPE,include,verified_member_of_final_4974
EC_EV_000567,10.1016/j.cellsig.2025.111827,665ff6c59c0c9aa1fcb4abdf63ae17be82fac0f042bb5412137402dafe5286b6,2025,Review,English,EC_EV_FINAL_SCOPE,include,verified_member_of_final_4974
EC_EV_000568,10.1186/s12964-019-0319-5,6532287faf74b74b12ab38a61ed9bd69138e86a695035a424bd2dfd5efb323d5,2019,Review,English,EC_EV_FINAL_SCOPE,include,verified_member_of_final_4974
EC_EV_000569,10.1038/s41598-020-69548-0,d5c7b8f47eb92841694989c82365227f3ba324914473d7f6466f716aa9ce4399,2020,Article,English,EC_EV_FINAL_SCOPE,include,verified_member_of_final_4974
EC_EV_000570,10.2147/ijn.s305361,2da5a3b39fa22efb1b42b115533583968d86fdb517eab2154950559b2328537d,2021,Article,English,EC_EV_FINAL_SCOPE,include,verified_member_of_final_4974
EC_EV_000571,10.1126/sciadv.aaz6980,0e0f26db17bde461cea810d16d6e5d7ade7bda4b1f588debdd3e4c69bc05a1af,2020,Article,English,EC_EV_FINAL_SCOPE,include,verified_member_of_final_4974
EC_EV_000572,10.1002/jcp.27735,674d4bd8554112f39b8bd6715346517e221f77e8098d8824fa5f286d2ef438c7,2019,Article,English,EC_EV_FINAL_SCOPE,include,verified_member_of_final_4974
EC_EV_000573,10.3390/nano11123452,f2e178d4ae170dec440cd143e72895e84a17835027e50ec32128ce76acd1ca88,2021,Article,English,EC_EV_FINAL_SCOPE,include,verified_member_of_final_4974
EC_EV_000574,10.1016/j.ijbiomac.2025.139822,6bbe3247be4f5c717ccf147554206090fa3d70f15c961295ee50cdf82b5adb6f,2025,Article,English,EC_EV_FINAL_SCOPE,include,verified_member_of_final_4974
EC_EV_000575,10.2174/011574888x266357230923113642,7ac1e0ad30ddc05a73e4bffd9af5c4f2c105aa6d679a4ba7819bee4a607746e4,2024,Article,English,EC_EV_FINAL_SCOPE,include,verified_member_of_final_4974
EC_EV_000576,10.1016/j.biopha.2018.03.148,ff3bd62564045e00241d2f1b4ae55cc65ba0787954d6aab4bffbd3e320c265cd,2018,Review,English,EC_EV_FINAL_SCOPE,include,verified_member_of_final_4974
EC_EV_000577,10.1038/s41401-024-01253-4,8c59a7c286686927b32a282565e46f8fa755676f120d3c2d5d861d497b899285,2024,Article,English,EC_EV_FINAL_SCOPE,include,verified_member_of_final_4974
EC_EV_000578,10.1096/fj.202400265r,7f9431b248493d7c24ad0eeb2cdc1d78badf053bcb5bb7253b5f3ea9b55c1770,2024,Article,English,EC_EV_FINAL_SCOPE,include,verified_member_of_final_4974
EC_EV_000579,10.3390/ijms222413663,71e7d8249d9b4031a1ef9921421a25c8d459aaa255bb73922110599e7d68e8a3,2021,Article,English,EC_EV_FINAL_SCOPE,include,verified_member_of_final_4974
EC_EV_000580,10.1016/j.ijcard.2018.04.028,a6c78a7433ed45d52a4d5998f8865538d8136af9b3505eb87edb153424654470,2018,Article,English,EC_EV_FINAL_SCOPE,include,verified_member_of_final_4974
EC_EV_000581,10.1016/j.bbagen.2024.130745,62feb6386240d266e232d90676bbe4de0afc4d2899894d3cf564fe5d36177437,2025,Article,English,EC_EV_FINAL_SCOPE,include,verified_member_of_final_4974
EC_EV_000582,10.1007/s10565-024-09973-3,2c8e549cd4be782385700a77b456afb4db1e1d5891a92e3199e3f4543e1ac270,2025,Article,English,EC_EV_FINAL_SCOPE,include,verified_member_of_final_4974
EC_EV_000583,10.1016/j.csbj.2020.04.006,a7f9225768ebdeff1e6fef031f8de5333292c5b30df5ed4d5d4353db30d90dc5,2020,Article,English,EC_EV_FINAL_SCOPE,include,verified_member_of_final_4974
EC_EV_000584,10.1007/s12975-025-01334-4,9dcb5bbec0bdf7f78178b602ffc4355835d613b9d48491c8df3df78376af587d,2025,Review,English,EC_EV_FINAL_SCOPE,include,verified_member_of_final_4974
EC_EV_000585,10.1158/1541-7786.mcr-20-0827,9e777c8a4ee1f6b47519f7ad76986ac6e5757ce2179839f63731c0484aa36a08,2021,Article,English,EC_EV_FINAL_SCOPE,include,verified_member_of_final_4974
EC_EV_000586,10.3390/ijms25021148,731f3a3b9e3352fdb498a84951315dbe5db62613e94628c959f7ea00fdc62081,2024,Article,English,EC_EV_FINAL_SCOPE,include,verified_member_of_final_4974
EC_EV_000587,10.3389/fsurg.2022.836367,a150c3776c6ee8272a1d47db4ec838b3d5f9729e8658537dc382f69da1876338,2022,Review,English,EC_EV_FINAL_SCOPE,include,verified_member_of_final_4974
EC_EV_000588,10.1007/s12265-023-10450-1,dd6cbf25341548fa7163c2ad41a10e4510595e137166b8cf23a937eac0847606,2024,Article,English,EC_EV_FINAL_SCOPE,include,verified_member_of_final_4974
EC_EV_000589,10.2337/db15-0966,bc7768d43959116c8f0822f0b45a7e70ff7499694102f55624a81df1c533c154,2016,Article,English,EC_EV_FINAL_SCOPE,include,verified_member_of_final_4974
EC_EV_000590,10.1089/ten.tea.2017.0084,fa79079aa0ad0c95c80024b6ef52d4937d99fa981e526e077c6d8b65ce4f7a94,2017,Article,English,EC_EV_FINAL_SCOPE,include,verified_member_of_final_4974
EC_EV_000591,10.1186/s12935-021-02026-3,01bc1a4e25c3f20262639f6e038b5b2f6fe12233a6b9bc615477b0d546e4884a,2021,Article,English,EC_EV_FINAL_SCOPE,include,verified_member_of_final_4974
EC_EV_000592,10.1155/2021/9960241,18fda1e08b08e3234a13cbd21b07ce40addeb155a2ea0f9fcc5feec51963f4b0,2021,Article,English,EC_EV_FINAL_SCOPE,include,verified_member_of_final_4974
EC_EV_000593,10.3389/fcell.2021.637248,e81881c14a22d04dc678d293d448a64712f05284eef83eec2b9752bec915dd43,2021,Article,English,EC_EV_FINAL_SCOPE,include,verified_member_of_final_4974
EC_EV_000594,10.1016/j.placenta.2023.04.017,8712215eeba6d20f5428c727bebcd7f0ca8652c744de980c98a87e04e656a6fb,2023,Article,English,EC_EV_FINAL_SCOPE,include,verified_member_of_final_4974
EC_EV_000595,10.1128/mbio.00951-22,ebba5964564c7a4385cdb834d4e5fcd02fcd9d5042e30e39c845ce1f9e77ce62,2022,Article,English,EC_EV_FINAL_SCOPE,include,verified_member_of_final_4974
EC_EV_000596,10.1016/j.heliyon.2024.e31584,c174427f268b4d7427ecc66f1cedce598176ea323656ae2d6caad028f15c5ba7,2024,Article,English,EC_EV_FINAL_SCOPE,include,verified_member_of_final_4974
EC_EV_000597,10.1172/jci130892,128022ff72fc05af3efe7f48126586f0d55753519d02635d08ce0d2b9581a922,2020,Article,English,EC_EV_FINAL_SCOPE,include,verified_member_of_final_4974
EC_EV_000598,10.1111/andr.12980,ffb2fe553e47b51132c99528f2ea07a0e7d5206068936531e8ad77f72494c4a6,2021,Article,English,EC_EV_FINAL_SCOPE,include,verified_member_of_final_4974
EC_EV_000599,10.14670/hh-18-406,d0b55a3035a0e518974b63428f8166259831b540548e0ee2defafef917436e9d,2022,Article,English,EC_EV_FINAL_SCOPE,include,verified_member_of_final_4974
EC_EV_000600,10.1080/20013078.2020.1746529,0ccd92039ebbad246a88c7129aa561aff95716281efc7802a4e42dfe1a144d99,2020,Article,English,EC_EV_FINAL_SCOPE,include,verified_member_of_final_4974
EC_EV_000601,10.1039/c9lc00958b,2775be846348b80e6516a41d6b6ea10e460d82388fe3c476a7e6ba8bc8b43607,2020,Article,English,EC_EV_FINAL_SCOPE,include,verified_member_of_final_4974
EC_EV_000602,10.3390/nano14201669,c77697f3b9c2778e0cbf72077e2d963cea6ad43c28af9247280fef497c57c21d,2024,Article,English,EC_EV_FINAL_SCOPE,include,verified_member_of_final_4974
EC_EV_000603,10.21037/cdt-20-1032,24c11d49c5bf8091d6bfb51a7fe0a0de2ee4a5e516941fc1e31326f5d098f65f,2021,Article,English,EC_EV_FINAL_SCOPE,include,verified_member_of_final_4974
EC_EV_000604,10.1016/j.omtn.2021.07.014,12a771f2c1775d7456feab2607a89888ed8678d73409d75c3e34b17cf477839c,2021,Article,English,EC_EV_FINAL_SCOPE,include,verified_member_of_final_4974
EC_EV_000605,10.1152/ajplung.00494.2019,a8ea19508f22b925d293408dd5d95d45dbba2d5464a070f94f54158b445959fb,2020,Article,English,EC_EV_FINAL_SCOPE,include,verified_member_of_final_4974
EC_EV_000606,10.1186/s12933-024-02142-0,36a10ec1455daadd9d8aeb5df6547acbd5e69850375716a79b3c6d76d7de5831,2024,Article,English,EC_EV_FINAL_SCOPE,include,verified_member_of_final_4974
EC_EV_000607,10.1186/s12951-024-02607-0,bb03df9fa4f51ca29edec813b778f4fe2a2138ce6037bf42aa2c9e3573fa8ac1,2024,Article,English,EC_EV_FINAL_SCOPE,include,verified_member_of_final_4974
EC_EV_000608,10.1088/1758-5090/acd7a5,2c5b0b534859102c8a379f28882bf7d5bd5a6e580d55666bc2b51a86fb0cf5d5,2023,Review,English,EC_EV_FINAL_SCOPE,include,verified_member_of_final_4974
EC_EV_000609,10.3390/ijms20246180,bd5d7ad02612ffdc94162e6e89204342fbdfec863d740b2deef571434d4848b3,2019,Review,English,EC_EV_FINAL_SCOPE,include,verified_member_of_final_4974
EC_EV_000610,10.1016/j.ijbiomac.2024.139363,775c2b1385df8e344908af0dd6025637bc28698f6fc790698bdf16b10798ec95,2025,Article,English,EC_EV_FINAL_SCOPE,include,verified_member_of_final_4974
EC_EV_000611,10.1186/s12943-019-0948-8,de1389a9e20e5996cc8b8ea3bedb092dea8ca3fa64f422c744d0f8f6910f9645,2019,Article,English,EC_EV_FINAL_SCOPE,include,verified_member_of_final_4974
EC_EV_000612,10.7150/jca.49224,b9ce81e51fd0680a0085bc2bf4e8a7f5925f99a9e6c00ae0679b8436c75c5942,2020,Article,English,EC_EV_FINAL_SCOPE,include,verified_member_of_final_4974
EC_EV_000613,10.1016/j.isci.2024109270,4473f77962a540675a07f62c36c93407b08192469323e0e488cef9153b70c63c,2024,Article,English,EC_EV_FINAL_SCOPE,include,verified_member_of_final_4974
EC_EV_000614,10.1111/jcmm.13471,8f105c138e96454c377b41fc0a87ddd7003d4168870a1a0ec99e4ff5bea09451,2018,Article,English,EC_EV_FINAL_SCOPE,include,verified_member_of_final_4974
EC_EV_000615,,4c3f771d0650c3906937cb7b1d70584cd6a90b0384e8880f2ee7840df5dd4091,2008,Article,English,EC_EV_FINAL_SCOPE,include,verified_member_of_final_4974
EC_EV_000616,10.1038/s41420-022-01019-z,2d84fb1127fa73a228bfa5e2aaa6274894af8f8668bf94705bfe3d13180aa004,2022,Article,English,EC_EV_FINAL_SCOPE,include,verified_member_of_final_4974
EC_EV_000617,10.3390/app8030404,3e9c6798c8a97b501c2a37125a0960ea166b0f8d5d45bd81b4c8b40e5d58003b,2018,Article,English,EC_EV_FINAL_SCOPE,include,verified_member_of_final_4974
EC_EV_000618,10.1161/jaha.122.027177,3d15259629fc86f4d0e3069618d21068b2229d4a9c09d88b1f814eef70b83d7a,2022,Article,English,EC_EV_FINAL_SCOPE,include,verified_member_of_final_4974
EC_EV_000619,10.1016/j.phrs.2023.106791,b7a15d72da777f1310a28a26c5995088936dc8b0964e0fe78782a879a477f966,2023,Article,English,EC_EV_FINAL_SCOPE,include,verified_member_of_final_4974
EC_EV_000620,10.1080/0886022x.2025.2478482,ba7633e07f006d9c14d795c3031e757703b64cfbedcc9de7c3c1c7fd38d59be4,2025,Review,English,EC_EV_FINAL_SCOPE,include,verified_member_of_final_4974
EC_EV_000621,10.1177/09603271221149656,bc35ab1a38e5b932cceb692359659d342832cd6a50d9b51be22f47dee94d966c,2023,Article,English,EC_EV_FINAL_SCOPE,include,verified_member_of_final_4974
EC_EV_000622,10.3390/jcm8122059,92c6af2e022afe6ec184afa44f9489651f7d5da77d238a7c5c41b443e65826af,2019,Review,English,EC_EV_FINAL_SCOPE,include,verified_member_of_final_4974
EC_EV_000623,10.1007/s10616-017-0095-2,25132687441d487d471f3590950b649e3b3a389020e81a2b919afc8b2623fba1,2017,Article,English,EC_EV_FINAL_SCOPE,include,verified_member_of_final_4974
EC_EV_000624,10.1073/pnas.0307981100,9f643d9f5e2aed2f6c65e2db858b909ce0a64c31c214352d96486015339d08bb,2004,Article,English,EC_EV_FINAL_SCOPE,include,verified_member_of_final_4974
EC_EV_000625,10.1016/j.jconrel.2023.06.010,1f66ee398381df7e70ab5e201a4980ad5133a6fe9e2075143785407d1035baba,2023,Article,English,EC_EV_FINAL_SCOPE,include,verified_member_of_final_4974
EC_EV_000626,,3405642d8c53174c739b0a72225ab3a5d4d0e670a7e148308910c52b27cc7e95,2020,Article,English,EC_EV_FINAL_SCOPE,include,verified_member_of_final_4974
EC_EV_000627,10.1016/j.lfs.2020.118778,1e343c8bcae18aca55799c53226625e2ec6eefc5bb66adaa05abe8147a5fc763,2021,Article,English,EC_EV_FINAL_SCOPE,include,verified_member_of_final_4974
EC_EV_000628,10.7717/peerj.13498,5cfbac7b76231cab477a5c5de1e191dce839c603cc3f992e443d214e75ec0d96,2022,Article,English,EC_EV_FINAL_SCOPE,include,verified_member_of_final_4974
EC_EV_000629,10.1016/j.lfs.2019.116582,e4b9118aa5dbc24c7886c3fba00f4a888e11a09b88c034097582d33a0bdb03a5,2019,Article,English,EC_EV_FINAL_SCOPE,include,verified_member_of_final_4974
EC_EV_000630,10.3389/fmed.2022.829606,43e975ce1795a78a95045352738850ba573a4f59b0719c4d75e09e5003e3629a,2022,Article,English,EC_EV_FINAL_SCOPE,include,verified_member_of_final_4974
EC_EV_000631,10.1016/j.brainres.2019.146515,e0e65b61ffad360e5ce5057c1661d3773f4b2fb95a5794f381f1aa185f311058,2020,Article,English,EC_EV_FINAL_SCOPE,include,verified_member_of_final_4974
EC_EV_000632,10.3390/ijms231810421,1851395342205a43c23ba1b7272926ba9e7824ba26b117d8fda2a53333b495b7,2022,Article,English,EC_EV_FINAL_SCOPE,include,verified_member_of_final_4974
EC_EV_000633,10.1016/j.cellsig.2024.111398,4e7c3ae5e6a0c98f89bf0cd3add9c1d656048b8b99f399b361c4dfb1399500c7,2024,Article,English,EC_EV_FINAL_SCOPE,include,verified_member_of_final_4974
EC_EV_000634,10.3389/fbioe.2023.1098172,ccc6ebad05d03d5fa13bc08716981cd46a99d0445c12d1bef25ff243d77e575f,2023,Article,English,EC_EV_FINAL_SCOPE,include,verified_member_of_final_4974
EC_EV_000635,10.1161/circresaha.119.315082,5a12040514e6db294d6aeb980ce494749e4e4f0a72a7048546e82f46c4a685f3,2019,Article,English,EC_EV_FINAL_SCOPE,include,verified_member_of_final_4974
EC_EV_000636,10.1002/adfm.202503425,958998376f126b5e0a1bf1fdf0d03630c83fafae44049ad0414f7a3ce8c6b0d1,2025,Article,English,EC_EV_FINAL_SCOPE,include,verified_member_of_final_4974
EC_EV_000637,10.1186/s12951-025-03365-3,05883024aac6e33340980b72481f06fc29b0f0a74d95725d80b355e16af15bf9,2025,Article,English,EC_EV_FINAL_SCOPE,include,verified_member_of_final_4974
EC_EV_000638,10.1371/journal.pone.0198337,034163d58d37ae8d3b85029dfda653a6d23e740767644c63c2e81411c562ee31,2018,Article,English,EC_EV_FINAL_SCOPE,include,verified_member_of_final_4974
EC_EV_000639,10.1038/s41598-024-84608-5,bf7e2e21dc03d6fde2e8944b2f161a96fe628a46f25a532d143e5e765b795547,2025,Article,English,EC_EV_FINAL_SCOPE,include,verified_member_of_final_4974
EC_EV_000640,10.18632/aging.103143,c4feab461cda410b534b725e54279d67089b0db766d0b8316dd57a7d9671ee80,2020,Article,English,EC_EV_FINAL_SCOPE,include,verified_member_of_final_4974
EC_EV_000641,10.1016/j.actbio.2022.05.018,ecbffe0e3e0a5be02a2fdbfc35d37b4fa05f892e69436c5a7df13f9decd141c9,2022,Article,English,EC_EV_FINAL_SCOPE,include,verified_member_of_final_4974
EC_EV_000642,10.1002/ijc.29562,4ab6f7da9498596008dbfc7dbb6d9e0d14f65336c6c80c16fb015f72c16b1f89,2015,Article,English,EC_EV_FINAL_SCOPE,include,verified_member_of_final_4974
EC_EV_000643,10.2147/ott.s253151,7e70440e86193b3dec21fa07cd3effe8505b894125463bac59d53c1e9f104151,2020,Article,English,EC_EV_FINAL_SCOPE,include,verified_member_of_final_4974
EC_EV_000644,10.1038/s41418-021-00750-x,ead9635ffd7f2a6798034c2c71dfff062adf58595cddd679665c1b86f7391d70,2021,Article,English,EC_EV_FINAL_SCOPE,include,verified_member_of_final_4974
EC_EV_000645,10.1007/s12265-022-10293-2,22316de21b2957e7605857e7b630544c02fd8fa2b279972ed7cea14ac9db03e3,2023,Article,English,EC_EV_FINAL_SCOPE,include,verified_member_of_final_4974
EC_EV_000646,10.7150/thno.29945,b80bb06c181ff7ebd61ce80e144119ba906c4425cfac64dc2fd8282e6de04624,2019,Article,English,EC_EV_FINAL_SCOPE,include,verified_member_of_final_4974
EC_EV_000647,10.3389/fcell.2021.647763,1894e499377d04e3543c0d19eded55e8cd8338c00fd6c97462c141a870323599,2021,Article,English,EC_EV_FINAL_SCOPE,include,verified_member_of_final_4974
EC_EV_000648,10.1002/adhm.202403604,0c3a2409b6c8eb7dfcda01dab63b6c5753a6d551b954e06b45aca41738f97251,2025,Article,English,EC_EV_FINAL_SCOPE,include,verified_member_of_final_4974
EC_EV_000649,10.3390/cells10081904,3fced959c36388d687ade1ea1bb418143c2cdd34bfed77d194addf6c5bd14898,2021,Article,English,EC_EV_FINAL_SCOPE,include,verified_member_of_final_4974
EC_EV_000650,10.1002/jcp.29641,f24f232867e716df8f1fb131edfe0898cf3bed04d1823515926c432d05478bab,2020,Article,English,EC_EV_FINAL_SCOPE,include,verified_member_of_final_4974
EC_EV_000651,10.1016/j.mvr.2020.104105,9fb786fb6eec4d28bcc52ec13dfae72f251443513d96317465fb8205802f956a,2021,Article,English,EC_EV_FINAL_SCOPE,include,verified_member_of_final_4974
EC_EV_000652,10.1016/j.beha.2008.11.002,7b6d35ab262bffa22b096b5bfeb6f60fc4abc62a84bef47cc86a7b4d2d7336c2,2009,Article,English,EC_EV_FINAL_SCOPE,include,verified_member_of_final_4974
EC_EV_000653,10.1038/s41419-021-03845-y,8340c2e425d0f355041e6a4ca43748f6e41b971094d74e32a62305051c8e1496,2021,Article,English,EC_EV_FINAL_SCOPE,include,verified_member_of_final_4974
EC_EV_000654,10.1007/s12035-023-03280-4,81459341b2d76bc982f8f1e04adee3fa81eb67e7a8c73af6423805a6d4013e20,2023,Article,English,EC_EV_FINAL_SCOPE,include,verified_member_of_final_4974
EC_EV_000655,10.1155/2020/8418407,6805bfcf613a2859a74834ff73ed0ddf80d64fbc12a13dc6d9f96377138e439f,2020,Article,English,EC_EV_FINAL_SCOPE,include,verified_member_of_final_4974
EC_EV_000656,10.1111/sji.12648,3efaeb84535e2503269faaeaaa7817b3657f4b6faf2d46c792961b20f868f859,2018,Article,English,EC_EV_FINAL_SCOPE,include,verified_member_of_final_4974
EC_EV_000657,10.1177/1559325820917836,78b34bff463be7c873e3b6e2e4a8e459a346ed7fdd9f964e8e0399413c721b7a,2020,Article,English,EC_EV_FINAL_SCOPE,include,verified_member_of_final_4974
EC_EV_000658,10.1093/cvr/cvt184,e72f83c57032010e1d5fe303e7a4a91f79df37fa0111a849ed3bfe827f1baafd,2013,Article,English,EC_EV_FINAL_SCOPE,include,verified_member_of_final_4974
EC_EV_000659,,e426e364fa629e158d9f096598155fac8d19b121c13ff15f2d1ce3612acdcab5,2018,Article,English,EC_EV_FINAL_SCOPE,include,verified_member_of_final_4974
EC_EV_000660,10.1016/j.bioadv.2025.214338,823055c6e6004afaef7e5c25654cf8032864af206158cc053b084f7d66b1bf02,2025,Article,English,EC_EV_FINAL_SCOPE,include,verified_member_of_final_4974
EC_EV_000661,10.1016/j.exer.2024.109837,959834a89c534b0994eb29d34585c731e4dc57350a346cc34237b70bc41085ee,2024,Article,English,EC_EV_FINAL_SCOPE,include,verified_member_of_final_4974
EC_EV_000662,10.1016/j.bbrc.2020.02.017,d06c9e3c7e97ead5e8b5653b54a551f21ff7c8bca2f39673c87eb8b934039bee,2020,Article,English,EC_EV_FINAL_SCOPE,include,verified_member_of_final_4974
EC_EV_000663,10.3389/fimmu.2025.1587898,d6b8cb6bf117e83606b0dd9558ad3d58842d02f58a65aadfb317ff40023d4859,2025,Article,English,EC_EV_FINAL_SCOPE,include,verified_member_of_final_4974
EC_EV_000664,10.3389/fimmu.2023.1189323,36093a93992311d82dcf517429ba34f029a46da227e0fdccd4742bc0f6bb8136,2023,Review,English,EC_EV_FINAL_SCOPE,include,verified_member_of_final_4974
EC_EV_000665,10.1016/j.tice.2023.102124,f5928d2b40a3bf67e90d6bfdf602fa0ffc897137c195c5a1179d43793adae192,2023,Article,English,EC_EV_FINAL_SCOPE,include,verified_member_of_final_4974
EC_EV_000666,10.1089/scd.2017.0296,ddabeb1541e7a8500f7212241a5e731d30163e4c728564c7411ca591c3d50b49,2018,Article,English,EC_EV_FINAL_SCOPE,include,verified_member_of_final_4974
EC_EV_000667,10.1038/s41598-019-43591-y,ad7c822cc968be73031fd8578627a5041e40e271bbe209012cfa8663e0763825,2019,Article,English,EC_EV_FINAL_SCOPE,include,verified_member_of_final_4974
EC_EV_000668,10.1016/j.labinv.2025.104096,b8e50a84412b8901891bff3c52bdd5f19fe7f279276f3c12b297c8f401c28ede,2025,Article,English,EC_EV_FINAL_SCOPE,include,verified_member_of_final_4974
EC_EV_000669,10.3390/biomedicines12061331,9b91d27ce5b92731cac0dcbab80f14e26b91004467c3943fe6c9b88e03623efe,2024,Review,English,EC_EV_FINAL_SCOPE,include,verified_member_of_final_4974
EC_EV_000670,10.1016/j.actbio.2020.10.038,a67dba5698155f8b073e69b985215d88865ee8437880cd875e2d4f34bcb419a2,2021,Article,English,EC_EV_FINAL_SCOPE,include,verified_member_of_final_4974
EC_EV_000671,10.3390/life12040551,f12c627f9681df89ad98d83f899b366b0a4d8fa6df289a75a3aeea064cd961ac,2022,Article,English,EC_EV_FINAL_SCOPE,include,verified_member_of_final_4974
EC_EV_000672,10.1242/jcs.170373,c9f127bc97dcb6dd52fe2d1f3ee52462ac87c0916b87404715e4b266bc1a351e,2016,Article,English,EC_EV_FINAL_SCOPE,include,verified_member_of_final_4974
EC_EV_000673,10.1021/acsami.5c02784,a3d896db1954a6e6a1fc122967422a87a306a76e79889d70af1c4ba905c7451f,2025,Article,English,EC_EV_FINAL_SCOPE,include,verified_member_of_final_4974
EC_EV_000674,10.17179/excli2019-1800,140ac1db639f909f27e92e21a3f29237637686687c6d6f9b9ce4b137d3116990,2019,Article,English,EC_EV_FINAL_SCOPE,include,verified_member_of_final_4974
EC_EV_000675,10.3390/ijms23094811,ccdc0efb0920e19f5a79e3e04d372fade12d30ca98a2933b4c1bf88eaed73a13,2022,Article,English,EC_EV_FINAL_SCOPE,include,verified_member_of_final_4974
EC_EV_000676,10.3727/096504016x14752792816791,a9567de98b5a38422f3d75107c815840ee0dc10ce5c57f7cccef0332c84e334c,2017,Article,English,EC_EV_FINAL_SCOPE,include,verified_member_of_final_4974
EC_EV_000677,10.1186/s13287-020-01824-2,1cea322ccaa21d7ee2ffed448d4a610a13485775291cb252ad22c008bc6263d4,2020,Article,English,EC_EV_FINAL_SCOPE,include,verified_member_of_final_4974
EC_EV_000678,10.1088/1748-605x/ad5242,54bb768c4b110315ed7b5e20a15ccc407a5b38d3518171ff2057b3f0e02368c5,2024,Article,English,EC_EV_FINAL_SCOPE,include,verified_member_of_final_4974
EC_EV_000679,10.1016/j.jss.2018.06.066,76039606f118b101e243f9954026f820d0b51c0ae5c3792447301732a61061c6,2018,Article,English,EC_EV_FINAL_SCOPE,include,verified_member_of_final_4974
EC_EV_000680,10.1007/s00018-018-2983-9,1779c498e5d1808862150924f7f33beedb5430b285139edc3f07a9e62687482e,2019,Review,English,EC_EV_FINAL_SCOPE,include,verified_member_of_final_4974
EC_EV_000681,10.1186/s13287-019-1472-x,77035ddb5a12d5e189c1fdc8ca58c261abf739af76351ddb583bdfe536ec79c5,2019,Article,English,EC_EV_FINAL_SCOPE,include,verified_member_of_final_4974
EC_EV_000682,10.1016/j.bioactmat.2024.07.006,d8a67904dc7307e2ac73754ef1dd0b53209ed0e37b806ca437de1d4994509604,2024,Article,English,EC_EV_FINAL_SCOPE,include,verified_member_of_final_4974
EC_EV_000683,10.3389/fnmol.2021.749716,0b7f13af20d57b0b56db989e454a48890150563e25fba70750631c24c7d528bc,2021,Review,English,EC_EV_FINAL_SCOPE,include,verified_member_of_final_4974
EC_EV_000684,10.3389/fcell.2025.1528714,a8b3df58b566cd5110ba3398ee647408265cf14a550dfe435206bd976d0a40a5,2025,Article,English,EC_EV_FINAL_SCOPE,include,verified_member_of_final_4974
EC_EV_000685,10.1016/j.ejcb.2021.151183,2720797206b3223379cc458a72a8253c2c5580c26721e9fdd21e5d3400d204d1,2021,Review,English,EC_EV_FINAL_SCOPE,include,verified_member_of_final_4974
EC_EV_000686,10.1016/j.jid.2023.02.030,19440e5d928d456dd52d45a74e938d284a0e7e7c2964219f8cde74609617fb18,2023,Article,English,EC_EV_FINAL_SCOPE,include,verified_member_of_final_4974
EC_EV_000687,10.3390/cells13050435,4adc1462a09e844de0aa2add75932d7b3f8af5e85ce960aa9e228224ca5500ce,2024,Review,English,EC_EV_FINAL_SCOPE,include,verified_member_of_final_4974
EC_EV_000688,10.1038/s41598-024-67654-x,eca54e1d31aae6f287a7f05f4ac86114540279de8a0d4e13b8a75bcd0a6f8776,2024,Article,English,EC_EV_FINAL_SCOPE,include,verified_member_of_final_4974
EC_EV_000689,10.3389/fonc.2021.656045,d101eda8538ab04fefd92380714d48e52c11e40854fb2665835d5e572ecd1452,2021,Article,English,EC_EV_FINAL_SCOPE,include,verified_member_of_final_4974
EC_EV_000690,10.1038/s41598-017-16448-5,906d6877bd0ced6e3378f971c9bed79fd40a51be927ab3ab2b8c7b03e436790f,2017,Article,English,EC_EV_FINAL_SCOPE,include,verified_member_of_final_4974
EC_EV_000691,10.1007/s13402-023-00790-0,e15cb1a900cc6c80738dc701f783a2add2132ec4c30b2a847c39df7347902753,2023,Article,English,EC_EV_FINAL_SCOPE,include,verified_member_of_final_4974
EC_EV_000692,10.3389/fphys.2021.678362,e887fcfa195077b51bf27a3f611ce163f2ac43a8cdc16444d980da5234e1d8c6,2021,Review,English,EC_EV_FINAL_SCOPE,include,verified_member_of_final_4974
EC_EV_000693,10.1002/jev2.70053,601000acb6ff499cb6a896bb094e6fbd661fe8bd0c5541e755d6744a23fb81a1,2025,Article,English,EC_EV_FINAL_SCOPE,include,verified_member_of_final_4974
EC_EV_000694,10.1007/s00432-023-05095-1,6c4d54e59c7d379f9040004e80fea8168f6b0297c5f2c88be3d2e7079e19376a,2023,Article,English,EC_EV_FINAL_SCOPE,include,verified_member_of_final_4974
EC_EV_000695,10.3390/cimb45070355,338d0b243d2ed552ab6f7e2be6c5278fc4b4a9da836c7f6f8c16b05245351be8,2023,Article,English,EC_EV_FINAL_SCOPE,include,verified_member_of_final_4974
EC_EV_000696,,429b5e33361c6f9cd61c28032201b8573edd96520bae5df81d259da07c21b3d9,2023,Article,English,EC_EV_FINAL_SCOPE,include,verified_member_of_final_4974
EC_EV_000697,10.1016/j.nano.2023.102708,37f6d9681ced89bf6b7277d8dc94f09d1691ef623748880d52d9cce551a38fca,2023,Article,English,EC_EV_FINAL_SCOPE,include,verified_member_of_final_4974
EC_EV_000698,10.3390/ijms22094640,1f58fc0180714e10a307fdd36b39f8662ee2aa693a751646cc7a07bfc0689971,2021,Review,English,EC_EV_FINAL_SCOPE,include,verified_member_of_final_4974
EC_EV_000699,10.3389/fcvm.2022.844047,061537cd04aa45ae638069e30b57a36abece5748b78d59b1df7571305d07432f,2022,Article,English,EC_EV_FINAL_SCOPE,include,verified_member_of_final_4974
EC_EV_000700,10.1111/cas.14740,83643709618385d9b72f1335a82c21518036d1da3345eed747b77facfb452799,2021,Article,English,EC_EV_FINAL_SCOPE,include,verified_member_of_final_4974
EC_EV_000701,10.18632/oncotarget.7274,ad586a8e8741e01c95afc948d6ad1577b4e1d0da0846c3cd8977b808456f6a90,2016,Article,English,EC_EV_FINAL_SCOPE,include,verified_member_of_final_4974
EC_EV_000702,10.1016/j.bbrc.2007.12.011,60072e37571ff0008b16918c719530007a87e4e9cc7328bdf8ad069aa68bc4d9,2008,Article,English,EC_EV_FINAL_SCOPE,include,verified_member_of_final_4974
EC_EV_000703,10.1111/trf.13851,8445dacdad9ad2357fbb5b4fc3d315fbefa485babdcd96f3b22e239e0938a06f,2016,Article,English,EC_EV_FINAL_SCOPE,include,verified_member_of_final_4974
EC_EV_000704,10.7150/thno.47021,ab34bbb8c0e3dfe13c6d4d3f98ccf779345bfcee44e691c5d46997de8cd55944,2021,Article,English,EC_EV_FINAL_SCOPE,include,verified_member_of_final_4974
EC_EV_000705,10.1155/2022/6558060,d16088dbb64ab58379d778b1414c08e1a716d0aefbcdaa5129c56022426872a8,2022,Review,English,EC_EV_FINAL_SCOPE,include,verified_member_of_final_4974
EC_EV_000706,10.1002/jcp.28070,037253d6d1ba277e6e62401b85a368eb48fdb59d1fde808f42618108ebe15d73,2019,Article,English,EC_EV_FINAL_SCOPE,include,verified_member_of_final_4974
EC_EV_000707,10.3390/molecules29174281,325576d501523bd3d45d1cd9eb5c695e7f2299f235cedc4f0a46b0528f4d8ea1,2024,Article,English,EC_EV_FINAL_SCOPE,include,verified_member_of_final_4974
EC_EV_000708,10.1371/journal.pone.0115170,27a57a6e7e5c762e4664ae73ca13e71bdd28d5037771b714f48e5cffdb142f09,2014,Article,English,EC_EV_FINAL_SCOPE,include,verified_member_of_final_4974
EC_EV_000709,10.1080/20013078.2020.1757900,621a15a193e6cfcee892006db846619ef1ee31b950d91970aed14134a5a3f15d,2020,Article,English,EC_EV_FINAL_SCOPE,include,verified_member_of_final_4974
EC_EV_000710,10.1016/j.nano.2022.102515,c6b878d8175a40547cb79c260078ddddd3ae15c745f7fb5f1f2fd6bd391b04b9,2022,Article,English,EC_EV_FINAL_SCOPE,include,verified_member_of_final_4974
EC_EV_000711,10.3389/fmed.2021.753555,e4357a733ab22bc58cc4ce72bd01519032f8a5735a124cb84b0243f613b29fce,2022,Article,English,EC_EV_FINAL_SCOPE,include,verified_member_of_final_4974
EC_EV_000712,10.1007/s12032-024-02465-8,b8eddb25df3339eaabc421f127b8b7d6440025527ca01e5d96562aae6b888da0,2024,Article,English,EC_EV_FINAL_SCOPE,include,verified_member_of_final_4974
EC_EV_000713,10.1021/acsnano.3c05309,e41ef0fff86f3544a423ec43836636fb472ab4d3919c872cec4d97d2c7339549,2023,Article,English,EC_EV_FINAL_SCOPE,include,verified_member_of_final_4974
EC_EV_000714,10.3389/fonc.2024.1346312,d0e84c7239e4591e74c0f9a4ad5935448ee64b87e799470fd4f88f0da0bd374f,2024,Article,English,EC_EV_FINAL_SCOPE,include,verified_member_of_final_4974
EC_EV_000715,10.1667/rade-24-00039.1,ac04ed22d7ea48d85bb00d3dfd5c07114e472c9b6ccd69b62226bbab5393dc33,2024,Article,English,EC_EV_FINAL_SCOPE,include,verified_member_of_final_4974
EC_EV_000716,10.3390/pathogens9100785,b50d16abdb0c4b107caf72ece828db88e8815cccfab4cd0c3c49bcb3987e6e31,2020,Review,English,EC_EV_FINAL_SCOPE,include,verified_member_of_final_4974
EC_EV_000717,10.1155/2019/9742765,f558876c4b5b3ef03943b37accd050a4df3fcac0883c916b44d24b91ca70ca4e,2019,Article,English,EC_EV_FINAL_SCOPE,include,verified_member_of_final_4974
EC_EV_000718,10.1111/ejn.14974,21b2ac0cfadcd82032e053e88d268ca3e703cd2d22cc360829402b8ff7550610,2021,Article,English,EC_EV_FINAL_SCOPE,include,verified_member_of_final_4974
EC_EV_000719,10.7150/thno.43315,38e675e1445567327b8299cc96a711c75d45924a6f8fd786b2d192bcaa53840d,2020,Article,English,EC_EV_FINAL_SCOPE,include,verified_member_of_final_4974
EC_EV_000720,10.1096/fj.201600368rr,1215f30802f90ecb48f0034b062dcd68f24871fe6e34698b68c71bd89f5051f3,2016,Article,English,EC_EV_FINAL_SCOPE,include,verified_member_of_final_4974
EC_EV_000721,10.1080/13880209.2024.2309871,5a89ce23249127a907c9f9e5519ec82b8d15feba09da30fc122d0c062f1cbd03,2024,Article,English,EC_EV_FINAL_SCOPE,include,verified_member_of_final_4974
EC_EV_000722,10.1248/cpb.c19-00854,a8506a2d72fff1f25e87a20d078ffc23248d84f941746c2dea6d803046a47342,2020,Review,English,EC_EV_FINAL_SCOPE,include,verified_member_of_final_4974
EC_EV_000723,10.1007/s11011-022-01025-1,f44fc3d7d1545921fa67059d2fc40b8c603ffdb0e76db767981a91dce3aa0713,2022,Article,English,EC_EV_FINAL_SCOPE,include,verified_member_of_final_4974
EC_EV_000724,10.1080/09537104.2022.2156492,a0776d394260b0968c058c750a6f371ce803b2fe1b5ad62613dec0a7de53c132,2023,Article,English,EC_EV_FINAL_SCOPE,include,verified_member_of_final_4974
EC_EV_000725,10.1016/j.ymthe.2020.12.034,de3543ef6e9fdcd80a2303676aedccfe2568b9217ea900173edcf894d514fad7,2021,Article,English,EC_EV_FINAL_SCOPE,include,verified_member_of_final_4974
EC_EV_000726,10.1002/2211-5463.13736,8e4fb20e2a573080d0df806d3bdc6d054b6b93bc93770856778247a825037c8f,2024,Article,English,EC_EV_FINAL_SCOPE,include,verified_member_of_final_4974
EC_EV_000727,10.1038/s41467-024-52867-5,f85e5b6237ccbff48377cf87a446f0ad187b731297b364ad80b5b952bd354824,2024,Article,English,EC_EV_FINAL_SCOPE,include,verified_member_of_final_4974
EC_EV_000728,10.1016/j.yexcr.2020.112449,3f76944ec3229cc927e92f14c96618a5bde63cc1648c37243cb7d6391833a6e8,2021,Article,English,EC_EV_FINAL_SCOPE,include,verified_member_of_final_4974
EC_EV_000729,10.1016/j.semcdb.2019.10.015,e9c5fc2abe988c36b5b326171b0e218d3713d3473b5395e298b572288a846616,2020,Review,English,EC_EV_FINAL_SCOPE,include,verified_member_of_final_4974
EC_EV_000730,10.1096/fj.202302124rr,78b7f5d3be0e2c9c9ad76e1898a6b783c81d5a1dcf5d4c953ba99c2b451892e3,2024,Article,English,EC_EV_FINAL_SCOPE,include,verified_member_of_final_4974
EC_EV_000731,10.1530/rep-16-0615,005938a341c5b312a0887ba30ca4cf666e2f42226e9cf636478ab56681f58cfc,2017,Article,English,EC_EV_FINAL_SCOPE,include,verified_member_of_final_4974
EC_EV_000732,10.7150/ijbs.28048,9171368c4dcc90f2f8b49248fa25c6daabbf27cf85135f96b0a7f09d5ee02727,2018,Article,English,EC_EV_FINAL_SCOPE,include,verified_member_of_final_4974
EC_EV_000733,10.1186/s12929-022-00889-w,22d1a31976f8babae5a868bfb0c3f9959858ac34398445b75397f22828535b47,2022,Article,English,EC_EV_FINAL_SCOPE,include,verified_member_of_final_4974
EC_EV_000734,10.1007/s12265-021-10174-0,5f70897b9d2f3b34f781a7c5bbdb1a8d395c7bcea184b2c1e5e2645a0d892c04,2022,Article,English,EC_EV_FINAL_SCOPE,include,verified_member_of_final_4974
EC_EV_000735,10.1002/adma.202210903,095543cf04ee07cda37d3ffa217ec8a2f429ec6a50b8e0deb930c92ce3092908,2023,Article,English,EC_EV_FINAL_SCOPE,include,verified_member_of_final_4974
EC_EV_000736,10.1186/s13578-023-00990-z,aec9ee9e26641f7c33521132815d1e62a1b1215e69ce7b46751f21e66ac8c60a,2023,Article,English,EC_EV_FINAL_SCOPE,include,verified_member_of_final_4974
EC_EV_000737,10.1165/rcmb.2018-0089oc,b6b20adcd136a53fc7b5dd6266d2233d0a0c3e5e809c8b774543c2efeb9111ed,2019,Article,English,EC_EV_FINAL_SCOPE,include,verified_member_of_final_4974
EC_EV_000738,10.3892/mmr.2018.8380,e90eefca397f84df781b6019666fd41ad2584a4e7afaaf3ab704d9f1b2986a51,2018,Article,English,EC_EV_FINAL_SCOPE,include,verified_member_of_final_4974
EC_EV_000739,10.1038/s41371-021-00497-5,224151c25701e42d932a5ee95d307a435f6ef7aca55f8f249c73b96d103a7b4c,2022,Article,English,EC_EV_FINAL_SCOPE,include,verified_member_of_final_4974
EC_EV_000740,10.1007/s43032-024-01716-3,6f3effa9b260fb9bc271c3cadc36999c66c62a43c27bf0da65c16804bc3f13c2,2025,Article,English,EC_EV_FINAL_SCOPE,include,verified_member_of_final_4974
EC_EV_000741,10.1016/j.vph.2023.107174,b6ac6c628fe3e2a02740bd8a009ed7e57a1b8903207dfe8543f83f8e980c93aa,2023,Article,English,EC_EV_FINAL_SCOPE,include,verified_member_of_final_4974
EC_EV_000742,10.1371/journal.pone.0313582,de07ed0959303ccd956e3470598651f4930a5c50d19ed956853f33fe1e48c5c4,2025,Article,English,EC_EV_FINAL_SCOPE,include,verified_member_of_final_4974
EC_EV_000743,10.3390/ijms231911543,9ab26d4116a9e5f7e57f6a6ad48e652ef56572f290eadc13f5c9e180ab125dda,2022,Article,English,EC_EV_FINAL_SCOPE,include,verified_member_of_final_4974
EC_EV_000744,10.2147/ijn.s64267,41b8e071a8905575179019180811d9bfd8639a9b36c4bf9bfc340e5bed193800,2014,Article,English,EC_EV_FINAL_SCOPE,include,verified_member_of_final_4974
EC_EV_000745,10.1016/j.canlet.2020.10.009,0b4fb93a76ffed57590b89f83d4131be86f3f0ce987ddd35555c5f55588d4f25,2021,Article,English,EC_EV_FINAL_SCOPE,include,verified_member_of_final_4974
EC_EV_000746,10.1016/j.exer.2024.109912,03d650ff1435606703951793379c02708842693fd5d6adc12f608d1b5c93ad9b,2024,Article,English,EC_EV_FINAL_SCOPE,include,verified_member_of_final_4974
EC_EV_000747,10.1007/s10456-019-09665-1,3976a3ffa69552faa6c964dd7a72be31c3df689286c9b2b1f36bd88ab5e91266,2019,Article,English,EC_EV_FINAL_SCOPE,include,verified_member_of_final_4974
EC_EV_000748,10.3390/biom14091154,13d24c1c9d036eeb88c490e040191a8d5bd668ad4e2bde534574fcefeb882ba2,2024,Article,English,EC_EV_FINAL_SCOPE,include,verified_member_of_final_4974
EC_EV_000749,10.1111/jdi.14416,0f4eec1be3c992704064d703e1eabcaa67a1366500e6452163428bc40449752f,2025,Article,English,EC_EV_FINAL_SCOPE,include,verified_member_of_final_4974
EC_EV_000750,10.1016/j.omto.2021.09.003,7a0e5a61b698eba1a78c8c620c2444277778c64bbe5a0de55ef7c184823066b6,2021,Article,English,EC_EV_FINAL_SCOPE,include,verified_member_of_final_4974
EC_EV_000751,10.7150/jca.110659,69a6387c921d796dfc3a630700f2b247ac182d1e66fc892fcc76a8d5a159d085,2025,Article,English,EC_EV_FINAL_SCOPE,include,verified_member_of_final_4974
EC_EV_000752,10.1016/j.bioadv.2023.213692,963dc2b8a077a1df87ad075ea65926b790d4df45e9fbf6526fce0906aff7b39a,2023,Article,English,EC_EV_FINAL_SCOPE,include,verified_member_of_final_4974
EC_EV_000753,10.1016/j.carbon.2022.09.045,4dc4fb280fb04cda8e99cb33525f15b0e93120f12a149644aded584a9b44324a,2023,Article,English,EC_EV_FINAL_SCOPE,include,verified_member_of_final_4974
EC_EV_000754,10.1021/acsnano.3c09848,e6a7d8cd5a0a65e681688d576d29dcbe373d8f5ceb9166dd6179a308d230dd7a,2024,Article,English,EC_EV_FINAL_SCOPE,include,verified_member_of_final_4974
EC_EV_000755,10.1002/adma.202411030,7b670f3914afb1b7f859d4977163629fe0c74cc123ef85a352fefe62af317917,2025,Article,English,EC_EV_FINAL_SCOPE,include,verified_member_of_final_4974
EC_EV_000756,10.1016/j.ijbiomac.2023.126721,3495c99760df67661fa533a89f56b3c1ab1bb0692503267e7442f403b44e354f,2023,Article,English,EC_EV_FINAL_SCOPE,include,verified_member_of_final_4974
EC_EV_000757,10.1186/s40659-023-00428-3,65881a58c48eedec7e58a2083bc569bcc76206471284790e7ee5ccd656b5a91c,2023,Article,English,EC_EV_FINAL_SCOPE,include,verified_member_of_final_4974
EC_EV_000758,10.1016/j.reth.2024.03.027,0a8dc3b8e3680db92a883f6deb7c2c1513d30103f5dce8f47c920b1edb374c2b,2024,Article,English,EC_EV_FINAL_SCOPE,include,verified_member_of_final_4974
EC_EV_000759,10.1002/adhm.202300019,fdbea9999c9bb398cd00595e46ec5e52e16189a64ac61057a2656bda6ef8621f,2023,Article,English,EC_EV_FINAL_SCOPE,include,verified_member_of_final_4974
EC_EV_000760,10.1038/s41598-019-43689-3,1e9934fff55fee6437534e82cf04e97d7f13c6b9bbddb64263ac2afc01b6ce83,2019,Article,English,EC_EV_FINAL_SCOPE,include,verified_member_of_final_4974
EC_EV_000761,10.3390/ijms241914913,5479a6bf6a806ee295d3db82186eaf9b48d7fd73618357939ab3994fbce55684,2023,Article,English,EC_EV_FINAL_SCOPE,include,verified_member_of_final_4974
EC_EV_000762,10.1186/s13054-015-1162-8,1c0f5139040c2fc453daae79d33d0b1e1df0211882fe5dff06e3781339f75793,2015,Article,English,EC_EV_FINAL_SCOPE,include,verified_member_of_final_4974
EC_EV_000763,10.1038/s41388-020-1228-1,31871b4a3d4b51d77cce4df1e9e02b8ac222ebce78d7c4534290309ee88cc149,2020,Article,English,EC_EV_FINAL_SCOPE,include,verified_member_of_final_4974
EC_EV_000764,10.1161/01.atv.0000172007.86541.76,94922bdb071c26e57aa727dcc23bdf3d0621bbcc6e3afd45f0d0f9cf9a2178bb,2005,Article,English,EC_EV_FINAL_SCOPE,include,verified_member_of_final_4974
EC_EV_000765,10.1096/fj.10-180323,57de1bc2923a71ac6801f638cdad988a1962f403c88ff004fdfee8fa77e425a0,2011,Review,English,EC_EV_FINAL_SCOPE,include,verified_member_of_final_4974
EC_EV_000766,10.1038/ncb2441,3028006be31508074b94d42faa63d7ab1c12b096ddad174ac09270052cf7e002,2012,Article,English,EC_EV_FINAL_SCOPE,include,verified_member_of_final_4974
EC_EV_000767,10.1073/pnas.1721521115,b03a0d8d66908ee832eb6bcdfbdf2d44dbbf6ad15af1c7319ec06b6aadaadf5d,2018,Article,English,EC_EV_FINAL_SCOPE,include,verified_member_of_final_4974
EC_EV_000768,10.1038/s41413-020-00121-1,873d768e49d9edde217dfa9b72c939947ebd865fcad2b255b5e353ed982de6ed,2021,Article,English,EC_EV_FINAL_SCOPE,include,verified_member_of_final_4974
EC_EV_000769,10.1038/s41388-025-03389-x,d7d1da4286c705202fe72bfedd5e23043c4cace647f9d13c3698350a00037b3b,2025,Article,English,EC_EV_FINAL_SCOPE,include,verified_member_of_final_4974
EC_EV_000770,10.1038/s41419-023-06007-4,a404a834124d15945f2c53997465a471f897341a90f25883a054aa97ee58e115,2023,Article,English,EC_EV_FINAL_SCOPE,include,verified_member_of_final_4974
EC_EV_000771,10.1164/rccm.201602-0323oc,783f927a3b15a37644b12afe3278760a9071ef8e3beae3d4eb8eae58c0acd812,2016,Article,English,EC_EV_FINAL_SCOPE,include,verified_member_of_final_4974
EC_EV_000772,10.3390/jcm11030816,e2789d844f52ed563fe5aa4651d83f406beddb9a51f75aa867ac756584347bb5,2022,Article,English,EC_EV_FINAL_SCOPE,include,verified_member_of_final_4974
EC_EV_000773,10.3390/ijms252011326,9f4b6f26ba5037df026b56ea533318d6f46e477d8967472851215b3431ebf18e,2024,Article,English,EC_EV_FINAL_SCOPE,include,verified_member_of_final_4974
EC_EV_000774,10.1155/humu/6771390,56c01ee9612b010a04706985b304df698422ac514b5d36db643dd9ede547e458,2025,Article,English,EC_EV_FINAL_SCOPE,include,verified_member_of_final_4974
EC_EV_000775,10.1002/ijc.32196,0477ab9c5f7d345e9520e05f5668e6b9e866ce370a220269c754c94133f370a1,2019,Article,English,EC_EV_FINAL_SCOPE,include,verified_member_of_final_4974
EC_EV_000776,10.1016/j.mtbio.2024.101330,deaebab97539f2c8eccf697335fd672f9758a294c68bef57ac0e47721c194724,2024,Article,English,EC_EV_FINAL_SCOPE,include,verified_member_of_final_4974
EC_EV_000777,10.18632/oncotarget.19996,ee360d1f2d7ae34a028063f28600b28fc60197379aee70d714a8e951e4afc703,2017,Article,English,EC_EV_FINAL_SCOPE,include,verified_member_of_final_4974
EC_EV_000778,10.1186/s13287-022-02764-9,67b18fefc998da04f0fef5be280f1004adca230055388b8e7f29bf07f12bcc59,2022,Article,English,EC_EV_FINAL_SCOPE,include,verified_member_of_final_4974
EC_EV_000779,10.1182/blood.2021012358,1f04c7fa7a4e9c58ab819ccf9e6b9301df99bf5453c30c550743af69a9e2193d,2022,Article,English,EC_EV_FINAL_SCOPE,include,verified_member_of_final_4974
EC_EV_000780,10.1038/s41574-023-00893-6,2600a9a9e47f139e364f374e61a415b9a14e6a640ec663584088eb07eb078b6c,2023,Review,English,EC_EV_FINAL_SCOPE,include,verified_member_of_final_4974
EC_EV_000781,10.3390/biomedicines12020295,be5f167a774ee515e8861d057de1ad5793eb723ad18ebdd9142c6d62fe7d59c6,2024,Article,English,EC_EV_FINAL_SCOPE,include,verified_member_of_final_4974
EC_EV_000782,10.7150/ijbs.16951,1d09efba3f44353d7ae0ddc4f865b7bccce58e26f5bca09d132172374fee4319,2017,Article,English,EC_EV_FINAL_SCOPE,include,verified_member_of_final_4974
EC_EV_000783,10.1016/j.omto.2019.08.001,b1372d5753969d45742d07e7fe09c42bb693c626478eb8f68acd630fed2fa9a8,2019,Article,English,EC_EV_FINAL_SCOPE,include,verified_member_of_final_4974
EC_EV_000784,10.1002/jev2.12197,857a53ff1772e096b93d3884ece1758d9fc7de08dd1289bf2cc0b230f9702369,2022,Article,English,EC_EV_FINAL_SCOPE,include,verified_member_of_final_4974
EC_EV_000785,10.1016/j.jid.2023.08.030,0f6bc6dd953946586329f5456ca5410a6cecf31b23cb95872732e7659206d70e,2024,Article,English,EC_EV_FINAL_SCOPE,include,verified_member_of_final_4974
EC_EV_000786,10.3389/fgene.2022.686739,9f369be5771debebf76b60a5991e8e2093eb9510f14f600d948cf4e380d29fde,2022,Article,English,EC_EV_FINAL_SCOPE,include,verified_member_of_final_4974
EC_EV_000787,10.1038/s41388-020-01514-6,9c295101dcdae3531e6792c7f5027fa83a21c2980c4e65378f2261b65227d0ec,2020,Article,English,EC_EV_FINAL_SCOPE,include,verified_member_of_final_4974
EC_EV_000788,10.1016/j.neulet.2021.136361,d0828b17b447f7471c5530b9f99d6337d64ae45b245dacd2aae072e135d8fb8b,2022,Article,English,EC_EV_FINAL_SCOPE,include,verified_member_of_final_4974
EC_EV_000789,10.3389/fimmu.2022.1092704,33cb3444f71f13a1cbae9beb0c07462842797a38c9d34770dd4c69ce8e2182bf,2023,Article,English,EC_EV_FINAL_SCOPE,include,verified_member_of_final_4974
EC_EV_000790,10.1186/s12951-025-03289-y,417c4b5d7bdc36530716fe447ae3dc94a19781b7994159390b1a007a001ea1ed,2025,Article,English,EC_EV_FINAL_SCOPE,include,verified_member_of_final_4974
EC_EV_000791,10.1002/advs.202103317,132a6454d86c2981a7c144c2e4b295ea45fac2b95f4bf6ae594ecca7d0f8aaee,2022,Article,English,EC_EV_FINAL_SCOPE,include,verified_member_of_final_4974
EC_EV_000792,10.1080/15384101.2021.1894813,671d2b517f52c5d697cfa3d308e24ab3ce2d56a64de4f8b8be3d7d2aea90da24,2021,Article,English,EC_EV_FINAL_SCOPE,include,verified_member_of_final_4974
EC_EV_000793,10.1016/j.jri.2017.04.004,38b1e71c57cb4473db8e8bef769b818cadf6fca1350b62e4e3ebfef9dc1ed66f,2017,Article,English,EC_EV_FINAL_SCOPE,include,verified_member_of_final_4974
EC_EV_000794,10.1016/j.biocel.2021.105975,096eb5f3427b479f1da9b268f121301ccfb3f4ca8b472a140c3135a02f1f96ac,2021,Article,English,EC_EV_FINAL_SCOPE,include,verified_member_of_final_4974
EC_EV_000795,10.1172/jci157644,e416722dd15b24645097ccec1142d7c5a8d078ca71ae37e50ab58bd530e3fa64,2022,Article,English,EC_EV_FINAL_SCOPE,include,verified_member_of_final_4974
EC_EV_000796,10.3390/pharmaceutics14010086,d20f7e6e41b4c731d9347f782089c80af16164cc135839f34f79e203427dd914,2022,Article,English,EC_EV_FINAL_SCOPE,include,verified_member_of_final_4974
EC_EV_000797,10.1186/s12951-025-03138-y,140c77dd98b92d4279ab7b5e1275137e7f18bd581b337cfbf7e899120e2faf60,2025,Article,English,EC_EV_FINAL_SCOPE,include,verified_member_of_final_4974
EC_EV_000798,10.3389/fcvm.2025.1540051,c7c820fe85cf254e35270354566aa6070c5915843eb0388999bb17fc4c43e035,2025,Article,English,EC_EV_FINAL_SCOPE,include,verified_member_of_final_4974
EC_EV_000799,10.1016/j.canlet.2020.08.030,d06922332ec06f7ca127aab86f31956d1592d9e8d45e5bacc2f9f50e38ef72e6,2020,Article,English,EC_EV_FINAL_SCOPE,include,verified_member_of_final_4974
EC_EV_000800,10.1155/2022/5014895,1ffa44c20934ef208fea6690bf2aad7bc1dd47e57b6c880268e8393cb65f8287,2022,Article,English,EC_EV_FINAL_SCOPE,include,verified_member_of_final_4974
EC_EV_000801,10.2217/fmb.15.83,c60ad20885e6291ae3151105edf21a814db88ade00a46f8884d7fc697b8c48f5,2015,Review,English,EC_EV_FINAL_SCOPE,include,verified_member_of_final_4974
EC_EV_000802,10.1016/j.actbio.2018.07.001,cb21c48183e1c771265b77361f185067c7da668ce3b2e9c9731111bc2db2cd78,2018,Article,English,EC_EV_FINAL_SCOPE,include,verified_member_of_final_4974
EC_EV_000803,10.1186/s12872-022-02959-1,40ee45c1294e6febc47d9e92e6014f1b4af2fc41bd5f7ea7280a317651f2bada,2022,Article,English,EC_EV_FINAL_SCOPE,include,verified_member_of_final_4974
EC_EV_000804,10.3390/ijms25094761,4df0c972e9f1f900e5d1e42a44483ca2e6c580262e65cbd720fb7b97679b11fc,2024,Article,English,EC_EV_FINAL_SCOPE,include,verified_member_of_final_4974
EC_EV_000805,10.1080/17435390.2019.1570373,4dc4de3608388dd7003df1f02928fc3a9310f0b26a7283a7ba3ee14882098fd5,2019,Article,English,EC_EV_FINAL_SCOPE,include,verified_member_of_final_4974
EC_EV_000806,10.1080/14728222.2024.2306353,3aa02d5c27f1df3446f4b80518cd791fb2da91499f8351668f6aaf2586ec5f66,2024,Article,English,EC_EV_FINAL_SCOPE,include,verified_member_of_final_4974
EC_EV_000807,10.1093/cvr/cvu167,20a81c873078a6fa2590e172c36cdbdddc2cb3360d2acf5338f9168e39cb52ea,2014,Article,English,EC_EV_FINAL_SCOPE,include,verified_member_of_final_4974
EC_EV_000808,10.1111/wrr.13154,544778ea472aaea136bb180f9cb1be5fd3f1eef81d09f267932639e82224d45a,2024,Article,English,EC_EV_FINAL_SCOPE,include,verified_member_of_final_4974
EC_EV_000809,10.1038/s41598-023-35620-8,db4ead481f1b156d63478400b48dc9d2b807e22a9d871920ac727b2f77cbb5bd,2023,Article,English,EC_EV_FINAL_SCOPE,include,verified_member_of_final_4974
EC_EV_000810,10.1186/s13287-019-1152-x,f4433c3e76bd6fb28b6834af7c38d1879b51e1051770eb796a1f38a8cbdd1954,2019,Article,English,EC_EV_FINAL_SCOPE,include,verified_member_of_final_4974
EC_EV_000811,10.1111/gtc.12882,c9c3fa2d522df4d4843d887f1947b1cb6b52051471d27fee3a12bc3cbae7cf18,2021,Article,English,EC_EV_FINAL_SCOPE,include,verified_member_of_final_4974
EC_EV_000812,10.1016/j.heliyon.2024.e29292,fd150dc8d433b9f468eff310a2f17c05674fce13843c605f1d0207b8915cf3b2,2024,Article,English,EC_EV_FINAL_SCOPE,include,verified_member_of_final_4974
EC_EV_000813,10.1016/j.bbrc.2023.149271,7af4f28f8c7fdb26d28c44015ba5128b77bd006e68c8f5b7bea32a6627d6e36d,2024,Article,English,EC_EV_FINAL_SCOPE,include,verified_member_of_final_4974
EC_EV_000814,10.1186/s12951-022-01504-8,b5dd2ad34694a4c992ec2d752d7447e15fac7c81a375023bb4e3a266ad633c9e,2022,Article,English,EC_EV_FINAL_SCOPE,include,verified_member_of_final_4974
EC_EV_000815,10.1158/1535-7163.mct-20-0963,c3de714da87df310c03cb0eb3074473f82276e8434211cfd63e1491202e7e0a1,2021,Article,English,EC_EV_FINAL_SCOPE,include,verified_member_of_final_4974
EC_EV_000816,10.15252/embr.202357042,d34a3d12b694b9c846a7ba9fc674b445a617451b402fad8c7e148e19732186c3,2023,Article,English,EC_EV_FINAL_SCOPE,include,verified_member_of_final_4974
EC_EV_000817,10.1002/adhm.202401406,edc1ea8d06c71f9e42bb79bd2531faf6b859465b9e8ba68d91dc0f59fe766321,2024,Article,English,EC_EV_FINAL_SCOPE,include,verified_member_of_final_4974
EC_EV_000818,10.4252/wjsc.v16.i5.499,aa099632c10e1abcc6fac4e41e28510b99dc4c5c5ea9b5583d23af90cd6ce0f6,2024,Article,English,EC_EV_FINAL_SCOPE,include,verified_member_of_final_4974
EC_EV_000819,10.1002/smll.202007235,5fc1725b46be4f69cbedc66d1e3b9372a90783900fcd3c47b6c05fa3bbfa3327,2021,Article,English,EC_EV_FINAL_SCOPE,include,verified_member_of_final_4974
EC_EV_000820,10.1186/s12967-020-02398-6,123a2c75ccbdf29dff2f76a2ef9170c7ab3f7c7776290d6ef4e521050a38355a,2020,Article,English,EC_EV_FINAL_SCOPE,include,verified_member_of_final_4974
EC_EV_000821,10.3892/ijo.2024.5712,3796ee3fbcc58a070bcd958e14b355585c92ae44360a1028130605a6c90acd18,2025,Review,English,EC_EV_FINAL_SCOPE,include,verified_member_of_final_4974
EC_EV_000822,10.1038/s41419-023-05991-x,fe86ec1e0a001316d3d13bb1de43a547d2290a2a2288dd8a3b2b84f24a9be250,2023,Article,English,EC_EV_FINAL_SCOPE,include,verified_member_of_final_4974
EC_EV_000823,10.3390/ijms24076082,dcc56298c201b2907118a60d5a252ffd509d3f4f6ac93cd7bfc9e5a5966f0ba4,2023,Article,English,EC_EV_FINAL_SCOPE,include,verified_member_of_final_4974
EC_EV_000824,10.1007/s12079-020-00548-5,2e401e98fda419fa4eae7138f54556d2df72684ad3006826f0044290cdaa1ff8,2020,Article,English,EC_EV_FINAL_SCOPE,include,verified_member_of_final_4974
EC_EV_000825,10.1016/j.ijbiomac.2024.138947,ea5a74eb9e954b1e2c3d337b3b7da8b52c45f88ac51a2e844682b7e5cdbe2281,2025,Article,English,EC_EV_FINAL_SCOPE,include,verified_member_of_final_4974
EC_EV_000826,10.1039/d1tb02509k,baa1e1e586537d25482a94b6f2edf551ae21bf63379abaebbc72653a05034fd2,2022,Article,English,EC_EV_FINAL_SCOPE,include,verified_member_of_final_4974
EC_EV_000827,10.1186/s12943-015-0426-x,29f466bb3b0d3a250a5ab536e75fceb46a18763df09782cae8a25173a985c23d,2015,Article,English,EC_EV_FINAL_SCOPE,include,verified_member_of_final_4974
EC_EV_000828,10.3389/fcell.2022.869850,9c853c0438211198fa58e736cc1b7d31a004dac0e0180c603e16523f19dddf7c,2022,Article,English,EC_EV_FINAL_SCOPE,include,verified_member_of_final_4974
EC_EV_000829,10.1016/j.bbrc.2020.04.159,5b655f0192695726168d51d15da40698811e7ec5cb04526cef402091766cead8,2020,Article,English,EC_EV_FINAL_SCOPE,include,verified_member_of_final_4974
EC_EV_000830,10.1096/fj.202301637r,5ba9c467aff19a0ff9536fb170dec95b8cea2d29458f8339f6584ffdb78b068f,2024,Article,English,EC_EV_FINAL_SCOPE,include,verified_member_of_final_4974
EC_EV_000831,10.1002/hep4.1358,fe998000d55222f222d0ad22effcab97521fb611e9f7aefa62fbb628a623b894,2019,Review,English,EC_EV_FINAL_SCOPE,include,verified_member_of_final_4974
EC_EV_000832,10.1161/hypertensionaha.123.21205,b6106807566018d0f537238009813c4800b7cd04a0ba6e97924750975ce94da7,2023,Article,English,EC_EV_FINAL_SCOPE,include,verified_member_of_final_4974
EC_EV_000833,10.3389/fcell.2021.616306,a8efc7e88fdc05cc53ba7dbc5069700cffdcaee9f36dbdb7b419a456f7c97c47,2021,Article,English,EC_EV_FINAL_SCOPE,include,verified_member_of_final_4974
EC_EV_000834,10.1016/j.jconrel.2021.08.038,4d1eeea5961f01ef9b13b3c29a01e2aa155e5f8f156604aeed5dff18355b97d0,2021,Article,English,EC_EV_FINAL_SCOPE,include,verified_member_of_final_4974
EC_EV_000835,10.3390/ijms21176425,7e8d47e733c8f6e342ddf3534a5cadd44c8099dda81c427719cb761178387d6a,2020,Article,English,EC_EV_FINAL_SCOPE,include,verified_member_of_final_4974
EC_EV_000836,10.1038/s41419-021-04024-9,a11d57232b7d48c01e6caaf428b4ddfe361ab43b2f250ab91d133c49d57384e3,2021,Article,English,EC_EV_FINAL_SCOPE,include,verified_member_of_final_4974
EC_EV_000837,10.1002/advs.202204626,0a7b237bfb2438085dce56aacae4e7d29d9c813b92fe477a171e58d9850402d9,2023,Article,English,EC_EV_FINAL_SCOPE,include,verified_member_of_final_4974
EC_EV_000838,10.3892/ijmm.2022.5195,d9cff076069725a9be8cb8d6f1b45f89f0345161a0ac4778f20d087a1f3b3b45,2022,Article,English,EC_EV_FINAL_SCOPE,include,verified_member_of_final_4974
EC_EV_000839,10.1038/s41598-023-47079-8,83331e00f05b9fd44a015182e7f891b598f0f9d0659abf53cbda3d29a0417d33,2023,Article,English,EC_EV_FINAL_SCOPE,include,verified_member_of_final_4974
EC_EV_000840,10.1016/j.bbrc.2019.12.095,5a2eb113137013358742692d89125bacb69612d666ed7527e12d0f2e557c7b3f,2020,Article,English,EC_EV_FINAL_SCOPE,include,verified_member_of_final_4974
EC_EV_000841,10.1186/s12933-025-02715-7,739e7fd02e6766bd7cefc7711750347f21872312e76986a0e98ab03bf9764d4d,2025,Article,English,EC_EV_FINAL_SCOPE,include,verified_member_of_final_4974
EC_EV_000842,10.2174/1381612826666200212113421,74ddc9e7d7c6383dd0ca3ca36a84f5a6c2d0475031bac20c16d406e366e1e63a,2020,Review,English,EC_EV_FINAL_SCOPE,include,verified_member_of_final_4974
EC_EV_000843,10.1016/j.lfs.2021.119937,9b43fb8a8b0da20b2fa323a5827cd74e905336b223cf3f2abe11720b655f3742,2021,Article,English,EC_EV_FINAL_SCOPE,include,verified_member_of_final_4974
EC_EV_000844,10.3390/cells11233828,ecce65408e70409fb37dc95c4afde50d4a6a35bb7a15998cf41a0b6353ffac8d,2022,Article,English,EC_EV_FINAL_SCOPE,include,verified_member_of_final_4974
EC_EV_000845,10.3390/toxins13080579,2727e1ec8cca59323f81b16afede48b4dfb57946d1e6e6fc78f2da6f2eb24d30,2021,Article,English,EC_EV_FINAL_SCOPE,include,verified_member_of_final_4974
EC_EV_000846,10.1152/ajpheart.00373.2020,3b353d3d980e2cb861f0dd7eda70f378cfa9c7a6ffa8dfa196fc2912078afba5,2021,Article,English,EC_EV_FINAL_SCOPE,include,verified_member_of_final_4974
EC_EV_000847,10.1007/s13346-023-01306-x,a52458a35f2b2e3b77a04ed69e1d0409d4a597317fbc85d8fcc997d2bb2b5471,2023,Article,English,EC_EV_FINAL_SCOPE,include,verified_member_of_final_4974
EC_EV_000848,10.1371/journal.pone.0313697,c0bd800e6501d55a9bfdf7379884fd0700e5af7a5d6ea6e37336c06aad88467f,2024,Article,English,EC_EV_FINAL_SCOPE,include,verified_member_of_final_4974
EC_EV_000849,10.3389/fcell.2020.597423,168051375e794cbb2dc04abe2efaac4bf3599d5b25d33169f0049a4c92f199b6,2020,Article,English,EC_EV_FINAL_SCOPE,include,verified_member_of_final_4974
EC_EV_000850,10.18632/oncotarget.6677,cbf0a257e47b4b1e6435117a9e269c5c7dc0318a05ceb968bc05931624db9a39,2016,Article,English,EC_EV_FINAL_SCOPE,include,verified_member_of_final_4974
EC_EV_000851,10.14336/ad.2023.0303,db0d278e514f430ed013d220bb72af0bf44dd309ff6ae8b342c17229dde69596,2024,Review,English,EC_EV_FINAL_SCOPE,include,verified_member_of_final_4974
EC_EV_000852,10.3390/ijms26072834,1f4498300de5bc99ee221b9cb2cab4312836e30f601ecce20ada8c939060cd55,2025,Article,English,EC_EV_FINAL_SCOPE,include,verified_member_of_final_4974
EC_EV_000853,10.3390/pharmaceutics16091113,1ff46aef29769d83739e8e3e84cafc1e443aed639d4275e8730c9639fc39dc9a,2024,Article,English,EC_EV_FINAL_SCOPE,include,verified_member_of_final_4974
EC_EV_000854,10.3390/ijms21238884,0fde56eab99cf57e91b5b4d54f876b55bbe4a4236c1b0d1669d3f5ef6bb8f221,2020,Article,English,EC_EV_FINAL_SCOPE,include,verified_member_of_final_4974
EC_EV_000855,10.1515/hsz-2023-0222,294aab649510b95aff09e2b1a5a5dec7c1e5bfb1ab7aae7f61e382d13fd073d7,2024,Article,English,EC_EV_FINAL_SCOPE,include,verified_member_of_final_4974
EC_EV_000856,10.1016/j.prostaglins.2020.106519,a0cb7286758743a152a40b9257391fd678e9f55c3787e8e954bdc9e66cff9300,2021,Article,English,EC_EV_FINAL_SCOPE,include,verified_member_of_final_4974
EC_EV_000857,,d15adbd19444c4edbe77dcf8c38c903e9d9d8b3e42f5414cbf9020ed45ad24e5,2020,Article,English,EC_EV_FINAL_SCOPE,include,verified_member_of_final_4974
EC_EV_000858,10.1016/j.ymthe.2022.03.002,4c8e75f5ed08e621ded1a17649a8dbfc4119b1c49e53386ecd3d9624db755e19,2022,Article,English,EC_EV_FINAL_SCOPE,include,verified_member_of_final_4974
EC_EV_000859,10.1128/jvi.02358-20,8780614de135c3367dd5f32336006d008537b0d3f6b9e08e2b20cf00e9d5bd39,2021,Article,English,EC_EV_FINAL_SCOPE,include,verified_member_of_final_4974
EC_EV_000860,10.1016/j.biomaterials.2019.119423,952b3bc4897496f15224e5e8263281b7e29d31d9ce26a64c10b928e808e966d3,2019,Article,English,EC_EV_FINAL_SCOPE,include,verified_member_of_final_4974
EC_EV_000861,10.2174/1567202618666211012162111,6eed08ef1c6c1322eebac865c173005e217a8edee67570cdf770bdf8492edead,2021,Article,English,EC_EV_FINAL_SCOPE,include,verified_member_of_final_4974
EC_EV_000862,10.1016/j.cej.2021.131624,1b1e89c279e26be43f7a5c428aa596535b359ed557414a569bc738c95caa53e0,2021,Article,English,EC_EV_FINAL_SCOPE,include,verified_member_of_final_4974
EC_EV_000863,10.1038/s41388-019-0903-6,0e46db34b9a881e5728a23ecd10e2f31b3a41751d8c6238fb5d5ab12e33eaf10,2019,Article,English,EC_EV_FINAL_SCOPE,include,verified_member_of_final_4974
EC_EV_000864,10.3390/ijms221910343,65b7a494ea2423d407fff44f90c9508481713fa31b0e610e59915fcd85d77342,2021,Article,English,EC_EV_FINAL_SCOPE,include,verified_member_of_final_4974
EC_EV_000865,10.1007/s12035-025-04956-9,5f51590fe4c1aad779b4eba98509a3663bd39755ec49812bfc376748aa8ed133,2025,Review,English,EC_EV_FINAL_SCOPE,include,verified_member_of_final_4974
EC_EV_000866,10.1002/advs.202300414,bc94102c3afeaeae49e407f2c7411c1d622328cb013ad6460e408bb8c2a02d51,2023,Article,English,EC_EV_FINAL_SCOPE,include,verified_member_of_final_4974
EC_EV_000867,10.1186/s13287-019-1426-3,1f14a3f788fd73516f85f60469a2a9381664fe3045d1847ccd9ca1b74fc98fc5,2019,Article,English,EC_EV_FINAL_SCOPE,include,verified_member_of_final_4974
EC_EV_000868,10.1016/j.niox.2022.02.002,824abd539f1be2221e0a2d3245318604166b46c69fc6aeb1192c650ade82a203,2022,Article,English,EC_EV_FINAL_SCOPE,include,verified_member_of_final_4974
EC_EV_000869,10.1002/adhm.202201150,f0b739f3e1c07f53abbdd599439c296eb80a550640c2088c7ac5f6e912dba9c0,2022,Article,English,EC_EV_FINAL_SCOPE,include,verified_member_of_final_4974
EC_EV_000870,10.1016/j.mvr.2024.104695,9c633239e6fe706d15aff8030f7bba92745a3183ff01870506b0043f0cfae07d,2024,Article,English,EC_EV_FINAL_SCOPE,include,verified_member_of_final_4974
EC_EV_000871,10.1016/j.cellsig.2022.110348,98c7ffaa72db0244b959156cea027fdc4ae57a75f211d325fef08477e4862afc,2022,Article,English,EC_EV_FINAL_SCOPE,include,verified_member_of_final_4974
EC_EV_000872,10.1038/s41598-022-24051-6,8a2bc97201285eff43aba7a09ddfd3c618eb740c2700dd60ce7c3935ece8b3c8,2022,Article,English,EC_EV_FINAL_SCOPE,include,verified_member_of_final_4974
EC_EV_000873,10.1002/adhm.202100492,ad802caa4e63ad386ace4043414e35d62150d9cc37b791096b06b275d51440e3,2021,Article,English,EC_EV_FINAL_SCOPE,include,verified_member_of_final_4974
EC_EV_000874,10.3389/fcell.2021.733158,6b5e58ca2064a45717ea857bdaa02bfa351b36bc6776d3d97dca35d170c2802c,2021,Article,English,EC_EV_FINAL_SCOPE,include,verified_member_of_final_4974
EC_EV_000875,,3eff608488f346f59458737b090771a2dda354b66fcc167bb4f93a327f574b5a,2021,Article,English,EC_EV_FINAL_SCOPE,include,verified_member_of_final_4974
EC_EV_000876,10.1016/j.biocel.2020.105789,0299ec67f0ebe06207c855d8b6d76ebd8f71ec8cebc218da6357c766f2cc23f8,2020,Article,English,EC_EV_FINAL_SCOPE,include,verified_member_of_final_4974
EC_EV_000877,10.1016/j.placenta.2024.05.136,2ba39c8aa784779ff88bf135b1f187892f9931f9bf8ce9b883ce379913d23d68,2024,Article,English,EC_EV_FINAL_SCOPE,include,verified_member_of_final_4974
EC_EV_000878,10.1007/s11239-022-02694-6,82fc085b53846932885f8a140ee8926d06cc01e048bdccde42188099ae31170e,2022,Article,English,EC_EV_FINAL_SCOPE,include,verified_member_of_final_4974
EC_EV_000879,10.1007/s10557-022-07365-5,221db6a590e9d0af486ce579cc9d052d06f19798afc571566766c6f7962b20df,2024,Article,English,EC_EV_FINAL_SCOPE,include,verified_member_of_final_4974
EC_EV_000880,10.3390/ijms17071029,1824dc27741499f4f315e8ba1f7a9d4a58556c5a1b2a3236c64d6ac3aa660e88,2016,Review,English,EC_EV_FINAL_SCOPE,include,verified_member_of_final_4974
EC_EV_000881,10.1007/s12012-022-09736-8,757c5da35a670f84c644862d8309f8de2fee85f39fce71d71d1d31cbae9824cb,2022,Article,English,EC_EV_FINAL_SCOPE,include,verified_member_of_final_4974
EC_EV_000882,,ad2cb19e37d4484b3e4607faba891b5b61df7b49d2a9a6d17d4511c40d8b290b,2017,Article,English,EC_EV_FINAL_SCOPE,include,verified_member_of_final_4974
EC_EV_000883,10.1111/jth.14406,ed0309103ab0855e40947ade47b2abb56568a218df34d84092ed292deb9c666b,2019,Article,English,EC_EV_FINAL_SCOPE,include,verified_member_of_final_4974
EC_EV_000884,10.1016/j.ijbiomac.2024.132116,b7130a359e79a484c4d5b0632b109e629579e73de2892f3fa0cd80e621f4e2d2,2024,Article,English,EC_EV_FINAL_SCOPE,include,verified_member_of_final_4974
EC_EV_000885,10.1186/s13287-022-03083-9,727596cf4c31e2391ecb6f04b06d787dc0530f29c53148fb61ee26222d272192,2022,Article,English,EC_EV_FINAL_SCOPE,include,verified_member_of_final_4974
EC_EV_000886,10.1007/s12079-017-0428-0,1d074ee0d83c0886c647cf77bb418de229188aea445501fe5f4e42047800ea44,2018,Article,English,EC_EV_FINAL_SCOPE,include,verified_member_of_final_4974
EC_EV_000887,10.1016/j.humimm.2019.04.014,3ff278afa2db240188c030d063feb8ba2f2de3e8d770c3d7fb5fa41e5b1a5e07,2019,Review,English,EC_EV_FINAL_SCOPE,include,verified_member_of_final_4974
EC_EV_000888,10.1016/j.biomaterials.2024.122832,171fc356256abd5b39200402d97049402a733e30d1ea686f71083428640cf4dd,2025,Article,English,EC_EV_FINAL_SCOPE,include,verified_member_of_final_4974
EC_EV_000889,10.1038/s41598-017-14356-2,74859e1c996405ff7cc066f520c77b0a15ab7b3413feef9d98d66ef3a217f608,2017,Article,English,EC_EV_FINAL_SCOPE,include,verified_member_of_final_4974
EC_EV_000890,10.5966/sctm.2014-0267,cee0c8f25f797e14751a21b7630f0de62cbf1dada1248a0281df765b0d891002,2015,Article,English,EC_EV_FINAL_SCOPE,include,verified_member_of_final_4974
EC_EV_000891,10.1111/jcmm.12923,b889a7d0a8d4aa59fdc7b8ab28f0cd0a35607f9b57522992d0d6627323aa9f09,2016,Article,English,EC_EV_FINAL_SCOPE,include,verified_member_of_final_4974
EC_EV_000892,10.1016/j.bbrc.2024.150188,173d61cc1a431deb2cadbc598008798ffa6b36a4e5c5892ea5b821fe21d8f9ba,2024,Article,English,EC_EV_FINAL_SCOPE,include,verified_member_of_final_4974
EC_EV_000893,10.1039/d2na00762b,78cb0f5cbbe7826ec707f18d4fff560c395fb58c2176757bd08e73cfa833ac11,2023,Article,English,EC_EV_FINAL_SCOPE,include,verified_member_of_final_4974
EC_EV_000894,10.1016/j.kint.2016.07.015,7593b66ef7c131d98bb8010a18144ae962dab8c3fd9d730dfb19c00e7dff71d9,2016,Article,English,EC_EV_FINAL_SCOPE,include,verified_member_of_final_4974
EC_EV_000895,10.1016/j.omtn.2020.11.019,f570d66e71ab0e5270f0f05330d135decc9cfd3ace7287083af14ba4ab05fcc4,2021,Article,English,EC_EV_FINAL_SCOPE,include,verified_member_of_final_4974
EC_EV_000896,10.3389/fcvm.2024.1493290,10597d744f187916b87b63be219bfde0d49ed1602a4ea11e2653ae56d62c2e6b,2024,Review,English,EC_EV_FINAL_SCOPE,include,verified_member_of_final_4974
EC_EV_000897,10.1007/s11427-020-1869-7,3a5b7b109fc8fa0f0f5c858ec24d17df7edaa5b505e78e48a535fd0dfd2e6cfa,2022,Article,English,EC_EV_FINAL_SCOPE,include,verified_member_of_final_4974
EC_EV_000898,10.1155/2018/3183794,94c68775794f715488e7f8c7354736a2fda7aca410ce3852d86ee389f3d73a40,2018,Article,English,EC_EV_FINAL_SCOPE,include,verified_member_of_final_4974
EC_EV_000899,10.3389/fmolb.2021.636587,1c032452c2f553f14dcbb615b3ccb21ebc439d1051221f40022c0f9b4e611727,2021,Article,English,EC_EV_FINAL_SCOPE,include,verified_member_of_final_4974
EC_EV_000900,10.1016/j.cellsig.2020.109783,c02c867bd45bf3024a3658a7526410e70cf4f1227ac3a63de7888f6d48e21a11,2020,Review,English,EC_EV_FINAL_SCOPE,include,verified_member_of_final_4974
EC_EV_000901,,e372fc352ebadadfd585211a3f105256e3373c902d83ed8b4b98a89ddf24b3c2,2021,Article,English,EC_EV_FINAL_SCOPE,include,verified_member_of_final_4974
EC_EV_000902,10.1186/s13287-022-02824-0,ac633cca45de8d866f3fb0fd26309c21a30c16525f386749fa10060cad7d7c42,2022,Article,English,EC_EV_FINAL_SCOPE,include,verified_member_of_final_4974
EC_EV_000903,10.1080/21623945.2021.1932355,df0e0d2d1adc821d310df305ef02b01c79a5fdf987efb4bffee3e56121a153cb,2021,Article,English,EC_EV_FINAL_SCOPE,include,verified_member_of_final_4974
EC_EV_000904,10.3390/ijms21051693,db348fa429ee59e27f986b6178b6dd7bfd5680d9ad42b0dee1ade6d84493747c,2020,Article,English,EC_EV_FINAL_SCOPE,include,verified_member_of_final_4974
EC_EV_000905,10.1097/moh.0000000000000521,529f0f16755a772874ebce3e034291f4ad97262dde03272e5a40aea39c70c581,2019,Review,English,EC_EV_FINAL_SCOPE,include,verified_member_of_final_4974
EC_EV_000906,10.1055/s-0039-3402427,614f6f1439c6f064de8b29822e14b53a14d52e7d2bc1db82aa70cccd6c24dc2a,2020,Review,English,EC_EV_FINAL_SCOPE,include,verified_member_of_final_4974
EC_EV_000907,10.1007/s00421-022-05128-6,58b52f5fcc7abc511af771c35482b722b8379cbaf93ca5776f01247cd4a3c9c8,2023,Review,English,EC_EV_FINAL_SCOPE,include,verified_member_of_final_4974
EC_EV_000908,10.1089/scd.2019.0115,7ffcdd10285c0273947df66f792b9850b6e78fc6fcf94acae8e706e6730099b0,2019,Article,English,EC_EV_FINAL_SCOPE,include,verified_member_of_final_4974
EC_EV_000909,10.1152/ajpheart.00247.2019,85ce5542117af9cb509f97464a9140735a8c0fdc19b48b7dd8ed45b6b1867cc4,2019,Article,English,EC_EV_FINAL_SCOPE,include,verified_member_of_final_4974
EC_EV_000910,10.1038/s41420-024-01905-8,e6d2277b0efd3d07a9d9cfe0d7b9a12fcc9c93481f59977bee1fe40258ca012b,2024,Article,English,EC_EV_FINAL_SCOPE,include,verified_member_of_final_4974
EC_EV_000911,10.1186/s12951-023-02119-3,cdca66623b6355457876f16470812777212cac83d019ebbb31393accdf07ebbf,2023,Article,English,EC_EV_FINAL_SCOPE,include,verified_member_of_final_4974
EC_EV_000912,10.1007/s10565-022-09732-2,93552e38ee238a5df274deb9a5ab594006b889b9b6a9f44e7986621cda801b99,2023,Article,English,EC_EV_FINAL_SCOPE,include,verified_member_of_final_4974
EC_EV_000913,10.1016/j.yexcr.2023.113543,6a9ad7e8ec49befe8824422327088b8fdcc064bd80be03b20dd2edb1dc0f1ef9,2023,Article,English,EC_EV_FINAL_SCOPE,include,verified_member_of_final_4974
EC_EV_000914,10.1186/s13287-019-1410-y,56ee574c53e42260c2c0bb08099b7075b8c1c3c948183d0d5a03203af63a4661,2019,Article,English,EC_EV_FINAL_SCOPE,include,verified_member_of_final_4974
EC_EV_000915,10.5603/kp.a2017.0178,42143605870f8e5060357c63c834f12d09a7f4106dca82d360f26d5ac26142d8,2018,Review,English,EC_EV_FINAL_SCOPE,include,verified_member_of_final_4974
EC_EV_000916,10.1016/j.heliyon.2024.e27086,bb2f74ff64fefd1c0346f04715f438171736ca78e43c41d18c68bda00f5e6054,2024,Article,English,EC_EV_FINAL_SCOPE,include,verified_member_of_final_4974
EC_EV_000917,10.3389/fmolb.2023.1220193,cddc845deb2f1f989d0ed6dce8d2e54310faedcf6f367cbc2fa9f8ffb23a0d3e,2023,Review,English,EC_EV_FINAL_SCOPE,include,verified_member_of_final_4974
EC_EV_000918,10.3390/pharmaceutics12070635,cb779696803c9bcadd90750a1ff507475eb0a287b30f94c5e3704cbe0247bfcd,2020,Article,English,EC_EV_FINAL_SCOPE,include,verified_member_of_final_4974
EC_EV_000919,10.1016/j.bioactmat.2022.07.030,240162c755b4acd141cc48097fe42a0a45515a9ed1bf375b2ee4149dd53f00e8,2023,Article,English,EC_EV_FINAL_SCOPE,include,verified_member_of_final_4974
EC_EV_000920,10.1016/j.cej.2021.131419,07e47cf695ca80432ba68d6c3cc74d664396a6bb8f3344e1551ab0883ae93c6b,2022,Article,English,EC_EV_FINAL_SCOPE,include,verified_member_of_final_4974
EC_EV_000921,10.1016/j.omtn.2020.08.021,53c9b5124e099bb9270ea0a9de66fce22fdc5f46e5f7837ad801ef4d7cdd1318,2020,Article,English,EC_EV_FINAL_SCOPE,include,verified_member_of_final_4974
EC_EV_000922,10.1161/circresaha.118.314601,6a909435263d8af980db5c4c20d6acd36d2f76c417def3a06df5c24f439e8a8b,2019,Article,English,EC_EV_FINAL_SCOPE,include,verified_member_of_final_4974
EC_EV_000923,10.1016/j.compositesb.2022.110315,5fed9368070d4f86b54b3021708d6e241aa23e85e3d5223faf093be0d2775fda,2022,Article,English,EC_EV_FINAL_SCOPE,include,verified_member_of_final_4974
EC_EV_000924,10.3390/ijms23147697,84b4769e2414c76bb25714cdd36c501ab329302981f06a3ebe1ad59cb0274d90,2022,Review,English,EC_EV_FINAL_SCOPE,include,verified_member_of_final_4974
EC_EV_000925,10.1038/s41417-022-00453-6,cfa0aa217dd3b27fd9fccbe7834690fb500eb36c9eb61f42b241a489cb968086,2022,Article,English,EC_EV_FINAL_SCOPE,include,verified_member_of_final_4974
EC_EV_000926,10.2147/ijn.s411819,be5380b4d739a4818cf39cd836d2db034428f6428858f077fcfc36ef30da4830,2023,Article,English,EC_EV_FINAL_SCOPE,include,verified_member_of_final_4974
EC_EV_000927,10.4161/rna.24909,47895a877dc6e7d815055cb5e4769253cf6a80b5f99fa84d617ac9704a221fa7,2013,Article,English,EC_EV_FINAL_SCOPE,include,verified_member_of_final_4974
EC_EV_000928,10.1016/j.omtn.2021.03.016,a3c394551c97022640112a060ac31cb3484e23c9d5fbbda4e6da32d8beb183b8,2021,Article,English,EC_EV_FINAL_SCOPE,include,verified_member_of_final_4974
EC_EV_000929,10.1007/s13577-023-01010-5,5d76a174efbe0eaf8fead5908b1cdd3d7ca7ddf6ce694ec2d52fda2e68ed3b6b,2024,Article,English,EC_EV_FINAL_SCOPE,include,verified_member_of_final_4974
EC_EV_000930,10.1111/1759-7714.13175,e92d0b5b3fdaeec7b2486401aeec0a32b869199f721e59c8cddb43e39cc2bd87,2019,Article,English,EC_EV_FINAL_SCOPE,include,verified_member_of_final_4974
EC_EV_000931,10.1111/cpr.12980,d7bf8eb3467d1581e91422a4d14d454269790456212a5e223cf96ec230ce8874,2021,Review,English,EC_EV_FINAL_SCOPE,include,verified_member_of_final_4974
EC_EV_000932,10.1172/jci146431,88f59df1950a2c71e8a87060edf00fd73bf99e454bfab6904a73dbaeaf0842fc,2021,Article,English,EC_EV_FINAL_SCOPE,include,verified_member_of_final_4974
EC_EV_000933,10.1016/j.cej.2021.130634,615f8ac0484f216a2300142545ce15fa46ba691c01e7c157cec20d267e71c8e8,2021,Article,English,EC_EV_FINAL_SCOPE,include,verified_member_of_final_4974
EC_EV_000934,10.1186/s12885-019-6203-2,42efb301943d584d556ee5b2cc461f8a23456cfb15f2727b005d2cd21a5c6040,2019,Article,English,EC_EV_FINAL_SCOPE,include,verified_member_of_final_4974
EC_EV_000935,10.3390/ijms23158507,e5bc228d099603296fae0440dbacc0543d1c7129fb829a9977e9913e08b9c3d5,2022,Article,English,EC_EV_FINAL_SCOPE,include,verified_member_of_final_4974
EC_EV_000936,10.1016/j.bbrc.2014.01.158,a03c82b44be01355d9089291804b01825c884767e1c47f80869450ea2e9c36b7,2014,Article,English,EC_EV_FINAL_SCOPE,include,verified_member_of_final_4974
EC_EV_000937,10.1155/2020/1237678,1aefb5680a94e04827f63b35b958c7f6213f036637b99193af9a1ad89f2ef72b,2020,Article,English,EC_EV_FINAL_SCOPE,include,verified_member_of_final_4974
EC_EV_000938,,0f0508228a814fb6fe8ee6a1804fbac5057b6a59cd39a843150af36d9065c276,2018,Article,English,EC_EV_FINAL_SCOPE,include,verified_member_of_final_4974
EC_EV_000939,10.1038/s41598-020-65640-7,dc3479de752d53be16f6da199a2be3d0d12e811bcd1f448b1825548e6f556a9a,2020,Article,English,EC_EV_FINAL_SCOPE,include,verified_member_of_final_4974
EC_EV_000940,10.1016/j.mattod.2023.09.026,660cd1baa1f8559ec0d66779c68acb606065e3797143e413460692001a0bd276,2024,Article,English,EC_EV_FINAL_SCOPE,include,verified_member_of_final_4974
EC_EV_000941,10.3389/fbioe.2023.1129538,1ec951c088d0ec155918a3e2bf790bcfbb548b117c0da3df5cb2d0eab9baccdb,2023,Article,English,EC_EV_FINAL_SCOPE,include,verified_member_of_final_4974
EC_EV_000942,10.1007/s12015-020-09992-7,7e409782645a4fcb321b7411dc4593d11db972faa8d4587f5edf43b295109e67,2021,Article,English,EC_EV_FINAL_SCOPE,include,verified_member_of_final_4974
EC_EV_000943,10.1002/smll.201904044,ce8ed12eef2e85fbbd51abf22f17ebc1ecdd10af2aa6c5cfd4b6d21a34f5d78a,2020,Article,English,EC_EV_FINAL_SCOPE,include,verified_member_of_final_4974
EC_EV_000944,10.1007/s00441-016-2358-1,332f1fd811afe4059ce61263cd7fbd58b0cd19543143a7591ff2f43e4b3fec32,2016,Article,English,EC_EV_FINAL_SCOPE,include,verified_member_of_final_4974
EC_EV_000945,10.1016/j.cej.2021.132664,f8c2c38f756d63689a64392fa766ce2f83b04399732980afc61b064f7d4a4cbd,2022,Article,English,EC_EV_FINAL_SCOPE,include,verified_member_of_final_4974
EC_EV_000946,10.3389/ebm.2024.10084,65124a8ceb77d52ac47e129e62519a09f8fef035bd20303f5610caa9e04dcec5,2024,Article,English,EC_EV_FINAL_SCOPE,include,verified_member_of_final_4974
EC_EV_000947,10.1016/j.bbrc.2024.149496,0719181919ff9d7e31906cd9f33851aa8973792c5228ea41bcd7549a0eb7700c,2024,Article,English,EC_EV_FINAL_SCOPE,include,verified_member_of_final_4974
EC_EV_000948,10.18632/oncotarget.21668,366e250e46a69489a0f2aa47615b213549011709f046919e227532186f17c52d,2017,Article,English,EC_EV_FINAL_SCOPE,include,verified_member_of_final_4974
EC_EV_000949,10.1038/s41467-022-35498-6,769f9411c1b6585c1c5ca16a0abf86995d231853141a42a5fc8b76ffa146f106,2022,Article,English,EC_EV_FINAL_SCOPE,include,verified_member_of_final_4974
EC_EV_000950,10.1080/03036758.2020.1736586,c63e66c8f6be4a077c846ed6e5f994f12a86423e37696fa3c0b10003894bd0aa,2020,Review,English,EC_EV_FINAL_SCOPE,include,verified_member_of_final_4974
EC_EV_000951,10.1128/mbio.03005-21,7d1e1dc124e4b0a76b43a6782a45a20ea4088e175fabd4c19b722b956776422a,2022,Article,English,EC_EV_FINAL_SCOPE,include,verified_member_of_final_4974
EC_EV_000952,10.1038/s41598-021-92879-5,9a454e9b3b1cbb5273e9922b7972dfcb39329b2f37f3a695c37b7c0d193a1768,2021,Article,English,EC_EV_FINAL_SCOPE,include,verified_member_of_final_4974
EC_EV_000953,10.1016/j.biopha.2023.116001,0d297b4440d76ea432045acfafde98505b0d88915f017bf4313c2d533c6bb358,2024,Review,English,EC_EV_FINAL_SCOPE,include,verified_member_of_final_4974
EC_EV_000954,10.1038/s41467-023-39752-3,6a6a3cd302510bee0e6b57b2defbaedf7f535fda271f20a682533a42a98e2670,2023,Article,English,EC_EV_FINAL_SCOPE,include,verified_member_of_final_4974
EC_EV_000955,10.1016/j.mtbio.2024.101359,3ea38db98a1986c31c004c5e246a19936abea9c3ecbfdb84ed7c58acb33b6756,2024,Article,English,EC_EV_FINAL_SCOPE,include,verified_member_of_final_4974
EC_EV_000956,10.2147/ijn.s242908,7e1bf5ffe5cc25026ac252f891f1619491863342a14eb4e49176633e1c97efeb,2020,Article,English,EC_EV_FINAL_SCOPE,include,verified_member_of_final_4974
EC_EV_000957,10.3389/fphar.2025.1548122,1cc3b4e6b7ff1773323047de4fc398dbffe7c3e59ac8af0f22ca1739b7c6ce76,2025,Article,English,EC_EV_FINAL_SCOPE,include,verified_member_of_final_4974
EC_EV_000958,10.3389/fphys.2018.00217,e2f6fca03abda20ed626313c7136c400b02efa72cab40dcf5c1e14610c313bbd,2018,Article,English,EC_EV_FINAL_SCOPE,include,verified_member_of_final_4974
EC_EV_000959,10.1039/d4bm00673a,a3e25d5161b20be03771fc73d24477b7396e29af6bd04a60a53bfaf0f21bea09,2024,Article,English,EC_EV_FINAL_SCOPE,include,verified_member_of_final_4974
EC_EV_000960,10.1016/j.ijbiomac.2024.132412,e85df12f945edd5a864c19dd843a3356eb9b212c581d35dc1ccd908cf23f8d19,2024,Article,English,EC_EV_FINAL_SCOPE,include,verified_member_of_final_4974
EC_EV_000961,10.3390/cells11203222,d5e4457d626bfdddec63d6dd25f415867315f8c896382dc600690f17f4407d69,2022,Article,English,EC_EV_FINAL_SCOPE,include,verified_member_of_final_4974
EC_EV_000962,10.1155/2022/3371982,451c65f23ae9e5036d6e4f10463e42f4c1ef916bd2eb29727a505773a69be1ef,2022,Article,English,EC_EV_FINAL_SCOPE,include,verified_member_of_final_4974
EC_EV_000963,10.1002/advs.202500599,52fe7fd026b36347ebe3cd00b68ac456128fe8615107411ba9d86e71f6dc3b10,2025,Article,English,EC_EV_FINAL_SCOPE,include,verified_member_of_final_4974
EC_EV_000964,10.3390/life12101567,ca96e529f4bd53a21008ca7b8f8b0bfc45a7ceb525c506144327da0ddf62e391,2022,Article,English,EC_EV_FINAL_SCOPE,include,verified_member_of_final_4974
EC_EV_000965,10.1186/s12951-023-01855-w,11d09463b3a88d95c7869b9712ac60e020875f236a5639eb616e086be3ce20f6,2023,Article,English,EC_EV_FINAL_SCOPE,include,verified_member_of_final_4974
EC_EV_000966,10.2147/ijn.s338937,6662229416ad5218f5cd7192a3f9084caaefa346d82643bd44ed6692c3db83ab,2022,Article,English,EC_EV_FINAL_SCOPE,include,verified_member_of_final_4974
EC_EV_000967,10.7150/ijbs.67675,1ebb49f0333cff6548ff67863e5904cdb847ba3bca72e3d16840d21bec51a081,2022,Article,English,EC_EV_FINAL_SCOPE,include,verified_member_of_final_4974
EC_EV_000968,10.1073/pnas.2201862119,e2e8c2cf64cdf3f17b04495c7f6c81b956e423c1f964e30e67fbba73e43ae517,2022,Article,English,EC_EV_FINAL_SCOPE,include,verified_member_of_final_4974
EC_EV_000969,10.1007/s10067-021-05651-5,b2e3d39467cf4a06bf0536572d7b1a92bbb46226f74020a08af73cb20204be8a,2021,Article,English,EC_EV_FINAL_SCOPE,include,verified_member_of_final_4974
EC_EV_000970,10.1186/s40001-023-01427-6,cfdc9b482fc09341cd08b623488aff5d915e17938cfb729b167bb63eaa8e8a26,2023,Article,English,EC_EV_FINAL_SCOPE,include,verified_member_of_final_4974
EC_EV_000971,10.1016/j.expneurol.2020.113411,667c2ee4800f731a726fad0194df53bf39894c302d852b0941e5b6e3124ca8ff,2020,Article,English,EC_EV_FINAL_SCOPE,include,verified_member_of_final_4974
EC_EV_000972,10.1007/s00018-019-03425-6,51f0e69aa043f68ad2773ed66f865194e81d703ce3f10bb131c095ea4b20ebe7,2020,Article,English,EC_EV_FINAL_SCOPE,include,verified_member_of_final_4974
EC_EV_000973,10.3389/fimmu.2020.00825,0ea6d1d7bf14555abc762b60a77f5feaadd95605b1bda1ec477d4410a6266785,2020,Article,English,EC_EV_FINAL_SCOPE,include,verified_member_of_final_4974
EC_EV_000974,10.1186/s12935-024-03253-0,850a89d761fba965f5794bd841397f43fb442bf3ba80337c879c619d7bd05c5b,2024,Article,English,EC_EV_FINAL_SCOPE,include,verified_member_of_final_4974
EC_EV_000975,10.1186/s12891-021-04896-0,9e851abbd128830fe35ef117c38234077207f83a9439c072c70342690cc74d42,2021,Article,English,EC_EV_FINAL_SCOPE,include,verified_member_of_final_4974
EC_EV_000976,10.1186/1476-4598-13-169,63ea53e3fce7c35adf7d5c2a52e2e7bc7e4366c40cf283a113d9c51703e65457,2014,Article,English,EC_EV_FINAL_SCOPE,include,verified_member_of_final_4974
EC_EV_000977,10.1042/bst20200611,d4d3424a2b72302cdfe82a7d2b9aa95659c2734d7a360c67e179d630ec508d7e,2021,Review,English,EC_EV_FINAL_SCOPE,include,verified_member_of_final_4974
EC_EV_000978,10.1002/advs.202408131,11786d7e349d4dcf4912dc23e70ab1c89988b6ea68a2e64e62601d35b02b1ad3,2025,Article,English,EC_EV_FINAL_SCOPE,include,verified_member_of_final_4974
EC_EV_000979,10.1161/jaha.124.037242,070f020b2982e581218e726fc0b35fc8f21822b1fd821c03de36af2ce5363afa,2025,Article,English,EC_EV_FINAL_SCOPE,include,verified_member_of_final_4974
EC_EV_000980,10.1038/srep07583,8848279cdf4442e075d2c5ec46779c7f2b66f6d717112c024863dd3ff76c5ee8,2014,Article,English,EC_EV_FINAL_SCOPE,include,verified_member_of_final_4974
EC_EV_000981,10.3389/fonc.2023.973871,d8b28d724a380212e37fe65ebca050b1cf513095146bf037d5cf891341a7968e,2023,Article,English,EC_EV_FINAL_SCOPE,include,verified_member_of_final_4974
EC_EV_000982,10.1111/bjh.14112,9563b340d5a57ebccfc05b731d543d8d53f925d488989f4fc0620be68c2e7017,2016,Review,English,EC_EV_FINAL_SCOPE,include,verified_member_of_final_4974
EC_EV_000983,10.3389/fonc.2025.1532239,213a6a1f916296ad32e42f2565f6b433b763e0af722eaadd38db940ea3aa9125,2025,Article,English,EC_EV_FINAL_SCOPE,include,verified_member_of_final_4974
EC_EV_000984,10.1007/s00394-021-02593-1,b2ac0450d331b7415bb707a64ff0b7e36fb80aa62de428abb498283d9e033c69,2021,Article,English,EC_EV_FINAL_SCOPE,include,verified_member_of_final_4974
EC_EV_000985,10.3892/or.2016.5114,3613b956121c9103fd9737d2b6cb45714de3e99e929fce775674cb77a7633ba6,2016,Article,English,EC_EV_FINAL_SCOPE,include,verified_member_of_final_4974
EC_EV_000986,10.1016/j.jtha.2023.10.021,bd95d78b803700181fef8f57c875ef27c1a3369d7e2930b0290cf8f32557256e,2024,Article,English,EC_EV_FINAL_SCOPE,include,verified_member_of_final_4974
EC_EV_000987,10.1021/acs.molpharmaceut.3c00816,4681c589e7d19263650a3d3d7299af3b9e68ce830d37d6826d2b0eebc87c0767,2023,Article,English,EC_EV_FINAL_SCOPE,include,verified_member_of_final_4974
EC_EV_000988,10.1038/s41440-019-0345-0,d235d399d9ce30db5c39530b2394f960a9101d7de8ac6223610cf41644c78fcd,2020,Article,English,EC_EV_FINAL_SCOPE,include,verified_member_of_final_4974
EC_EV_000989,10.1093/stmcls/sxaf023,7142ab25ba24874e62c45df6d06c2da1598151e944eb99109ebe41061c3fde5b,2025,Article,English,EC_EV_FINAL_SCOPE,include,verified_member_of_final_4974
EC_EV_000990,10.1016/j.omtn.2018.02.014,166bda211e76709bfc0141c8eda3bb907bcbc9849ebcd8548019ee33262d93e2,2018,Article,English,EC_EV_FINAL_SCOPE,include,verified_member_of_final_4974
EC_EV_000991,10.1038/s41390-020-0923-5,2a87c8d2e5c773ae4f7a5f185ee3a17bdb974549bda1260ce629e1cc7ea47ab6,2021,Article,English,EC_EV_FINAL_SCOPE,include,verified_member_of_final_4974
EC_EV_000992,10.1186/s13045-018-0625-1,e3cf7e21ca69f5554cb329032752cb2fc452df15d811afad274ceceb225dd5da,2018,Article,English,EC_EV_FINAL_SCOPE,include,verified_member_of_final_4974
EC_EV_000993,10.3390/ijms23116289,7c63f58e0b9ef024ce469dc41337d12de3f2d429a9ca2f4ab97c44bd7795bbe4,2022,Article,English,EC_EV_FINAL_SCOPE,include,verified_member_of_final_4974
EC_EV_000994,10.3389/fcvm.2021.734562,3fd631978bd873a1b3c6482a06ae1a9db3bc4bfcea1163eaf86a65224ee562ce,2021,Review,English,EC_EV_FINAL_SCOPE,include,verified_member_of_final_4974
EC_EV_000995,10.1038/s41598-023-45787-9,31e5324d14abb78f05214f40ea879bf2b0d595fce615bdffd1c44af25d5adc82,2023,Article,English,EC_EV_FINAL_SCOPE,include,verified_member_of_final_4974
EC_EV_000996,10.1007/s11914-018-0471-7,41acc6ddbc274e7d1427711cfe25f85f125a7ac954f74966623234d77a564528,2018,Review,English,EC_EV_FINAL_SCOPE,include,verified_member_of_final_4974
EC_EV_000997,10.1042/cs20241084,46d293f8f85ad46ae83015c264c92ab7d19c13e9e5877e8ad7f0e4870ac3cfe3,2024,Review,English,EC_EV_FINAL_SCOPE,include,verified_member_of_final_4974
EC_EV_000998,10.1016/j.vetimm.2019.03.009,99d6a60e39c4d4bcd736972cbf54d86851e89aad53226f6742fb6a8a4197ec50,2019,Article,English,EC_EV_FINAL_SCOPE,include,verified_member_of_final_4974
EC_EV_000999,10.3389/fphys.2018.01794,a93449c4fe0c3f78bdf057dd8bac14afe86936c5e625c11e9f9b11f793de8a2c,2018,Article,English,EC_EV_FINAL_SCOPE,include,verified_member_of_final_4974
EC_EV_001000,10.21873/invivo.13254,769af14da48774d053a862b497501779709fe3d1950c34401cf3450ea58d9e92,2023,Article,English,EC_EV_FINAL_SCOPE,include,verified_member_of_final_4974
EC_EV_001001,10.1182/blood.2020008417,7522aa0d20b0b7417034e174f82cba96a4ae6f44d5f88ffbff9562cdd6d1500c,2021,Article,English,EC_EV_FINAL_SCOPE,include,verified_member_of_final_4974
EC_EV_001002,10.34133/bmr.0005,de09bbf8a147f84ca080804bed09e39bd72632d2e921cf17e71f9619acb26313,2024,Article,English,EC_EV_FINAL_SCOPE,include,verified_member_of_final_4974
EC_EV_001003,10.1111/jcmm.16192,8a69969df33279e1110d771e40a4caf8d915a8eadb56d4c01da9e4c5824c3bd8,2021,Article,English,EC_EV_FINAL_SCOPE,include,verified_member_of_final_4974
EC_EV_001004,10.1186/s12964-023-01286-y,83c2a384e4d840af0f4f5d313cc8d93cfedd1a2075f547809cf4bd9a0232f1aa,2023,Article,English,EC_EV_FINAL_SCOPE,include,verified_member_of_final_4974
EC_EV_001005,10.1038/srep24436,2fc40db0edff6aa1004017fad19b2283fc6f1b1922021f2fabcf32fa98e1b878,2016,Article,English,EC_EV_FINAL_SCOPE,include,verified_member_of_final_4974
EC_EV_001006,10.3390/mi12050546,b4cc7d801b90c481e095cf3a6c6ab0d847579edb7d4e5b3437a561239bed9e42,2021,Article,English,EC_EV_FINAL_SCOPE,include,verified_member_of_final_4974
EC_EV_001007,10.1371/journal.pone.0220133,3796eb9156493a60e538ad5bd403d736a188cc87f250fd77570bf1f3ab0a32bf,2019,Article,English,EC_EV_FINAL_SCOPE,include,verified_member_of_final_4974
EC_EV_001008,10.3390/ijms26020683,eeec057e83ddf43e2a89cb3fcb2ba2c79daa055916123b54a4e030630b15ecfb,2025,Article,English,EC_EV_FINAL_SCOPE,include,verified_member_of_final_4974
EC_EV_001009,10.1016/j.actbio.2022.03.021,5fe75d31b59a418389b82fb5f8e726a08b42f715f81d613d227d19482e3d3a4b,2022,Article,English,EC_EV_FINAL_SCOPE,include,verified_member_of_final_4974
EC_EV_001010,10.1021/acsomega.1c03248,9639e9311cc7b05961c874048e8906cbda6bed66db2f6420dcc13e9492a0090b,2021,Article,English,EC_EV_FINAL_SCOPE,include,verified_member_of_final_4974
EC_EV_001011,10.1016/j.jconrel.2024.04.025,e5aedfbd4a7c5f6732f3e86e6a4972988c7d9f4a591ae59bf943ea1456fffcb3,2024,Article,English,EC_EV_FINAL_SCOPE,include,verified_member_of_final_4974
EC_EV_001012,10.1021/acsanm.3c05056,86436b9d7d37eff73b3470bd2194d38b570cd28c59c83a8b9af51a39c896755e,2023,Article,English,EC_EV_FINAL_SCOPE,include,verified_member_of_final_4974
EC_EV_001013,10.1016/j.cyto.2023.156441,aae683980e6722e3cd6be4a24bb3237ac89f281778f5c8ec2e09b05d0906b898,2024,Article,English,EC_EV_FINAL_SCOPE,include,verified_member_of_final_4974
EC_EV_001014,10.1016/j.biomaterials.2017.04.030,1777b0a5068620223c163345d81eb3e959a6dbf87362043aad08fd3846a265fa,2017,Article,English,EC_EV_FINAL_SCOPE,include,verified_member_of_final_4974
EC_EV_001015,10.2337/db13-0859,1dcb06d3c2cde0cbb9cf7a3abf0c1d9303a8f47d93755a7ea62a859bdd863f25,2014,Article,English,EC_EV_FINAL_SCOPE,include,verified_member_of_final_4974
EC_EV_001016,10.3390/ijms221910890,874e515c41057e210bafd5737f85150fc9e9d80a035793f9af4578553bc2d25b,2021,Review,English,EC_EV_FINAL_SCOPE,include,verified_member_of_final_4974
EC_EV_001017,10.1016/j.cyto.2023.156233,782b536847221b2d798147d6f15010b49142375d40ff64482f1435cd50bc3207,2023,Article,English,EC_EV_FINAL_SCOPE,include,verified_member_of_final_4974
EC_EV_001018,10.1111/hepr.13692,51cce489af4d995ae379131842e199927a659beff6b572dfd1573be50a933fbd,2021,Article,English,EC_EV_FINAL_SCOPE,include,verified_member_of_final_4974
EC_EV_001019,10.3390/cancers14081969,0845f9e1aaf319a0a304e1cb3c17f40e667acb579232668c332a35ad1947aece,2022,Review,English,EC_EV_FINAL_SCOPE,include,verified_member_of_final_4974
EC_EV_001020,10.1002/cbin.11664,0dd9b87c12a3911c9ef28fc00814c6b634ee63bd72a76829664e6465d96d1a97,2021,Article,English,EC_EV_FINAL_SCOPE,include,verified_member_of_final_4974
EC_EV_001021,10.3390/biom12040575,7ef5db6309fee81f7d7447deabbccf39a4b754583216df152b3ba000e9a3b0e0,2022,Article,English,EC_EV_FINAL_SCOPE,include,verified_member_of_final_4974
EC_EV_001022,10.1007/s11010-020-03945-x,444f9da1045292ad6e4122dbcd48fed0b80ee1348df2396fe919cd837e4e6763,2021,Article,English,EC_EV_FINAL_SCOPE,include,verified_member_of_final_4974
EC_EV_001023,10.1186/s11658-018-0123-z,864ba46eda9f928a35e9c1a5e087372a313f1a5d217efc9784f855c6efa1c8c5,2018,Article,English,EC_EV_FINAL_SCOPE,include,verified_member_of_final_4974
EC_EV_001024,10.1039/d1tb00112d,0372137f30a1e29747f412271dbd7338ee9c71d1c0b49a55e59bb27ce9c8d489,2021,Article,English,EC_EV_FINAL_SCOPE,include,verified_member_of_final_4974
EC_EV_001025,10.3389/fcvm.2022.882027,150d2cf8d33ee4487b562b1b07da648114190c8da7ebf45f2f85bea5e1dfa740,2022,Review,English,EC_EV_FINAL_SCOPE,include,verified_member_of_final_4974
EC_EV_001026,,d856262dacbd3f3e1648594912774ced921a6fd4355ec374b3501122863505f3,2016,Article,English,EC_EV_FINAL_SCOPE,include,verified_member_of_final_4974
EC_EV_001027,10.1111/exd.14480,a20c97a9122ba19f64e4a1172424e0648f4b56ad4827829e8f446a99bd78b972,2022,Article,English,EC_EV_FINAL_SCOPE,include,verified_member_of_final_4974
EC_EV_001028,10.1016/j.ejps.2018.07.042,3c0f868b7a2aa356b3c7dcb7a8bbcdec837531d841f2ff81aea576d6109528cb,2018,Article,English,EC_EV_FINAL_SCOPE,include,verified_member_of_final_4974
EC_EV_001029,10.1016/j.yexcr.2020.111823,80f74803da2f4a25daa114a29e7ff85ebf85d3d3a98851243c3a98d03bc43bd3,2020,Article,English,EC_EV_FINAL_SCOPE,include,verified_member_of_final_4974
EC_EV_001030,10.3390/ijms26041457,5ce6b27005e32362d1e55105dc95ae3f799c5808c61e94fdafd928154a8ac85f,2025,Review,English,EC_EV_FINAL_SCOPE,include,verified_member_of_final_4974
EC_EV_001031,10.1016/j.canlet.2015.10.011,5f3f5ef3256d0c6de6aa221fce8174103a8e37b4d8cd2a858a474a7f5509aa17,2016,Article,English,EC_EV_FINAL_SCOPE,include,verified_member_of_final_4974
EC_EV_001032,10.1186/s13075-018-1796-4,7a5bbfc7edb759e211b8ac9fc7cad1eaca865dca1df03f4e0d0510b7e4929539,2019,Article,English,EC_EV_FINAL_SCOPE,include,verified_member_of_final_4974
EC_EV_001033,10.3389/fonc.2024.1440996,b5472633f9bcafe55f5efc2e7558b99f7ac1c20da9e76ce2b111b6b5cc03bf1a,2024,Article,English,EC_EV_FINAL_SCOPE,include,verified_member_of_final_4974
EC_EV_001034,10.1016/j.biomaterials.2024.123001,1c8a21ca6df7578c81bc702a3c8716832e1add3808c8ed7c92cf554ac6e88ebe,2025,Article,English,EC_EV_FINAL_SCOPE,include,verified_member_of_final_4974
EC_EV_001035,10.1016/j.actbio.2022.11.057,d2e94134134dc655677e4a37a811f105193d8824a6613212f6e71739398f8d34,2023,Article,English,EC_EV_FINAL_SCOPE,include,verified_member_of_final_4974
EC_EV_001036,10.3892/mmr.2013.1458,de5145c50d8c3e0fe3f75982f185901d6022f567ccede0f0f1fcdc475a639285,2013,Article,English,EC_EV_FINAL_SCOPE,include,verified_member_of_final_4974
EC_EV_001037,10.1139/bcb-2020-0624,f9c45f68d916a2e4ca67d9ae06c552523b763104a74d7430e38fd69c460758f4,2021,Article,English,EC_EV_FINAL_SCOPE,include,verified_member_of_final_4974
EC_EV_001038,10.2147/ijn.s138257,d9e467475c92032aacf84be24d216e5db9a39861b8b8cc4508d2ef3555dd81b4,2017,Article,English,EC_EV_FINAL_SCOPE,include,verified_member_of_final_4974
EC_EV_001039,10.1038/s41417-024-00854-9,d519f0526c134500a870c4104fee17078014c03c0ee6dc6405922166f9074038,2025,Article,English,EC_EV_FINAL_SCOPE,include,verified_member_of_final_4974
EC_EV_001040,10.1155/2022/6124374,33d5566fccc599a2bec54992fc86877356fe8a7596c16557722795f9f11b1f72,2022,Article,English,EC_EV_FINAL_SCOPE,include,verified_member_of_final_4974
EC_EV_001041,10.1038/s41419-020-03304-0,bc8fd70ad7f469c3f1f8137397b549164587e3b69a8b904e01822609837ee9fd,2021,Article,English,EC_EV_FINAL_SCOPE,include,verified_member_of_final_4974
EC_EV_001042,10.1186/s12951-023-02073-0,2c13d704b44d6faacaa78d22fc4e6ec71022a846723664cfd54274fce6ca034f,2023,Article,English,EC_EV_FINAL_SCOPE,include,verified_member_of_final_4974
EC_EV_001043,10.3389/fphar.2021.662437,f25e01d61e074f0ebee3d95bc95fab494c07cb10273a5f8bfbfb4926b66f6a2e,2021,Review,English,EC_EV_FINAL_SCOPE,include,verified_member_of_final_4974
EC_EV_001044,10.1021/acs.molpharmaceut.9b00639,9a7ed83cf7ab3427207341f4987c27c704dce860db6e100d61f30040ea2f8669,2019,Article,English,EC_EV_FINAL_SCOPE,include,verified_member_of_final_4974
EC_EV_001045,10.1016/j.matbio.2016.11.008,30992a03ac03e63555c8208c35a5dafe0843ddc50134a67ef7f600cecf57527f,2017,Article,English,EC_EV_FINAL_SCOPE,include,verified_member_of_final_4974
EC_EV_001046,10.1182/blood-2018-09-874552,1ec49d429c015c4b9a75699f52de8119762d3d404a6d5dec5e455d613c78a78d,2019,Article,English,EC_EV_FINAL_SCOPE,include,verified_member_of_final_4974
EC_EV_001047,10.1016/j.cej.2022.141111,6bf8bcb2640dfed13d25267896d58bb402f68dbda3d338592647dc2e89bfb594,2023,Article,English,EC_EV_FINAL_SCOPE,include,verified_member_of_final_4974
EC_EV_001048,10.1016/j.ijbiomac.2025.141552,ea0fc50784586ae9dd2e904e0d7131c79851e732c848a0663c45b74a3cddd931,2025,Article,English,EC_EV_FINAL_SCOPE,include,verified_member_of_final_4974
EC_EV_001049,10.3390/pharmaceutics14040758,76b036f07a0c4a0eee4405d14b4ad9df524d3111c87b8d869dfd438927666633,2022,Review,English,EC_EV_FINAL_SCOPE,include,verified_member_of_final_4974
EC_EV_001050,10.1152/japplphysiol.00243.2023,4b2b89ef62d975a8510a5d6962c0010a30bd07f0a3f81ab863c954c274b63936,2023,Article,English,EC_EV_FINAL_SCOPE,include,verified_member_of_final_4974
EC_EV_001051,10.1038/s41388-021-01837-y,879db31b5dc4e288e8f543fe815786b2f2e81602b9d32ee9cb8f8e119ca202e3,2021,Article,English,EC_EV_FINAL_SCOPE,include,verified_member_of_final_4974
EC_EV_001052,10.3390/ijms232012343,057bbae6a89666791117399c80c8f680730066f435c0f5a3451facadf4b99a38,2022,Article,English,EC_EV_FINAL_SCOPE,include,verified_member_of_final_4974
EC_EV_001053,10.1016/j.cellsig.2019.109385,cb7e6fa002db6c66253038346c109251727359fcaa79587ae1addefaa439358a,2019,Article,English,EC_EV_FINAL_SCOPE,include,verified_member_of_final_4974
EC_EV_001054,10.1093/biolre/ioy212,74c0db1b584ca27e213c29094ea41c7359aedf8989c70142a4330029d6bae8dc,2019,Article,English,EC_EV_FINAL_SCOPE,include,verified_member_of_final_4974
EC_EV_001055,10.1002/jev2.12456,5d7c255150e93e6abd4e97abeca2d2dd3413abb7ec4c5e796892b084ef100c8e,2024,Article,English,EC_EV_FINAL_SCOPE,include,verified_member_of_final_4974
EC_EV_001056,10.1111/odi.14608,918cd88573344e3685c4c9da4db3933aa78f885c9295e160c7539a2bc5ecc11c,2024,Article,English,EC_EV_FINAL_SCOPE,include,verified_member_of_final_4974
EC_EV_001057,10.21873/invivo.13427,cf9ddb375259a26beaf22157831d9ea0a3eb4dc8d20660bb3565a4f30c966d18,2024,Article,English,EC_EV_FINAL_SCOPE,include,verified_member_of_final_4974
EC_EV_001058,10.1016/j.addr.2023.115054,471f126235aa3e664089e7edeab3eeae96917c76afa5d821396b9284acd56f86,2023,Review,English,EC_EV_FINAL_SCOPE,include,verified_member_of_final_4974
EC_EV_001059,10.1039/d3nr04980a,46d4a1dbb1261c0c9852c327b8a4f3c8ab2c300f60c6e28d2f73d3ad0d984928,2023,Article,English,EC_EV_FINAL_SCOPE,include,verified_member_of_final_4974
EC_EV_001060,10.1080/20013078.2020.1763594,9d367ba6cc6eb51cdd4ab24ceb1fa5f49f0bd971f00f4c0aed717b686e8d78b7,2020,Article,English,EC_EV_FINAL_SCOPE,include,verified_member_of_final_4974
EC_EV_001061,10.1016/j.cej.2023.141730,fbd24374ad699677269862feac72e8baed650dd32ac5b39ae8b244af123590ea,2023,Article,English,EC_EV_FINAL_SCOPE,include,verified_member_of_final_4974
EC_EV_001062,10.1002/advs.202309133,206acd1c77005684a016e0f773eba79ef103e96fa83449b8f378c01cd6aa3a77,2024,Article,English,EC_EV_FINAL_SCOPE,include,verified_member_of_final_4974
EC_EV_001063,10.1016/j.kint.2016.07.037,cafa307ce1c0a30453b74c0a6c2665b76d14b9b185f74b9b9a0186f5ba18f335,2017,Article,English,EC_EV_FINAL_SCOPE,include,verified_member_of_final_4974
EC_EV_001064,10.3390/cells11162568,1a7c98a51dc2b8d94531b1d85279b7649c13701b7de46ad405f765ebef978587,2022,Article,English,EC_EV_FINAL_SCOPE,include,verified_member_of_final_4974
EC_EV_001065,10.1038/s41598-021-04341-1,1c22fd79b7ce40f2db6480e93bd248f723cf05d166c801fc337113f74730cfb1,2022,Article,English,EC_EV_FINAL_SCOPE,include,verified_member_of_final_4974
EC_EV_001066,10.1038/s41467-024-46597-x,4999ab385a1109597e82941fac4968c77ee4c12962f4694234a92458dbf5e861,2024,Article,English,EC_EV_FINAL_SCOPE,include,verified_member_of_final_4974
EC_EV_001067,10.14336/ad.2019.0402,48e4d370135ad398b22ffc837a601d13eb1da941ee46b436d8a4ac38d51a4e97,2020,Review,English,EC_EV_FINAL_SCOPE,include,verified_member_of_final_4974
EC_EV_001068,10.3390/ijms21083024,b9a54d5ecdf8dfb7d7cf4b7e5a78d7386a09de5ae9337cf10ac57aeea22e0c8e,2020,Article,English,EC_EV_FINAL_SCOPE,include,verified_member_of_final_4974
EC_EV_001069,10.3390/pharmaceutics14091913,300053008f8e02e61b4d2cffd26d2cacedd573c2a0a28aac1abc3893ff0945c4,2022,Article,English,EC_EV_FINAL_SCOPE,include,verified_member_of_final_4974
EC_EV_001070,10.1038/s41598-022-17767-y,f65ba63bdd1b5aa8a916826add736f1876e1e55856b56b4e6f4b6fd9955cb71f,2022,Article,English,EC_EV_FINAL_SCOPE,include,verified_member_of_final_4974
EC_EV_001071,10.32604/or.2024.050878,4d549fe05002823df3adf684393a43f69df608fbfa5b8fcb7f65b1a95a223a30,2025,Article,English,EC_EV_FINAL_SCOPE,include,verified_member_of_final_4974
EC_EV_001072,10.3390/ph15101287,71d9876d2e7b18edcf797d433da5f5c6eae5f720f24792e5b9e0deb6509a61dd,2022,Article,English,EC_EV_FINAL_SCOPE,include,verified_member_of_final_4974
EC_EV_001073,10.1007/s00018-020-03707-4,abe2a70dbb6890756d2bf916758ff0b04e57979f2bf6a228cfeca2d91d70eba9,2021,Article,English,EC_EV_FINAL_SCOPE,include,verified_member_of_final_4974
EC_EV_001074,10.3389/fcvm.2022.923081,ca7b91edd824f3df4d5e912407b625cd87acc3a83bb5266ca3975e31e93b7b72,2022,Article,English,EC_EV_FINAL_SCOPE,include,verified_member_of_final_4974
EC_EV_001075,10.1016/j.jbc.2024.108146,6af3f386e1ad0a554e21092ddd74c77eeefa3ddd8e47b2e0c02d6da5fc69f2e1,2025,Article,English,EC_EV_FINAL_SCOPE,include,verified_member_of_final_4974
EC_EV_001076,10.1073/pnas.0804543106,db51ff89a224068c9cb4123d51d16f6510744e62e427471ec6ca4611b5d58614,2009,Article,English,EC_EV_FINAL_SCOPE,include,verified_member_of_final_4974
EC_EV_001077,10.1055/s-0037-1599081,dc463fae16e2ee61212bbff5bc3fd7c5feb7c0885b71bf2079b7fde3b9d1b18a,2018,Article,English,EC_EV_FINAL_SCOPE,include,verified_member_of_final_4974
EC_EV_001078,10.18632/aging.102550,9a3d0ecc9e78ced8f5a228f72525f769142671ea6ed4d2b4d302a03cf76c620b,2019,Article,English,EC_EV_FINAL_SCOPE,include,verified_member_of_final_4974
EC_EV_001079,10.3389/fphys.2020.579892,5664767bdee6a80e148bfb1d88860d728de2e1b81d0b071265c3f87c89b7ece1,2020,Review,English,EC_EV_FINAL_SCOPE,include,verified_member_of_final_4974
EC_EV_001080,10.1002/cbin.11627,e54e8ac15b821b53412241e4b447af9195e1a17206da97beffefc1085a114b7c,2021,Article,English,EC_EV_FINAL_SCOPE,include,verified_member_of_final_4974
EC_EV_001081,10.3390/biom12070883,0d3d4abef1109f465b3e5b33ea34bddb98486f6d98e47743cf95c8c19bf68ed0,2022,Article,English,EC_EV_FINAL_SCOPE,include,verified_member_of_final_4974
EC_EV_001082,10.1007/s13277-015-3769-4,6ab61f3bb6ce8fe6e695c1de187d2f9cf66e00fe732e94881d2a958960bddce4,2016,Article,English,EC_EV_FINAL_SCOPE,include,verified_member_of_final_4974
EC_EV_001083,10.1016/j.mtbio.2022.100212,5fabb752f50a18f6eef218d5db93e12ae0eeb3223ddfd8311769386a0c540a82,2022,Article,English,EC_EV_FINAL_SCOPE,include,verified_member_of_final_4974
EC_EV_001084,10.1016/j.biocel.2022.106310,84f264ff4c953f2c9b05e4ba483f1a5b22f88adf2455df5ca403de3b38a82413,2022,Article,English,EC_EV_FINAL_SCOPE,include,verified_member_of_final_4974
EC_EV_001085,10.1007/978-3-030-73119-9_10,460bb5b9360265f0315976246951d8de504f2a25f3e65c7f312f45c798d3ba11,2021,Article,English,EC_EV_FINAL_SCOPE,include,verified_member_of_final_4974
EC_EV_001086,10.3389/fphar.2021.636134,55a6a124eadb2af65bb46357b4f38a9c4b071061d8817ef41aa8eccd4ef1846c,2021,Review,English,EC_EV_FINAL_SCOPE,include,verified_member_of_final_4974
EC_EV_001087,10.1016/j.ydbio.2023.02.004,60205f563a54f451dd716abb4551ee79e2094e2a1c10f9440ad4e398d2b2a3cf,2023,Article,English,EC_EV_FINAL_SCOPE,include,verified_member_of_final_4974
EC_EV_001088,10.1007/s10456-015-9486-1,eef0ea0994dbbf25b5d649a5d9b8d7e3722c55aec42084351dec825e0b71e9d8,2016,Article,English,EC_EV_FINAL_SCOPE,include,verified_member_of_final_4974
EC_EV_001089,10.1021/acsnano.2c03781,01092abfaa3c2940fad26c29aa13e82691153d6cdaa524434b55f45064d7b328,2022,Article,English,EC_EV_FINAL_SCOPE,include,verified_member_of_final_4974
EC_EV_001090,10.1177/10738584231194927,4bc1660f19df2fbcc99ccab84d207688dc33da5c12a2f0546374b517c03d396a,2024,Review,English,EC_EV_FINAL_SCOPE,include,verified_member_of_final_4974
EC_EV_001091,10.1016/j.preteyeres.2024.101275,426a53dabd7820723e5e9aa5d07f026fbaa445757a2b9dcf13881f4d665fc8ca,2024,Review,English,EC_EV_FINAL_SCOPE,include,verified_member_of_final_4974
EC_EV_001092,10.3389/fmicb.2018.02268,ed3a801e30b0dd500c2ef15e3724e9c08c35cac6e3b7726761be474a07036298,2018,Article,English,EC_EV_FINAL_SCOPE,include,verified_member_of_final_4974
EC_EV_001093,10.3389/fonc.2019.00739,0c5e29fb37d9597c2a8d7243ba7158f9c2979d0384fcb1a0fd189f26e7b00bc8,2019,Review,English,EC_EV_FINAL_SCOPE,include,verified_member_of_final_4974
EC_EV_001094,10.1155/2015/761643,e9b2d11d1688d60ac920e243e3e60cf282e5e9309c24cbf1f3ab5eabc3947d54,2015,Article,English,EC_EV_FINAL_SCOPE,include,verified_member_of_final_4974
EC_EV_001095,10.1038/s41598-017-10449-0,6aed9d4c2cc4299332e8c4f3a45f0815d43a7a3a36f4c50e2d0f85f360cfa4d4,2017,Article,English,EC_EV_FINAL_SCOPE,include,verified_member_of_final_4974
EC_EV_001096,10.1038/ncomms12727,6231cfed18273d0d659ecd12c9f9ac98b737bef2641433ede42f3a2318b9fdd3,2016,Article,English,EC_EV_FINAL_SCOPE,include,verified_member_of_final_4974
EC_EV_001097,10.3390/biology10020097,ad9eb7d1191c4c0fb2918ec8ebbe398e6728df5446a0ebd37fd3e4955812a963,2021,Article,English,EC_EV_FINAL_SCOPE,include,verified_member_of_final_4974
EC_EV_001098,10.1038/s41598-022-27176-w,5b67307fa630897265b6729162bdc8b49cc361f2bdfd4ce3319e4c3642e2778f,2023,Article,English,EC_EV_FINAL_SCOPE,include,verified_member_of_final_4974
EC_EV_001099,10.2147/ijn.s512074,2eb06bc7c46a325deb36d72544196d0932824e1c1cd6dfce0eca65c38bb3c09b,2025,Article,English,EC_EV_FINAL_SCOPE,include,verified_member_of_final_4974
EC_EV_001100,10.3892/etm.2024.12425,99cf781e29f25815d14fb6332b6d5bdf17a5fd4360b060f3dfe51dbccfb02fb8,2024,Article,English,EC_EV_FINAL_SCOPE,include,verified_member_of_final_4974
EC_EV_001101,10.1093/asj/sjad139,c24608700bd940ceeb6dcbc90c22a7c646aa5eaa7a1f6dd7abacb05acf4e69c7,2023,Article,English,EC_EV_FINAL_SCOPE,include,verified_member_of_final_4974
EC_EV_001102,10.1155/2021/7629176,9e076d4cf95b147da8f085db0ad6f814fe2d3c72dae55226efd05818557a8495,2021,Article,English,EC_EV_FINAL_SCOPE,include,verified_member_of_final_4974
EC_EV_001103,10.1038/s41598-017-17061-2,50833b36de5474aed62654e1946cb8c870ffc200d8d366e123f8b2d3a3a57037,2017,Article,English,EC_EV_FINAL_SCOPE,include,verified_member_of_final_4974
EC_EV_001104,10.1186/s12943-018-0766-4,a5f5cf5f94f55399d170a6ff48da54daff8e61f6864756dde32ed980e16b4b47,2018,Review,English,EC_EV_FINAL_SCOPE,include,verified_member_of_final_4974
EC_EV_001105,10.1021/acschemneuro.0c00089,eb1a74e770555ec14d45e3f8a0ff88cb046a0f84c8d88dc8a29092d57c2740bc,2020,Article,English,EC_EV_FINAL_SCOPE,include,verified_member_of_final_4974
EC_EV_001106,10.1038/s41598-024-79019-5,f12c359e8a536afe57cc579bf93612b3ebd64277b01b72687f2677da7478d144,2024,Article,English,EC_EV_FINAL_SCOPE,include,verified_member_of_final_4974
EC_EV_001107,10.3389/fendo.2017.00174,e0b2e6cef320249ee00df385c7ae7d567721e695e161ca915bb512833d893f4f,2017,Article,English,EC_EV_FINAL_SCOPE,include,verified_member_of_final_4974
EC_EV_001108,10.1111/dme.14968,86a36b5a3178702230723c9830f7f16f6ca171726cfb993411da6fd96f0f41d5,2023,Article,English,EC_EV_FINAL_SCOPE,include,verified_member_of_final_4974
EC_EV_001109,10.1155/2022/4769385,efb3513f6473ead8d5ee0855cd0b811838b2de7153453510299a345a0b8ffc8f,2022,Article,English,EC_EV_FINAL_SCOPE,include,verified_member_of_final_4974
EC_EV_001110,10.3389/fonc.2022.936507,2bdda80ee26a0952fda3e6c0eaeaa1997feba1995a0e9b2cc4cebb9f1e339a04,2022,Article,English,EC_EV_FINAL_SCOPE,include,verified_member_of_final_4974
EC_EV_001111,10.1186/s13287-021-02390-x,ee0bb3baa0842da27076ce7833396ae72136311bf197a5af9099769b68364423,2021,Article,English,EC_EV_FINAL_SCOPE,include,verified_member_of_final_4974
EC_EV_001112,10.1021/mp300577s,800f7d65acaf78afcb42cf74fcff4e316f5649af4cfa07073225b1f2a08244f1,2013,Review,English,EC_EV_FINAL_SCOPE,include,verified_member_of_final_4974
EC_EV_001113,10.7150/thno.45422,6327c654ac7c889c27c41e36dbcb3043ace354645aaf7890835d3f7723c3c11f,2020,Review,English,EC_EV_FINAL_SCOPE,include,verified_member_of_final_4974
EC_EV_001114,10.1016/j.bioadv.2023.213640,7c67433446284bdde4ff9f6273401ad42118a008874372638bf15763d61b3c0f,2023,Article,English,EC_EV_FINAL_SCOPE,include,verified_member_of_final_4974
EC_EV_001115,10.1016/j.biomaterials.2024.122558,0e7e352f2844fa581d33954f0d7bafd47e8738d0a9273800fa66202ba101486f,2024,Article,English,EC_EV_FINAL_SCOPE,include,verified_member_of_final_4974
EC_EV_001116,10.3390/ijms20184406,7bf8c394d46ab271a67d4df41a5d39bed4868e5923878789c31b0bcb0add6c14,2019,Article,English,EC_EV_FINAL_SCOPE,include,verified_member_of_final_4974
EC_EV_001117,10.1080/20013078.2018.1490144,7c4d66ee351817b5270fbfd75e866423d8b170cd89b2baf5d7b06ee986af10a1,2018,Article,English,EC_EV_FINAL_SCOPE,include,verified_member_of_final_4974
EC_EV_001118,10.22074/cellj.2022.8275,c06b2560a435c3986934b77d832a8ba578e9daf49cc0dbc7d2dada698ae4d608,2022,Article,English,EC_EV_FINAL_SCOPE,include,verified_member_of_final_4974
EC_EV_001119,10.1161/atvbaha.123.319756,6d5dde3b844a1dface61452054bb6da252c7cebd1ba8e7480f8cb42dccdb55ae,2024,Article,English,EC_EV_FINAL_SCOPE,include,verified_member_of_final_4974
EC_EV_001120,10.1038/s41388-020-01428-3,936ba343cc5fc7c37f56ffc0027e4065bb86ea3d3f14eccc739048efd3b53bfd,2020,Article,English,EC_EV_FINAL_SCOPE,include,verified_member_of_final_4974
EC_EV_001121,10.3389/fcell.2023.1128134,2d56d3c6a2f4a051fe255b2f6ab7c902bdf7f1b2214c171a6602d9011c8ebae3,2023,Review,English,EC_EV_FINAL_SCOPE,include,verified_member_of_final_4974
EC_EV_001122,10.1186/s13046-020-01745-1,177d446a4e3d3f3a12b9fb796dfea33db4fcef24f29a3d4696d4a642843c834d,2020,Article,English,EC_EV_FINAL_SCOPE,include,verified_member_of_final_4974
EC_EV_001123,10.1016/j.febslet.2015.08.040,be7990a1095a6701c91beaea0786d2ef6ca419f8175802b39f2d10d1fc6bdb22,2015,Article,English,EC_EV_FINAL_SCOPE,include,verified_member_of_final_4974
EC_EV_001124,10.3390/ijms232113115,227925dcb84b399304ef094a811589dd2941bf24952aa4cd3086823779a9c330,2022,Article,English,EC_EV_FINAL_SCOPE,include,verified_member_of_final_4974
EC_EV_001125,10.1371/journal.pone.0141270,7496950f948d5a10a5b51cd143c0a5aba8cd0fdb7dc421709fbd39041075c0dc,2015,Article,English,EC_EV_FINAL_SCOPE,include,verified_member_of_final_4974
EC_EV_001126,10.1016/j.yexcr.2023.113485,ce3a47ed2ac70c1b92271f3054ff74a1b5d8523e73b1182ac14e5d78eaef676b,2023,Article,English,EC_EV_FINAL_SCOPE,include,verified_member_of_final_4974
EC_EV_001127,10.7150/ijbs.27029,8c8d173ce297f0055fc0f4ce2c889b37d368ab491c56fea799b5b0810c21a618,2018,Article,English,EC_EV_FINAL_SCOPE,include,verified_member_of_final_4974
EC_EV_001128,10.1038/s41418-020-00618-6,24b36e9895800f62e77c5b5a80e928f7f8a1e99a308124a687dff9b7e21a5e57,2021,Article,English,EC_EV_FINAL_SCOPE,include,verified_member_of_final_4974
EC_EV_001129,10.1016/j.micinf.2023.105147,e2236f506de6020c266635ae007b4555bb9530011b2bc9a5528fc5a4cae0fc3a,2023,Article,English,EC_EV_FINAL_SCOPE,include,verified_member_of_final_4974
EC_EV_001130,10.3390/ijms22042045,f247d2de31cd2884feb3fe14a7926d09eacc2597a50ea368b3250cc9d25afacb,2021,Article,English,EC_EV_FINAL_SCOPE,include,verified_member_of_final_4974
EC_EV_001131,10.1007/s12015-020-10020-x,17d4b5506523754bee6b7a16ff63f8240f237617d108099ee999e03cba1f443b,2021,Article,English,EC_EV_FINAL_SCOPE,include,verified_member_of_final_4974
EC_EV_001132,10.1016/j.envpol.2019.113171,9dcee3894aa0838d991ffd1dfc23cd00c70eb4bb7b098f8f0e100eb8bfd1fd46,2019,Article,English,EC_EV_FINAL_SCOPE,include,verified_member_of_final_4974
EC_EV_001133,10.3390/ijms25115725,d50de1238254110a570565b8947228a5ab11105d130411f5d62552c533783e60,2024,Article,English,EC_EV_FINAL_SCOPE,include,verified_member_of_final_4974
EC_EV_001134,10.4252/wjsc.v12.i9.1013,662a0c11309da0694eb601d745484061184d611f841288e73f5c53d0642995a9,2020,Review,English,EC_EV_FINAL_SCOPE,include,verified_member_of_final_4974
EC_EV_001135,10.1093/stcltm/szae025,2a60286fc5376f064a63924c73fe2db9f870157250e47e49fbcf2b19f30f25a5,2024,Review,English,EC_EV_FINAL_SCOPE,include,verified_member_of_final_4974
EC_EV_001136,10.1002/jev2.70013,01e7a4615d8e0fec49067c50c95650c09f8f85aafd80763a727843fb8ebfe13e,2024,Article,English,EC_EV_FINAL_SCOPE,include,verified_member_of_final_4974
EC_EV_001137,10.3390/cells13161336,46127f0d8ab4c3953b287bb60a38654ca56f488a6c5185913495b5ec11799783,2024,Article,English,EC_EV_FINAL_SCOPE,include,verified_member_of_final_4974
EC_EV_001138,10.1002/kjm2.12287,ee07bbe19e30fa4f0c8f0f934ed82aad83628b4e0efe93b2b230d12b70b1613e,2021,Article,English,EC_EV_FINAL_SCOPE,include,verified_member_of_final_4974
EC_EV_001139,10.1007/s11883-020-00871-7,97efc2e0c11de0dd051422740f7d1fa7e6ac4ad45fd75cda18d1db04b1b7557a,2020,Review,English,EC_EV_FINAL_SCOPE,include,verified_member_of_final_4974
EC_EV_001140,10.1007/s00441-022-03612-1,64bc27c9f86480950ed6b611c8961eb9b725144d6cc3ecf6fa7a492ec6d6cddb,2022,Article,English,EC_EV_FINAL_SCOPE,include,verified_member_of_final_4974
EC_EV_001141,10.1242/bio.015990,f7b25bcbad3c7052e5027890fb97a5305af90836acbb4eeeb7e8e2169c6bb923,2016,Article,English,EC_EV_FINAL_SCOPE,include,verified_member_of_final_4974
EC_EV_001142,10.1016/j.freeradbiomed.2021.06.030,f95fa6600080b07e20554e6a288c9597989987150d6a6851dd104c62672c6a78,2021,Article,English,EC_EV_FINAL_SCOPE,include,verified_member_of_final_4974
EC_EV_001143,10.1016/j.cellsig.2023.110843,c0daab049415b8f61a0c9c1217856e66ff75eaf8454f914c3ee4d5ea1c505531,2023,Article,English,EC_EV_FINAL_SCOPE,include,verified_member_of_final_4974
EC_EV_001144,10.1007/978-981-10-4397-0_17,6448c2d9d7754cb2c3fa815e8d0a6bedc60d87d41548f51db9a29b71ef23f23e,2017,Article,English,EC_EV_FINAL_SCOPE,include,verified_member_of_final_4974
EC_EV_001145,10.1111/jcmm.16202,c31c60cee34e2b5da13ad0c32857e40ea34ff8447dd5dbdca10a20b1f6252488,2021,Article,English,EC_EV_FINAL_SCOPE,include,verified_member_of_final_4974
EC_EV_001146,10.1016/s1875-5364(23)60419-4,8558c947e6c46fbedaf45d3c9bc3be6f3a6bfd005234a207fadc06587c17d9e0,2023,Article,English,EC_EV_FINAL_SCOPE,include,verified_member_of_final_4974
EC_EV_001147,10.3390/ijms24043196,e7709c3b4558c8ef98af240fbdcfb339881e5221724d2f095014bd3bf599ca24,2023,Article,English,EC_EV_FINAL_SCOPE,include,verified_member_of_final_4974
EC_EV_001148,10.1016/j.ymthe.2017.03.031,ce2c744c1319ac9dda2177476a8969b5be8d0f4ccfd3136cdcb5f577b31e3e67,2017,Article,English,EC_EV_FINAL_SCOPE,include,verified_member_of_final_4974
EC_EV_001149,10.1038/s41388-022-02197-x,ede4d8431d05a68e216028b9bbb762b9f2e852a29a477690138c4bcaa6f048b3,2022,Article,English,EC_EV_FINAL_SCOPE,include,verified_member_of_final_4974
EC_EV_001150,10.2147/jir.s316414,96f42f0cb98db585a135587a06764b93e4032ba68be9c43e758cc6231ce389dd,2021,Article,English,EC_EV_FINAL_SCOPE,include,verified_member_of_final_4974
EC_EV_001151,10.1186/s12967-025-06268-x,207d897e4483477b35dc7ff296a255ad9a155ab6d7e2850b418ed73cafd04773,2025,Article,English,EC_EV_FINAL_SCOPE,include,verified_member_of_final_4974
EC_EV_001152,10.1021/acs.analchem.2c03725,8a919be5c19c919341e1ba2726020ddcb06274fb4bb5b89963e7ae1b520c9c35,2023,Article,English,EC_EV_FINAL_SCOPE,include,verified_member_of_final_4974
EC_EV_001153,10.1371/journal.pone.0290155,117a1ce9fa3689cb4950de349581c88e0d4340b9c22bbdebfef727dc832a18ae,2023,Article,English,EC_EV_FINAL_SCOPE,include,verified_member_of_final_4974
EC_EV_001154,10.1016/j.imlet.2017.03.013,bc21e673a8fe45a4cc42a3aa75beb541aeb500638dc2b1782a7b2b6344bc3e5f,2017,Review,English,EC_EV_FINAL_SCOPE,include,verified_member_of_final_4974
EC_EV_001155,10.3390/ijms241915032,3db3e9a9f4465d0796ea23893e72e1463e90e55227935863e50f70f09cda61d7,2023,Article,English,EC_EV_FINAL_SCOPE,include,verified_member_of_final_4974
EC_EV_001156,10.3389/fbioe.2021.790489,567cd577b3203ac0276edfdb33745f6092bc7f9aa0c5c4b6fdb986cc6a82f61e,2021,Article,English,EC_EV_FINAL_SCOPE,include,verified_member_of_final_4974
EC_EV_001157,10.1016/j.vph.2020.106790,6b724a39fd297133aab956c1e12908d66829b351bca77e27d2f4a0586c9f0df8,2020,Review,English,EC_EV_FINAL_SCOPE,include,verified_member_of_final_4974
EC_EV_001158,10.3389/fcvm.2021.773473,1a2057e79ca8d33dd76262281c1c0922c202e4d42dccfff1b5c5bec7724bb1dc,2021,Article,English,EC_EV_FINAL_SCOPE,include,verified_member_of_final_4974
EC_EV_001159,10.1016/j.neuint.2025.105949,629128777bd5181018123abdda2a6fada4ae5d182cf773ced5a28638ae1c4aee,2025,Article,English,EC_EV_FINAL_SCOPE,include,verified_member_of_final_4974
EC_EV_001160,10.1007/s13770-022-00513-w,49001736defb584cb48d285b787afafdc8b2007079cf7daba23f293ba842a29c,2023,Article,English,EC_EV_FINAL_SCOPE,include,verified_member_of_final_4974
EC_EV_001161,10.1038/s41598-017-09710-3,713ce1a7938ac3f002651ed492d8bda30b92431106deda42a9c250f89adfc98a,2017,Article,English,EC_EV_FINAL_SCOPE,include,verified_member_of_final_4974
EC_EV_001162,10.1007/s12265-020-10082-9,7e7c9f74aa0e16a2c1efb3c6725436bd7c7ba7336ee55f81d0b6109a6183a2db,2021,Review,English,EC_EV_FINAL_SCOPE,include,verified_member_of_final_4974
EC_EV_001163,10.1080/15384047.2023.2290033,47c37d37796f12a308ed10fb8883a741e4f010f373c9ebb8d0e436aaefa7dc0f,2024,Article,English,EC_EV_FINAL_SCOPE,include,verified_member_of_final_4974
EC_EV_001164,10.3389/fonc.2022.781979,558f4f5d6f67d1614affa3b4add0a228c3260bb398baa5540aa78e60002c3e4a,2022,Article,English,EC_EV_FINAL_SCOPE,include,verified_member_of_final_4974
EC_EV_001165,10.7150/thno.29766,39ed570a4a6e7fb4b0d8a40e1479fe537a18854f8ef07c961f66ae37004e4cbe,2019,Article,English,EC_EV_FINAL_SCOPE,include,verified_member_of_final_4974
EC_EV_001166,10.3390/cells11233926,dae452971c0a21c5c9b277bb24a8fa27d94a5524138b52834bacd3721f480e0b,2022,Article,English,EC_EV_FINAL_SCOPE,include,verified_member_of_final_4974
EC_EV_001167,10.3390/cells10020398,90a6921a6a3015cfd50fd9bed230900ee56d696dc8d415cdecad1e789689db4b,2021,Article,English,EC_EV_FINAL_SCOPE,include,verified_member_of_final_4974
EC_EV_001168,10.1038/s41598-018-31846-z,6a2db8430c0ef9cfc038d74e2404dbcf1ab9531dfd99881c3ba81c897cbafe98,2018,Article,English,EC_EV_FINAL_SCOPE,include,verified_member_of_final_4974
EC_EV_001169,10.3389/fneur.2017.00709,3bad05e29a80c5ab4c917180cfcfad8a61b7792fa372fc70d4851bb5bdc8d9c0,2017,Article,English,EC_EV_FINAL_SCOPE,include,verified_member_of_final_4974
EC_EV_001170,10.1021/acsami.4c21532,f0273e79f06ed0ce104403b6312eced1eb81eaf120e2bc0354b3371ecb986d80,2025,Article,English,EC_EV_FINAL_SCOPE,include,verified_member_of_final_4974
EC_EV_001171,10.1039/d5ra02940f,78611990957df8919d1ba49ea869b8e5763b27e2d87b6ae68f095c6df73c3023,2025,Article,English,EC_EV_FINAL_SCOPE,include,verified_member_of_final_4974
EC_EV_001172,10.1002/eji.201343660,6b49e86ef904af15fd2464567d969e9210478f960eb3f7196a93c730862e1a31,2014,Article,English,EC_EV_FINAL_SCOPE,include,verified_member_of_final_4974
EC_EV_001173,10.3892/mmr.2024.13316,f578fc3345e9cdab9fd23e6096b2a7244e7dba4f1e8bbe747c28a59a67043d44,2024,Article,English,EC_EV_FINAL_SCOPE,include,verified_member_of_final_4974
EC_EV_001174,10.1016/j.matdes.2023.111960,c13e7579f22b54ca9618b7af6b1528c4f1bfd8a84b914f02fc7e1073093324c0,2023,Article,English,EC_EV_FINAL_SCOPE,include,verified_member_of_final_4974
EC_EV_001175,10.1002/advs.202400647,9f6cf3a89e2ef47381f2431ad518966fda6e1ddf1bcbae5c70622ad7e3aa3f92,2024,Article,English,EC_EV_FINAL_SCOPE,include,verified_member_of_final_4974
EC_EV_001176,10.1002/adhm.202300052,9b8a6d743c916f4c38cfa25e31c4e710ca113eb39eb6aa9ed6423c645acbc21f,2023,Article,English,EC_EV_FINAL_SCOPE,include,verified_member_of_final_4974
EC_EV_001177,10.3390/cells11213457,c5fffeedc070870e57bd23f60421313f49f996df201048df9287d8a27eeeefc9,2022,Article,English,EC_EV_FINAL_SCOPE,include,verified_member_of_final_4974
EC_EV_001178,10.3390/ijms22157971,ec71357e6d25948b451c43b3a18945f7d427ec6f9d8169aff60a4c38739cd345,2021,Review,English,EC_EV_FINAL_SCOPE,include,verified_member_of_final_4974
EC_EV_001179,10.1186/s12935-023-02985-9,53954c9e0255049203f9f2e174955e49f9cedb3b2de12987a3b9cbe924f62d5b,2023,Article,English,EC_EV_FINAL_SCOPE,include,verified_member_of_final_4974
EC_EV_001180,10.1080/20013078.2017.1332941,d6963abb461a72792685fdf481f2fa77dc412e71db4695e12273db97bc1bbc0d,2017,Article,English,EC_EV_FINAL_SCOPE,include,verified_member_of_final_4974
EC_EV_001181,10.3390/ijms232214334,7f19dccfc196a8ad210eb5903717f3a89694c7c0a2a7a59384cb79236f1b7606,2022,Article,English,EC_EV_FINAL_SCOPE,include,verified_member_of_final_4974
EC_EV_001182,10.1016/j.msec.2021.111981,ed2ad606a5edf0cd65ac4dd2acfd0f3b59680ce9dd7fb26881d09812d545e926,2021,Article,English,EC_EV_FINAL_SCOPE,include,verified_member_of_final_4974
EC_EV_001183,10.3390/bioengineering9090439,ea99c6836139c9759cb9500c5ea81fce03ab4a53ca5a533e5604d8ccce48455c,2022,Review,English,EC_EV_FINAL_SCOPE,include,verified_member_of_final_4974
EC_EV_001184,10.1016/j.jbc.2022.102868,c4519c50f3f9b9fe5fa95f65b04010fc6fea820ad3a10d6c6e1ecaa4ec625ad3,2023,Article,English,EC_EV_FINAL_SCOPE,include,verified_member_of_final_4974
EC_EV_001185,10.1016/j.ymthe.2018.06.003,2fd8bc008d729ebe00347237842091ca9f5ca84ac267c010fa5e741fd05ed357,2018,Article,English,EC_EV_FINAL_SCOPE,include,verified_member_of_final_4974
EC_EV_001186,10.4103/aja202190,760d1281e6c0402b69c6801b6e3dd58bc3445c5b784edc78fb80b65c5ac82e19,2022,Article,English,EC_EV_FINAL_SCOPE,include,verified_member_of_final_4974
EC_EV_001187,10.5114/aic.2023.124797,801e209ebee35efd6f3cda9385a9e0a45624560a14c29cc17a3e504da6aa5d59,2022,Article,English,EC_EV_FINAL_SCOPE,include,verified_member_of_final_4974
EC_EV_001188,10.3390/ijms25147984,ac6a87b0340a90990f5bcf0ee19a1499c7ae3d1e223e858e2a8534d89db9637c,2024,Article,English,EC_EV_FINAL_SCOPE,include,verified_member_of_final_4974
EC_EV_001189,10.21037/tau-22-872,32656738c037917711ac14da96fe0caa05a76a276514ac1c193c2c04db8f12c2,2023,Article,English,EC_EV_FINAL_SCOPE,include,verified_member_of_final_4974
EC_EV_001190,10.3389/fbioe.2022.772514,eee1ca5d2aa40b07a130bea44a20f8d000290a3670d191c54a5381e968dd9bff,2022,Article,English,EC_EV_FINAL_SCOPE,include,verified_member_of_final_4974
EC_EV_001191,10.1111/andr.13293,dbe453ec5ce763d8460718823bfd2bac334e05fe7849d2918321bfbabb7f5c47,2022,Article,English,EC_EV_FINAL_SCOPE,include,verified_member_of_final_4974
EC_EV_001192,10.3389/fendo.2021.681290,129857af64d113dfbca6ac485109c3314a1e9ea6f60af62c56d01cec08c4c245,2021,Review,English,EC_EV_FINAL_SCOPE,include,verified_member_of_final_4974
EC_EV_001193,10.1208/s12249-020-01892-w,cf025c445abd56949d8bd991c93127d9ffdd8591131d84353097371170889453,2021,Article,English,EC_EV_FINAL_SCOPE,include,verified_member_of_final_4974
EC_EV_001194,10.1016/j.gendis.2019.04.005,4d8ec722b609ddc89948a106e3542df89ac52b4993e13c8957894cd5197d4308,2020,Article,English,EC_EV_FINAL_SCOPE,include,verified_member_of_final_4974
EC_EV_001195,10.1097/shk.0000000000002133,3bcda2643e9ab05d9115ea99c482ca0fb18880d550ff18d86a6e5515de65837e,2023,Article,English,EC_EV_FINAL_SCOPE,include,verified_member_of_final_4974
EC_EV_001196,10.1016/j.msec.2016.06.086,eaa50c84cdc15d0aaf2311253f44d2686700be8e10994c7e5042763aa4116eca,2016,Article,English,EC_EV_FINAL_SCOPE,include,verified_member_of_final_4974
EC_EV_001197,10.1177/15330338241261615,3143f0648373a8113edf39f25567c0b519022e39d11cc3ad9e969c7e72c324b4,2024,Article,English,EC_EV_FINAL_SCOPE,include,verified_member_of_final_4974
EC_EV_001198,10.1016/j.carpath.2015.04.007,576307dfecddc85dfcf9da72dd84535c7897a52b038ff87a7440d44d7c8f6736,2015,Review,English,EC_EV_FINAL_SCOPE,include,verified_member_of_final_4974
EC_EV_001199,10.1002/adbi.202000152,d79ecf4bcdf89fc72e537e9bbe909b001b0fdd194ac21955d40cd3ee7afdc40f,2020,Article,English,EC_EV_FINAL_SCOPE,include,verified_member_of_final_4974
EC_EV_001200,10.1038/s41388-022-02449-w,6e5202ed5aab195c346b1080ff6a6c16e14dbf36a8a800b57c3dec03f5288ecb,2022,Article,English,EC_EV_FINAL_SCOPE,include,verified_member_of_final_4974
EC_EV_001201,10.2174/1386207324666210216092917,7fadb63f563d36555c7cc462b415ffc332128bbe31b3c07d4ed7342129fbc8d2,2022,Article,English,EC_EV_FINAL_SCOPE,include,verified_member_of_final_4974
EC_EV_001202,10.1186/s12964-023-01434-4,b2a65432c7899d4e52e4e0016d51b3acb5a32c7af0f1bdff7ff234647b47e71e,2024,Article,English,EC_EV_FINAL_SCOPE,include,verified_member_of_final_4974
EC_EV_001203,10.3892/mmr.2017.7403,cd39f1562ac679efbe942cad5fa5b47a4a527b5ce4adf016347238ba0f04cd78,2017,Article,English,EC_EV_FINAL_SCOPE,include,verified_member_of_final_4974
EC_EV_001204,10.3390/cells10071811,618316b94601321686417a711c1e52ab4a87e58855bdea02b17f6bea14cf4c0f,2021,Review,English,EC_EV_FINAL_SCOPE,include,verified_member_of_final_4974
EC_EV_001205,10.1093/burnst/tkad003,6a387e3fbee60b5f4fea6dc50fea15794e590776bb7859a1d493aa564ba97a40,2023,Article,English,EC_EV_FINAL_SCOPE,include,verified_member_of_final_4974
EC_EV_001206,10.1007/s10517-023-05788-0,b52ba1f7d098dc751e4326891cd5f50982ec72c8ffe4b4d1a4261b55d470beee,2023,Article,English,EC_EV_FINAL_SCOPE,include,verified_member_of_final_4974
EC_EV_001207,10.1111/eci.13769,a0d913970b7bd218211767a51633379743dc860e686a1245f5c8e409c7f0956a,2022,Article,English,EC_EV_FINAL_SCOPE,include,verified_member_of_final_4974
EC_EV_001208,10.1016/j.jddst.2024.105611,e7e133aadf114cc68bd12c95bf73836e548fa7ec5257d8e16234eecdf21f2f00,2024,Article,English,EC_EV_FINAL_SCOPE,include,verified_member_of_final_4974
EC_EV_001209,10.1186/s12964-023-01229-7,08b7e7af62f6a425327e8b54248306dea12ff73fac592a512aca61a2a7cb115c,2023,Article,English,EC_EV_FINAL_SCOPE,include,verified_member_of_final_4974
EC_EV_001210,10.1038/s41420-022-00971-0,fda75cee3a4d9fdfc6a44b4b519c6e0877e4b240918d93e9af7db03c54d20d0e,2022,Article,English,EC_EV_FINAL_SCOPE,include,verified_member_of_final_4974
EC_EV_001211,10.1089/ars.2024.0723,05ac0d628d4140577778f2c63291d3d5d6bcc02a793609ca557b1e1bdc807b12,2025,Article,English,EC_EV_FINAL_SCOPE,include,verified_member_of_final_4974
EC_EV_001212,10.1186/s12951-021-00808-5,bb5cbdbfa1dac523977e2567b5a0c6fcb13a052a2216dcc678c5bf6755f41aa2,2021,Article,English,EC_EV_FINAL_SCOPE,include,verified_member_of_final_4974
EC_EV_001213,10.1016/j.canlet.2023.216400,19d13e682c2ca6532937c29651794511ebccf026c77ad3e63d5536cc801aa964,2023,Article,English,EC_EV_FINAL_SCOPE,include,verified_member_of_final_4974
EC_EV_001214,10.1016/j.omtn.2023.102074,925ca6c3681620fc508c118d97bd5d950c7e53e4ffe13d6d84bdd95a1255e00f,2023,Article,English,EC_EV_FINAL_SCOPE,include,verified_member_of_final_4974
EC_EV_001215,10.1016/j.jcis.2024.05.209,9f3fc1613a81f97cfc4870ab10ea194fca5a83d85cfc2be8d5ef95c74c166eda,2024,Article,English,EC_EV_FINAL_SCOPE,include,verified_member_of_final_4974
EC_EV_001216,10.1016/j.bbrc.2017.08.107,7028416e06002ff8a24d10acb332bbc651d9507c3069df440c8998e9ed2f26ae,2017,Article,English,EC_EV_FINAL_SCOPE,include,verified_member_of_final_4974
EC_EV_001217,10.2147/ijn.s420301,51c395838b1d512fdb228239dcaf9dd01379d44ba9324eb3c037108738bae920,2023,Article,English,EC_EV_FINAL_SCOPE,include,verified_member_of_final_4974
EC_EV_001218,10.1002/ctm2.779,86f00c0bbc769c344ff5977e4fa4d3b17bf27156487f3d3191f46641e012170d,2022,Article,English,EC_EV_FINAL_SCOPE,include,verified_member_of_final_4974
EC_EV_001219,10.1016/j.biopha.2024.116343,0fb80ece27c1b868e9b63651a72f04766c9018cee8d9638872363f1a7062b1f5,2024,Article,English,EC_EV_FINAL_SCOPE,include,verified_member_of_final_4974
EC_EV_001220,10.1158/0008-5472.can-23-3508,6cae09b988dec3c3d4925cfee7bcc4f8b830bcb86000a34e07f26ee93e9388ac,2024,Article,English,EC_EV_FINAL_SCOPE,include,verified_member_of_final_4974
EC_EV_001221,10.3390/ijms242417146,129206ab355fb874d2b846653fbce28c9a0190163521e4880e3dd89f4c6ef231,2023,Review,English,EC_EV_FINAL_SCOPE,include,verified_member_of_final_4974
EC_EV_001222,10.1074/jbc.m113.506899,3efbd5e0941e1251895607030fe17c7e1490634e476e0182d220c4ab6e5992c2,2014,Article,English,EC_EV_FINAL_SCOPE,include,verified_member_of_final_4974
EC_EV_001223,10.3390/cancers11060779,d881a66922a9c0219f5efa5e2c4110b4cd5033d96f3a9163975117999d11fcf1,2019,Article,English,EC_EV_FINAL_SCOPE,include,verified_member_of_final_4974
EC_EV_001224,10.1007/978-3-030-83282-7_3,80a495af08891aee5279d51606d507f1b845b91ab9447be27acc62e15b954a49,2021,Article,English,EC_EV_FINAL_SCOPE,include,verified_member_of_final_4974
EC_EV_001225,10.7150/thno.113665,e10e316eb26e2d4d965d06c84da55584870320d741b13151ae34d6b4eace2b77,2025,Review,English,EC_EV_FINAL_SCOPE,include,verified_member_of_final_4974
EC_EV_001226,10.1007/s11033-021-06883-z,878ef14698bf82987c929e2a0a963ade6a83ebff748305513f4b35c4555cf91d,2022,Article,English,EC_EV_FINAL_SCOPE,include,verified_member_of_final_4974
EC_EV_001227,10.1016/j.gendis.2022.07.006,221aafa66838281fbc5e239a85429cccf7b135fc3c0be39c93c893cb49ba8b7f,2023,Article,English,EC_EV_FINAL_SCOPE,include,verified_member_of_final_4974
EC_EV_001228,10.1038/s41467-023-43153-x,d3a6bc2022d195ab36185e58d21a5db00071c66cff56fea79f1099eb8f22d835,2023,Article,English,EC_EV_FINAL_SCOPE,include,verified_member_of_final_4974
EC_EV_001229,10.1096/fj.201801332r,34fa112c3098bb928e034da56bce634b2449f10ab3f7a4e02755a22e660d0109,2019,Article,English,EC_EV_FINAL_SCOPE,include,verified_member_of_final_4974
EC_EV_001230,10.1007/s12032-023-01950-w,ed31a2f5ab02b97f3bffb88a4f3a2979b55d47de0efa8d313a3e4e7039c84a37,2023,Article,English,EC_EV_FINAL_SCOPE,include,verified_member_of_final_4974
EC_EV_001231,10.2147/cmar.s327621,5e5b841c481791a2b2c1bca32b4a74e85b07b2eddd563fb2b5db676a31e24496,2022,Article,English,EC_EV_FINAL_SCOPE,include,verified_member_of_final_4974
EC_EV_001232,10.1080/1028415x.2022.2078173,ce0dbe48138b876b01900e58424815a913bf8dfe4848dc4cc2a29d6b85d1421b,2023,Article,English,EC_EV_FINAL_SCOPE,include,verified_member_of_final_4974
EC_EV_001233,10.1016/j.bbadis.2017.02.023,0be7368065fd87ecacba894fdea1d924c198ec945d5d1d9af9f6e0e421a3f0bf,2017,Article,English,EC_EV_FINAL_SCOPE,include,verified_member_of_final_4974
EC_EV_001234,10.1002/cbin.12054,f8c371dcd3f3774518413b22432dec1ccf3d0ee234a2b4df51718584c8957025,2023,Article,English,EC_EV_FINAL_SCOPE,include,verified_member_of_final_4974
EC_EV_001235,10.1186/s12964-022-00904-5,908116af807bf5e05c04fe821c0a876cdc415f550de6da158c075ff6f7a52f7f,2022,Review,English,EC_EV_FINAL_SCOPE,include,verified_member_of_final_4974
EC_EV_001236,10.3390/cancers14194612,21e3f6acabe08fd4b659c9137f44ae3bda955491a4525c2a31bf40198f11caf6,2022,Article,English,EC_EV_FINAL_SCOPE,include,verified_member_of_final_4974
EC_EV_001237,10.1161/jaha.117.007954,3893d59d6936893806537502c47880529812a5f94ea4d9f62d141083ccdfd429,2018,Review,English,EC_EV_FINAL_SCOPE,include,verified_member_of_final_4974
EC_EV_001238,10.3892/etm.2020.8939,ade71aa8a6f80cf021ac0633e6a4add9b294bc4ae50064d7a210fe86e2839786,2020,Article,English,EC_EV_FINAL_SCOPE,include,verified_member_of_final_4974
EC_EV_001239,10.1038/s41392-023-01685-0,eb1c69059945d535716d11e245ad10d95db59ad1f3ec805fbdd2ba3a74245768,2023,Article,English,EC_EV_FINAL_SCOPE,include,verified_member_of_final_4974
EC_EV_001240,10.1016/j.placenta.2009.11.005,3845b5a6e8cb38d80064772c66f6c09cd4154be59f666186a9800f5ab8f6d4a4,2010,Review,English,EC_EV_FINAL_SCOPE,include,verified_member_of_final_4974
EC_EV_001241,10.1186/s13287-022-02921-0,dcb31eec47ba680d6a5c91c5fac114e7d97059e88d57d1e45681ac04d4052010,2022,Review,English,EC_EV_FINAL_SCOPE,include,verified_member_of_final_4974
EC_EV_001242,10.5534/wjmh.230218,d489014a3ae2bc37b34f31adc06a0fc03766cef904e6da8d4b3dd3910b44e156,2024,Article,English,EC_EV_FINAL_SCOPE,include,verified_member_of_final_4974
EC_EV_001243,10.18632/aging.101191,ef6e6e312b89daa2a37bbb3004ab9fd5136aafac45336f89268586aa172cfc64,2017,Article,English,EC_EV_FINAL_SCOPE,include,verified_member_of_final_4974
EC_EV_001244,10.7717/peerj.2040,c7a465d0050ab81dfe37826135f0ef5d8f82ec17bcf409c053924db311c2e172,2016,Article,English,EC_EV_FINAL_SCOPE,include,verified_member_of_final_4974
EC_EV_001245,10.1002/2211-5463.13142,5e17f63ad9a402c78b502bb067d1dc18a9fe46fcf489471d7e6342cecd47d8c9,2021,Article,English,EC_EV_FINAL_SCOPE,include,verified_member_of_final_4974
EC_EV_001246,10.7150/thno.84236,a729269ec50930fe60a06aa4ffc1938cc6b44a798c477b277a42001195b3beb6,2023,Article,English,EC_EV_FINAL_SCOPE,include,verified_member_of_final_4974
EC_EV_001247,10.1002/jev2.12359,a50a4efc2364ffafc2dbb96b0e16bd2bf2c48badb42366f45497c7cf6dc4735e,2023,Article,English,EC_EV_FINAL_SCOPE,include,verified_member_of_final_4974
EC_EV_001248,10.1111/odi.14285,fd34df0ce2691c74cc5b510d84e8ce510d5a4e23f0b312502ee8922f481092e4,2023,Article,English,EC_EV_FINAL_SCOPE,include,verified_member_of_final_4974
EC_EV_001249,10.1016/j.omtn.2021.12.019,95eb002ca1f3bc18b86d95312b354993fd396d2836050db429899bbabdf0104c,2022,Article,English,EC_EV_FINAL_SCOPE,include,verified_member_of_final_4974
EC_EV_001250,10.3892/or.2018.6395,b8cf4e643c06552eda369f29b05731396b7f843c4c112cd8682d4684baf08147,2018,Article,English,EC_EV_FINAL_SCOPE,include,verified_member_of_final_4974
EC_EV_001251,10.1002/cam4.6078,86f3e30dfea96fbd5c25c0b4c58bcf66ad3ec81b03836728f62fa8f86bfcb417,2023,Article,English,EC_EV_FINAL_SCOPE,include,verified_member_of_final_4974
EC_EV_001252,10.1007/s40263-016-0405-9,64f6af9b565d6192b85881c709480fc36a7518793adbe8f802bc9a693c747c21,2017,Review,English,EC_EV_FINAL_SCOPE,include,verified_member_of_final_4974
EC_EV_001253,10.34172/bi.30333,4a7b4542bc0a4e754bc1550bd8bfca68ef7b3fa60ba06f29f988b69b963a7fd4,2024,Article,English,EC_EV_FINAL_SCOPE,include,verified_member_of_final_4974
EC_EV_001254,10.1016/j.lfs.2014.04.018,110a9972266c0b2ce448fffd0ac1cf8ea6d9b855de0b922fc5a44f2853cab235,2014,Article,English,EC_EV_FINAL_SCOPE,include,verified_member_of_final_4974
EC_EV_001255,10.3892/etm.2021.10970,51845d4e2df5c1e21631d24904db9fcb3788afe0ce28e6c18a1347dca1f7ebb8,2022,Article,English,EC_EV_FINAL_SCOPE,include,verified_member_of_final_4974
EC_EV_001256,10.1186/s11658-022-00410-z,966ffcc32cf3a1a5d80a90e9630757f9d4b9607f01c68c4a25e3678fe70fed6d,2023,Article,English,EC_EV_FINAL_SCOPE,include,verified_member_of_final_4974
EC_EV_001257,10.1139/bcb-2021-05431,b21ea21c24c0131991a2a1cc2bcd357b0cb3685385652b1bb175d5649ae14254,2022,Article,English,EC_EV_FINAL_SCOPE,include,verified_member_of_final_4974
EC_EV_001258,10.3390/ijms25105219,d1410db014fa8c83232c9def8ba703482b94148015dcb7f86ef58a298fd397d7,2024,Article,English,EC_EV_FINAL_SCOPE,include,verified_member_of_final_4974
EC_EV_001259,10.1186/s12967-023-04438-3,737a33c1e21faf8e0208cc86a7842fd3c1a3a2958deaa7c50a0262ff58e1543f,2023,Article,English,EC_EV_FINAL_SCOPE,include,verified_member_of_final_4974
EC_EV_001260,10.1186/s13046-019-1181-4,ffedc5a737fa474bd33d5e8e8e1e238f0ca326477a8025a1aeddea41cb86b0d8,2019,Article,English,EC_EV_FINAL_SCOPE,include,verified_member_of_final_4974
EC_EV_001261,10.3892/ijmm.2018.3980,51cd7b0d1d95d6da843051e968ad875968332f6e644cd322b59ac2b9bb402679,2019,Article,English,EC_EV_FINAL_SCOPE,include,verified_member_of_final_4974
EC_EV_001262,10.1016/j.mam.2021.101063,762d4ac5e236a7218ccd98cffe50b0281fc61355c4938f54ce2c3962e5d297aa,2022,Review,English,EC_EV_FINAL_SCOPE,include,verified_member_of_final_4974
EC_EV_001263,10.1080/15384101.2019.1568745,9210ab64b9bd3ef8795d8a74c8673962a212cef91cfb09e48e9405bb883e7bac,2019,Article,English,EC_EV_FINAL_SCOPE,include,verified_member_of_final_4974
EC_EV_001264,10.1016/j.reth.2023.12.002,c21e30342ef3f36590abe6af945bf08f2a6b583c87042c6c7a2ff3903bd00c38,2024,Article,English,EC_EV_FINAL_SCOPE,include,verified_member_of_final_4974
EC_EV_001265,10.1155/2019/2476175,5565bc7b65bec91cca852791adcd990d1d4459a3c7a45feea8d3652eb9d5fa7c,2019,Article,English,EC_EV_FINAL_SCOPE,include,verified_member_of_final_4974
EC_EV_001266,10.1002/sctm.18-0199,abf80c905a94cc5073d07566a3771c320c3f061a31de99d4afba9384eb7b2353,2019,Article,English,EC_EV_FINAL_SCOPE,include,verified_member_of_final_4974
EC_EV_001267,10.1016/j.omtn.2021.02.027,6098a98d6a7dfdaa795caf262edbe12b71f9ea9273f850b2a5f1fb89ac23e39d,2021,Article,English,EC_EV_FINAL_SCOPE,include,verified_member_of_final_4974
EC_EV_001268,10.1186/s13287-021-02333-6,1b7ffbb1f85b95db53c99dae497411384926155c29a0f00dc43c818b316cd2ff,2021,Article,English,EC_EV_FINAL_SCOPE,include,verified_member_of_final_4974
EC_EV_001269,10.22514/sv.2022.058,deb5daf2181ddd8ae0e3ce498ec269bac68281dfd47a1740ad518813a9658a94,2022,Review,English,EC_EV_FINAL_SCOPE,include,verified_member_of_final_4974
EC_EV_001270,10.3390/pharmaceutics14091905,345ada6036251c36a4c4c835fe89682a992a2d237e3fca584c1bcfc3833bcbd0,2022,Article,English,EC_EV_FINAL_SCOPE,include,verified_member_of_final_4974
EC_EV_001271,10.1007/s10529-025-03585-5,b6d1ef8ddcedac098ed964062e148612842d0ea44b5df0024846fadaa35e4647,2025,Article,English,EC_EV_FINAL_SCOPE,include,verified_member_of_final_4974
EC_EV_001272,10.1016/j.tice.2024.102575,6caa85676d29157a635a2bfa21b2197947ecf1532a3954b5d23ea721abd9a6f7,2024,Article,English,EC_EV_FINAL_SCOPE,include,verified_member_of_final_4974
EC_EV_001273,10.1016/j.phrs.2024.107309,848b5b2323451d05693b29d69610fc5a69a280979cdb6f8566b81b698484cd2b,2024,Article,English,EC_EV_FINAL_SCOPE,include,verified_member_of_final_4974
EC_EV_001274,,a63304560f05f31c57f6ae4a7697b6406f20f63cabfbefa836e7453c65172e80,2017,Article,English,EC_EV_FINAL_SCOPE,include,verified_member_of_final_4974
EC_EV_001275,10.3791/57067,c81d58fb482556cbfc7e2675faba573374399b6665b246376ee3666efc14a2d9,2018,Article,English,EC_EV_FINAL_SCOPE,include,verified_member_of_final_4974
EC_EV_001276,10.1016/j.gene.2018.07.018,52717e1e8d6b735bf33086967bfc444dab14cdefa779712fe88f44b6fd2c1368,2018,Article,English,EC_EV_FINAL_SCOPE,include,verified_member_of_final_4974
EC_EV_001277,10.1177/2047487320919894,60c4bbcceba624be1e1cea942a6b874432e85c63de5fcb0a5d54b2efd715db1a,2021,Article,English,EC_EV_FINAL_SCOPE,include,verified_member_of_final_4974
EC_EV_001278,10.1186/s12987-021-00299-4,7e7ffb3bacd6a3fbbf264bfe78ac3e367cd1ba7c04e8e2c9773a699488d5ab90,2022,Article,English,EC_EV_FINAL_SCOPE,include,verified_member_of_final_4974
EC_EV_001279,10.1159/000438594,9b7d8d358292975947ad0755098837ea4aab462b6ec99e9e3db7afbb64a9cf5f,2015,Article,English,EC_EV_FINAL_SCOPE,include,verified_member_of_final_4974
EC_EV_001280,10.1007/s10456-024-09947-3,c7c55c706bce3d95685d551b322401fbe8dc5a2a266439bbe505ed5eb0a1dece,2024,Article,English,EC_EV_FINAL_SCOPE,include,verified_member_of_final_4974
EC_EV_001281,10.1021/acsnano.2c12722,3356ec00ea0214d1efa785a34d44fd6116766ee03a95a2714d8674cf26d2c75e,2023,Article,English,EC_EV_FINAL_SCOPE,include,verified_member_of_final_4974
EC_EV_001282,10.2147/jir.s349818,476806864c187e0131a5b7b822fd320845470488a27f3d8dd131d710ecd4b9b6,2022,Article,English,EC_EV_FINAL_SCOPE,include,verified_member_of_final_4974
EC_EV_001283,10.2174/1570180819666220620103339,03d915b1d16b82a702175003b217ba37b0998ddd6d5121272ff7767261c57c68,2023,Article,English,EC_EV_FINAL_SCOPE,include,verified_member_of_final_4974
EC_EV_001284,10.1007/s13277-016-5165-0,40164d6a046f5413904440dedbc005518110534aaa921b7e06da303b5b2a9c3d,2016,Article,English,EC_EV_FINAL_SCOPE,include,verified_member_of_final_4974
EC_EV_001285,10.18632/aging.103855,fd480f674b06dac09547dd9c2c976093013fb9a85db701d282004fd6569d7186,2021,Article,English,EC_EV_FINAL_SCOPE,include,verified_member_of_final_4974
EC_EV_001286,10.1002/ijc.31796,7eb61664bdae5c731cd09172256a271bff898a00c5cd6e1b46477d7def4970ee,2019,Article,English,EC_EV_FINAL_SCOPE,include,verified_member_of_final_4974
EC_EV_001287,10.3390/cells12131692,a73cd03401c6396385333e678b916680a52860cc2703c2e0659f6bff924235e4,2023,Review,English,EC_EV_FINAL_SCOPE,include,verified_member_of_final_4974
EC_EV_001288,10.1152/ajpheart.00463.2020,565712455eed6b06978b381b2d1ce90fcfd19e30245dd9240466169516c419dd,2021,Article,English,EC_EV_FINAL_SCOPE,include,verified_member_of_final_4974
EC_EV_001289,10.1016/j.jconrel.2021.01.006,f040dd5e687caaa3177802dd241c9dc82fa966e730cb4552d0d3aed387d9476e,2021,Article,English,EC_EV_FINAL_SCOPE,include,verified_member_of_final_4974
EC_EV_001290,,173b84f17995d4304bb48171d1d750c93e3199976dcea20e4b6232ccf2ff391a,2023,Article,English,EC_EV_FINAL_SCOPE,include,verified_member_of_final_4974
EC_EV_001291,10.1073/pnas.1814874116,43d300dda68208034b159d713f07cb5cf8c98f8a787a3abb2c591604e5859b8c,2019,Article,English,EC_EV_FINAL_SCOPE,include,verified_member_of_final_4974
EC_EV_001292,10.1080/17435889.2024.2363743,b3b2de8b06f19abca60f81473e2cb35a6847ddf4d8535c0f2b5e248182d3e49f,2024,Article,English,EC_EV_FINAL_SCOPE,include,verified_member_of_final_4974
EC_EV_001293,10.1016/j.bioactmat.2021.10.042,5955dbdfde8201f43bfec82f469ad49337bc3362a9d5b11a2203566991839a0f,2022,Article,English,EC_EV_FINAL_SCOPE,include,verified_member_of_final_4974
EC_EV_001294,10.1177/09636897221107536,92a416c2708f38b45ba64d794a41e12d9cde6ddd238ad5ef8ee36c65545349a2,2022,Article,English,EC_EV_FINAL_SCOPE,include,verified_member_of_final_4974
EC_EV_001295,10.1007/s11010-021-04264-5,0ac012599a6df76b281bef75f9b670aa601cc3dac4a5f85741e4f4b1c802c920,2022,Review,English,EC_EV_FINAL_SCOPE,include,verified_member_of_final_4974
EC_EV_001296,10.3389/fcell.2020.00698,444d4f635eaabb44a783a9972bb06817cfff469de2bd7dfd0b0d3244e1c42cc7,2020,Article,English,EC_EV_FINAL_SCOPE,include,verified_member_of_final_4974
EC_EV_001297,10.1186/s12951-021-00894-5,9e59e01194ed097d2ec7cb1a6a8b737cac5dfc8c970fa1b6e07abbeebd56dc2a,2021,Article,English,EC_EV_FINAL_SCOPE,include,verified_member_of_final_4974
EC_EV_001298,10.1038/s41598-018-34357-z,be056c562ccd44eda7736d2aa7185698caa39e8180d4b9961d517b4bb68c0adf,2018,Article,English,EC_EV_FINAL_SCOPE,include,verified_member_of_final_4974
EC_EV_001299,10.3390/antiox14010099,338af01943bbb422027760e8af52c6a46c494bb4758d52c7a72dddc98d019d79,2025,Review,English,EC_EV_FINAL_SCOPE,include,verified_member_of_final_4974
EC_EV_001300,10.1016/j.placenta.2020.07.006,94b5203b0c0cfb4e335d74e2d627980c19c77df5fb8012746295ec9248eacd64,2020,Article,English,EC_EV_FINAL_SCOPE,include,verified_member_of_final_4974
EC_EV_001301,10.1111/micc.12515,94f78a5a015359407289d9a4ed33bc8ed5b292d0b799ad2da4c60bae6da88326,2019,Article,English,EC_EV_FINAL_SCOPE,include,verified_member_of_final_4974
EC_EV_001302,10.1016/j.mtbio.2024.101398,d05a2182589a120618a6a81dbd91a329221f9f7bbeaaad40fda59655b4a13cd7,2025,Article,English,EC_EV_FINAL_SCOPE,include,verified_member_of_final_4974
EC_EV_001303,10.1055/a-1939-7355,860efb16c73579ece0195c3ff0360c698e07dc7d2b1f5d50836c803d28926fe9,2023,Article,English,EC_EV_FINAL_SCOPE,include,verified_member_of_final_4974
EC_EV_001304,10.1111/cts.13502,31299f1936c4c9cdf171f6550ea7945a0c9cf8bed8fb3dbba52dcc85ab5c49cb,2023,Article,English,EC_EV_FINAL_SCOPE,include,verified_member_of_final_4974
EC_EV_001305,10.1111/andr.12519,bf74d145f3e5943c13e016fe1e826b75660078947677aa790ddcd650c78a8327,2018,Article,English,EC_EV_FINAL_SCOPE,include,verified_member_of_final_4974
EC_EV_001306,10.1152/ajpgi.00009.2021,a8df992cb180250977520969e308e0956f986d02e94a108ee93c8628c91aef10,2021,Review,English,EC_EV_FINAL_SCOPE,include,verified_member_of_final_4974
EC_EV_001307,10.3390/ijms22126375,5af029d91e90e67e55835d5168d8e5b49ca0c33d8cbbbcd4c0cd59fda5ae185a,2021,Review,English,EC_EV_FINAL_SCOPE,include,verified_member_of_final_4974
EC_EV_001308,10.1155/2020/4176926,886be678da8adc1c9f72531e27976d0c65d498f8d1034236fd031aeb218974a8,2020,Article,English,EC_EV_FINAL_SCOPE,include,verified_member_of_final_4974
EC_EV_001309,10.1093/sleep/zsz217,86270d15a955eadcc124c1e1e5447c33ad66253ee43b903a0932b2aafb26892c,2020,Article,English,EC_EV_FINAL_SCOPE,include,verified_member_of_final_4974
EC_EV_001310,10.1039/d0nr04278a,4e7c02e5663a44a37b3a7c63c5472eff76a763c66ab00c0192cc7639c3f2ad7c,2020,Article,English,EC_EV_FINAL_SCOPE,include,verified_member_of_final_4974
EC_EV_001311,10.3389/fcvm.2021.733985,c711e62e2c2837ae36c6909240a5103b817ed912291f25871219394a07536478,2021,Review,English,EC_EV_FINAL_SCOPE,include,verified_member_of_final_4974
EC_EV_001312,10.1080/14728222.2024.2421760,dd792ba7b4f2c91d5227119c2896f59a6c310d87a22a31aee8b3415498ec6a80,2024,Review,English,EC_EV_FINAL_SCOPE,include,verified_member_of_final_4974
EC_EV_001313,10.1111/cpr.13312,fb66e12021c890db000d3e3108da8efe94b761273761fa7750aabdaa7ae99b30,2022,Article,English,EC_EV_FINAL_SCOPE,include,verified_member_of_final_4974
EC_EV_001314,10.1152/ajpendo.00062.2020,9a918683826b4b481966481477da4bcdac81be8556cf38f0dd313f1c6bc8f82e,2020,Article,English,EC_EV_FINAL_SCOPE,include,verified_member_of_final_4974
EC_EV_001315,10.1016/j.bbrc.2010.05.094,ee0fb80831ad110f766428dc4bf81e16f347bdc070dda18b4c3a177426b81e89,2010,Article,English,EC_EV_FINAL_SCOPE,include,verified_member_of_final_4974
EC_EV_001316,10.1021/acs.jproteome.1c00248,21d410db73cc25df4e9a959201d7e07f8fdff3267252c0594c1238b9fde24a3b,2022,Article,English,EC_EV_FINAL_SCOPE,include,verified_member_of_final_4974
EC_EV_001317,10.1007/978-981-10-4397-0_15,73e0a10742f7cb88ffc23b495bc8be3546814278fa11a8527f4a8b088062fd7f,2017,Article,English,EC_EV_FINAL_SCOPE,include,verified_member_of_final_4974
EC_EV_001318,10.1097/mol.0000000000000336,4afaf1c62306cbd8b1c46b2a90af93a9b6c5ddb490b47cb8aeb47bd3930b8a23,2016,Review,English,EC_EV_FINAL_SCOPE,include,verified_member_of_final_4974
EC_EV_001319,10.1016/j.rpth.2024.102475,eb50185d8821b35e4682c4c4a62746d070d3a4cee43c80d9470000280bc4be86,2024,Article,English,EC_EV_FINAL_SCOPE,include,verified_member_of_final_4974
EC_EV_001320,10.3389/fcell.2020.610661,97daa0569741b4d7cbc92ebaba388734aa9642e44453b0bc14ee01017d53070b,2020,Review,English,EC_EV_FINAL_SCOPE,include,verified_member_of_final_4974
EC_EV_001321,10.1177/0271678x241306054,404338a7f4bf426aea11c39277a851b9b5658703007c17d3899ffa849fc3cf42,2024,Article,English,EC_EV_FINAL_SCOPE,include,verified_member_of_final_4974
EC_EV_001322,10.1038/s41598-018-36855-6,acf6aa0e9cb9a720a7c76dce0deb11c4e3fd5d9eecf32ea5757531e10f94521a,2019,Article,English,EC_EV_FINAL_SCOPE,include,verified_member_of_final_4974
EC_EV_001323,10.3389/fcell.2020.00643,9e5068b8c2a07a6631ecada566a5ab5299b3885faa1c326b5a0058f70772f2e2,2020,Article,English,EC_EV_FINAL_SCOPE,include,verified_member_of_final_4974
EC_EV_001324,10.1016/j.canlet.2021.05.002,86bef676b5767c676dda0bb48a42f22c8025c0f69ff22f1d3dbd80bf5f14a01c,2021,Article,English,EC_EV_FINAL_SCOPE,include,verified_member_of_final_4974
EC_EV_001325,10.1152/ajpheart.00287.2022,eeeb85d71e1cf4d095a16c9e3011676a8708956c375549a089c1e3fd3691be68,2022,Article,English,EC_EV_FINAL_SCOPE,include,verified_member_of_final_4974
EC_EV_001326,10.1186/s13287-020-01991-2,da9233c48254de694c1093d181a174c4e742fefff6c381e6735ba0fae5dfc6eb,2020,Article,English,EC_EV_FINAL_SCOPE,include,verified_member_of_final_4974
EC_EV_001327,10.32604/or.2024.050431,72d5dce4ccf1dab14d0a7953d280537b474065144895b5c7f84b661de8985cbd,2025,Article,English,EC_EV_FINAL_SCOPE,include,verified_member_of_final_4974
EC_EV_001328,10.3389/fbioe.2023.1236610,cce1629d2c4cdc02e05cace95ebe7e275068e8ae0c92ab9829bd72aa5b730d85,2023,Article,English,EC_EV_FINAL_SCOPE,include,verified_member_of_final_4974
EC_EV_001329,,a465350820718ea70bad22c45529234dfcb62f859a7883f78172fda53797df79,2019,Article,English,EC_EV_FINAL_SCOPE,include,verified_member_of_final_4974
EC_EV_001330,10.7150/thno.70821,247114a4a1838970b8a7425d4434f9253daff9441ec2599ac78f4978de02eb10,2022,Article,English,EC_EV_FINAL_SCOPE,include,verified_member_of_final_4974
EC_EV_001331,10.1016/j.jdiacomp.2014.10.010,6c5ccb035d3a4b19ac49a64ce17e8eed083a451d0cb6e637ab80d361b57eed83,2015,Article,English,EC_EV_FINAL_SCOPE,include,verified_member_of_final_4974
EC_EV_001332,10.1152/ajplung.00469.2004,5ab68a9a83a94a524f37dff41d3c47fc74779da243ea7dcb37816e866b11ced5,2005,Article,English,EC_EV_FINAL_SCOPE,include,verified_member_of_final_4974
EC_EV_001333,10.1038/s41388-018-0511-x,6f91215907cb1b9871afa88f9b8f3defaf56e10f8bd7f33c39168febe4bc1bfb,2019,Article,English,EC_EV_FINAL_SCOPE,include,verified_member_of_final_4974
EC_EV_001334,10.1016/j.expneurol.2022.114151,173031103b1022dc4a65f3a1c348328c27f1a366c52948d6c578709f342bb8e9,2022,Article,English,EC_EV_FINAL_SCOPE,include,verified_member_of_final_4974
EC_EV_001335,10.3390/cancers11070891,afe172909ddfc5bc1a07bb2a69f5198abf0ae39b0232053afcc624904035322f,2019,Review,English,EC_EV_FINAL_SCOPE,include,verified_member_of_final_4974
EC_EV_001336,,be553be159110013688f05b23ef22edc98e572651d7ed6877135d42e4c7f9606,2018,Article,English,EC_EV_FINAL_SCOPE,include,verified_member_of_final_4974
EC_EV_001337,10.1186/s13046-022-02339-9,a6cdb287db8c2e813c65d3b937662544b08ffc934de6a7e61c8ceaa24fe1fc32,2022,Article,English,EC_EV_FINAL_SCOPE,include,verified_member_of_final_4974
EC_EV_001338,10.1111/trf.15590,96a965b439ed18b59c5bbf4da6baf00237d2fade8bc2181104410c773c76b626,2020,Article,English,EC_EV_FINAL_SCOPE,include,verified_member_of_final_4974
EC_EV_001339,10.1038/ijo.2015.123,b360b21235fd2dac55e168d979f76d6c178911fc7b548479b1f3166de28cabb3,2016,Article,English,EC_EV_FINAL_SCOPE,include,verified_member_of_final_4974
EC_EV_001340,10.4103/1673-5374.303012,5897f3e307c956c4c75c8758be5ecf162f8726c013c2f39b0ae938104cfbc669,2021,Review,English,EC_EV_FINAL_SCOPE,include,verified_member_of_final_4974
EC_EV_001341,10.1016/j.envpol.2024.123845,6ea55a5e97fcbb68064158429555e47f7a9b3fe0dad1ad12aba747dea2bc8101,2024,Article,English,EC_EV_FINAL_SCOPE,include,verified_member_of_final_4974
EC_EV_001342,10.18632/oncotarget.18792,0527fc06a67cfa62b696bdc734e3c397562d95d8a1988f641a2e20791b3c3521,2017,Article,English,EC_EV_FINAL_SCOPE,include,verified_member_of_final_4974
EC_EV_001343,10.1016/j.lfs.2021.119184,ba62e57d2e37a2158968e848bca4f97b493ef60a4c859bcaffd879a000caa344,2021,Article,English,EC_EV_FINAL_SCOPE,include,verified_member_of_final_4974
EC_EV_001344,10.1073/pnas.1920037117,4cd93b6ee73239f8987c29e596be30c9f54df785a44d7bc8d42afaf4713b2ee4,2020,Article,English,EC_EV_FINAL_SCOPE,include,verified_member_of_final_4974
EC_EV_001345,,79c0f09cb89fd0de5ce0a8a06af08c8a8fae1a8fe44c94bd5ff511f92000779a,2024,Article,English,EC_EV_FINAL_SCOPE,include,verified_member_of_final_4974
EC_EV_001346,10.1016/j.micron.2023.103559,d684e44499c2cc022929c980fc081c42fbacec243a8fca7dd9d06a598108f564,2024,Article,English,EC_EV_FINAL_SCOPE,include,verified_member_of_final_4974
EC_EV_001347,10.3390/jpm13020180,a0719e127941c0a982dec6841bdb2df2cb5d68f2aa9978d7be29550ee15e973d,2023,Article,English,EC_EV_FINAL_SCOPE,include,verified_member_of_final_4974
EC_EV_001348,10.1111/jocd.15721,21bda602171d04f3cab4d3577c182a4e40cadf06f1f50fa60587b2ed1366290a,2023,Article,English,EC_EV_FINAL_SCOPE,include,verified_member_of_final_4974
EC_EV_001349,10.1089/neu.2018.5835,fc038d3414166f441906f1b28eacf48f69001c25af6b8460a7f64bdbcaeb7b53,2019,Article,English,EC_EV_FINAL_SCOPE,include,verified_member_of_final_4974
EC_EV_001350,10.1186/1476-4598-13-88,bf7cd30694310aef13b88e1de37e8b1acca83451d7a6e58ca38a33878296144a,2014,Article,English,EC_EV_FINAL_SCOPE,include,verified_member_of_final_4974
EC_EV_001351,10.1038/s41388-019-0788-4,c1ba57031d7043245ae84e53bbbb01ef77fd5eadfcbb3be69a976f3102f649d0,2019,Article,English,EC_EV_FINAL_SCOPE,include,verified_member_of_final_4974
EC_EV_001352,10.1039/d5tb00631g,31b44f025bb37cff7e307c13febb8903d3e2c98a3b60351a0a50abd45a7be175,2025,Article,English,EC_EV_FINAL_SCOPE,include,verified_member_of_final_4974
EC_EV_001353,10.1111/cpr.13074,01e9dd502abe8b3e044e38efb2e79626de064d9749a688d6a4683bb4a3fba1da,2021,Article,English,EC_EV_FINAL_SCOPE,include,verified_member_of_final_4974
EC_EV_001354,10.1055/a-2331-8046,866350698da08a4cdf0f981278f033bd80c82e43626c4ac4555044c155132bc3,2025,Article,English,EC_EV_FINAL_SCOPE,include,verified_member_of_final_4974
EC_EV_001355,10.1002/adtp.202300264,f98cc22486a5853a6b31acfd9019383568fdb95494661e32eabd7bdd443a5128,2024,Article,English,EC_EV_FINAL_SCOPE,include,verified_member_of_final_4974
EC_EV_001356,10.1212/wnl.0000000000201682,756d12ac5e210060485b71d3dee34242896b0b28a417b61eb606a983daa92950,2023,Article,English,EC_EV_FINAL_SCOPE,include,verified_member_of_final_4974
EC_EV_001357,10.1111/joim.13732,6668fdbd5a15fea3470d5845b52daf74e894db01fca8a7f949425119fcfa8bda,2024,Article,English,EC_EV_FINAL_SCOPE,include,verified_member_of_final_4974
EC_EV_001358,10.1186/s12915-025-02125-x,002ec794524e254dcec66b95ad9c62ee2c5ad9ee89e79ced4290dd6a9b934095,2025,Article,English,EC_EV_FINAL_SCOPE,include,verified_member_of_final_4974
EC_EV_001359,10.1002/jcb.29036,733011520b22a7d8836c0fa7530b3fac4d7e08e10d22acebdc5b449067963777,2019,Article,English,EC_EV_FINAL_SCOPE,include,verified_member_of_final_4974
EC_EV_001360,10.1161/atvbaha.123.319993,c3961f546239b9868483b4fb439f20b231d02d7c79e7877d3c1847002e0f17a8,2024,Article,English,EC_EV_FINAL_SCOPE,include,verified_member_of_final_4974
EC_EV_001361,10.1089/ars.2019.7965,46cd179e6bd7cb488ba3e6122dd7d784063f1bff2d1df23525f4b2f9475f04b1,2021,Article,English,EC_EV_FINAL_SCOPE,include,verified_member_of_final_4974
EC_EV_001362,10.1007/s10753-018-0893-5,2d9e8db7bc9878058ff76d792d7117cdca82cab421bddd701a356b8a7779639e,2019,Article,English,EC_EV_FINAL_SCOPE,include,verified_member_of_final_4974
EC_EV_001363,10.1016/j.cej.2024.151789,bca2cc2056f81c511cafca4fcb3686c6016d64684404d4fb44025feef0914e37,2024,Article,English,EC_EV_FINAL_SCOPE,include,verified_member_of_final_4974
EC_EV_001364,10.1016/j.ejpb.2024.114384,7a70693c80ab30e8eaa464ce0741364253f7b4143656b4341cf38534afa0043b,2024,Article,English,EC_EV_FINAL_SCOPE,include,verified_member_of_final_4974
EC_EV_001365,10.1097/prs.0000000000006046,c49bbe5eaf39687e326212dba642ba3ba793ebdb18d17695ea10a9cab9d0b118,2019,Article,English,EC_EV_FINAL_SCOPE,include,verified_member_of_final_4974
EC_EV_001366,10.3390/ijms18122590,15cb65dc05e9a147f4eff23bd06d71c21791413760554a4c05d4f382dea292d1,2017,Article,English,EC_EV_FINAL_SCOPE,include,verified_member_of_final_4974
EC_EV_001367,10.1080/20013078.2017.1302705,7c6c3d747f7ffe0dbb0727165a13b006003144732a67e97098d07f1f976646d6,2017,Article,English,EC_EV_FINAL_SCOPE,include,verified_member_of_final_4974
EC_EV_001368,10.14715/cmb/2024.70.2.15,9a2ebf7342780aa636473b0f7c3b24d72956b4e1356bb2c5af8319214d1f3a25,2024,Article,English,EC_EV_FINAL_SCOPE,include,verified_member_of_final_4974
EC_EV_001369,10.3233/cbm-220350,d1c5bae2e614f8882cfae8d3031121924740864ef00d9a7dae95948715737cde,2023,Article,English,EC_EV_FINAL_SCOPE,include,verified_member_of_final_4974
EC_EV_001370,10.1111/cei.13581,4d1ca51df909ec15f4bfcc05eba1b4f76b7d6b89cdf7912919dc31f284b7ea41,2021,Article,English,EC_EV_FINAL_SCOPE,include,verified_member_of_final_4974
EC_EV_001371,10.3390/ijms25010388,a7a561f292f04c3fc68aebcae24471964a2d7978f25988979e5fc2f866a13079,2024,Review,English,EC_EV_FINAL_SCOPE,include,verified_member_of_final_4974
EC_EV_001372,10.3389/fcimb.2022.854126,5963419d9da5ad8b5b2bec173f684ab47598bd879d1817da782cd5739e6a2a3c,2022,Article,English,EC_EV_FINAL_SCOPE,include,verified_member_of_final_4974
EC_EV_001373,10.1038/s41392-022-00925-z,f0f62e7299ea5ec58967a24e02c3546e48ab393aa51300b148e71be22b897301,2022,Review,English,EC_EV_FINAL_SCOPE,include,verified_member_of_final_4974
EC_EV_001374,10.5966/sctm.2016-0275,89c6531d84e3b5026e52934e7991c7f3016c46cc25e4c6d173885fb3fde8097a,2017,Article,English,EC_EV_FINAL_SCOPE,include,verified_member_of_final_4974
EC_EV_001375,10.1371/journal.pone.0147360,3b5a00d7b993163baecfcc9a352cfd0dab990737fab83b444490869ba114afaf,2016,Article,English,EC_EV_FINAL_SCOPE,include,verified_member_of_final_4974
EC_EV_001376,10.1111/jcmm.13251,aa35b76f9ad07317fe5efd9c8584641de1fb04eda438d45e92686ae676277648,2017,Article,English,EC_EV_FINAL_SCOPE,include,verified_member_of_final_4974
EC_EV_001377,10.1016/j.biochi.2024.05.010,e8a1d9413559a5fb9d1e1c40ea9d75834e38bcc54f5d36c726379e39b8cce81f,2024,Article,English,EC_EV_FINAL_SCOPE,include,verified_member_of_final_4974
EC_EV_001378,10.1002/jev2.12518,2bd499ac6f076b908505a9ee1135d433f05603d12d51995f7d6d1f2c4b4b9e80,2024,Article,English,EC_EV_FINAL_SCOPE,include,verified_member_of_final_4974
EC_EV_001379,10.1088/1758-5090/adb2e7,9fb396e4221199ccd463e827d54b8f990190e66d33cebd14df03d2cf5d4a734f,2025,Article,English,EC_EV_FINAL_SCOPE,include,verified_member_of_final_4974
EC_EV_001380,10.1080/21655979.2022.2066754,b627bf6d364d727710bd5f1a45f7db2630582179e4e5de589d765857fb07e744,2022,Article,English,EC_EV_FINAL_SCOPE,include,verified_member_of_final_4974
EC_EV_001381,10.1016/j.bbrc.2017.05.049,5e3b3d5e418f36226fc727eda7d7a3a6bb8c7c5dd5af7682c74878e67ad5b746,2017,Article,English,EC_EV_FINAL_SCOPE,include,verified_member_of_final_4974
EC_EV_001382,10.1002/advs.202306555,6e158eb45724108e5cd5d532355a7f58eef74336235db06c657083f7db6920ae,2024,Article,English,EC_EV_FINAL_SCOPE,include,verified_member_of_final_4974
EC_EV_001383,10.1111/jop.13321,3e5d2d65c140bff7431e38439a8d2a77d629c67885514b32d5b1c99ecbc4d5a6,2022,Article,English,EC_EV_FINAL_SCOPE,include,verified_member_of_final_4974
EC_EV_001384,10.1507/endocrj.ej23-0160,eb0588fb0c98683b5026b7fea6c6ae0d8c8368abdd3a8626ff0097a2f29fc3db,2023,Review,English,EC_EV_FINAL_SCOPE,include,verified_member_of_final_4974
EC_EV_001385,10.3390/cells9020319,ca3bb33dd6808ef3d21bf0746d5533da2febe96520c87c74380bbfd6ff8948c0,2020,Article,English,EC_EV_FINAL_SCOPE,include,verified_member_of_final_4974
EC_EV_001386,10.2174/1568026620666200924115113,3191a3c1bd1444177841235bd961ac9f4531554368813175216ff9b355b22163,2021,Review,English,EC_EV_FINAL_SCOPE,include,verified_member_of_final_4974
EC_EV_001387,10.1186/s12964-023-01105-4,a72e148c081d5626e4191145e49c793093856fbc5ec60aa430b940121beac465,2023,Review,English,EC_EV_FINAL_SCOPE,include,verified_member_of_final_4974
EC_EV_001388,10.3390/ijms22094689,f28ea4cd903f5308f48dab908a0fc8bfdf4d80239e27123ed96b199b59485cbb,2021,Review,English,EC_EV_FINAL_SCOPE,include,verified_member_of_final_4974
EC_EV_001389,10.1111/jth.15096,d1a2cce91ee4421a7f6662c37ac771d2cdb79399b7b15cae2f85abc9588a83dd,2020,Review,English,EC_EV_FINAL_SCOPE,include,verified_member_of_final_4974
EC_EV_001390,10.1186/s13287-025-04201-z,cbc27dd29d152ea84705c1cfb701d8533007f09a8afda9ef7e260ee5a2fe5a45,2025,Article,English,EC_EV_FINAL_SCOPE,include,verified_member_of_final_4974
EC_EV_001391,10.1038/s41598-021-87706-w,218b7bfa89f55db71dd5ecb7e9ee27e8ad6ae071e7a81f7673a3ea69334353b8,2021,Article,English,EC_EV_FINAL_SCOPE,include,verified_member_of_final_4974
EC_EV_001392,10.1002/jev2.12423,6e0ce2049f8d0eb5aee62b7c4a0e6863bdf91da2a1f7aed29255ec9c3faccf18,2024,Article,English,EC_EV_FINAL_SCOPE,include,verified_member_of_final_4974
EC_EV_001393,10.1007/s43630-023-00522-1,4ddc99cbca429aad32ac520692291562956eb13ac1e473cde5093358c01f5f0b,2024,Article,English,EC_EV_FINAL_SCOPE,include,verified_member_of_final_4974
EC_EV_001394,10.1007/s11033-024-09337-4,cc392e8e815d3c29cf453f1e823ad051a27e4f75bbc699450de55121e5d43ac9,2024,Article,English,EC_EV_FINAL_SCOPE,include,verified_member_of_final_4974
EC_EV_001395,10.3389/fcvm.2021.676267,5f09e6c503a21b157a33ecf8293b7dc05620f21a8065c39886d9101789c95f25,2021,Article,English,EC_EV_FINAL_SCOPE,include,verified_member_of_final_4974
EC_EV_001396,10.3390/cells9030639,b73056c81b102d76b2d8982fb1c3d68747f9893aa40499f9babd7fcd20c3e22b,2020,Article,English,EC_EV_FINAL_SCOPE,include,verified_member_of_final_4974
EC_EV_001397,10.1002/kjm2.12615,0cee0805454c5100d08f680b26662a7e6c62d15e406983f0f21ffb3c464b579b,2023,Article,English,EC_EV_FINAL_SCOPE,include,verified_member_of_final_4974
EC_EV_001398,10.1016/j.pan.2023.04.002,1afa3d0f067a8cc3901ab4b729e32ba7205dd76285d3d188d0113e10f2dce90f,2023,Article,English,EC_EV_FINAL_SCOPE,include,verified_member_of_final_4974
EC_EV_001399,10.1186/s13287-020-01676-w,5971a7ebae1b2ac9ffb5bbd9f607dc5f36de6189cacd3958af27f508b7503fef,2020,Article,English,EC_EV_FINAL_SCOPE,include,verified_member_of_final_4974
EC_EV_001400,10.18632/oncotarget.8583,cb8ef1df23be6a3ae837f287c4e5a1255becf09235adf2d24a86924317fd0843,2016,Article,English,EC_EV_FINAL_SCOPE,include,verified_member_of_final_4974
EC_EV_001401,10.1186/s13058-016-0740-2,3a1f6aa0f76f826537833d40ae88bc183a6dcfbcc1b2830183a67cf02ede46e9,2016,Review,English,EC_EV_FINAL_SCOPE,include,verified_member_of_final_4974
EC_EV_001402,10.1213/ane.0000000000006988,67185f1170c67b6c106e340e363eece20c3f30ee1f27f53fca4cbe802cc0f7d4,2024,Article,English,EC_EV_FINAL_SCOPE,include,verified_member_of_final_4974
EC_EV_001403,10.1016/j.thromres.2015.11.026,d7af0e6d860ffafaf0045b12c831dabf8c1c0b1f73499aef1c8c5c9263185041,2016,Article,English,EC_EV_FINAL_SCOPE,include,verified_member_of_final_4974
EC_EV_001404,10.1152/ajpcell.00200.2018,7cd233c2da08b7a341d005d8845a7845050f1e4646399576500f65b1c89cd53d,2018,Article,English,EC_EV_FINAL_SCOPE,include,verified_member_of_final_4974
EC_EV_001405,10.18632/oncotarget.3520,5dba32f682571a58d0ec8fdbb26986e70d7e1e19568128ca4134c74455afc89e,2015,Article,English,EC_EV_FINAL_SCOPE,include,verified_member_of_final_4974
EC_EV_001406,10.31083/j.fbl2905189,c51d4040fb1ce83c23a04b930c7ea5c064ad3df4379895b3a0e5d66a95120df9,2024,Article,English,EC_EV_FINAL_SCOPE,include,verified_member_of_final_4974
EC_EV_001407,10.1111/cas.14807,3b05ff15450a8531ed286e50c928f043e714d8e9904453833545f5459980a083,2021,Article,English,EC_EV_FINAL_SCOPE,include,verified_member_of_final_4974
EC_EV_001408,10.1016/j.celrep.2020.01.073,72e58b66812c5ecba9dc9b211931aa39e1a2158d442def218870984073d59171,2020,Article,English,EC_EV_FINAL_SCOPE,include,verified_member_of_final_4974
EC_EV_001409,10.3390/ijms22094930,5eb15d176cd10e4f6bea73bfe7170e45a1299188f066a3cdf4e64cb110e7c66f,2021,Article,English,EC_EV_FINAL_SCOPE,include,verified_member_of_final_4974
EC_EV_001410,10.1155/2022/3229289,4735d16dfa3047c50f3d7920911d07f0650c73155dff4f50817837cd96bff96d,2022,Article,English,EC_EV_FINAL_SCOPE,include,verified_member_of_final_4974
EC_EV_001411,10.1096/fj.201701337rr,5c766aa34ddd972608716b23dc435730b6941665abcc784f58cc07ebe0a57691,2018,Article,English,EC_EV_FINAL_SCOPE,include,verified_member_of_final_4974
EC_EV_001412,10.1186/1471-2164-10-556,0a90d1509588b643600fba6b86778b750b625c8ceba270eaca4fd53bffc9df5d,2009,Article,English,EC_EV_FINAL_SCOPE,include,verified_member_of_final_4974
EC_EV_001413,10.1093/burnst/tkae074,a4d5c986a7cac0718bf0b621edf2626eb6ef66e0ba2f9d2683a62ca91320049b,2025,Article,English,EC_EV_FINAL_SCOPE,include,verified_member_of_final_4974
EC_EV_001414,10.1016/j.scib.2023.03.030,c6bc578d0ff343ba8cd53aa291ccbdd5473ff360136ec7d5f23d2c5bc087a450,2023,Article,English,EC_EV_FINAL_SCOPE,include,verified_member_of_final_4974
EC_EV_001415,10.1186/s12951-023-02019-6,fde3f3a86757b47f9ae208f8647715ce68c96c3159b21a235bf56c20f0b785d4,2023,Article,English,EC_EV_FINAL_SCOPE,include,verified_member_of_final_4974
EC_EV_001416,10.1016/j.jconrel.2017.08.022,ab8f40ea9329f51453c1dc218e4f724bacee481a078293f57c6f9761388c2e16,2017,Article,English,EC_EV_FINAL_SCOPE,include,verified_member_of_final_4974
EC_EV_001417,10.1186/s13287-018-0952-8,d8c8e144606fbc0cfb47916290c48bd27aa94c010813fa407233fa0f5182ea15,2018,Article,English,EC_EV_FINAL_SCOPE,include,verified_member_of_final_4974
EC_EV_001418,10.1097/md.0000000000021370,dfa8cdbb42a6bcdae53f3ae79293b4b05563b0dcd60c0b73909f4ccfa1aa3ca1,2021,Article,English,EC_EV_FINAL_SCOPE,include,verified_member_of_final_4974
EC_EV_001419,10.1016/j.pharmthera.2016.10.001,29f072057f6f3dd641f8814109567cbcf9d510fdc9b53fd2e40add141381d220,2017,Review,English,EC_EV_FINAL_SCOPE,include,verified_member_of_final_4974
EC_EV_001420,10.3389/fbioe.2022.903779,121ab64f94996da269492e05b1b626a5e643b6176bad7f688c9acccf40e9b783,2022,Article,English,EC_EV_FINAL_SCOPE,include,verified_member_of_final_4974
EC_EV_001421,10.14670/hh-18-051,113a4516396d51e7713de38ddc9c46c75d7bf9cc7dbaa4b859060f2226c5dbd2,2019,Article,English,EC_EV_FINAL_SCOPE,include,verified_member_of_final_4974
EC_EV_001422,10.3892/mmr.2018.8634,ecaac4ac738955b796bbcd3e253676f4b5167989acab936f940e54f74359e19c,2018,Article,English,EC_EV_FINAL_SCOPE,include,verified_member_of_final_4974
EC_EV_001423,10.1016/j.bbrc.2021.08.053,f2ff6c4019eac527c75864e29e7f91f3a09ef6782be7a82d4ce0d8058bf5bc1f,2021,Article,English,EC_EV_FINAL_SCOPE,include,verified_member_of_final_4974
EC_EV_001424,10.1155/2021/6655225,491c2863f90535edf1f605abfd0bef679a4d25e9cbd6e227615854b5aa13e8e6,2021,Article,English,EC_EV_FINAL_SCOPE,include,verified_member_of_final_4974
EC_EV_001425,10.2174/011574888x287173240415050555,dea8f5293e1c5a01f196579d9a362ea9bbc9e637d9b9caf3aab59f8eaf551169,2025,Article,English,EC_EV_FINAL_SCOPE,include,verified_member_of_final_4974
EC_EV_001426,10.1177/00220345241285132,a1016bdcc38d43ff9ef8d0ff5035c72b0e0aafb329958993b14772a662273dbc,2025,Article,English,EC_EV_FINAL_SCOPE,include,verified_member_of_final_4974
EC_EV_001427,10.1002/hep.31493,a10ac8f27d31a711893896571ecf8edd91500a5287353dc652042a9b29de5014,2021,Article,English,EC_EV_FINAL_SCOPE,include,verified_member_of_final_4974
EC_EV_001428,10.1016/j.apsb.2022.06.007,78a1caf6778bbfc3bf2b06886d7d879cea124cf20ef732970236119af0a35648,2023,Article,English,EC_EV_FINAL_SCOPE,include,verified_member_of_final_4974
EC_EV_001429,10.1016/j.mehy.2016.07.009,bb79c92dfe0ee7281fafcc1082f4403eb4a84fe5d739a706c7028f6a092b8e36,2016,Article,English,EC_EV_FINAL_SCOPE,include,verified_member_of_final_4974
EC_EV_001430,10.1089/ten.teb.2015.0167,9a117d80e301a7500a3f6790b7b172c6c7950f8596dfba7e7e3670bcbe3ed51e,2016,Review,English,EC_EV_FINAL_SCOPE,include,verified_member_of_final_4974
EC_EV_001431,10.3389/fcvm.2020.00047,9182626b57a542a97bda025fdc1e8a425ec5c915d9ef80d5e95ba76994737ad7,2020,Review,English,EC_EV_FINAL_SCOPE,include,verified_member_of_final_4974
EC_EV_001432,10.1182/blood-2009-08-239228,14d3af28214d2b6d9b1ea7a1993527607bd87329a5b195e020ff88642f1d1402,2010,Article,English,EC_EV_FINAL_SCOPE,include,verified_member_of_final_4974
EC_EV_001433,10.3390/ijms21072336,915f1726e599546a5f4dc8c90c12b5984d97e570cb0f5e6377dccf181f12f022,2020,Article,English,EC_EV_FINAL_SCOPE,include,verified_member_of_final_4974
EC_EV_001434,10.3389/fphys.2018.01025,696fccab78868cd4678a1b757836e2f415b1c144fe8c225b44398e3104ceed0f,2018,Article,English,EC_EV_FINAL_SCOPE,include,verified_member_of_final_4974
EC_EV_001435,10.1111/bjh.14833,8a3e45f6957e6556e3f7687a31084744e08bfff92f4f47745af5c304459beb26,2017,Article,English,EC_EV_FINAL_SCOPE,include,verified_member_of_final_4974
EC_EV_001436,10.1007/s00441-020-03405-4,516eb12b7b173c44d0e1b9b3bc7d8bc0c644e091d013e00019c716dbbb2b6356,2021,Article,English,EC_EV_FINAL_SCOPE,include,verified_member_of_final_4974
EC_EV_001437,10.1016/j.semcdb.2016.12.002,20fef165d985c666510a267e7c994df2a08fa29d3cfb0cbcb0c89d8697f3753e,2017,Review,English,EC_EV_FINAL_SCOPE,include,verified_member_of_final_4974
EC_EV_001438,10.21037/atm-21-5043,e6037913dad89a332da49325eb4d3013db52b14176ee047a0a3539e31c672d2a,2021,Article,English,EC_EV_FINAL_SCOPE,include,verified_member_of_final_4974
EC_EV_001439,10.31083/j.fbl2811282,4d703788344c1a9e112be3219184cb4e0eb613b59818f95eb95594464eb4914b,2023,Article,English,EC_EV_FINAL_SCOPE,include,verified_member_of_final_4974
EC_EV_001440,10.1159/000492851,cc05e151c534e786cf7873fe5cda62e4cc534a80e67fa020df243bc49c7366fe,2018,Article,English,EC_EV_FINAL_SCOPE,include,verified_member_of_final_4974
EC_EV_001441,10.1007/s00109-019-01767-z,8b8ceeaec2088a1bbe23eb3746972357d4da031c932c60be8b0e969af1dc3534,2019,Article,English,EC_EV_FINAL_SCOPE,include,verified_member_of_final_4974
EC_EV_001442,10.1016/j.lfs.2024.122810,17a812969aebc700b4381fb905377e732f3fb143985e35c019376d36f4760601,2024,Article,English,EC_EV_FINAL_SCOPE,include,verified_member_of_final_4974
EC_EV_001443,10.14670/hh-18-528,3a294dc0d365ae80bba0db53e62a765074cff17b67a87d8c3d0fe53613414ab0,2023,Article,English,EC_EV_FINAL_SCOPE,include,verified_member_of_final_4974
EC_EV_001444,10.1016/j.ijpharm.2022.122152,471bdd65c5aa49dd4817449ee8b1e405650bf3e764efbf7a45e95eebdc0a7c60,2022,Article,English,EC_EV_FINAL_SCOPE,include,verified_member_of_final_4974
EC_EV_001445,10.1536/ihj.22-067,78f7aac2e126163f69c07ca3c7832186778d0e815705b2b87376610edb144fad,2022,Article,English,EC_EV_FINAL_SCOPE,include,verified_member_of_final_4974
EC_EV_001446,10.3390/ijms252312508,64dd6f95de8dc83ec76ea54c1237ae31e14fe713734c7163b3d36cd969d964de,2024,Article,English,EC_EV_FINAL_SCOPE,include,verified_member_of_final_4974
EC_EV_001447,10.1096/fj.202201399rrr,8b21d3b944b7a523093164ae35f4e8c573ab292d27da31727171347fd0efd98f,2023,Article,English,EC_EV_FINAL_SCOPE,include,verified_member_of_final_4974
EC_EV_001448,10.1016/j.biopha.2019.108951,b7020b8c92c7374c9045c4227b627b7a5a7fb9322fb341996366f0b0c017a7e0,2019,Review,English,EC_EV_FINAL_SCOPE,include,verified_member_of_final_4974
EC_EV_001449,10.18632/oncotarget.14948,e2a12fae38049847f485336f155623177fb9be075fb0af288c836eab4eb9d73f,2017,Article,English,EC_EV_FINAL_SCOPE,include,verified_member_of_final_4974
EC_EV_001450,10.1177/0271678x21992980,34147f1edd7da423b61bbf52a1b4437e12efc20d13f019a045492643888b73ae,2021,Article,English,EC_EV_FINAL_SCOPE,include,verified_member_of_final_4974
EC_EV_001451,10.1016/j.canlet.2022.01.011,2a258a2b852f4008acd24dbd02901a3e2ae2e99b1a12ef17e3b1bab3d8a11c0e,2022,Article,English,EC_EV_FINAL_SCOPE,include,verified_member_of_final_4974
EC_EV_001452,10.1007/s10103-018-2495-8,88c28870935d71509c53b8be43b303186ee24f24246273ccbd5d79c77ccfe8f8,2018,Article,English,EC_EV_FINAL_SCOPE,include,verified_member_of_final_4974
EC_EV_001453,10.1007/s00109-024-02483-z,d295190ccb24ecdff4605456b40a68a0494e566fe680660445288a55b62108fb,2024,Article,English,EC_EV_FINAL_SCOPE,include,verified_member_of_final_4974
EC_EV_001454,10.1039/d0nr06571d,d69ff1108946c6e3e1381ca69d5f79e06551c717cd6c2e156e25d064daa2dc7b,2020,Article,English,EC_EV_FINAL_SCOPE,include,verified_member_of_final_4974
EC_EV_001455,10.1093/jleuko/qiad022,d2d8b978b96c3c5f0234bac75cf2c86c0d62629d786883d868dd7c04b9ba67d4,2023,Article,English,EC_EV_FINAL_SCOPE,include,verified_member_of_final_4974
EC_EV_001456,10.1371/journal.pone.0310735,9547c912dbbdc7a6ef2620d425b3e6cca32ea1483cdf8e88c843f9048cd88d99,2024,Article,English,EC_EV_FINAL_SCOPE,include,verified_member_of_final_4974
EC_EV_001457,10.3389/fimmu.2022.983255,cbd86f38c1662e52c0d8ab5232f4fca060b12f158b1b36a478d6c00965d9b978,2022,Article,English,EC_EV_FINAL_SCOPE,include,verified_member_of_final_4974
EC_EV_001458,10.3390/ijms20246363,f5bc1f55a6971c7b1b4f5d395a5b5ad9852d2f38ef0e84086fda65e92c5c8dee,2019,Article,English,EC_EV_FINAL_SCOPE,include,verified_member_of_final_4974
EC_EV_001459,10.2217/bmm-2017-0182,dc9a2f4fa4d33120990320419b2fd2589f438cb51ce982cf733c7be86a1d878b,2018,Article,English,EC_EV_FINAL_SCOPE,include,verified_member_of_final_4974
EC_EV_001460,10.1002/smll.202306721,7384b6fbdf691f60f34d2e170412bab835ddb3bce7cc1711b65027bb523d3156,2024,Article,English,EC_EV_FINAL_SCOPE,include,verified_member_of_final_4974
EC_EV_001461,10.1016/j.biocel.2019.01.017,7cca463b2e0992bc4ad5107b755fc9630cbcb011a28fc866877513902e79d0d2,2019,Article,English,EC_EV_FINAL_SCOPE,include,verified_member_of_final_4974
EC_EV_001462,10.1080/1061186x.2016.1184272,011cd151d876170e18e0c6b4b44121bcc799b127531e4e9902ab40ccd9857f04,2017,Review,English,EC_EV_FINAL_SCOPE,include,verified_member_of_final_4974
EC_EV_001463,10.1155/2024/2172632,212eca3fbbb6a0b2bbd0f070b2d91859a858cfd58fc55be5ac6f2ceb3313ee82,2024,Article,English,EC_EV_FINAL_SCOPE,include,verified_member_of_final_4974
EC_EV_001464,10.1038/s41416-024-02783-8,1ae179c35208ef8f6ace255ef1fd47e7bc05d1066d0508372ad2eb329faaadf3,2024,Article,English,EC_EV_FINAL_SCOPE,include,verified_member_of_final_4974
EC_EV_001465,10.1097/prs.0000000000008186,488f836f13bd5e0b63951cef671768c5310b5706db2534634f219f6cd43d5a46,2021,Article,English,EC_EV_FINAL_SCOPE,include,verified_member_of_final_4974
EC_EV_001466,10.1038/s41551-021-00815-9,57402238744f94cfd5d6bead11389f889ac40e682f10264b4896767646b5b144,2022,Article,English,EC_EV_FINAL_SCOPE,include,verified_member_of_final_4974
EC_EV_001467,10.1016/j.ijcard.2021.09.017,5bee52752cda880ecee94ae0669a16e81d08306e199f83e238477b2f1530eb22,2021,Article,English,EC_EV_FINAL_SCOPE,include,verified_member_of_final_4974
EC_EV_001468,10.1007/s12282-024-01574-6,ba1f4ee30c30f45ebc5d34a0c439400da163fc565136f051ce7263cef71939a0,2024,Article,English,EC_EV_FINAL_SCOPE,include,verified_member_of_final_4974
EC_EV_001469,10.1016/j.bbadis.2024.167020,e49be3e1908a8886fecffff5142fa32312b120617d03f62893cc2b3b05bc86e2,2024,Article,English,EC_EV_FINAL_SCOPE,include,verified_member_of_final_4974
EC_EV_001470,10.1186/s40001-025-02618-z,c2b0a9d345673e999b716ca5f8e2ac5e11c076418a6662f81501ad381e29253a,2025,Review,English,EC_EV_FINAL_SCOPE,include,verified_member_of_final_4974
EC_EV_001471,10.3390/life11070677,41d70f8d7dcb1843364e763e3d44f31ba51dbb95e312abaf780671a05951848a,2021,Review,English,EC_EV_FINAL_SCOPE,include,verified_member_of_final_4974
EC_EV_001472,10.3389/fphar.2016.00322,73dbd8391a1ddc42923126892f34448ddc959182f43eb30f4d6042060fc026ac,2016,Article,English,EC_EV_FINAL_SCOPE,include,verified_member_of_final_4974
EC_EV_001473,10.1186/s12951-024-02342-6,5528076b9f51cfa04b686d8c1a2e1d4c4a905c0a8426df713f31ec4fb149d54b,2024,Article,English,EC_EV_FINAL_SCOPE,include,verified_member_of_final_4974
EC_EV_001474,10.1111/jth.15544,4fd5fe11a53c7e0f27ce47e3075581acfe05308f7f9b6c7644c959701d3ee400,2022,Article,English,EC_EV_FINAL_SCOPE,include,verified_member_of_final_4974
EC_EV_001475,10.1074/jbc.m509397200,bb74170e1b6f480e8bd7b98bfa5344b301baf9461dd54b3352a69c62c8fd6202,2006,Article,English,EC_EV_FINAL_SCOPE,include,verified_member_of_final_4974
EC_EV_001476,10.1007/s13770-019-00234-7,2606255e4a76a2129133fc42b54e13b1638de3c7e7ed9ef2eafcb27d963c1c59,2020,Article,English,EC_EV_FINAL_SCOPE,include,verified_member_of_final_4974
EC_EV_001477,10.1007/s00018-021-04049-5,02bb752a19305f875194a45de722e4608bf1edae5d992ad82d77e9502e573063,2022,Article,English,EC_EV_FINAL_SCOPE,include,verified_member_of_final_4974
EC_EV_001478,10.1038/s41598-017-03159-0,6cd477de109c15e68433eca3daa9602300e2a0bd829b50f8a71b232e6a1383aa,2017,Article,English,EC_EV_FINAL_SCOPE,include,verified_member_of_final_4974
EC_EV_001479,10.1016/j.bioactmat.2024.12.008,f70f1b4b0a05262256160b022f61b457e4b6ad9987ebe02c1130f1fdecd4897d,2025,Article,English,EC_EV_FINAL_SCOPE,include,verified_member_of_final_4974
EC_EV_001480,10.1007/s11255-022-03139-y,49ea55e9cbb07a00453dc9bd4005d554c67d7cc54abab57ce545c9dfdba151f1,2022,Article,English,EC_EV_FINAL_SCOPE,include,verified_member_of_final_4974
EC_EV_001481,10.1038/onc.2014.300,2126f0659de656f96b23377eae5fd320c1df5564e7cb19d2f8dac4b12ffe0ea0,2015,Article,English,EC_EV_FINAL_SCOPE,include,verified_member_of_final_4974
EC_EV_001482,10.1002/adfm.202405574,6512572c2730859acf3b228c1175e1ccd752805b925c46a1c7b09de4e4d6b87d,2024,Article,English,EC_EV_FINAL_SCOPE,include,verified_member_of_final_4974
EC_EV_001483,10.18632/oncotarget.8483,3855ba0e5056fc3b0cf0e277b447cb0c1645e18a91e63a1b60327d468dd58987,2016,Article,English,EC_EV_FINAL_SCOPE,include,verified_member_of_final_4974
EC_EV_001484,10.1142/s0192415x17500586,3c54f5c8989e062a3596a12ebe501e51404b5f18065803409b14deccfd260626,2017,Article,English,EC_EV_FINAL_SCOPE,include,verified_member_of_final_4974
EC_EV_001485,10.1126/scisignal.aaz4742,12d96fdcba7f1b8824659d521d58096fed884f306a96e0fae31ac39f07c36f8c,2022,Review,English,EC_EV_FINAL_SCOPE,include,verified_member_of_final_4974
EC_EV_001486,10.1002/ctm2.425,2347d628a48395861dabd0706c7e2420f47229e42467ff613ffbec0ce27d8e82,2021,Article,English,EC_EV_FINAL_SCOPE,include,verified_member_of_final_4974
EC_EV_001487,10.1016/j.biomaterials.2025.123205,badde26438fd843f70c66ed2962200d6efaab1a38c5581e55014596315cd3274,2025,Article,English,EC_EV_FINAL_SCOPE,include,verified_member_of_final_4974
EC_EV_001488,10.1111/1753-0407.13465,1949015692ac83c53798a0c91b35b0a51b61f4ee9a4ab62a889310313cba7b9e,2024,Article,English,EC_EV_FINAL_SCOPE,include,verified_member_of_final_4974
EC_EV_001489,10.7150/ijbs.66506,afff0c298970e16b4e83861611d7a276db02e82d880dc0cbf2316e7a14adda6e,2022,Article,English,EC_EV_FINAL_SCOPE,include,verified_member_of_final_4974
EC_EV_001490,10.1159/000489745,3dba1b66b378b9df774cb7d846b69e9c5a8f390a5673d9a6923b04e4ce8d4f37,2018,Review,English,EC_EV_FINAL_SCOPE,include,verified_member_of_final_4974
EC_EV_001491,10.1016/j.colsurfb.2021.111742,72b57888af32706a3e6ba3030539d7e0e3dc46fd94cc1116a2af809efd21a370,2021,Article,English,EC_EV_FINAL_SCOPE,include,verified_member_of_final_4974
EC_EV_001492,10.3389/fbioe.2023.1297644,548b02529c5677e226829d296d4fd3840906ff49a149cf3f9e7fd17737d46b59,2023,Article,English,EC_EV_FINAL_SCOPE,include,verified_member_of_final_4974
EC_EV_001493,10.1016/j.yexcr.2020.112443,99169029f2917de904e75e3b026a77075efb45ebb717f0ca8d5369bcdfc00114,2021,Article,English,EC_EV_FINAL_SCOPE,include,verified_member_of_final_4974
EC_EV_001494,10.1371/journal.pone.0235793; 10.1371/journal.pone.0235793.r001; 10.1371/journal.pone.0235793.r002; 10.1371/journal.pone.0235793.r003; 10.1371/journal.pone.0235793.r004,a6a293126862e04ac97a8d8e3d34f664682266363c4ebb2908d8fe2eec6541ed,2020,Article,English,EC_EV_FINAL_SCOPE,include,verified_member_of_final_4974
EC_EV_001495,10.3389/fonc.2022.829230,7896cbcd36b72d3429b0541146602d6253a966f45115371eb4ba4fabd5075f2f,2022,Article,English,EC_EV_FINAL_SCOPE,include,verified_member_of_final_4974
EC_EV_001496,10.2147/ijn.s466136internationaljournalofnanomedicine,0cb47be216566ae2faeb56abd83fd405bff1b54f330da1e47ed2b431a9841151,2024,Article,English,EC_EV_FINAL_SCOPE,include,verified_member_of_final_4974
EC_EV_001497,10.3390/membranes11090647,197829917434e8dd4f2d844df14a89f5e896d9b69233efeaba83f782246f8ea6,2021,Article,English,EC_EV_FINAL_SCOPE,include,verified_member_of_final_4974
EC_EV_001498,10.1039/d3mh01910a,c6d253440917a9768bdd450599d9f81527c3a90af363bf945d15d0572bfaf0f0,2024,Article,English,EC_EV_FINAL_SCOPE,include,verified_member_of_final_4974
EC_EV_001499,10.1097/hjh.0000000000003178,42235939294970222cc8e8c4ea0ef5705e50d1c972dc0c4653b273ae6f11c9e2,2022,Article,English,EC_EV_FINAL_SCOPE,include,verified_member_of_final_4974
EC_EV_001500,10.1002/ctm2.70086,92f92a892b36385f71cd0c8d0416138b58ba5cc74f7a53d77c120afc85dc3b23,2024,Article,English,EC_EV_FINAL_SCOPE,include,verified_member_of_final_4974
EC_EV_001501,10.3390/cells12202453,890fd34a1eaff52afd2e4f1dfa292c476afdf61830cf140b34a23be27e2a7c71,2023,Article,English,EC_EV_FINAL_SCOPE,include,verified_member_of_final_4974
EC_EV_001502,10.1111/odi.12765,090bb031ed877c1fb8b17859dfd3879049084e6d1c8225519b0278b6daeb08e4,2018,Article,English,EC_EV_FINAL_SCOPE,include,verified_member_of_final_4974
EC_EV_001503,10.4103/jcrt.jcrt_230_24,a41d9a486189df498bbac7d86d47ae124f973e01674803a3643990365358799a,2024,Article,English,EC_EV_FINAL_SCOPE,include,verified_member_of_final_4974
EC_EV_001504,10.3389/fimmu.2021.759176,9f681bca159aada9abc1ea5af62fdb1a4f4b676de8921943020402a022483c8a,2021,Article,English,EC_EV_FINAL_SCOPE,include,verified_member_of_final_4974
EC_EV_001505,10.3389/fcell.2022.1075233,45ebb1b8f690080d92a38e9c2bc7356e174f498e107a3ecc01bc696624846b0f,2022,Article,English,EC_EV_FINAL_SCOPE,include,verified_member_of_final_4974
EC_EV_001506,10.3390/ijms22105065,a44bd0ab60d91bdcf708854c18c0e6bf2be1c6475123cc210324b698695ef409,2021,Article,English,EC_EV_FINAL_SCOPE,include,verified_member_of_final_4974
EC_EV_001507,10.1186/s13287-019-1201-5,92c5cf2e430eb17045ef22eea0ced248ae07dde4f4cd4003f8e3dbaccc9f18d1,2019,Article,English,EC_EV_FINAL_SCOPE,include,verified_member_of_final_4974
EC_EV_001508,10.1161/strokeaha.120.031728,bd5d97c7a1ed7b19626575a163dc6e7d4b2f8ca4aca28e2b227244481cf1936f,2020,Article,English,EC_EV_FINAL_SCOPE,include,verified_member_of_final_4974
EC_EV_001509,10.1111/jcmm.14766,88cc1f2285d0f99d6bc50ada803ad5782c6c648f660654b109ad99445c8836d0,2020,Article,English,EC_EV_FINAL_SCOPE,include,verified_member_of_final_4974
EC_EV_001510,10.1371/journal.pone.0074654,53d264ea2c438f87027cee54089ef641258a05f56e5432cc7cbb4dfbd88bc63a,2013,Article,English,EC_EV_FINAL_SCOPE,include,verified_member_of_final_4974
EC_EV_001511,10.3390/ijms25010015,e7e182e1859e0e2a35ee06c7113ad6d8c8a2c57f94a35d8f2dc80e0a959bc641,2024,Article,English,EC_EV_FINAL_SCOPE,include,verified_member_of_final_4974
EC_EV_001512,10.1038/s41388-024-03213-y,b938ab225aefd96a9e8799cb04cf89677a72cd2fda004144d4ff8001e373784b,2025,Article,English,EC_EV_FINAL_SCOPE,include,verified_member_of_final_4974
EC_EV_001513,10.1038/s41392-021-00765-3,9281384be8d83f38f1769f447f280a83e66ec3c5f571796d1d3c43db9c7299a8,2021,Article,English,EC_EV_FINAL_SCOPE,include,verified_member_of_final_4974
EC_EV_001514,10.1016/j.scr.2020.101877,8d65897b2f4f4242f34cdf93981d4cdd34892c16018ab49b5a39e253476d79f0,2020,Article,English,EC_EV_FINAL_SCOPE,include,verified_member_of_final_4974
EC_EV_001515,10.1016/j.ejpb.2024.114500,d9540c0046404c14fb57de6ef7dd08e87a15fcca8be3381f6aa6f23aefbb07a3,2024,Article,English,EC_EV_FINAL_SCOPE,include,verified_member_of_final_4974
EC_EV_001516,10.1186/s13287-020-02005-x,38e89bf9172a6f0b2b8010bb54e760b498ed7e870688b18ffd6dd3e89d551dd4,2020,Article,English,EC_EV_FINAL_SCOPE,include,verified_member_of_final_4974
EC_EV_001517,10.1186/s13287-025-04157-0,33b560387a15d3b995c53020113eb4dae3335ece3b33a235f2085a68d65a78ed,2025,Article,English,EC_EV_FINAL_SCOPE,include,verified_member_of_final_4974
EC_EV_001518,10.1080/20013078.2019.1689784,b6c92c9e05113938bd160fbbee60f11ed3b8e6b652840bd0ff5e293adf7f1a2d,2020,Article,English,EC_EV_FINAL_SCOPE,include,verified_member_of_final_4974
EC_EV_001519,10.3389/fcell.2020.00197,9e9925e8585a80ea55a14d97e44f043fed597230e053bd101dde54937766c563,2020,Article,English,EC_EV_FINAL_SCOPE,include,verified_member_of_final_4974
EC_EV_001520,10.1002/stem.3310,f41bd5e8d150b84a10542aae75f17216e8d053f8fc04215c5f360111bc224008,2021,Article,English,EC_EV_FINAL_SCOPE,include,verified_member_of_final_4974
EC_EV_001521,10.1161/strokeaha.119.025371,7762cebc781b7f10443fd32a138b25a69330c1200322d08439834b60fb1516e4,2019,Article,English,EC_EV_FINAL_SCOPE,include,verified_member_of_final_4974
EC_EV_001522,10.1038/s41467-022-33235-7,84f907c788dd45a804342a39b930c95fa2231bc091806e2fc3e40bd28855ebd5,2022,Article,English,EC_EV_FINAL_SCOPE,include,verified_member_of_final_4974
EC_EV_001523,10.18632/oncotarget.12261,a1915757e420c03f48b8c4155f08a56e13f64de99249579d51024f61fd57becb,2016,Article,English,EC_EV_FINAL_SCOPE,include,verified_member_of_final_4974
EC_EV_001524,10.3945/jn.116.238949,852c39ab56900d7d3ac06129fccf4b3a70300e903a15ed78cf21edc3379aa34e,2017,Article,English,EC_EV_FINAL_SCOPE,include,verified_member_of_final_4974
EC_EV_001525,10.1016/j.placenta.2017.08.001,136f379bd13015637cd9df254f44b995d01ab1309e48301f85aee8ac798392af,2017,Article,English,EC_EV_FINAL_SCOPE,include,verified_member_of_final_4974
EC_EV_001526,10.1016/j.canlet.2019.08.001,a0844660c88d29366736548044dcfae5cda16a2a3b5dd44ec972038d2f3fdbb3,2019,Article,English,EC_EV_FINAL_SCOPE,include,verified_member_of_final_4974
EC_EV_001527,10.1016/j.bbadis.2019.01.015,76b4160fee6edfd9c8e053907a2a7f35252094c7d53221712261e45d3d61ad23,2019,Article,English,EC_EV_FINAL_SCOPE,include,verified_member_of_final_4974
EC_EV_001528,10.1111/jcmm.12834,f5663ee61edb4bf6942fcc3975dd5e8b0ed817e85d290f6da96ebc3d5891fbf9,2016,Article,English,EC_EV_FINAL_SCOPE,include,verified_member_of_final_4974
EC_EV_001529,10.1177/2045894020951759,3687474d3129169c7a31a288f15d1449d9785dfe5058e84200da71cc0d6dc320,2020,Article,English,EC_EV_FINAL_SCOPE,include,verified_member_of_final_4974
EC_EV_001530,10.14715/cmb/2016.62.7.12,a3693ded4b25cb7d9fa004b5f4fe3f15b271a99fd5dd81748d6a145f9ce79c88,2016,Review,English,EC_EV_FINAL_SCOPE,include,verified_member_of_final_4974
EC_EV_001531,10.1186/s13018-024-04947-x,d05b901ab4d390d796cd692c56b501a8907476421f824db68971cd1e5ba1c09b,2024,Article,English,EC_EV_FINAL_SCOPE,include,verified_member_of_final_4974
EC_EV_001532,10.1021/acsbiomaterials.9b00607,1c591ccdbc950098990f3fdac04d719fe2b8a77ea59d2cf10f9ac99504e937e0,2019,Article,English,EC_EV_FINAL_SCOPE,include,verified_member_of_final_4974
EC_EV_001533,10.1186/s12964-025-02061-x,1f20271c6e7d90872421b57d00a35f81ecfb3c86d01f5e5b6b40c190dc6bf750,2025,Article,English,EC_EV_FINAL_SCOPE,include,verified_member_of_final_4974
EC_EV_001534,10.1002/jcp.28723,13d9ca9a9b060228185505bb7ef1a4825b61977af64f7d4fb8ebc8d0a008758c,2019,Article,English,EC_EV_FINAL_SCOPE,include,verified_member_of_final_4974
EC_EV_001535,10.1021/acs.nanolett.9b03883,b233a5a62ec5e75c13d54f839ebc4f0ed552d2b1bfbd9c8ed82bd45ee9aaa026,2020,Article,English,EC_EV_FINAL_SCOPE,include,verified_member_of_final_4974
EC_EV_001536,10.1007/s10456-018-9632-7,bb3dfad9456e2f7f355b22ff91866966edc8b2d1345d41b1d63fe248dfa5fb2f,2018,Review,English,EC_EV_FINAL_SCOPE,include,verified_member_of_final_4974
EC_EV_001537,10.1016/j.heliyon.2024.e28148,066256bd5123981ac45acfdb4e60bad85715be534d7c34735fc01600fbf98b49,2024,Review,English,EC_EV_FINAL_SCOPE,include,verified_member_of_final_4974
EC_EV_001538,10.1002/ijc.20657,db36fab7707768cc6bc49899b0375d5f636043c2547b1294b9c6318193c1f202,2005,Article,English,EC_EV_FINAL_SCOPE,include,verified_member_of_final_4974
EC_EV_001539,10.1002/jev2.12096,92e50f0b02f368e3f3cd267bb3725864dc3b76c4e6254734c3899912c4a76a0c,2021,Article,English,EC_EV_FINAL_SCOPE,include,verified_member_of_final_4974
EC_EV_001540,10.3389/fendo.2022.816400,cf5daeace3360bb7a5ec359bf2d243e3679334abaddbd1d215299ff8e4bd3c16,2022,Review,English,EC_EV_FINAL_SCOPE,include,verified_member_of_final_4974
EC_EV_001541,10.1161/circresaha.116.304360,afb64427daac0b899cdad441fd9fd22721b5b092879dd7adfce17e324dcd0b73,2015,Article,English,EC_EV_FINAL_SCOPE,include,verified_member_of_final_4974
EC_EV_001542,10.1161/circresaha.117.309681,5795421507695d9df17eacae086e6990b9013ca4a2c7509f8c734cf34363ef73,2017,Review,English,EC_EV_FINAL_SCOPE,include,verified_member_of_final_4974
EC_EV_001543,,5eb87387e5aa9b2f0a046eff70fd872af07811f37b8141dd82a3465d0648eb9e,2019,Review,English,EC_EV_FINAL_SCOPE,include,verified_member_of_final_4974
EC_EV_001544,10.3390/ijms24087509,5e87a71c2deb2d89ffe05bc440de16465952e5f6482cb25fbafbb946eec41627,2023,Review,English,EC_EV_FINAL_SCOPE,include,verified_member_of_final_4974
EC_EV_001545,10.1186/s12929-019-0595-9,9d03bf5a19a98d84a3ade1073765755b32810fe1709e75e846a726cbb64cd410,2020,Article,English,EC_EV_FINAL_SCOPE,include,verified_member_of_final_4974
EC_EV_001546,10.2147/ijn.s334194,a26f27f14788448ff36b3fbdfaae850dd0240ca72c9970905599bde1a94ece17,2021,Article,English,EC_EV_FINAL_SCOPE,include,verified_member_of_final_4974
EC_EV_001547,10.1177/1933719119831775,bbcdc79ca7bfb47ca4cf2b54a66a13fb9f42ef9915f4d08b6196baaf62c3135f,2019,Article,English,EC_EV_FINAL_SCOPE,include,verified_member_of_final_4974
EC_EV_001548,10.1080/15384047.2021.2017222,ee068e3f9c172b8dc37a395455f8390ee4e7c95cb58faf989f14f1e992e99049,2022,Article,English,EC_EV_FINAL_SCOPE,include,verified_member_of_final_4974
EC_EV_001549,10.14218/jcth.2022.00097,71e970979f3acc5b70c1bf72d53b96b7914fe4f589cce87907ff0fe501669acd,2023,Article,English,EC_EV_FINAL_SCOPE,include,verified_member_of_final_4974
EC_EV_001550,10.1002/advs.202302677,b7386d47941a9e20cc65b014cd7ae2c4c33e6a4e4db16ffad044d338498c3345,2023,Article,English,EC_EV_FINAL_SCOPE,include,verified_member_of_final_4974
EC_EV_001551,10.1016/j.ymthe.2023.11.023,94e1705be6ffc5e6aa06b99f1440ae5c4e900d26fbe8ee89613760d94ff5b5c9,2024,Article,English,EC_EV_FINAL_SCOPE,include,verified_member_of_final_4974
EC_EV_001552,10.1186/s12951-024-02396-6,b5af7f6a0b20081e6d1f9beb80620b893b91d637731c55708e00e528ad3ec4ff,2024,Article,English,EC_EV_FINAL_SCOPE,include,verified_member_of_final_4974
EC_EV_001553,10.1038/s41419-023-05663-w,de72f1d920c529a0961134112bc0a1673abd78fbe088c02e572cfd8782ebab64,2023,Article,English,EC_EV_FINAL_SCOPE,include,verified_member_of_final_4974
EC_EV_001554,10.1021/acsnano.1c08284,84ec8834152b246d26e540f1c63140f514138676ef20fec4cabb54095905f352,2022,Article,English,EC_EV_FINAL_SCOPE,include,verified_member_of_final_4974
EC_EV_001555,10.1124/jpet.122.001209,cc45206646d00c0ec3fea5564994c635a2bf61766cc0891fb2c866c16b74e7b0,2023,Article,English,EC_EV_FINAL_SCOPE,include,verified_member_of_final_4974
EC_EV_001556,10.1167/iovs.16-19805,3faa5acff064dcda735e1a951d9f5d3a6963fdd16c5f442d74d97414ffcaf6b6,2016,Article,English,EC_EV_FINAL_SCOPE,include,verified_member_of_final_4974
EC_EV_001557,10.1097/bor.0000000000000926,a14d4610a416672e869d3a4dfbd7eceeef1a1c73e2ddfbc20fd849a5cb613db8,2023,Review,English,EC_EV_FINAL_SCOPE,include,verified_member_of_final_4974
EC_EV_001558,10.1038/s41598-019-49339-y,1b8a383b96507e73f426bef152c975ed64fef64a33a07d4a4d43456a6cd1d771,2019,Article,English,EC_EV_FINAL_SCOPE,include,verified_member_of_final_4974
EC_EV_001559,10.1038/s12276-018-0055-8,fc6bf510a73f7d1fb071235eec37648b39d95ec2f620a8c8e3f7dee018074528,2018,Article,English,EC_EV_FINAL_SCOPE,include,verified_member_of_final_4974
EC_EV_001560,10.1002/jev2.12325,d7668511a3fc4770bb9339c734294d43c4944639c2646a56636265bc771063de,2023,Article,English,EC_EV_FINAL_SCOPE,include,verified_member_of_final_4974
EC_EV_001561,10.1016/j.semcancer.2022.11.003,3da3b151d3ffd92d1fe8358c1f4504379d83c57acbb6aa50c00098ee2cd01d57,2022,Article,English,EC_EV_FINAL_SCOPE,include,verified_member_of_final_4974
EC_EV_001562,10.1186/s12951-023-02098-5,ff53a8085ce2be8da41e9ade7aabfb4819ca34287f4645981f3695c55678d0d0,2023,Article,English,EC_EV_FINAL_SCOPE,include,verified_member_of_final_4974
EC_EV_001563,10.1002/jev2.12414,692a93f8ccde2a2d00290c84255ef06cd76e9dd9cc9dfcdf0f78152c327fec14,2024,Article,English,EC_EV_FINAL_SCOPE,include,verified_member_of_final_4974
EC_EV_001564,10.1016/j.compositesb.2024.111455,c35cf9f86f65624edb4e38c5e71b56beb9340183ecfcc508c43f5162994f3553,2024,Article,English,EC_EV_FINAL_SCOPE,include,verified_member_of_final_4974
EC_EV_001565,10.1007/s12195-023-00783-x,9d8d909c07983670e190ba21b116abb27d9e51832ef34c21ed7e31e8a2835509,2023,Article,English,EC_EV_FINAL_SCOPE,include,verified_member_of_final_4974
EC_EV_001566,10.1016/j.ijrobp.2019.02.008,1d3ef67e35591c40db4367a8ba43e75877a22070692ee77be84aaa1be414e706,2019,Article,English,EC_EV_FINAL_SCOPE,include,verified_member_of_final_4974
EC_EV_001567,10.3389/fphar.2019.01479,550aaf22527ebd4068856ddb28378347d80ee586e11c74c14c68c5e6b73a99d4,2019,Review,English,EC_EV_FINAL_SCOPE,include,verified_member_of_final_4974
EC_EV_001568,10.1186/s13287-023-03439-9,e092fa48ed2c5e3edc362e15c9f3463e636ee728942cb10456983ce3aafc80d6,2023,Article,English,EC_EV_FINAL_SCOPE,include,verified_member_of_final_4974
EC_EV_001569,10.1186/s12951-023-01886-3,b00b17e2cf60eb85ee0cec1606510b689a869b4c6c4f306713f5fb0be91c1b12,2023,Article,English,EC_EV_FINAL_SCOPE,include,verified_member_of_final_4974
EC_EV_001570,10.1007/s11655-024-4003-2,7d7615eefb03522515f7b42ef01bdbed5b928f21bc3fadb7a192e1b66c5450c8,2025,Article,English,EC_EV_FINAL_SCOPE,include,verified_member_of_final_4974
EC_EV_001571,10.1186/s12931-024-02865-4,2ec0c65edab48fe7a5242218ed0338cc030a334169e5dc81811836fed35a2efa,2024,Review,English,EC_EV_FINAL_SCOPE,include,verified_member_of_final_4974
EC_EV_001572,10.1038/s41419-018-1073-0,a11349205a86d0ef36013d99091e4bed0cbacdeef5817daa29a47467b294153e,2018,Article,English,EC_EV_FINAL_SCOPE,include,verified_member_of_final_4974
EC_EV_001573,10.23812/j.biol.regul.homeost.agents.20233702.90,bae2e8d9983f9f70257e9dc0591b5b928566a5be6c823e0987405f5ccd60857d,2023,Article,English,EC_EV_FINAL_SCOPE,include,verified_member_of_final_4974
EC_EV_001574,10.1096/fj.202301403rr,ce661ec158252169a1c93b34298cd912b5d6823002ffe08bd193e423c1e16f37,2024,Article,English,EC_EV_FINAL_SCOPE,include,verified_member_of_final_4974
EC_EV_001575,10.3389/fnins.2014.00324,2aa5356faf58789f4b24c254811f8f02bc0dc598c4df72c844782edc5a285700,2014,Article,English,EC_EV_FINAL_SCOPE,include,verified_member_of_final_4974
EC_EV_001576,10.1016/j.mtbio.2021.100171,c441308d6fe55912db0bd51ddd167a539a67e1d8b4c243652756ce015956c6b5,2021,Article,English,EC_EV_FINAL_SCOPE,include,verified_member_of_final_4974
EC_EV_001577,10.1074/jbc.m804966200,d03404732bfc1db970deaa57e8270ba37f3d92bbd0d96a62e13447fef943a36d,2008,Article,English,EC_EV_FINAL_SCOPE,include,verified_member_of_final_4974
EC_EV_001578,10.1111/jcmm.15130,22c4f1145b7c82e94214ce80e00e0ab737cdb57ee23548688a9dbd8214bcb9c9,2020,Article,English,EC_EV_FINAL_SCOPE,include,verified_member_of_final_4974
EC_EV_001579,10.1097/shk.0000000000001920,594dd8929297f245ab939637c6c219b5ebdea196fcbe6b49fe75682ea92b6628,2022,Article,English,EC_EV_FINAL_SCOPE,include,verified_member_of_final_4974
EC_EV_001580,10.3892/ijmm.2024.5347,fd404d2a6329bcecdf9eea1d1043dfcce8c3898567ec1004c5ea3b43db18c828,2024,Article,English,EC_EV_FINAL_SCOPE,include,verified_member_of_final_4974
EC_EV_001581,10.1016/j.diff.2018.12.001,5611eec3d18434e9bfcaf23a180a827a09adfcd047d504acbcf16b0e6ddfd1e8,2019,Article,English,EC_EV_FINAL_SCOPE,include,verified_member_of_final_4974
EC_EV_001582,10.1002/cbin.10869,865c578e8dadd87181182926abcbce1c7786f440608bd1d7463f5a7ceb330724,2017,Article,English,EC_EV_FINAL_SCOPE,include,verified_member_of_final_4974
EC_EV_001583,10.3390/cells11121921,fab4459e4ba49dad075e637cc6fd4f5af1d548cb4a516ec001273af057dddde2,2022,Article,English,EC_EV_FINAL_SCOPE,include,verified_member_of_final_4974
EC_EV_001584,10.1155/2022/2799844,8f33ce98920c470e3b4e9b06243bbbc16bf2badfe9b65f40096f0048605430e5,2022,Article,English,EC_EV_FINAL_SCOPE,include,verified_member_of_final_4974
EC_EV_001585,10.1161/atvbaha.118.311552,68dbc31a809439f3d15aecd0ece1b6ad8e685d58c77599380cbb016ec5d79366,2018,Article,English,EC_EV_FINAL_SCOPE,include,verified_member_of_final_4974
EC_EV_001586,10.1053/j.gastro.2008.09.066,3c76deec286e5f39c0766cf6a790811fe344255ffa7f04970395a9cf08682539,2009,Article,English,EC_EV_FINAL_SCOPE,include,verified_member_of_final_4974
EC_EV_001587,10.1371/journal.pone.0098667,b9de860b0d5f48526fb961d90d9e7fe61f58ebf5e3263cdea33d3df1ea8fe07b,2014,Article,English,EC_EV_FINAL_SCOPE,include,verified_member_of_final_4974
EC_EV_001588,10.1098/rsob.210315,977417de494ddae39cc45f78123cfa19cbcd3d46862fccbcd78157d815bc56a2,2022,Article,English,EC_EV_FINAL_SCOPE,include,verified_member_of_final_4974
EC_EV_001589,10.3389/fbioe.2019.00292,29983a40b071426e1a7dc2ac7a8a6db68b4d9248a2336a39f2d0b3f40f102724,2019,Article,English,EC_EV_FINAL_SCOPE,include,verified_member_of_final_4974
EC_EV_001590,10.3390/nu11102493,987e18ece182d0fd418e40a1779d9507cd289174ee17cacbdecf9339a747b212,2019,Article,English,EC_EV_FINAL_SCOPE,include,verified_member_of_final_4974
EC_EV_001591,10.1016/j.cellsig.2022.110338,6fb21a3bc6fce2899ce1a6550ab2eeb859ce783786122cd66ea9efc8acbcadc0,2022,Article,English,EC_EV_FINAL_SCOPE,include,verified_member_of_final_4974
EC_EV_001592,10.1007/s11095-014-1593-y,ba567347eefc15c8a1b69b0746190f84bfa00526fb921700272298d0abb67832,2015,Article,English,EC_EV_FINAL_SCOPE,include,verified_member_of_final_4974
EC_EV_001593,10.3389/fimmu.2023.1285162,9a06b78524c55f9da0ce75b1e250d7f59242fd26947e8cf2ee4c5e05e79336d9,2024,Article,English,EC_EV_FINAL_SCOPE,include,verified_member_of_final_4974
EC_EV_001594,10.1186/s13287-020-02056-0,984193e35f0455a89b8c7df3bf5ef2da8485bed717d1edd42d7e66f615389539,2020,Article,English,EC_EV_FINAL_SCOPE,include,verified_member_of_final_4974
EC_EV_001595,10.34133/bmr.0013,a675c042cb06d0e49b72cb0b460e69d8e367c565435138d669391f705b85d848,2024,Article,English,EC_EV_FINAL_SCOPE,include,verified_member_of_final_4974
EC_EV_001596,10.1093/cvr/cvz139,0d664ad26b796a6ebc51e229ddfd816fa36ff9af2e2e81c2588673cf17166ba9,2020,Article,English,EC_EV_FINAL_SCOPE,include,verified_member_of_final_4974
EC_EV_001597,10.1096/fj.201900895r,ae3d1b550b6f2efb098e6e4cb77b340c7d0f21e46f2929bb496798f9e3a0350b,2019,Review,English,EC_EV_FINAL_SCOPE,include,verified_member_of_final_4974
EC_EV_001598,10.2147/ijn.s512135,cebd3d9bca4b8ffd4a651751fd9308d3a93ae0f646211f94a0bf34f4e2052eb1,2025,Article,English,EC_EV_FINAL_SCOPE,include,verified_member_of_final_4974
EC_EV_001599,10.3390/jcm13185430,1f0991bf19d4aeb44ef79d8e959767e76dc6a35d97071bd2fcca41ed2144c58e,2024,Article,English,EC_EV_FINAL_SCOPE,include,verified_member_of_final_4974
EC_EV_001600,10.1007/s10856-023-06746-y,ba9fefdd7d57b85994bc1252a18dee66f245e211e72b0667de997cdd9b3a5655,2023,Article,English,EC_EV_FINAL_SCOPE,include,verified_member_of_final_4974
EC_EV_001601,10.1097/hc9.0000000000000006,79fdcc2de8e8aad9dd55aefe2d2e390d9a1a4ab5f3e5cd86299e10c00575411d,2023,Article,English,EC_EV_FINAL_SCOPE,include,verified_member_of_final_4974
EC_EV_001602,10.1016/j.bbrc.2018.02.076,0b3260f1d77612bffe4871c2ebcf7fe6c5786139a258545c181560a70841ea8f,2018,Article,English,EC_EV_FINAL_SCOPE,include,verified_member_of_final_4974
EC_EV_001603,10.1096/fj.202200528r,f6bfb55a78d49ae2a55380f055499dbe77524ce4f8730846d04ead9b6e7e7153,2022,Article,English,EC_EV_FINAL_SCOPE,include,verified_member_of_final_4974
EC_EV_001604,10.3389/fcvm.2022.912358,f83b8489553278460c50c1412b14388d2400d92b82609cf092899026d01ae10e,2022,Review,English,EC_EV_FINAL_SCOPE,include,verified_member_of_final_4974
EC_EV_001605,10.3390/ijms242216197,3aa6db69769c20f45bdc225a8b2ce2b72d428c7295b22de901e71055203f6995,2023,Review,English,EC_EV_FINAL_SCOPE,include,verified_member_of_final_4974
EC_EV_001606,10.1172/jci144225,15f9f3e1b1bb9f036fc6429f1dc8d79b8d1ae09e1e7a5c5fb4b79cf89265efd0,2021,Article,English,EC_EV_FINAL_SCOPE,include,verified_member_of_final_4974
EC_EV_001607,10.1089/met.2024.0199,fa57ae6aa5faeb3b7dae6ae18469a22f9e1bc0422b7b840ec4d9205bc24b13b5,2025,Article,English,EC_EV_FINAL_SCOPE,include,verified_member_of_final_4974
EC_EV_001608,10.1186/s13287-019-1297-7,c43c773823ed560f6269d6714fef9dbe3e8502f282ec996334122d5008d63d1d,2019,Review,English,EC_EV_FINAL_SCOPE,include,verified_member_of_final_4974
EC_EV_001609,10.3389/fcvm.2023.1232681,ee20657e8c7e0bb609f2f26ee2ce32bf5ef352b1c2bd6366abc2d2b46c2534f2,2023,Review,English,EC_EV_FINAL_SCOPE,include,verified_member_of_final_4974
EC_EV_001610,10.1016/j.jconrel.2025.01.085,8eaf881ffe8fbfa2601ce6eed069823c80f5676f6484c8423433f4335962a4e5,2025,Article,English,EC_EV_FINAL_SCOPE,include,verified_member_of_final_4974
EC_EV_001611,10.1016/j.toxlet.2021.04.019,67071d243de0c45a037dddcc8e7bbfea4d48b6c8c9153278ae57207bdf096123,2021,Article,English,EC_EV_FINAL_SCOPE,include,verified_member_of_final_4974
EC_EV_001612,10.1161/atvbaha.112.300741,8b0172dffa7202749df370721d5b3d6e4e576f80b29d84900ed7b11f9f93628f,2013,Article,English,EC_EV_FINAL_SCOPE,include,verified_member_of_final_4974
EC_EV_001613,10.7150/thno.45170,75a355baf1925ef794ee75bd3248e560770e28a918ba8bccce4327403f8e3165,2020,Article,English,EC_EV_FINAL_SCOPE,include,verified_member_of_final_4974
EC_EV_001614,10.3390/ijms232416111,477fffa2ab56521a9b7457a6a128c881004a79aeee348d8470aa7c87708b0a70,2022,Article,English,EC_EV_FINAL_SCOPE,include,verified_member_of_final_4974
EC_EV_001615,10.1155/2015/482171,c7985253e8e226d4df67599e6db7cd9ea897fb13d40f98cb133e25f7a2099b6c,2015,Review,English,EC_EV_FINAL_SCOPE,include,verified_member_of_final_4974
EC_EV_001616,10.3389/fcvm.2022.888390,a018178395184b6b2f85dc471a9c9033a40a5747b747206f453eb14190cb4afa,2022,Review,English,EC_EV_FINAL_SCOPE,include,verified_member_of_final_4974
EC_EV_001617,10.1186/s13075-016-0984-3,7795ec4228e679a916a25857c88b37bfe01d39fbd2326ad608b9bb80ade14369,2016,Article,English,EC_EV_FINAL_SCOPE,include,verified_member_of_final_4974
EC_EV_001618,10.3390/biomedicines8100409,a9ef7cb51bc4b0034849332c21286830bdd9707bfb75aabbbf9382e77411b5c9,2020,Review,English,EC_EV_FINAL_SCOPE,include,verified_member_of_final_4974
EC_EV_001619,10.18632/aging.103651,0b58d7e1a9fbd81fd959b7521164b5aacf3b596f4c94b978c01b4ce9ad8e2a90,2020,Article,English,EC_EV_FINAL_SCOPE,include,verified_member_of_final_4974
EC_EV_001620,10.2147/ijn.s435106,3ed713a82adbef7c608bb355e7714a507d7c25261c9e65afeb950b282dc089b3,2023,Article,English,EC_EV_FINAL_SCOPE,include,verified_member_of_final_4974
EC_EV_001621,10.1155/2021/6617700,adb772f0e5448ce08c50ebc07fb068b900facf284f8d835c0a87e0e116e0c6ec,2021,Article,English,EC_EV_FINAL_SCOPE,include,verified_member_of_final_4974
EC_EV_001622,10.1515/tnsci-2022-0357,c1bd49a91c741ba47a1eb01eed99dc4c2fdb8f6ecd54c8e1808225a7730f87a6,2024,Article,English,EC_EV_FINAL_SCOPE,include,verified_member_of_final_4974
EC_EV_001623,10.1186/s12935-024-03359-5,b7d38d48061747391cf4f1e1084bba93f18b17c193c80c0392459179027a88ec,2024,Article,English,EC_EV_FINAL_SCOPE,include,verified_member_of_final_4974
EC_EV_001624,10.1021/acsami.3c03630,6135ba57f1282219200e4c6ec4bb2a41ecf5064f80941e5a22b39940a9fbcc72,2023,Article,English,EC_EV_FINAL_SCOPE,include,verified_member_of_final_4974
EC_EV_001625,10.3389/fnut.2022.867745,e54a4035871380ece537d525c305c5b8c855c9b300dfb4eea5ab8eabcddbc88c,2022,Article,English,EC_EV_FINAL_SCOPE,include,verified_member_of_final_4974
EC_EV_001626,10.1186/s12969-019-0347-0,0bf4823e177a566c9084a445da5305978e21717e7b95e34f697045a06ae400ca,2019,Article,English,EC_EV_FINAL_SCOPE,include,verified_member_of_final_4974
EC_EV_001627,10.1530/jme-22-0105,8ed1729e73d1a59f394f61b5a648d74e477cb3fdce7dc8bf87ea277d3dbec445,2023,Review,English,EC_EV_FINAL_SCOPE,include,verified_member_of_final_4974
EC_EV_001628,10.1016/j.bbrc.2020.03.088,6b7071539a7aabc1c1f9840d0b7f0293a5713d5a8532d4964f81c317b5df53f4,2020,Article,English,EC_EV_FINAL_SCOPE,include,verified_member_of_final_4974
EC_EV_001629,,e1cf1c071e9392f46adc4c907d2c051436f7403e87eb3c4178bbf75fd6dac720,2018,Article,English,EC_EV_FINAL_SCOPE,include,verified_member_of_final_4974
EC_EV_001630,10.3892/mmr.2019.10351,5e00f0b2c1b000ccb05200ff21484773f7eb25184e482dc0e5e534a923a6a396,2019,Article,English,EC_EV_FINAL_SCOPE,include,verified_member_of_final_4974
EC_EV_001631,10.1128/jvi.01861-24,7f3e64a7a5f9059157addec1a758b3c8433521f0778e01c18fe913eae1a13716,2025,Article,English,EC_EV_FINAL_SCOPE,include,verified_member_of_final_4974
EC_EV_001632,10.1016/j.jpsychires.2021.12.049,62f294003e123fddd54494c2e9665c2cd12320458c01834fe645cc5c71c24b1b,2022,Article,English,EC_EV_FINAL_SCOPE,include,verified_member_of_final_4974
EC_EV_001633,10.1097/prs.0000000000010388,68c7be650f2df71f974e9e139b9bfe2f2a60af40a184bcf627579f0890cd5e05,2023,Article,English,EC_EV_FINAL_SCOPE,include,verified_member_of_final_4974
EC_EV_001634,10.1111/bjh.18019,c8524ec7d3eb966d25f92be83cff2bc82680b6495799d1e75624998c1242e208,2022,Article,English,EC_EV_FINAL_SCOPE,include,verified_member_of_final_4974
EC_EV_001635,10.3390/ijms241411490,1cd19761511f0800b446fd582243b0d50e416c2abfb99db6b6adcc887a3bdbac,2023,Article,English,EC_EV_FINAL_SCOPE,include,verified_member_of_final_4974
EC_EV_001636,10.1007/s00106-019-00803-1,783ff60c9b9de3af8d9377341ca7ae0de0d40834ba08c7e7ae7fc57c6084539f,2020,Article,English,EC_EV_FINAL_SCOPE,include,verified_member_of_final_4974
EC_EV_001637,10.1016/j.tice.2023.102066,90b51a0c6540b72fc3e64f17bdb2181b26c39c1b17b42858048f2a952b6dcd7e,2023,Article,English,EC_EV_FINAL_SCOPE,include,verified_member_of_final_4974
EC_EV_001638,10.2147/ijn.s377502,c7d1f4f6a1b2f182b158b28da69c3649bd1fe4304e083bd6cbd1eb169179c81c,2022,Article,English,EC_EV_FINAL_SCOPE,include,verified_member_of_final_4974
EC_EV_001639,10.2147/cmar.s505549,be561d4bbb28338d9b086cbfa88205ded9deb29afaf5fdf661e26d34befdf998,2025,Review,English,EC_EV_FINAL_SCOPE,include,verified_member_of_final_4974
EC_EV_001640,10.1002/sctm.17-0278,b5fb15e8522ee857829ec281a85b3c3163935aa1b33b53a755959f309d0334f6,2018,Article,English,EC_EV_FINAL_SCOPE,include,verified_member_of_final_4974
EC_EV_001641,10.1161/atvbaha.124.321077,24144f5b08ab20baaf94daa5bb3ad9ae27d590486cafb0937203ebf194eae1f0,2025,Article,English,EC_EV_FINAL_SCOPE,include,verified_member_of_final_4974
EC_EV_001642,10.3389/fbioe.2020.00633,fd8f9e3765939950261dd9548cfa813567ece9e91d971f27f587e3773900fd88,2020,Article,English,EC_EV_FINAL_SCOPE,include,verified_member_of_final_4974
EC_EV_001643,10.1007/s13577-021-00571-7,5216cd79f1ef5a56bc5577a6aa5a7b17b617ac7a498e3238ecb0ae8bbe5945b8,2021,Article,English,EC_EV_FINAL_SCOPE,include,verified_member_of_final_4974
EC_EV_001644,10.1039/d3fo04283a,4953bd159f7bf8725443bccf72e0c580d36d5bf30a37c8b0dcc9f206a5ce994a,2024,Article,English,EC_EV_FINAL_SCOPE,include,verified_member_of_final_4974
EC_EV_001645,10.3390/brainsci12081027,9aa1e46f5588142f8dad4ca253e72dac40cfa1059a5103de89f76ed87f028b24,2022,Article,English,EC_EV_FINAL_SCOPE,include,verified_member_of_final_4974
EC_EV_001646,10.3390/ijms21197413,fb9c64da129d8039a30154e876da40ca9bce03c45feca4abc6c7b4de4c0bd61c,2020,Review,English,EC_EV_FINAL_SCOPE,include,verified_member_of_final_4974
EC_EV_001647,10.1186/s12860-017-0127-y,144b316f5baaacb2614bed3e48791ff13ce664b087f00387630bcfb572173f1e,2017,Article,English,EC_EV_FINAL_SCOPE,include,verified_member_of_final_4974
EC_EV_001648,10.1055/s-0038-1629901,99ed6ec3c658a01c8c67b99ca9637c39c6520f2ac27e63c5d4a62d740a55d49b,2018,Article,English,EC_EV_FINAL_SCOPE,include,verified_member_of_final_4974
EC_EV_001649,10.1371/journal.pone.0138849,4b800bc8f417873523246137a3af1d83b673b919404ad538b45beb2e3341ef70,2015,Article,English,EC_EV_FINAL_SCOPE,include,verified_member_of_final_4974
EC_EV_001650,10.1038/s42003-024-07367-z,877d88e643345129f57b96591ba635b0dc78ef4d90da87323b2c61a72f652bda,2024,Article,English,EC_EV_FINAL_SCOPE,include,verified_member_of_final_4974
EC_EV_001651,10.1007/s43032-020-00343-y,b47efbf2ca1f99477c3bdf9dc9e1c01470970424be210b1f59dc7e0e1a05897c,2021,Review,English,EC_EV_FINAL_SCOPE,include,verified_member_of_final_4974
EC_EV_001652,10.21037/tcr-23-2359,d279ad672c9b184bc73f35668b42a7d38d3569d16ffa14fa929df5c24883fb09,2024,Article,English,EC_EV_FINAL_SCOPE,include,verified_member_of_final_4974
EC_EV_001653,10.1002/1873-3468.14234,39646d8278eb227cedf5cdae128417dbc383cfc2da03ce323647a9f79eb3a4a7,2022,Review,English,EC_EV_FINAL_SCOPE,include,verified_member_of_final_4974
EC_EV_001654,,52b17b0929cabd3107a5e752327336c9eb8242542d16452588fda90afd7c2978,2017,Review,English,EC_EV_FINAL_SCOPE,include,verified_member_of_final_4974
EC_EV_001655,10.3389/fphar.2021.677810,bbfe7fa8b8de28afcb62c60949b782f14808222862a6ae38ee7a144ef4c0bcef,2021,Article,English,EC_EV_FINAL_SCOPE,include,verified_member_of_final_4974
EC_EV_001656,10.2147/ijn.s436350,a4c7efbc4526df462c7c1edaf98ac31542e410b7cf806eed04f02d3167bc488c,2023,Article,English,EC_EV_FINAL_SCOPE,include,verified_member_of_final_4974
EC_EV_001657,10.1080/21655979.2021.2001185,59c4acbee8f3c285b912f6c0a7b465ebe2c6dfacfbd268664789760bb3a1a963,2021,Article,English,EC_EV_FINAL_SCOPE,include,verified_member_of_final_4974
EC_EV_001658,10.1155/2019/1958941,1cf6c7cb43aadd820b494df1d113530fcab0f574ad64ddd1d579e9a1df221e4d,2019,Article,English,EC_EV_FINAL_SCOPE,include,verified_member_of_final_4974
EC_EV_001659,10.1016/j.imbio.2018.01.001,2054113435bffcddfda7f3696b65a2bb470c7af31e17af46371b3e26feb32969,2018,Review,English,EC_EV_FINAL_SCOPE,include,verified_member_of_final_4974
EC_EV_001660,10.1186/s12933-023-02096-9,0443b123d0cb4ecb71c44701325b42a2f0c8c18646b02155d71f8735bdeb8194,2024,Article,English,EC_EV_FINAL_SCOPE,include,verified_member_of_final_4974
EC_EV_001661,10.2174/1566523222666220303102951,7b24a6f5965bc3b897cbd5951454d6d6688359218f8cde1b0f46a0f72fbe3e78,2022,Article,English,EC_EV_FINAL_SCOPE,include,verified_member_of_final_4974
EC_EV_001662,10.3389/fcell.2021.804049,f897f1faa1be7386b06d2c938b6403950f23c2712c5e76400b94b098ca27efbb,2022,Article,English,EC_EV_FINAL_SCOPE,include,verified_member_of_final_4974
EC_EV_001663,10.3389/fbioe.2022.829868,bf2d343402a449b3b72657047e425fefab9088992375936d522455aadcb67fac,2022,Article,English,EC_EV_FINAL_SCOPE,include,verified_member_of_final_4974
EC_EV_001664,10.1016/j.mehy.2023.111162,fbca44073eb9eb439863f291790b682f0e80da0171da396a5dae74ec3f431e63,2023,Article,English,EC_EV_FINAL_SCOPE,include,verified_member_of_final_4974
EC_EV_001665,10.1126/scisignal.ade0580,5eed9a92d7124cf571dcde9cc22489e2e304b89ef3775199e33f71228466ac61,2024,Article,English,EC_EV_FINAL_SCOPE,include,verified_member_of_final_4974
EC_EV_001666,10.3892/ijmm.2013.1444,159aa2f4a2e5686c1df2ec5e599eab3c89974bf521227397f94e062af012e909,2013,Review,English,EC_EV_FINAL_SCOPE,include,verified_member_of_final_4974
EC_EV_001667,10.1038/hr.2016.163,4f683d64815f256cf0b5a99bbb86f9ae2b47fd03cf51940cbd36cf39530ac6da,2017,Article,English,EC_EV_FINAL_SCOPE,include,verified_member_of_final_4974
EC_EV_001668,10.1113/jp285907,706d8f5c34d4c043e159b9452171993febb68a144135dc3ac71a0dd25c549e2d,2025,Article,English,EC_EV_FINAL_SCOPE,include,verified_member_of_final_4974
EC_EV_001669,10.1007/s10456-017-9554-9,131ce6882eade5ee292963c49893ed7ec33b8b2b848355f4868d6984dc40f9b4,2017,Article,English,EC_EV_FINAL_SCOPE,include,verified_member_of_final_4974
EC_EV_001670,10.1038/s41419-019-2100-5,9722d2481d1bac13db627b468e5c24f0e8132bab4081e806893137c61e927854,2019,Article,English,EC_EV_FINAL_SCOPE,include,verified_member_of_final_4974
EC_EV_001671,10.1007/s10620-018-5380-1,896ffe7998e552f5733e3fbb416f4b52952c11f3058c207e458789145819ddfc,2019,Article,English,EC_EV_FINAL_SCOPE,include,verified_member_of_final_4974
EC_EV_001672,10.1161/atvbaha.120.314152,776a811fe69f2054f1c1711f842c90839ffe45152d91349f5078992bb6e4b868,2020,Article,English,EC_EV_FINAL_SCOPE,include,verified_member_of_final_4974
EC_EV_001673,10.3389/fnins.2018.00811,1f0e991f1dc48c37e531f2cbb3080c7f6535f52dee8f10b72c78d73c4528349d,2018,Review,English,EC_EV_FINAL_SCOPE,include,verified_member_of_final_4974
EC_EV_001674,,2c773e71fa3824ef8156719322ad7b8464b3a0ff4ea01b886df2b2d00e908b59,2021,Article,English,EC_EV_FINAL_SCOPE,include,verified_member_of_final_4974
EC_EV_001675,10.1681/asn.2012080814,20d49d2d4dacfa83882145b5d9254f568865d4a3c643edf2b1631537610449ef,2013,Article,English,EC_EV_FINAL_SCOPE,include,verified_member_of_final_4974
EC_EV_001676,10.1007/s10456-011-9241-1,fb027bba94f2c5a65f88e3ae3858773b05bb996357671212df7d627787235ab5,2012,Article,English,EC_EV_FINAL_SCOPE,include,verified_member_of_final_4974
EC_EV_001677,10.1111/j.1582-4934.2010.01081.x,0789b3055912740b0ac755f968fbe3d02e9ca2ad34f9896b8d3db098754ae5ca,2010,Review,English,EC_EV_FINAL_SCOPE,include,verified_member_of_final_4974
EC_EV_001678,10.1016/j.kint.2021.05.034,7e748f3dbb4ff9cbae12541c7071677f5c3c5e89633ab17b0b02cdba986befd6,2021,Article,English,EC_EV_FINAL_SCOPE,include,verified_member_of_final_4974
EC_EV_001679,10.1080/20013078.2018.1560809,336c9f5a5e193c1b3bbac8b60f4443ffd744b633d13b3accec3c44410a3c5a15,2019,Article,English,EC_EV_FINAL_SCOPE,include,verified_member_of_final_4974
EC_EV_001680,10.1038/ncb1800,e039b320f7298ee27374561acaaa1ec5f35660871762e0a94a6ae16d21e926ea,2008,Article,English,EC_EV_FINAL_SCOPE,include,verified_member_of_final_4974
EC_EV_001681,10.3390/cells8010069,36ab8b06e25a6c8c06ab985e75d797820d21f10c1d89e37f76a38d65362b6b83,2019,Article,English,EC_EV_FINAL_SCOPE,include,verified_member_of_final_4974
EC_EV_001682,10.1111/ejh.13902,8ba2d091cbef31a199f31636693f62daf55d16bdbabe4a13660d8e5d56708630,2023,Article,English,EC_EV_FINAL_SCOPE,include,verified_member_of_final_4974
EC_EV_001683,10.1161/strokeaha.119.026049,1b982a91d7a7ed90c3dda62e250a24d1b7008e460572d098621ab766fe9625ee,2019,Article,English,EC_EV_FINAL_SCOPE,include,verified_member_of_final_4974
EC_EV_001684,10.7150/thno.21234,e833dd6d1b2e4a829a2e7df6fb31c69acffd351938cdee538f6c3ba01cdeaa76,2018,Article,English,EC_EV_FINAL_SCOPE,include,verified_member_of_final_4974
EC_EV_001685,10.3389/fimmu.2023.1129766,43bf7a32ad46cd38a696e14237f0a919dc378f50b67bfa7a02523fa025f42e5f,2023,Article,English,EC_EV_FINAL_SCOPE,include,verified_member_of_final_4974
EC_EV_001686,10.1016/j.mvr.2018.05.007,772521de055cd0325b43a3a77202030e30efb31af776bd6308447261d534a9fc,2018,Article,English,EC_EV_FINAL_SCOPE,include,verified_member_of_final_4974
EC_EV_001687,10.2174/0115665232258527230919071328,49fa3f34a9b375d93105c3e2ea00e6763c75239ab52d17131d04f5f7aa4ae017,2024,Article,English,EC_EV_FINAL_SCOPE,include,verified_member_of_final_4974
EC_EV_001688,10.1007/s11033-022-07760-z,26a9641a0363125dbb3acd29359415c82c68a4c690f24916105292f1c5249c16,2022,Article,English,EC_EV_FINAL_SCOPE,include,verified_member_of_final_4974
EC_EV_001689,10.1038/oncsis.2017.52,5e629a3e3f16c63df5c5f86579648473536eb1f456db9e423493ff3d458aea80,2017,Article,English,EC_EV_FINAL_SCOPE,include,verified_member_of_final_4974
EC_EV_001690,10.3390/biomedicines12020441,7ff95c13d82dba73ab3e147c36a655febd901f31b0a8d17445bf2c2a078cbd04,2024,Article,English,EC_EV_FINAL_SCOPE,include,verified_member_of_final_4974
EC_EV_001691,10.3389/fcell.2021.674084,d055f01fcb9c063e4619a2710b2e49c49f39595cdf8cda63e99b0bcde49b9d18,2021,Review,English,EC_EV_FINAL_SCOPE,include,verified_member_of_final_4974
EC_EV_001692,10.1002/smll.202006786,19c7d8907ce8b93e08c566ad35aecd887e803f9e4f5cd5d4c7f7329658ba5737,2021,Article,English,EC_EV_FINAL_SCOPE,include,verified_member_of_final_4974
EC_EV_001693,10.1038/s41598-019-52466-1,4f3f4404951b407a32e8e39033fbe2ca2ebc315197f04427269faaea788923a1,2019,Article,English,EC_EV_FINAL_SCOPE,include,verified_member_of_final_4974
EC_EV_001694,10.1002/smll.202404463,a69902a101fc939f06eecd84e88125718e28e095b9a34e7f18eebf02011f1d0e,2024,Article,English,EC_EV_FINAL_SCOPE,include,verified_member_of_final_4974
EC_EV_001695,10.1016/j.intimp.2021.107740,10ce3a709a4129b1f9463f5b8a420d31edb0d6471f58f78155a0b5f900efd380,2021,Article,English,EC_EV_FINAL_SCOPE,include,verified_member_of_final_4974
EC_EV_001696,,4b73cdbed4cfa5a150a715ecd56f5d94639c6b88fc82d229bc49b33b78f18bc7,2022,Article,English,EC_EV_FINAL_SCOPE,include,verified_member_of_final_4974
EC_EV_001697,10.1016/j.jconrel.2024.07.065,6d0f505cfbead64e03b196043449bf07c59740bdcced865525393bde99f74ce0,2024,Article,English,EC_EV_FINAL_SCOPE,include,verified_member_of_final_4974
EC_EV_001698,10.3390/ijms20102584,7dab7534991c9b7f5089acdc3bd6ca8307e7645007f0de864a29a10799a8d3ac,2019,Review,English,EC_EV_FINAL_SCOPE,include,verified_member_of_final_4974
EC_EV_001699,10.1177/10760296221138296,9fc2e3afc583e5ec951b01f9b5df5cbda41ccde8af8f8d639b7666672307125c,2022,Article,English,EC_EV_FINAL_SCOPE,include,verified_member_of_final_4974
EC_EV_001700,10.1186/s13287-021-02319-4,b79bdd35ccb533a024d2076caa77c98a15efd8667cf73c1d9fc18be514e98bcd,2021,Article,English,EC_EV_FINAL_SCOPE,include,verified_member_of_final_4974
EC_EV_001701,10.1038/s41419-021-03986-0,9014274d1a4f6f758d8f3bb47caa3301a656a38c8bf966ba8d372093bf04aa89,2021,Article,English,EC_EV_FINAL_SCOPE,include,verified_member_of_final_4974
EC_EV_001702,10.1007/s10557-020-07080-z,2c3ce5c0c69aa77287616c6df6a3fcf8b46cac93fc10faf1166b4c1b09e51234,2022,Review,English,EC_EV_FINAL_SCOPE,include,verified_member_of_final_4974
EC_EV_001703,10.3389/fcell.2021.663207,c4aff282e693e1199e93df382023d3bd8b61f9a4fa0a758b33427c376d44b57a,2021,Article,English,EC_EV_FINAL_SCOPE,include,verified_member_of_final_4974
EC_EV_001704,10.1002/jev2.12228,c24eab0de329f19775e5396a00816262a30f24e6e914fb5cceb328dd28f0374a,2022,Article,English,EC_EV_FINAL_SCOPE,include,verified_member_of_final_4974
EC_EV_001705,10.1007/s00441-022-03657-2,8e35cb78c04bdae5ba542fadc1ebcf0eefd7b3c71cb8957771dd6476fa958c41,2022,Article,English,EC_EV_FINAL_SCOPE,include,verified_member_of_final_4974
EC_EV_001706,10.1016/j.yexcr.2020.112360,c18b41eec45904b13e993b407e02081a572b0c9cfde1b1cecedaa76c775a882a,2020,Article,English,EC_EV_FINAL_SCOPE,include,verified_member_of_final_4974
EC_EV_001707,10.1177/13860291241291326,67232ea3268dd9a765e33758b55bdf457a8c267281d42e1c044fc6b83fa68bee,2025,Article,English,EC_EV_FINAL_SCOPE,include,verified_member_of_final_4974
EC_EV_001708,10.1186/s12974-024-03013-x,df8a58c7b833921da80aeb4f67e69e120c73531e9279a2d14c5684f703f50f60,2024,Article,English,EC_EV_FINAL_SCOPE,include,verified_member_of_final_4974
EC_EV_001709,10.1016/j.thromres.2017.05.028,a738514fd7327944ccf604d7cb0acc43bafe6157eaff5a85f96b916ce2b0dad7,2017,Article,English,EC_EV_FINAL_SCOPE,include,verified_member_of_final_4974
EC_EV_001710,10.3389/fneur.2021.747380,5426e76098d75cdba8fb00703729f35529ac910d1970b0e75e719519fc52b2f0,2022,Review,English,EC_EV_FINAL_SCOPE,include,verified_member_of_final_4974
EC_EV_001711,10.1158/1541-7786.mcr-18-0358,0857a75f9b56c567432e64333d097603a7b88978037acec60c0b279925e253d0,2018,Article,English,EC_EV_FINAL_SCOPE,include,verified_member_of_final_4974
EC_EV_001712,10.3389/fcvm.2018.00151,e14c45e913289cc91a5cc8f030208798653a1092a575c07b844ccbffb47e378d,2018,Review,English,EC_EV_FINAL_SCOPE,include,verified_member_of_final_4974
EC_EV_001713,10.3390/biom11020249,ff6cec968afce00f27a93d68a0b9b8012f82c8d68f6ad5f9532c02090b0a6e4c,2021,Review,English,EC_EV_FINAL_SCOPE,include,verified_member_of_final_4974
EC_EV_001714,10.1186/s40001-023-01182-8,077b3cf39702ae6617e37cf30a1fc65576c5591f7722c9bbd26605b3f35dbeda,2023,Article,English,EC_EV_FINAL_SCOPE,include,verified_member_of_final_4974
EC_EV_001715,10.1016/j.bbadis.2020.165833,124aec4f4f70be8a11dc84c50d41094fd9c9dc51c2fd987174275315374037ad,2020,Review,English,EC_EV_FINAL_SCOPE,include,verified_member_of_final_4974
EC_EV_001716,10.1186/s12964-020-00535-8,9bb51335d488ecd20422062f2d4631b7132ebf10154d8fb6b321c0a0647a700c,2020,Article,English,EC_EV_FINAL_SCOPE,include,verified_member_of_final_4974
EC_EV_001717,10.1016/j.bbadis.2017.11.010,681b46d669e43ca315e17d3d430c380a62b1903343af3339f778023ba559a405,2018,Article,English,EC_EV_FINAL_SCOPE,include,verified_member_of_final_4974
EC_EV_001718,10.1161/jaha.124.036757,6b4d9b05de96fa0f737f6fc056266671cfe8a0f76475cc3b42de07aeec0ec324,2024,Article,English,EC_EV_FINAL_SCOPE,include,verified_member_of_final_4974
EC_EV_001719,10.1038/s41467-018-07810-w,d2c87156effaa726932cfd3a2b6167a92fd70554656168e98871890e505eea1f,2018,Article,English,EC_EV_FINAL_SCOPE,include,verified_member_of_final_4974
EC_EV_001720,10.3389/fncel.2016.00043,26835fdf94ffc91c00e7aa42b51277c709ad64b0fe6b49efbd5e055741eb9b7a,2016,Article,English,EC_EV_FINAL_SCOPE,include,verified_member_of_final_4974
EC_EV_001721,10.3389/fmolb.2021.796385,e32bd36b430c43d39a03d358acc2a16531e1c5f2e014d09449fbabab92edafe2,2022,Review,English,EC_EV_FINAL_SCOPE,include,verified_member_of_final_4974
EC_EV_001722,10.1002/jev2.70038,62805c5e2441ade8309326a3bfe0a3ddd76fa7ac363343b5f5f519eeeb9296e8,2025,Article,English,EC_EV_FINAL_SCOPE,include,verified_member_of_final_4974
EC_EV_001723,10.1007/s11064-021-03338-6,28ebb7b2e229dcb46a5100f1ac4d1744f60e48ce39541e0c5a74ac7549efb96b,2021,Article,English,EC_EV_FINAL_SCOPE,include,verified_member_of_final_4974
EC_EV_001724,10.1161/atvbaha.119.312707,5ddb1a50dea5859e78ba841e852ddca86146327537e77b9cc8d0ca6eea87f6f4,2019,Article,English,EC_EV_FINAL_SCOPE,include,verified_member_of_final_4974
EC_EV_001725,10.1371/journal.pone.0297121,71f1c43ab85c37d685e965091426ecb422b2a3e318d44aee0c6a6e5371de57bf,2024,Article,English,EC_EV_FINAL_SCOPE,include,verified_member_of_final_4974
EC_EV_001726,10.1111/jcmm.16359,3255d3d36ba1a3db68a6d0af38566caed22c2c2e88fb7e361da61dca4634934d,2021,Review,English,EC_EV_FINAL_SCOPE,include,verified_member_of_final_4974
EC_EV_001727,10.1007/s10753-016-0494-0,bd887f237076042281cdb4e6b7d2c7b5a8699a345378f558c69a6fe5f61b06af,2017,Article,English,EC_EV_FINAL_SCOPE,include,verified_member_of_final_4974
EC_EV_001728,10.1186/s13287-022-02984-z,8ab279e24eae6074d5509213018e9a376bc50e54d2ec2edc80f6fdd35729a412,2022,Article,English,EC_EV_FINAL_SCOPE,include,verified_member_of_final_4974
EC_EV_001729,10.3390/cancers14133128,0e2b42449a4ed2ddd2c667c7981991e06a0b82fbc2fce9511bb56f3d0e285155,2022,Review,English,EC_EV_FINAL_SCOPE,include,verified_member_of_final_4974
EC_EV_001730,10.1093/bjd/ljae492,23c738746c303f734da07c9e5c1f87eb9412b82df13257a9a2816227326aaab8,2025,Article,English,EC_EV_FINAL_SCOPE,include,verified_member_of_final_4974
EC_EV_001731,10.1002/sctm.16-0386,cd40d0652aebea1e98bb4106802ff19b3f62b04d6136615ed759c7cdb94c829f,2017,Article,English,EC_EV_FINAL_SCOPE,include,verified_member_of_final_4974
EC_EV_001732,10.1155/2023/4980871,3c752415811f3647ece58e25e8b77b13e7016c451a522bf6de3072fe7eb5234a,2023,Article,English,EC_EV_FINAL_SCOPE,include,verified_member_of_final_4974
EC_EV_001733,10.1186/s12951-023-01767-9,35f66dadc080607a9bd3759067a23d2d46f9d2a5829817e430e576f18f6535d8,2023,Article,English,EC_EV_FINAL_SCOPE,include,verified_member_of_final_4974
EC_EV_001734,10.3389/fphys.2021.752287,5165711c622a9d9df874dd7f0acb00805e0df7a2c18d5ef390c9effb32f16e1c,2021,Review,English,EC_EV_FINAL_SCOPE,include,verified_member_of_final_4974
EC_EV_001735,10.1016/j.yexcr.2019.111541,3752db1796d91d7ec2289b42371f345bf5da1bcbeac7e9b2acd62be70c1c2b91,2019,Article,English,EC_EV_FINAL_SCOPE,include,verified_member_of_final_4974
EC_EV_001736,10.1681/asn.2018040368,c5daf1fc8c224c662d90aca9a3b08d5a2535b9ccbf111be1588488485ee73a4c,2018,Article,English,EC_EV_FINAL_SCOPE,include,verified_member_of_final_4974
EC_EV_001737,10.3390/ijms21218032,3514ef9a796302162aef5bc4873374c7d66e296389832f453a5f1b73c152b4e5,2020,Article,English,EC_EV_FINAL_SCOPE,include,verified_member_of_final_4974
EC_EV_001738,10.3389/fncel.2022.841544,10cb9d3e3b0ba24ecedb6231ed95f4248569f3a8329b6091ffdd395f07f88dec,2022,Article,English,EC_EV_FINAL_SCOPE,include,verified_member_of_final_4974
EC_EV_001739,10.1007/s13577-021-00543-x,e4857757bc13bcf054124c7b2a17dee6cdf91fbeb95e32fe892cf58ca040244c,2021,Article,English,EC_EV_FINAL_SCOPE,include,verified_member_of_final_4974
EC_EV_001740,10.1016/j.biopha.2022.113471,a13e823c804995c519c6e8cd98b9b03a2b7cdb24eaedbb65ba00a7ea579cf213,2022,Article,English,EC_EV_FINAL_SCOPE,include,verified_member_of_final_4974
EC_EV_001741,10.1134/s0026893313050166,f8b3378e6bd771c9d43c3bcf03c464391f13d2803aa05ea5441cbc1bb9b23300,2013,Review,English,EC_EV_FINAL_SCOPE,include,verified_member_of_final_4974
EC_EV_001742,10.1186/s12943-015-0400-7,11d60c62ffd763ffaaf450d46231c8113eade7ddc7412c1a06167aa4df39e775,2015,Article,English,EC_EV_FINAL_SCOPE,include,verified_member_of_final_4974
EC_EV_001743,10.1038/s41551-021-00705-0,ed7de1dfa9d7df322a720f3f8f251cac331a47a1039c8993eb5b4733e6fc2705,2021,Article,English,EC_EV_FINAL_SCOPE,include,verified_member_of_final_4974
EC_EV_001744,10.1007/s43032-022-00977-0,309f1865f6a210afa114a39f9981974a500e03c804647fae4f37dbd7bcd5f2ef,2022,Article,English,EC_EV_FINAL_SCOPE,include,verified_member_of_final_4974
EC_EV_001745,10.1016/j.mtbio.2025.101661,44650f528503fcc204ee4ce50e0dd5ed4e7133195bb64955da0b0892516ccae7,2025,Article,English,EC_EV_FINAL_SCOPE,include,verified_member_of_final_4974
EC_EV_001746,10.3389/fimmu.2021.641427,1bccef62e6f7ff44be8242f33c1503d4dc23960217a5ccf513a4653af310a6af,2021,Review,English,EC_EV_FINAL_SCOPE,include,verified_member_of_final_4974
EC_EV_001747,10.1371/journal.pone.0225472,8662b7943355f04cc0c70c7c728b4ad452bddf2c18bbbe953e55e0be6396e3b9,2019,Article,English,EC_EV_FINAL_SCOPE,include,verified_member_of_final_4974
EC_EV_001748,10.1016/j.bbrc.2019.06.161,1978dfdb1898503ba2a3aeb3fc835752728061966c74b0aaa6e1d19f3d340235,2019,Article,English,EC_EV_FINAL_SCOPE,include,verified_member_of_final_4974
EC_EV_001749,10.1038/cr.2017.62,b404ce72e0da2a4b7bf9f4bdbdda03215dfa219692f5a7b0c038736222a698e8,2017,Article,English,EC_EV_FINAL_SCOPE,include,verified_member_of_final_4974
EC_EV_001750,10.1016/j.phrs.2022.106206,fa1830171e0914dd79075f9b8519d88e17a52311ef84927dc2811ba2e1c4d5b8,2022,Article,English,EC_EV_FINAL_SCOPE,include,verified_member_of_final_4974
EC_EV_001751,10.1016/j.bcp.2024.116081,9db7e2dc53ad655d86fc92a83fec3c861f0978c65146a2fc7bb35eb1f1e0eeac,2024,Review,English,EC_EV_FINAL_SCOPE,include,verified_member_of_final_4974
EC_EV_001752,10.3389/fnagi.2022.926485,789001d5f3a7e677d6dbad9d17e19ce6d3627073fa705fd84abf566c44c78151,2022,Article,English,EC_EV_FINAL_SCOPE,include,verified_member_of_final_4974
EC_EV_001753,10.1016/j.ijcard.2018.09.118,91a7d1ac3d3c931466e047ecec7c3dff43a4bda16aae7dbc3cecfd041d2dc1d7,2019,Article,English,EC_EV_FINAL_SCOPE,include,verified_member_of_final_4974
EC_EV_001754,10.1159/000453544,2172677b91cf5da437ff5fa25a8886d3c03c88de6f5d5ffff6e33a7bb79c8479,2017,Article,English,EC_EV_FINAL_SCOPE,include,verified_member_of_final_4974
EC_EV_001755,10.2174/0115665240277763231206051401,b4bc9f8289c6af6798f7272a85b04f80096edd9ec2cb74c8386e8d7261f03c00,2025,Article,English,EC_EV_FINAL_SCOPE,include,verified_member_of_final_4974
EC_EV_001756,10.1016/j.tice.2022.101800,62ec8357555ad43b9fc76511f522c6d8cacf259444cb948cd6513e808fdd35ce,2022,Article,English,EC_EV_FINAL_SCOPE,include,verified_member_of_final_4974
EC_EV_001757,10.1177/09612033251330099,6b7d655b57c8b22a8b7c45d20f8fb1c11b35f115b9caba0f3649a2d6ea126b6e,2025,Article,English,EC_EV_FINAL_SCOPE,include,verified_member_of_final_4974
EC_EV_001758,10.1016/j.canlet.2022.215827,c9de725a68910a5827d7c998d185eaf0cd939fa345285a97e7d4823cd2ea7947,2022,Article,English,EC_EV_FINAL_SCOPE,include,verified_member_of_final_4974
EC_EV_001759,10.1016/j.heliyon.2024.e26800,28372b7c7ccbd7c64c296634b8f734f6201d301d84f4856eaa1ceadcff99cbf4,2024,Article,English,EC_EV_FINAL_SCOPE,include,verified_member_of_final_4974
EC_EV_001760,10.1186/s40824-023-00410-w,5392b03bb0b7bec9493443896fb2ad00aa7ec0d958785fd3ec0a6f7105ef0b4e,2023,Article,English,EC_EV_FINAL_SCOPE,include,verified_member_of_final_4974
EC_EV_001761,10.3389/pore.2024.1611549,53c2702e6c27ce57b2d67cbb797da4415ea24b43bca30b38d114334a18bf53fe,2024,Review,English,EC_EV_FINAL_SCOPE,include,verified_member_of_final_4974
EC_EV_001762,10.1016/j.devcel.2019.01.004,b284206095a41d4fcf13ffc6d96355c9b818c421bfd7bb7b8c6e65493599c05c,2019,Article,English,EC_EV_FINAL_SCOPE,include,verified_member_of_final_4974
EC_EV_001763,10.1016/j.jddst.2024.105828,3537492ae71f54c73e7189fbf0babea9f3a8a5e80bff3b6d107947128d5910a3,2024,Article,English,EC_EV_FINAL_SCOPE,include,verified_member_of_final_4974
EC_EV_001764,10.1039/d2cc05827h,a1c8eada8eca52bb54501e85fdecdb02bc91284a9bcec7a3d4cd039017183504,2023,Article,English,EC_EV_FINAL_SCOPE,include,verified_member_of_final_4974
EC_EV_001765,10.22203/ecm.v050a09,edca5dd1f652ab2aab3cab5ba10ba66fb43498c541256add8755be612c5ee8a8,2025,Article,English,EC_EV_FINAL_SCOPE,include,verified_member_of_final_4974
EC_EV_001766,10.3389/fimmu.2023.1104890,c1339cc9c5dbae4b4e48d9e2f4bd659ee19ad2ac97ab85e0d0776c7048eaecf3,2023,Article,English,EC_EV_FINAL_SCOPE,include,verified_member_of_final_4974
EC_EV_001767,10.1186/s12964-022-00872-w,11d8116947c262587c0d2e872acb0a76373545a1f6c5b98508d1b5abacd7283a,2023,Article,English,EC_EV_FINAL_SCOPE,include,verified_member_of_final_4974
EC_EV_001768,10.3390/cancers14122953,bee00d22fdc59afdbc1669e14d8b19068441b191185a21ae457592da1884455b,2022,Article,English,EC_EV_FINAL_SCOPE,include,verified_member_of_final_4974
EC_EV_001769,10.1007/s12975-020-00807-y,b3530e3d7be6152d976a7d58095377c4350cecc08d5e6aeb76ac22145066e674,2021,Article,English,EC_EV_FINAL_SCOPE,include,verified_member_of_final_4974
EC_EV_001770,10.1016/j.intimp.2022.109066,aa8054e7650c460e65b4fea20f3070d02be0633260c0bc9e07b033a637f02b3d,2022,Article,English,EC_EV_FINAL_SCOPE,include,verified_member_of_final_4974
EC_EV_001771,10.1126/sciadv.adr6940,928226fca266e01449d328fd1c918eced384bd35c53bf0cbe700c93a83af1a0d,2025,Article,English,EC_EV_FINAL_SCOPE,include,verified_member_of_final_4974
EC_EV_001772,10.1080/20013078.2017.1359479,fd993bb15762216c9ea1baf47fb699e796abe4ef13be4688bbd1e8f2b03f0086,2017,Article,English,EC_EV_FINAL_SCOPE,include,verified_member_of_final_4974
EC_EV_001773,10.7150/thno.35300,2726ad8bb25bc5d851a1559f66b4f56a0b5aab933ddf525b3e91baa915050843,2019,Review,English,EC_EV_FINAL_SCOPE,include,verified_member_of_final_4974
EC_EV_001774,10.3390/biology9110395,309536486d8da2f9d88ff5891328436b44138d45aeb39939e246e671b33cc18e,2020,Review,English,EC_EV_FINAL_SCOPE,include,verified_member_of_final_4974
EC_EV_001775,10.1111/dme.15386,06c08307025410c19f43ae1a0e3478eaa31b202774e3f94cde43eacf0c29b3f5,2024,Article,English,EC_EV_FINAL_SCOPE,include,verified_member_of_final_4974
EC_EV_001776,10.1016/j.preghy.2021.05.008,6b58fe5d835b547e2f237a0f4c44623e8a1fc1df39bb41fad58e821ad20f28a8,2021,Article,English,EC_EV_FINAL_SCOPE,include,verified_member_of_final_4974
EC_EV_001777,10.3390/ijms23105760,50abd1893c740b3eb5bdc4d6b026b77fb6ec55b588df16ef44ad1fec30389ac4,2022,Review,English,EC_EV_FINAL_SCOPE,include,verified_member_of_final_4974
EC_EV_001778,10.1097/tp.0000000000003194,5c8e22bff9b27391960d036da33200a7714201290e7de9fffd042f065b246844,2020,Article,English,EC_EV_FINAL_SCOPE,include,verified_member_of_final_4974
EC_EV_001779,10.1002/jcb.27581,77b34f001c9b53c9ded76b0265ba785ccb98ccaddf5c620b23c9ec3df979491d,2019,Article,English,EC_EV_FINAL_SCOPE,include,verified_member_of_final_4974
EC_EV_001780,10.1007/s00018-021-03969-6,4e6ef7cfde315ecfd6e77eba6907fb18837b1c50619f8d691efe8c37401f6aaf,2021,Article,English,EC_EV_FINAL_SCOPE,include,verified_member_of_final_4974
EC_EV_001781,10.1186/s13287-024-03920-z,0102b1ddc4a4c37b4db42ae09726805e906a0a38dea12ed308b56d0e462ff588,2024,Article,English,EC_EV_FINAL_SCOPE,include,verified_member_of_final_4974
EC_EV_001782,10.1126/sciadv.adm8454,d69597b9aa8355de40dc32ccfebfd9e1c87e03d522184362560716b6b0e27232,2024,Article,English,EC_EV_FINAL_SCOPE,include,verified_member_of_final_4974
EC_EV_001783,10.1016/j.intimp.2024.113862,22550c7ff458e57939881fb30b91d3f3cf930e28fb63e723e2c7806d312716a2,2025,Article,English,EC_EV_FINAL_SCOPE,include,verified_member_of_final_4974
EC_EV_001784,10.2147/ott.s244652,1d18d82f4c37bebb69cc6824c1509dc1eb4d4a0def54f03fac11a45bef8851ae,2020,Article,English,EC_EV_FINAL_SCOPE,include,verified_member_of_final_4974
EC_EV_001785,10.3389/fnins.2019.00319,3dbded88b4275e602db2906e7f9e5db6f7953713699c8a800697088332c9fb7f,2019,Article,English,EC_EV_FINAL_SCOPE,include,verified_member_of_final_4974
EC_EV_001786,10.1208/s12248-016-0015-y,d1a679fdc3dc516cbe2ecef6a29f838d0e845bd3ce5d56923fb7bfaa3c291c2d,2017,Article,English,EC_EV_FINAL_SCOPE,include,verified_member_of_final_4974
EC_EV_001787,10.1021/acsnano.2c10824,0a914967073fdcaaebb09eb33dfe88495b49407f64c449b999a76cc7baea30ad,2023,Article,English,EC_EV_FINAL_SCOPE,include,verified_member_of_final_4974
EC_EV_001788,10.1002/advs.202307761,fb80c6e34753dc1dfd0eb67a0588be6f29482e4d0a439f8ec013c9113677436d,2024,Article,English,EC_EV_FINAL_SCOPE,include,verified_member_of_final_4974
EC_EV_001789,10.21037/atm-22-475,bf81e7b9aa9a0ad99f187e509fea72b2465d0e24da29b6330de720405f4af130,2022,Article,English,EC_EV_FINAL_SCOPE,include,verified_member_of_final_4974
EC_EV_001790,10.1016/j.redox.2021.102142,2b1d5fe0e12cb2f40f695f4bcfa8a76196fa2304da83dd0f3ae6520a19d4e2aa,2021,Article,English,EC_EV_FINAL_SCOPE,include,verified_member_of_final_4974
EC_EV_001791,10.1016/j.ecoenv.2020.110652,afa90a7acdffa45d2b2dc9096702fe6af50534b6ddb1c1eb5c310e12593cf4c0,2020,Article,English,EC_EV_FINAL_SCOPE,include,verified_member_of_final_4974
EC_EV_001792,10.1111/cts.12799,ffcd8b29c901d5cda569595001a97ef47706c9c3edc7490efe31103c06d71455,2021,Article,English,EC_EV_FINAL_SCOPE,include,verified_member_of_final_4974
EC_EV_001793,10.1002/iub.2474,12a62b1c8c2a732a89dd3f28e36480c5d918529e5f64865753e7b5127a93f343,2021,Article,English,EC_EV_FINAL_SCOPE,include,verified_member_of_final_4974
EC_EV_001794,10.1155/2022/2457687,d7adc51e5d7b5f86599345f65b0f2db75da2ae6a706a8465610fa0184e83477d,2022,Article,English,EC_EV_FINAL_SCOPE,include,verified_member_of_final_4974
EC_EV_001795,10.1038/srep43546,3a0d76adf2a6f3713091f278718dfbcfe45fe4d4dcb155c9b7d4a824b0ab393e,2017,Article,English,EC_EV_FINAL_SCOPE,include,verified_member_of_final_4974
EC_EV_001796,10.1016/j.abb.2023.109822,b504646db39966849841e7dc2d89b12c7a814656ed19e612c18a3fd3b3f36894,2024,Article,English,EC_EV_FINAL_SCOPE,include,verified_member_of_final_4974
EC_EV_001797,10.2147/ijn.s391173,334b31e74009fee5e6a6f032e8bd58dceac73040108f5ba2dcb305b46a448670,2023,Article,English,EC_EV_FINAL_SCOPE,include,verified_member_of_final_4974
EC_EV_001798,10.7150/thno.72404,3d2e62def81e4000deef329017d23a5fa75acf174349e600b26d9aa43a39b02f,2022,Article,English,EC_EV_FINAL_SCOPE,include,verified_member_of_final_4974
EC_EV_001799,10.1111/jcmm.70187,6ead759e870f01c806f6c0937e7b232c8537292b2d75cc9074652d4d69eb7335,2024,Article,English,EC_EV_FINAL_SCOPE,include,verified_member_of_final_4974
EC_EV_001800,10.1002/term.3358,b0f43050bed7558689317748274b8263285525349803f3b0eb467ff8c25cbc80,2022,Article,English,EC_EV_FINAL_SCOPE,include,verified_member_of_final_4974
EC_EV_001801,10.1002/hep.29920,072169326f3fe69f9c73aad35676c4f671b8c8e9ddd72aa15c15da2a8de8872f,2018,Article,English,EC_EV_FINAL_SCOPE,include,verified_member_of_final_4974
EC_EV_001802,10.1016/j.jma.2023.05.007,71b09767512395ae18fa1a918052f1ddd6551081b7707a3f654ee00ac78affd3,2024,Article,English,EC_EV_FINAL_SCOPE,include,verified_member_of_final_4974
EC_EV_001803,10.1371/journal.pone.0272962,25c69a9d133b3a7026b675dadcb67735a338b562f6150d84e07176e43ae978bd,2022,Article,English,EC_EV_FINAL_SCOPE,include,verified_member_of_final_4974
EC_EV_001804,10.1042/cs20180639,19564b8b9708b2d85b50d681f75bf73f06640d73bcbf79193a9ad6be5ba4dbd4,2018,Article,English,EC_EV_FINAL_SCOPE,include,verified_member_of_final_4974
EC_EV_001805,10.3390/biom12121774,54bb3b0eecae660699b54f34090a0a43063aa3d1c7f290a2ae9a5e182d7eb064,2022,Review,English,EC_EV_FINAL_SCOPE,include,verified_member_of_final_4974
EC_EV_001806,10.1093/humrep/dex310,97468e909e4122c74aaf9b7ad3161c558e3ac00f8e5d661679c78a107a6a4693,2017,Article,English,EC_EV_FINAL_SCOPE,include,verified_member_of_final_4974
EC_EV_001807,10.7150/thno.17450,ba1cd04fa90fd76fd7697f56c94ff69281b2ce83b0c00c027b80c8aeecef7e08,2017,Article,English,EC_EV_FINAL_SCOPE,include,verified_member_of_final_4974
EC_EV_001808,10.2147/cmar.s221527,c343bf5e2e27883bf6dfdc30d698247c9281a8a525a55552054f627404178bb4,2019,Article,English,EC_EV_FINAL_SCOPE,include,verified_member_of_final_4974
EC_EV_001809,10.1186/s12964-024-01672-0,274856f94acc43fd8b0b1950da02ff5191433160469717414260daf5191583e7,2024,Article,English,EC_EV_FINAL_SCOPE,include,verified_member_of_final_4974
EC_EV_001810,10.1002/advs.202305339,12ef961bc7baf7fb0c778a764a914aa8e690fc5cd24db1d7fac8e6af7771e190,2024,Article,English,EC_EV_FINAL_SCOPE,include,verified_member_of_final_4974
EC_EV_001811,10.1007/s13402-023-00855-0,296230f78d8a1696a35fb4f243d56b5f7b1c84e9c68dcf53b62c49916cd76bcc,2024,Article,English,EC_EV_FINAL_SCOPE,include,verified_member_of_final_4974
EC_EV_001812,10.3389/fcvm.2021.717536,136d4b7582c4e108a484bd9794d3a007173edeeace52591075eae08f6a7a5e38,2021,Review,English,EC_EV_FINAL_SCOPE,include,verified_member_of_final_4974
EC_EV_001813,10.1007/s10549-021-06250-3,e167cae6771b413a54f2461f9c839092ff1d7ab064aa26ba9ce107da19ab57a1,2021,Article,English,EC_EV_FINAL_SCOPE,include,verified_member_of_final_4974
EC_EV_001814,10.1016/j.healun.2022.02.020,c06bf31a14931c7ac59cf63869176a683bbb48c15855b1443d787463c5e44925,2022,Review,English,EC_EV_FINAL_SCOPE,include,verified_member_of_final_4974
EC_EV_001815,10.1016/j.jacbts.2022.09.014,fd7564777eb232f37f6ef9e1435cbf6d622efe81586bdf36b6a9f9e6637e593d,2023,Article,English,EC_EV_FINAL_SCOPE,include,verified_member_of_final_4974
EC_EV_001816,10.3389/fcvm.2023.1090909,b1f839edab0fea3282228a3297f905c91efd850b1b7248e0affb148e19ebed57,2023,Review,English,EC_EV_FINAL_SCOPE,include,verified_member_of_final_4974
EC_EV_001817,10.3389/fcvm.2021.738031,122d048dc7e2411b79baa9833c9c22847d994020882f283d59f33cf95c1f7cdc,2021,Review,English,EC_EV_FINAL_SCOPE,include,verified_member_of_final_4974
EC_EV_001818,10.1152/ajpcell.00092.2020,810bf9c952bd62de393b2034a653641362862a48e025361ede88e89d6016572e,2021,Article,English,EC_EV_FINAL_SCOPE,include,verified_member_of_final_4974
EC_EV_001819,10.5664/jcsm.7110,5532ea23cb328b63b84c016bfbce80568b23150eb54aadd701012e11ed4f14fa,2018,Article,English,EC_EV_FINAL_SCOPE,include,verified_member_of_final_4974
EC_EV_001820,10.1111/boc.202100086,ff8ff1b158c420c9e5ff980cc164ce47c95cb6c361fbb6589c5f8a7a73610caf,2022,Article,English,EC_EV_FINAL_SCOPE,include,verified_member_of_final_4974
EC_EV_001821,10.1016/j.yexcr.2022.113026,48f13cb9ee126c02e3a9b6605fe9e05a5a039462f71428d77ce6ed5ae4491da2,2022,Article,English,EC_EV_FINAL_SCOPE,include,verified_member_of_final_4974
EC_EV_001822,10.1213/ane.0000000000005812,b4e4fcb46285014df593cd340db642a621d2705e74735d4005146b8ae4e88f4d,2022,Article,English,EC_EV_FINAL_SCOPE,include,verified_member_of_final_4974
EC_EV_001823,10.1186/s13287-020-01881-7,ebc177750d4eaba7ec2c76fe930d8ba664ac5965d252aca9f3d558b0da75b766,2020,Article,English,EC_EV_FINAL_SCOPE,include,verified_member_of_final_4974
EC_EV_001824,10.1016/j.cellsig.2023.111007,f313aa78e0e5ce9b76683174515791c5798e433348195e223793fd3dbadea1a6,2024,Article,English,EC_EV_FINAL_SCOPE,include,verified_member_of_final_4974
EC_EV_001825,10.3390/biology12010110,e635fa897a588a638f00cbab6bc6a590ebe46cdf4e0013834ff8faefa2b8d576,2023,Review,English,EC_EV_FINAL_SCOPE,include,verified_member_of_final_4974
EC_EV_001826,10.3389/fendo.2023.1035029,7b24baded62017c2f2e52e47e9dd96b005a81977f2da52be11162f807ce2cb72,2023,Article,English,EC_EV_FINAL_SCOPE,include,verified_member_of_final_4974
EC_EV_001827,10.2147/ijn.s464403,c4b5ecb0011c772b03ca201d09e12f8c8c4037924a2a74ada8ee8bd31973cfd1,2024,Article,English,EC_EV_FINAL_SCOPE,include,verified_member_of_final_4974
EC_EV_001828,10.3892/ijmm.2022.5199,9eaaadd86695d75ad490bf7d256477414edb8dae23268db19e6050a7aa53eb20,2022,Article,English,EC_EV_FINAL_SCOPE,include,verified_member_of_final_4974
EC_EV_001829,10.1055/a-1926-0453,fac146adc10b92c8586992ed5dbff385ba408d5d4e34ed60fbbd92c752e7cc8f,2023,Article,English,EC_EV_FINAL_SCOPE,include,verified_member_of_final_4974
EC_EV_001830,10.1038/s41598-019-48049-9,3908b5164ac43c04ae976c6e80f671f26a444f9ce20539183323884ca8e59fe2,2019,Article,English,EC_EV_FINAL_SCOPE,include,verified_member_of_final_4974
EC_EV_001831,10.1186/s13287-021-02438-y,8c4ad11acd8a4e793c96645a7d9077b2744b20c52a1ef32eb82062723d0d4a8b,2021,Article,English,EC_EV_FINAL_SCOPE,include,verified_member_of_final_4974
EC_EV_001832,10.1182/bloodadvances.2016003251,bb2f85d22f17678d3338bec63786fa1a535421266941dab073118244107b22ca,2017,Article,English,EC_EV_FINAL_SCOPE,include,verified_member_of_final_4974
EC_EV_001833,10.1186/s12964-019-0325-7,c84a86c66000e505091e7b685078e6c53cbb474cd2310173a16453b824276ba7,2019,Article,English,EC_EV_FINAL_SCOPE,include,verified_member_of_final_4974
EC_EV_001834,10.2174/1570161116666180820115726,6013b1ff59f7bebd2ba1420a75a7ec4ba2734f8d90e2e282a2f959e53cd4ea36,2019,Review,English,EC_EV_FINAL_SCOPE,include,verified_member_of_final_4974
EC_EV_001835,10.3390/ijms232113065,a3b2f00eb88bc69a068f5e28ecb58e216bf5c6062238631e57141c0e34d560a6,2022,Article,English,EC_EV_FINAL_SCOPE,include,verified_member_of_final_4974
EC_EV_001836,10.1111/dme.15031,e846f83292470bfad352b5910624d5ffab40e06b78c70e80c88c172fd5a238c9,2023,Article,English,EC_EV_FINAL_SCOPE,include,verified_member_of_final_4974
EC_EV_001837,10.1016/j.numecd.2022.06.013,10c841b531dd99652168e0f5d16b855f74a6adbf3c7e6fea319211d126467ecb,2022,Article,English,EC_EV_FINAL_SCOPE,include,verified_member_of_final_4974
EC_EV_001838,10.1186/s13287-019-1196-y,142c825471670443293a6ce0cee060bde77f24691d92b9d8c6f373938d6f119e,2019,Article,English,EC_EV_FINAL_SCOPE,include,verified_member_of_final_4974
EC_EV_001839,10.1186/s13046-020-01680-1,0ee5a9bd00bee782fc9baa71089f1279cd53e1ec8dca9d14b891fd474f966119,2020,Article,English,EC_EV_FINAL_SCOPE,include,verified_member_of_final_4974
EC_EV_001840,10.1038/s41598-019-44743-w,18f4845381f5f4ab0bbfedc94629574d8505deb554d206b1ad1d8063a5bbc6da,2019,Article,English,EC_EV_FINAL_SCOPE,include,verified_member_of_final_4974
EC_EV_001841,10.1038/s41392-020-00359-5,62b7247b282d822bfd9f565461f55809a7e0638ad4b1de9c1d80b69a03f028ee,2020,Review,English,EC_EV_FINAL_SCOPE,include,verified_member_of_final_4974
EC_EV_001842,10.1002/adhm.202002070,65f407e796c27317a53a959117b937580cc7c663b7ab133fcd275131d2e7a20f,2022,Article,English,EC_EV_FINAL_SCOPE,include,verified_member_of_final_4974
EC_EV_001843,10.21873/anticanres.16044,a18a0d33f3d8ebe9c38762f6505df53166429f74d4ca9f18fc215c4b23d44adb,2022,Article,English,EC_EV_FINAL_SCOPE,include,verified_member_of_final_4974
EC_EV_001844,10.1096/fj.201900262r,f4ecfeb32e060f2cc044bedec01364b101c079b4603ba870dbb57cae036ac002,2019,Article,English,EC_EV_FINAL_SCOPE,include,verified_member_of_final_4974
EC_EV_001845,10.1177/0271678x20911331,dab6d3ac1cbea57b8bd1586926b451f3606441f0f1aa0c80cf338502c767c4f0,2020,Review,English,EC_EV_FINAL_SCOPE,include,verified_member_of_final_4974
EC_EV_001846,10.1002/jev2.12472,606ed2a9ab63d008e9bbdc0910e6b7f55ab65b7f6cd14c1202915401a786d37d,2024,Article,English,EC_EV_FINAL_SCOPE,include,verified_member_of_final_4974
EC_EV_001847,10.1053/j.gastro.2014.10.040,ed6ff8d5d6bdb63fb47e85a84dde1fd7635ad889eb24828c0fd47c823abc8352,2015,Article,English,EC_EV_FINAL_SCOPE,include,verified_member_of_final_4974
EC_EV_001848,10.1186/s11658-023-00432-1,904d99954d39d4efa4e860a8f9f926b011c12a47b4e9cb887c7cbe6399335df8,2023,Article,English,EC_EV_FINAL_SCOPE,include,verified_member_of_final_4974
EC_EV_001849,10.1111/cns.13902,b297fa76d30a974dbd82617c505f7937a62cb6a63e7445f446841b987ece53bf,2022,Article,English,EC_EV_FINAL_SCOPE,include,verified_member_of_final_4974
EC_EV_001850,10.1038/s41598-024-81352-8,fe0fa0f528906b8326bca27e0ba6eeee3a981b31568d2ff3d2d1d0ce4843ef1c,2024,Article,English,EC_EV_FINAL_SCOPE,include,verified_member_of_final_4974
EC_EV_001851,10.1038/s41419-021-03578-y,36ff85f53d3f5b776498123ea704654a7bc21f5b781bc8ad58a7b1090efd5c91,2021,Article,English,EC_EV_FINAL_SCOPE,include,verified_member_of_final_4974
EC_EV_001852,10.1186/s10020-023-00659-w,68c870cd4b4a7bfdb38f10a6271535013f5c521754f8197a910ae0fa0c1cc6bd,2023,Article,English,EC_EV_FINAL_SCOPE,include,verified_member_of_final_4974
EC_EV_001853,10.1002/jev2.12290,c72dace693e71064842c2801836294c81aefc39caef11a3d3d57826e779a50e5,2022,Article,English,EC_EV_FINAL_SCOPE,include,verified_member_of_final_4974
EC_EV_001854,10.1186/ar4679,dd6a787b7c630a0ffb00b1fb1fea9d4d4f197d89f55c2d5d89b448966c32fc0e,2014,Article,English,EC_EV_FINAL_SCOPE,include,verified_member_of_final_4974
EC_EV_001855,10.1016/j.jot.2023.02.001,d4645284be02863e856bba5c7e13a49131c736fa9c1e52ff556de60f6471ad57,2023,Article,English,EC_EV_FINAL_SCOPE,include,verified_member_of_final_4974
EC_EV_001856,,7d12a88bd746ef137a2adfc401a7d21220d892003b8439787223d61e3e957a44,2021,Article,English,EC_EV_FINAL_SCOPE,include,verified_member_of_final_4974
EC_EV_001857,10.5966/sctm.2016-0038,880c99c5c08499abace65d4e9fd0579fa7e1b5528cfffb36cb894c68e936ad71,2017,Article,English,EC_EV_FINAL_SCOPE,include,verified_member_of_final_4974
EC_EV_001858,10.1002/adbi.201800079,e0bba0718493c673d27c1dfc9af721c4f5dd80b0d47873d160a036b225c10d55,2018,Article,English,EC_EV_FINAL_SCOPE,include,verified_member_of_final_4974
EC_EV_001859,10.7150/thno.77256,02af133a996fb39cf7e387720bb1b6398175236e94b80feddbd7252228edbdce,2022,Review,English,EC_EV_FINAL_SCOPE,include,verified_member_of_final_4974
EC_EV_001860,10.3390/ijms21082741,ce16c29a7af3a1fad24268f40dba6327dc45c14de37611fd8c6252b6be908821,2020,Article,English,EC_EV_FINAL_SCOPE,include,verified_member_of_final_4974
EC_EV_001861,10.1152/ajplung.00282.2018,7c614c8b9e7f3c4870bf0ae5abe906794f9cb0ca07d84a81d7713da53ac83870,2019,Article,English,EC_EV_FINAL_SCOPE,include,verified_member_of_final_4974
EC_EV_001862,10.1002/adtp.202200197,d547990b2f3aafa6f6703b21b7028ba24f2642c9721c70f001ea974ad4058355,2023,Article,English,EC_EV_FINAL_SCOPE,include,verified_member_of_final_4974
EC_EV_001863,10.1186/s12967-015-0417-0,a3d1151209211f6199afd969d39040c960211890123eaef3dde4d53f5e9f2867,2015,Article,English,EC_EV_FINAL_SCOPE,include,verified_member_of_final_4974
EC_EV_001864,10.2220/biomedres.44.245,cec2b1fe6dbbf62cd6ce23f074b7287ad998c09a3d634705622038e12702b229,2023,Article,English,EC_EV_FINAL_SCOPE,include,verified_member_of_final_4974
EC_EV_001865,10.1007/s10439-020-02471-7,3931d3fc4037991edaedca10ea19954b0faca635f227d1c389e167d8fd811127,2020,Article,English,EC_EV_FINAL_SCOPE,include,verified_member_of_final_4974
EC_EV_001866,10.3390/cancers11101451,197c5d3e04a5ccba73c928f724cb7e015eb632ffa6c9a0500439dbb6c42e8cc8,2019,Review,English,EC_EV_FINAL_SCOPE,include,verified_member_of_final_4974
EC_EV_001867,10.1186/cc6133,f87e78a6fec1a4d90a67ce30ecd0521eedda23d895191ac46578cb1cd0d68417,2007,Article,English,EC_EV_FINAL_SCOPE,include,verified_member_of_final_4974
EC_EV_001868,10.1186/s13287-025-04245-1,5b7fcf02bfe936e4c3f8014e0a5a48424b48bddb6065fb775e649a32b6a4eab5,2025,Article,English,EC_EV_FINAL_SCOPE,include,verified_member_of_final_4974
EC_EV_001869,10.1186/s13287-016-0394-0,cfec17485d625c109963eb3c7e166be05a452a094f972b91b99aaa77152bafe4,2016,Review,English,EC_EV_FINAL_SCOPE,include,verified_member_of_final_4974
EC_EV_001870,10.1016/j.actbio.2023.08.022,0abd22254dea7673484cbcc34c06728365f58263921cc474131c213289b39f98,2023,Article,English,EC_EV_FINAL_SCOPE,include,verified_member_of_final_4974
EC_EV_001871,10.1002/jlb.3a0320-210r,a3765be4dbb9e9e748def0a295654de4ab09c1076822abf6f2af61026b5ea824,2021,Article,English,EC_EV_FINAL_SCOPE,include,verified_member_of_final_4974
EC_EV_001872,10.1080/10641955.2024.2445556,036b5c9607ba6cd4f4831b9b6c32f9def168431ace092d9f2fb145591c3bcc0f,2025,Review,English,EC_EV_FINAL_SCOPE,include,verified_member_of_final_4974
EC_EV_001873,10.1111/jcmm.12730,2aceccac17df76b9638aef7764ecc81690295146817c3b8464c5e1bf7645167b,2016,Article,English,EC_EV_FINAL_SCOPE,include,verified_member_of_final_4974
EC_EV_001874,10.3389/fphys.2017.00275,875650f70beb2da42b4ccdb220dfbb8621f1cad388b6ddeaa0005f180d7f5fe5,2017,Review,English,EC_EV_FINAL_SCOPE,include,verified_member_of_final_4974
EC_EV_001875,10.18632/aging.101835,6875b227cd6423fb734469b49624f74330beac409959746bec8dd3260aa52995,2019,Article,English,EC_EV_FINAL_SCOPE,include,verified_member_of_final_4974
EC_EV_001876,10.3233/ch-189014,b372fa4615672c0b433c9e29a12d3272f62ed84c834329e051f1d4585f419912,2018,Article,English,EC_EV_FINAL_SCOPE,include,verified_member_of_final_4974
EC_EV_001877,10.1016/j.intimp.2024.113645,6514bc9e3dfa84fed7ea623c8dd15f59f751a916584bcc2e8e30b440b0e363d4,2025,Article,English,EC_EV_FINAL_SCOPE,include,verified_member_of_final_4974
EC_EV_001878,10.1016/j.celrep.2014.07.035,1fa2b794b4584c363a7f65cb7248af4933b5d61a59b1ada95dba33886b5cb206,2014,Article,English,EC_EV_FINAL_SCOPE,include,verified_member_of_final_4974
EC_EV_001879,10.3892/mmr.2019.10127,8e5995983bbb627385172552ac5bbc2d98704fea698520ddea2da274bd517f4b,2019,Article,English,EC_EV_FINAL_SCOPE,include,verified_member_of_final_4974
EC_EV_001880,10.1042/cs20191245,55019c797ed632e118be68f5c2d62c93de448920aaa9200d986b22e032149f17,2020,Article,English,EC_EV_FINAL_SCOPE,include,verified_member_of_final_4974
EC_EV_001881,10.1038/srep25689,5c6eee543aaac37b7412fe82341eda04f05f1bd960b9bf093bfe5b141e3f37ab,2016,Article,English,EC_EV_FINAL_SCOPE,include,verified_member_of_final_4974
EC_EV_001882,10.3390/cells11233750,54216d5c8a863c9f3a5664cfe334721aafbbe230159aef86099d2e6e0902ff2c,2022,Article,English,EC_EV_FINAL_SCOPE,include,verified_member_of_final_4974
EC_EV_001883,10.1016/j.placenta.2011.06.019,def60b3e92d01be7b9d28ae011cfcc376e6054da557f3d19a535b6b3ee6596e4,2011,Review,English,EC_EV_FINAL_SCOPE,include,verified_member_of_final_4974
EC_EV_001884,10.3390/polym13213643,dc5867619947368fe38cb414a0d98aa584cc5b04e0a1ca47cde6b5d3aedbedbf,2021,Article,English,EC_EV_FINAL_SCOPE,include,verified_member_of_final_4974
EC_EV_001885,10.3389/fcell.2023.1291016,c70159791e604113a54326ba5b65a7e44dd2f348deb8f841ac98a237c7ef46aa,2023,Article,English,EC_EV_FINAL_SCOPE,include,verified_member_of_final_4974
EC_EV_001886,10.1161/atvbaha.118.312038,493e2eca23c2adbd34c753d0c65eac3a2b4b25a35743f18e7c365caa457db73a,2019,Article,English,EC_EV_FINAL_SCOPE,include,verified_member_of_final_4974
EC_EV_001887,10.1042/bsr20190686,7f12afdaf69518faf68e29af6ddd7926d971ce9c2f03b8dc6a4fc14b8a40fadd,2019,Article,English,EC_EV_FINAL_SCOPE,include,verified_member_of_final_4974
EC_EV_001888,10.1186/s12964-024-02002-0,b84bc6b218587cf98e4bfc28c684cd050541cc256946f64b92d4fc08e367a13a,2025,Article,English,EC_EV_FINAL_SCOPE,include,verified_member_of_final_4974
EC_EV_001889,10.1038/s41419-020-2508-y,747d75671c7c0b5c30ed400468162243613a0eb0c03a96f6e2387680bac6210f,2020,Article,English,EC_EV_FINAL_SCOPE,include,verified_member_of_final_4974
EC_EV_001890,10.1161/circresaha.123.323190,0cc1b551d46f350203bba7ee4a051ecadf24a51cfdab762ae04b018e14ffaa37,2024,Article,English,EC_EV_FINAL_SCOPE,include,verified_member_of_final_4974
EC_EV_001891,10.1681/asn.2020121699,ab58e2429c8f994d6d4e3e7f332b93d095ae20a41973874563189953db452e69,2021,Article,English,EC_EV_FINAL_SCOPE,include,verified_member_of_final_4974
EC_EV_001892,10.1172/jci.insight.155928,e6a4b91cc31baeecb2fdc0ef639f92ca470b1bc1a7db5830b61eaa59dc1a3e48,2022,Article,English,EC_EV_FINAL_SCOPE,include,verified_member_of_final_4974
EC_EV_001893,10.1016/j.colsurfb.2020.110831,1bd62ea66ed361179f0535bb3733ccb9520583b103670d8a73b7473e35b10a5a,2020,Article,English,EC_EV_FINAL_SCOPE,include,verified_member_of_final_4974
EC_EV_001894,,0ae8c3dc8cf1b506b82cce32aa0c18dec7969783663d520459664673832e12be,2016,Article,English,EC_EV_FINAL_SCOPE,include,verified_member_of_final_4974
EC_EV_001895,10.1016/j.jconrel.2023.08.025,45462d20f35578bcbfb3ef25da33e6eaa444cc14cd77b159b6bd2c271528d52a,2023,Article,English,EC_EV_FINAL_SCOPE,include,verified_member_of_final_4974
EC_EV_001896,10.1002/jev2.12084,567c839a8154ad36e6912b77c6f3e4412dacd7633ef26ca811cb0285d9785aad,2021,Article,English,EC_EV_FINAL_SCOPE,include,verified_member_of_final_4974
EC_EV_001897,10.3390/ijms25020804,5eea392dc43ae5e9874d96569fee8df7466be0a13e385f270d5d9917c7a80f38,2024,Review,English,EC_EV_FINAL_SCOPE,include,verified_member_of_final_4974
EC_EV_001898,10.1016/j.biopha.2020.111148,5fd9eb55a7e4bf20180fa8843a4025752f430bbee78a91022441d91bac94a5ae,2021,Review,English,EC_EV_FINAL_SCOPE,include,verified_member_of_final_4974
EC_EV_001899,10.1093/cvr/cvaa322,dc6b1fc185195f5d9021a813074b94c14953cd0ed4123073994f1c983aa75365,2022,Article,English,EC_EV_FINAL_SCOPE,include,verified_member_of_final_4974
EC_EV_001900,10.1016/j.yjmcc.2023.10.003,a0262aa446ede734b14d5d04914ae73b9ae98de7dddb919ef0fa0a702945dfd1,2023,Article,English,EC_EV_FINAL_SCOPE,include,verified_member_of_final_4974
EC_EV_001901,10.1161/atvbaha.120.315031,8c708d0094687d56580659f9aa9049b9307868c41334a25cffed7a9be2bc76b9,2021,Article,English,EC_EV_FINAL_SCOPE,include,verified_member_of_final_4974
EC_EV_001902,10.3389/fonc.2020.01659,51861f9cfc755e9f04fdfd32a5fa261d2ce4dfa849723683e465cecf18e8161e,2020,Article,English,EC_EV_FINAL_SCOPE,include,verified_member_of_final_4974
EC_EV_001903,10.1111/jth.13072,18bd98203c4b4c10545e66cf6a3ca157537cf934a1b7b151df49ffc5c8df576b,2015,Article,English,EC_EV_FINAL_SCOPE,include,verified_member_of_final_4974
EC_EV_001904,10.1016/j.placenta.2013.10.014,439debe1233601bc69fbaf7b2f485a540df1cdb0f50f614061b01918a68832ca,2014,Review,English,EC_EV_FINAL_SCOPE,include,verified_member_of_final_4974
EC_EV_001905,10.3389/fimmu.2024.1509355,7e7ef32eb65b900f9ae9314d5ac74e700a883c93f60e9428ccc1af45a9f6da75,2024,Article,English,EC_EV_FINAL_SCOPE,include,verified_member_of_final_4974
EC_EV_001906,10.1016/j.bbrc.2023.04.119,ab304dfcb6d53fe15bfe6a36d86ad2a8f5c4b4941cad9f920c051f4e73369a29,2023,Article,English,EC_EV_FINAL_SCOPE,include,verified_member_of_final_4974
EC_EV_001907,10.1186/s12989-019-0304-6,86ab49b9ee3bc49d385c8f044ec14d02523d543982dfc88fb5fcac4fb2a665b7,2019,Article,English,EC_EV_FINAL_SCOPE,include,verified_member_of_final_4974
EC_EV_001908,10.1093/cvr/cvu022,dfcce13afe0376f5e667c091d594e064e1c813b774be69a46c0193d8947487fc,2014,Review,English,EC_EV_FINAL_SCOPE,include,verified_member_of_final_4974
EC_EV_001909,10.3390/cancers11040476,d62fa0b7da55f122ad588bcbe97f954d71d734fa41f2b732a4fd8765f5ef093d,2019,Article,English,EC_EV_FINAL_SCOPE,include,verified_member_of_final_4974
EC_EV_001910,10.1158/0008-5472.can-11-0241,d97aa52ddd5017a172c6e8eafacd93abd39c5acdb081b2ab634033ed907a9478,2011,Article,English,EC_EV_FINAL_SCOPE,include,verified_member_of_final_4974
EC_EV_001911,10.3389/fphys.2024.1378565,8e9edbbd5ae301959c477b83daaf220e2b847fc55b23ea94576034d8dcba62ac,2024,Article,English,EC_EV_FINAL_SCOPE,include,verified_member_of_final_4974
EC_EV_001912,10.1186/s12964-025-02125-y,f7416d1e4b4034203fceef4688ad5dfbf33598482dc899845c05a89f2f6a9073,2025,Article,English,EC_EV_FINAL_SCOPE,include,verified_member_of_final_4974
EC_EV_001913,10.1111/trf.17959,e8ab8965279b87065ca0791f641c80fa0ad24960403a9e2c8075966aa0c72783,2024,Article,English,EC_EV_FINAL_SCOPE,include,verified_member_of_final_4974
EC_EV_001914,10.1038/s41598-017-04468-0,b0d8b2a5e2ff465cdd508d4c88937f5b3c36077ba6006e49b596539e6b20f238,2017,Article,English,EC_EV_FINAL_SCOPE,include,verified_member_of_final_4974
EC_EV_001915,10.3390/cancers15020376,5b697a2579d52455412c24f1196e93e32c39474bb9cae329a2505b976d227bcb,2023,Review,English,EC_EV_FINAL_SCOPE,include,verified_member_of_final_4974
EC_EV_001916,10.1007/s00109-022-02251-x,7a7b895ea7e9474e9e0df2a33293c99d660d661360288bcd8ca683d1eda2e2bd,2022,Article,English,EC_EV_FINAL_SCOPE,include,verified_member_of_final_4974
EC_EV_001917,10.7150/thno.65778,70405b2db3f430d73e9a07098e8ad7df070062ed46c2567df927fca4e93f6ac3,2022,Review,English,EC_EV_FINAL_SCOPE,include,verified_member_of_final_4974
EC_EV_001918,10.1016/j.vph.2024.107276,a3ad9767aa8d6fbb0397733506df43193113b8a3367366921f465362d513a1c9,2024,Article,English,EC_EV_FINAL_SCOPE,include,verified_member_of_final_4974
EC_EV_001919,10.3390/ijms24021229,4a33fb93a2b418045e543b613979b608bf046153cb46d8be62796e9fe79dc55c,2023,Article,English,EC_EV_FINAL_SCOPE,include,verified_member_of_final_4974
EC_EV_001920,10.25259/cytojournal_99_2024,b4ee42f7167af854a67248c744d9e4528a7194eceecdeaea7e2c1c395f1af3c3,2024,Article,English,EC_EV_FINAL_SCOPE,include,verified_member_of_final_4974
EC_EV_001921,10.3390/life13051117,4d4089b9be2b6af95fce30427d2627f35ff3cd24c3e383ef1861a936ca1b5612,2023,Review,English,EC_EV_FINAL_SCOPE,include,verified_member_of_final_4974
EC_EV_001922,10.1186/s13287-024-04004-8,4ecba965706e895ec876ad6c43809c04730ef4cac5394cd9c31afb2747c6bb36,2024,Article,English,EC_EV_FINAL_SCOPE,include,verified_member_of_final_4974
EC_EV_001923,10.7150/ijms.94755,6f664b077b5e3a16fd8f411877119bb1af2f720526bb57cf24a6e9e2b3353c4c,2024,Article,English,EC_EV_FINAL_SCOPE,include,verified_member_of_final_4974
EC_EV_001924,10.1371/journal.pone.0048570,35730163faf018392e1ab83325d86ab8728c5db9b420055594c59e476af54ff7,2012,Article,English,EC_EV_FINAL_SCOPE,include,verified_member_of_final_4974
EC_EV_001925,10.4252/wjsc.v12.i6.471,e03a57d0784888a3662b828362e1b0490570215f511f3350656334062ec16abc,2020,Review,English,EC_EV_FINAL_SCOPE,include,verified_member_of_final_4974
EC_EV_001926,10.3390/biology13120965,90407fb414e79149f36c4b6d237ccc67aad1edd99f4e182d49cb21a655c54ab0,2024,Article,English,EC_EV_FINAL_SCOPE,include,verified_member_of_final_4974
EC_EV_001927,10.1016/j.expneurol.2022.114235,0a08f78b0f9196246b64f5905c02754511e1118d2f0f8889639ce678782518fd,2023,Article,English,EC_EV_FINAL_SCOPE,include,verified_member_of_final_4974
EC_EV_001928,10.1111/micc.12227,f7d5fa6fc0ebf9013feba741a16255210435982a941fc101031214c03f4f1dca,2015,Article,English,EC_EV_FINAL_SCOPE,include,verified_member_of_final_4974
EC_EV_001929,10.3389/fcvm.2018.00152,22adcb4c260fb0fb198803395c5f7c2c9571e4cd5b1d1efc8080774bd8a29703,2018,Article,English,EC_EV_FINAL_SCOPE,include,verified_member_of_final_4974
EC_EV_001930,10.1002/smll.202504761,171223a77d5a56ee7f19e775ffc19f6df5e5fd7d20809ec8756f8a69f0f904c0,2025,Review,English,EC_EV_FINAL_SCOPE,include,verified_member_of_final_4974
EC_EV_001931,10.1186/s13098-023-01191-x,34d86383f57e7279b5c9590fe0de6f3182489b3b99378fa91b6429f41809d962,2023,Article,English,EC_EV_FINAL_SCOPE,include,verified_member_of_final_4974
EC_EV_001932,10.1182/blood-2014-11-611046,73a6e6433fbdfe4f94bbc48eaa260fa2b05fbf802106e2395635cc4a026f767d,2015,Article,English,EC_EV_FINAL_SCOPE,include,verified_member_of_final_4974
EC_EV_001933,10.3389/fmed.2024.1367544,a319cb61c4f4b6a53939ca645734eab79378d8aed48fa81ec80a73511bfa54f6,2024,Article,English,EC_EV_FINAL_SCOPE,include,verified_member_of_final_4974
EC_EV_001934,10.1016/j.nano.2017.03.010,a21b1e51548c36c367dcfb89de6ac0165ce02d40f7af3bc4160d91d595f00184,2017,Article,English,EC_EV_FINAL_SCOPE,include,verified_member_of_final_4974
EC_EV_001935,10.1158/0008-5472.can-09-2470,258fec992dd4892bdc116000a4d4d478859c2de865e75b190ee9bd74e44b9361,2010,Article,English,EC_EV_FINAL_SCOPE,include,verified_member_of_final_4974
EC_EV_001936,10.1016/j.reth.2024.01.011,7bf64e7b7080f9ca65b6404681de70affba83d4db8f7a4eea7ba159e3acfa2ec,2024,Article,English,EC_EV_FINAL_SCOPE,include,verified_member_of_final_4974
EC_EV_001937,10.1111/aji.12586,a53c1dc2a444effba0de1adbddf574ad774f69e47e93de8dceec494b079168b6,2016,Article,English,EC_EV_FINAL_SCOPE,include,verified_member_of_final_4974
EC_EV_001938,10.1167/iovs.64.13.29,03c0ad435242d19e5cb55d6cc91359feb16de3ad131313bc5d326cccf0292704,2023,Article,English,EC_EV_FINAL_SCOPE,include,verified_member_of_final_4974
EC_EV_001939,10.1016/j.expneurol.2022.114211,8e40b273ec910cd57be8d6ef08cc4c2c37e634909ecde9a35b3e88c10377c30b,2022,Article,English,EC_EV_FINAL_SCOPE,include,verified_member_of_final_4974
EC_EV_001940,10.3390/ijms242316934,b34737cc5ac00a74b1ceec35051cfbe4babf5436cb1e5f013d335dfe42da7d41,2023,Article,English,EC_EV_FINAL_SCOPE,include,verified_member_of_final_4974
EC_EV_001941,10.3390/metabo10020067,e13a1d842fdbdfb20637e02e5f89ffb274b202b8e6b7f48458465084f0dfb60e,2020,Article,English,EC_EV_FINAL_SCOPE,include,verified_member_of_final_4974
EC_EV_001942,10.1186/s12967-024-05054-5,93a765a4768353b73cedaa3e459a75a1f0391c16f1d034b3232aff5384da118f,2024,Article,English,EC_EV_FINAL_SCOPE,include,verified_member_of_final_4974
EC_EV_001943,10.26508/lsa.202000742,4331e0a4cd63e8e904f54b5583d6c1bbc42b23aec08cffc5d35238687436c5a6,2020,Article,English,EC_EV_FINAL_SCOPE,include,verified_member_of_final_4974
EC_EV_001944,10.1016/j.bcp.2023.115890,d7a280ca6037ce991224a574abcb467f8475c22661ec15a267a9233798f1e1fa,2023,Review,English,EC_EV_FINAL_SCOPE,include,verified_member_of_final_4974
EC_EV_001945,10.1038/srep42899,5e08a34e4b5327ebd394f897d0fa89f96a2fad8265f6b1bdd8e3cbb43dabaf05,2017,Article,English,EC_EV_FINAL_SCOPE,include,verified_member_of_final_4974
EC_EV_001946,10.1016/j.heliyon.2023.e23599,e173ada892628796750ad9af1fa499ef55f351cd494ca2ff2cd2c6162422edb4,2024,Article,English,EC_EV_FINAL_SCOPE,include,verified_member_of_final_4974
EC_EV_001947,10.1111/jcmm.14615,abb2a14b0f440027c7c1c4f10b9bc0110adc16e7d9cb8cb51b63935e9fd50006,2019,Article,English,EC_EV_FINAL_SCOPE,include,verified_member_of_final_4974
EC_EV_001948,10.3389/fnins.2019.00361,d8a99ff0bd6f0a6df70648b4fdc1e7e8ca09de3efb3a26e5c2c14890d8662ff6,2019,Article,English,EC_EV_FINAL_SCOPE,include,verified_member_of_final_4974
EC_EV_001949,10.1096/fj.201700149,24368a41f5ad7c10937ca5856be906ac8d4722b5518580ff3a2a4498e64ea91d,2017,Article,English,EC_EV_FINAL_SCOPE,include,verified_member_of_final_4974
EC_EV_001950,10.1016/j.tranon.2023.101633,565f18ecb74e5e581a1bb46370a608cac4b82567d242f305a73fd52f3d52d016,2023,Article,English,EC_EV_FINAL_SCOPE,include,verified_member_of_final_4974
EC_EV_001951,10.1097/mol.0000000000000214,2013c5f7529dd734b066da092d79f4e9f2464cfb6430711c806e3b434fa2ee16,2015,Review,English,EC_EV_FINAL_SCOPE,include,verified_member_of_final_4974
EC_EV_001952,10.3390/ijms20236029,e1d42f4bc14bdc5c6881dfe5c5b10e54820f419151fecb5ead535416833c78b6,2019,Review,English,EC_EV_FINAL_SCOPE,include,verified_member_of_final_4974
EC_EV_001953,10.1007/s00011-020-01415-0,d90629e18bd64fc1a3f9bfa830066883e8b56f5560ee82e1f0b3131a2e68bb2a,2021,Article,English,EC_EV_FINAL_SCOPE,include,verified_member_of_final_4974
EC_EV_001954,10.1007/s10571-020-00871-w,2bd698d4be4f645629f83b3c658d76fa541777c1b1b86682d6562a50eca0c8fa,2021,Article,English,EC_EV_FINAL_SCOPE,include,verified_member_of_final_4974
EC_EV_001955,10.1186/s13287-022-03008-6,829fdb0758ce9ae61221791b06fc704bdd1611aaf6a4b578fb23269349342086,2022,Article,English,EC_EV_FINAL_SCOPE,include,verified_member_of_final_4974
EC_EV_001956,10.3389/fcvm.2023.1235953,be8132b50f27c5261642ce80d98b1b95ed22c9737a21255a3e586bd8f5c74c8e,2023,Review,English,EC_EV_FINAL_SCOPE,include,verified_member_of_final_4974
EC_EV_001957,10.1038/s41420-021-00720-9,da0bba6907d5b0ee619e47a7d3c0b4c26031da91bc40f39ec9d7c0afce2657d1,2021,Article,English,EC_EV_FINAL_SCOPE,include,verified_member_of_final_4974
EC_EV_001958,10.4049/jimmunol.182.3.1548,63b963d1d3f74e2e0cc7ac7b7df3c2f60e11afcfe554e41ae3fdbc0c3849a687,2009,Article,English,EC_EV_FINAL_SCOPE,include,verified_member_of_final_4974
EC_EV_001959,10.1371/journal.pone.0227030,6b5aad0052eb09caecec0b19ac4d872f204e7e4e44fa92a5e7e8a69bcf0071bb,2020,Article,English,EC_EV_FINAL_SCOPE,include,verified_member_of_final_4974
EC_EV_001960,10.1016/j.tvjl.2014.08.021,dc34b9035d6169112d7608c90669545e15ae989317f4b1bdda861643a9dad5bd,2014,Article,English,EC_EV_FINAL_SCOPE,include,verified_member_of_final_4974
EC_EV_001961,10.1038/s41419-023-06173-5,c439f650d7b5eb755bf500c232eb206fa5694c12ddb1e6a2e52b7a69ef3c95a3,2023,Article,English,EC_EV_FINAL_SCOPE,include,verified_member_of_final_4974
EC_EV_001962,10.1016/j.yexcr.2020.112173,ea40f8274669188f474f38bb7be3e7351d230209f28892a0af49bbaac994d246,2020,Article,English,EC_EV_FINAL_SCOPE,include,verified_member_of_final_4974
EC_EV_001963,10.1007/s00125-021-05591-4,8611b1581c30185e9b19adfad8da4142a88e0305d72dad3cfa1e1ce789861fc1,2022,Article,English,EC_EV_FINAL_SCOPE,include,verified_member_of_final_4974
EC_EV_001964,10.2337/db21-0754,6d4b80756e2d07a372f81ae876cd87ecf4e9d1e2f6bce54699027a1f5810149f,2022,Article,English,EC_EV_FINAL_SCOPE,include,verified_member_of_final_4974
EC_EV_001965,10.1080/20013078.2020.1781427,1bf9ddf0a600bad1cc132913b1cbbff3e50b0898b49276734e4ca9ce232b0cfb,2020,Article,English,EC_EV_FINAL_SCOPE,include,verified_member_of_final_4974
EC_EV_001966,10.3389/fphar.2021.787541,311576d0d47c1aa1b3339a7c1342d4ec800a089e05f3b8eeb85f24b27a32056c,2021,Review,English,EC_EV_FINAL_SCOPE,include,verified_member_of_final_4974
EC_EV_001967,10.3390/ijms25084430,4a38d5bfaa3835e3ed43bf4bd00a7cef5f8e7abcc57a51965b4a07eaa14838e0,2024,Review,English,EC_EV_FINAL_SCOPE,include,verified_member_of_final_4974
EC_EV_001968,10.1371/journal.ppat.1007536,4f52da5f46a354084fdac53de1df7635eaec360196417795ac92dd5c935fe54c,2019,Article,English,EC_EV_FINAL_SCOPE,include,verified_member_of_final_4974
EC_EV_001969,10.21873/anticanres.17528,60ed363de9ad39661e929a09a332e68690bbeef8c8be02b28507485aa4a7cc9c,2025,Article,English,EC_EV_FINAL_SCOPE,include,verified_member_of_final_4974
EC_EV_001970,10.1177/09636897221102898,c34b6de97b9f50e8287f3ae67127fbe74d5bd32928928285e17c7fbbb91ba4df,2022,Article,English,EC_EV_FINAL_SCOPE,include,verified_member_of_final_4974
EC_EV_001971,10.1371/journal.pone.0207950,f971d0a60af5902d07c85f48bf680f3b81f76d7f4184287c418a3cbcc9b43df8,2018,Article,English,EC_EV_FINAL_SCOPE,include,verified_member_of_final_4974
EC_EV_001972,10.1155/2020/8814239,ae338ed9cf3863226971507e9264bf53c8d9b093bdff2d859bc3759ef7c80937,2020,Article,English,EC_EV_FINAL_SCOPE,include,verified_member_of_final_4974
EC_EV_001973,10.1186/s12964-020-00605-x,278f1815fba27f3f2a15da28cf7e3004c8cf6c46efec5e25a94d1f87f12e04d6,2020,Article,English,EC_EV_FINAL_SCOPE,include,verified_member_of_final_4974
EC_EV_001974,10.3390/ijms25031888,7189f4433561ece886ad8b272e543107005ace521c8ec7f9683241b0f78ceb1a,2024,Article,English,EC_EV_FINAL_SCOPE,include,verified_member_of_final_4974
EC_EV_001975,10.1167/iovs.17-22698,c1f65da7f39eb5eb893e4b9d32449cbcd25574fa9af8e884c273dcc24e3c61d4,2017,Article,English,EC_EV_FINAL_SCOPE,include,verified_member_of_final_4974
EC_EV_001976,10.1155/2022/9916228,4d9a3f553fa4effc4aae42834b93852ebf06e8248e8c4dce1b84b97ec2c77bb6,2022,Article,English,EC_EV_FINAL_SCOPE,include,verified_member_of_final_4974
EC_EV_001977,10.1165/rcmb.2023-0355oc,6006712824aecf89573ba2e45d01bb2279b00ebf8fa032a0109d904f0159d04c,2025,Article,English,EC_EV_FINAL_SCOPE,include,verified_member_of_final_4974
EC_EV_001978,10.3389/fimmu.2021.604222,ceac9dc3e11cd132b48005ca60b181aab16c536fef7dec96c55d5bc0fa320765,2021,Article,English,EC_EV_FINAL_SCOPE,include,verified_member_of_final_4974
EC_EV_001979,10.1155/2020/2125656,590c90f4aef7fa2e05c7a6d853babc4c9c4b1b2e7b2d54c8365a9b68b7302941,2020,Article,English,EC_EV_FINAL_SCOPE,include,verified_member_of_final_4974
EC_EV_001980,10.3390/cells13221886,122497316e3945736021be3683cb7643a08cd07a1472aebfbb5c6532f0a950c2,2024,Article,English,EC_EV_FINAL_SCOPE,include,verified_member_of_final_4974
EC_EV_001981,10.1016/j.tcm.2018.10.010,b9a362ad0d95a35b3b7d2b8c3cb2be5ae604581cb934adf2baa6aeb73813237a,2019,Article,English,EC_EV_FINAL_SCOPE,include,verified_member_of_final_4974
EC_EV_001982,10.3390/antiox11010066,1a36825135eaeb1a6ef4a1fac05fa974cffed9be350c87391586c5d3a5a2c996,2022,Article,English,EC_EV_FINAL_SCOPE,include,verified_member_of_final_4974
EC_EV_001983,10.1093/carcin/bgz130,a84841c8b0b967bf8f4cb34684cc2a0f75b21cd546e5d2b69af0b9b5cff9b5c8,2020,Article,English,EC_EV_FINAL_SCOPE,include,verified_member_of_final_4974
EC_EV_001984,10.3389/fmed.2023.1193660,92c0b4b105d36d2f3bdd8b949115eca31f026d60a3843af61b851abce6a4af59,2023,Review,English,EC_EV_FINAL_SCOPE,include,verified_member_of_final_4974
EC_EV_001985,10.3390/ijms23063262,79e1a6c2e99eebef403059f77e64b35f6028963319748ff151093dd1f84879cf,2022,Article,English,EC_EV_FINAL_SCOPE,include,verified_member_of_final_4974
EC_EV_001986,10.1016/j.bioactmat.2021.10.021,fd1ff61c6ed523669253ab9f3c93e70eb23c66fe25fb4220287d4b2a3dbe98df,2022,Article,English,EC_EV_FINAL_SCOPE,include,verified_member_of_final_4974
EC_EV_001987,10.1016/j.placenta.2018.04.010,098245a44db557d451e1a779a942ed5b4d0ca82ef8ed0bfb7cf1717c5360daac,2018,Article,English,EC_EV_FINAL_SCOPE,include,verified_member_of_final_4974
EC_EV_001988,10.1253/circj.cj-23-0353,fb4de4197152aa4f9c9b05911fb44674771f8a80d292dc43da33a85317a142c4,2024,Article,English,EC_EV_FINAL_SCOPE,include,verified_member_of_final_4974
EC_EV_001989,10.1016/j.ymthe.2016.12.022,bb946048ef60baa6ab9aca727ed06d13db47b9cc594239039f4f4a3a374b93bf,2017,Article,English,EC_EV_FINAL_SCOPE,include,verified_member_of_final_4974
EC_EV_001990,10.1002/ctm2.497,30b2fe31481d04b864de9b3815e7236308dcf9b0ae0188c98726e4f885e6d5b6,2021,Article,English,EC_EV_FINAL_SCOPE,include,verified_member_of_final_4974
EC_EV_001991,10.1038/aps.2017.82,37a74f95702ae3547e83cdcd9a430ebc6ba57ddcbf7902eff9f099a186830c9b,2018,Review,English,EC_EV_FINAL_SCOPE,include,verified_member_of_final_4974
EC_EV_001992,10.1111/cpr.12830,b20d2cd664354e6b205b2776ffafcf8e76fe0414dad1faf80e4c6763758aa320,2020,Article,English,EC_EV_FINAL_SCOPE,include,verified_member_of_final_4974
EC_EV_001993,10.1096/fj.202001080rr,7b63ced66d2b175de204f89fd820b52cdb06289156a874209bc2a9464ae305b8,2021,Article,English,EC_EV_FINAL_SCOPE,include,verified_member_of_final_4974
EC_EV_001994,10.1038/s41388-017-0034-x,035817e8357483eb5d6e678b646360be47e0f02f4b34755dfd7baf9e235c8697,2018,Article,English,EC_EV_FINAL_SCOPE,include,verified_member_of_final_4974
EC_EV_001995,10.2174/1567202620666221024143408,3713974b4c80566f8546a48ff0519c675387a26a6be5a51c80bbeae5f9998461,2022,Article,English,EC_EV_FINAL_SCOPE,include,verified_member_of_final_4974
EC_EV_001996,10.1186/s12935-020-01566-4,fab7ae5f5acab6e4a0cb9833338f85db6cb0b17d036b9eb944d3e13771bf2e9d,2020,Article,English,EC_EV_FINAL_SCOPE,include,verified_member_of_final_4974
EC_EV_001997,10.1186/s12933-022-01458-z,13e12de30e5c5baffd6b79129c6474e754c754b68f87dd4f3adfe3fea880172b,2022,Article,English,EC_EV_FINAL_SCOPE,include,verified_member_of_final_4974
EC_EV_001998,10.1016/j.metabol.2018.04.008,31d5577d762f5f8b66426ee09bbb0981427fc08d58b14eef8faccaa23efe18e8,2018,Review,English,EC_EV_FINAL_SCOPE,include,verified_member_of_final_4974
EC_EV_001999,10.3390/ijms20246233,7a94a64af41d73e032139e779269e9931a6e801ae16ca75dce30e7bff6d60a4b,2019,Article,English,EC_EV_FINAL_SCOPE,include,verified_member_of_final_4974
EC_EV_002000,10.1186/s12929-023-00964-w,ae5b60af2dac95f621801d4e6f4c0995a7e13d32a06dc83479cc50e5486ee1d5,2023,Review,English,EC_EV_FINAL_SCOPE,include,verified_member_of_final_4974
EC_EV_002001,10.3390/jcdd9050136,d1034cfd1435d394d1c478f5b6a320ca2a2bf622b89ff33090c838f4f044e87d,2022,Review,English,EC_EV_FINAL_SCOPE,include,verified_member_of_final_4974
EC_EV_002002,10.3390/ijms26094437,acb76338b1d74ef1eab70c5415756f8be77d59c2afe82e76fdde3b739a480a43,2025,Review,English,EC_EV_FINAL_SCOPE,include,verified_member_of_final_4974
EC_EV_002003,10.3390/ijms22147284,6c37fc61328572e792ad279c87243b5373ef8f15ac9edaf67fe18c9e5a5ccdfc,2021,Review,English,EC_EV_FINAL_SCOPE,include,verified_member_of_final_4974
EC_EV_002004,10.3390/biomedicines11051400,4c5be8a922f3edd88a63848ee52394701bac94d04531c46db112529f107078c0,2023,Article,English,EC_EV_FINAL_SCOPE,include,verified_member_of_final_4974
EC_EV_002005,10.18632/oncotarget.3764,a98b438c4a9c09f4085a1c265958bfadb1de407617c846950a8166bbfb068efc,2015,Article,English,EC_EV_FINAL_SCOPE,include,verified_member_of_final_4974
EC_EV_002006,10.1155/2024/3870988,1c46bcaeda2534cc0051f7b56d167295548493d2332e13adb6a53fa867423b3c,2024,Article,English,EC_EV_FINAL_SCOPE,include,verified_member_of_final_4974
EC_EV_002007,10.1186/s13628-017-0041-x,5bb81b3905862d2d8855e1d0380e4aabf093703ed2aa0bba737ff2b14976fe5a,2018,Article,English,EC_EV_FINAL_SCOPE,include,verified_member_of_final_4974
EC_EV_002008,10.1016/j.jddst.2025.106828,fa8353d75e46bdc78bb06a97f94b8553d617f1b84affbc0fc4e73e3fc5118d04,2025,Article,English,EC_EV_FINAL_SCOPE,include,verified_member_of_final_4974
EC_EV_002009,10.2174/1567202618666210319152534,f2cd91593e58853e63e70895558c7c1a6266d1af125047829f08f08f8f376985,2021,Article,English,EC_EV_FINAL_SCOPE,include,verified_member_of_final_4974
EC_EV_002010,10.1007/s10565-023-09810-z,e4c85531feac57f6729b9c2ae02430f4d00ef3d54ec64942307dc742f95dd1d5,2023,Article,English,EC_EV_FINAL_SCOPE,include,verified_member_of_final_4974
EC_EV_002011,10.1002/smll.202004548,648e5af9d7d1caee8b2ff809b83130e43f5f320a72b503171b45871befac06b4,2020,Article,English,EC_EV_FINAL_SCOPE,include,verified_member_of_final_4974
EC_EV_002012,10.1186/s12951-022-01284-1,af5cd0199c64ccd3bef75d9b05858407bcb48aa73378f1c714360b46864a08c2,2022,Article,English,EC_EV_FINAL_SCOPE,include,verified_member_of_final_4974
EC_EV_002013,10.7150/ijbs.36427,1fd79142259c63ddf201ff9ac624c94c287359eede797d29628b470ebf59080a,2019,Review,English,EC_EV_FINAL_SCOPE,include,verified_member_of_final_4974
EC_EV_002014,10.3389/fcvm.2024.1323329,32abac9f712893aa1c2742f7a34c1ecba948c82502f78a722d231868ea5dc4c0,2024,Review,English,EC_EV_FINAL_SCOPE,include,verified_member_of_final_4974
EC_EV_002015,10.1038/s41598-025-96046-y,9b4d1dfd91ada055c118ad7251725ac946e160b9592551bb6b10b928263a3b1f,2025,Article,English,EC_EV_FINAL_SCOPE,include,verified_member_of_final_4974
EC_EV_002016,10.7150/ijms.14112,cd8e508cf2c8648df7f5bc7b40695e3bac02da36f9031f9ea17a969a67859517,2016,Review,English,EC_EV_FINAL_SCOPE,include,verified_member_of_final_4974
EC_EV_002017,10.1111/acel.13748,8d6a1ad81e71a6fb8fb5d6011a5fd9344890d5a3ee0587fbdd2236f324c4b450,2023,Article,English,EC_EV_FINAL_SCOPE,include,verified_member_of_final_4974
EC_EV_002018,10.3390/ijms242316752,6fd6600204afc2a090b8405c00df6e3a8098ff3723c4557695d0eb1aba160b2a,2023,Review,English,EC_EV_FINAL_SCOPE,include,verified_member_of_final_4974
EC_EV_002019,10.1016/j.reth.2024.11.005,d6da684b7664c67ae9341c26c16a5c94b1c1fdeb1ac9deb78c13305aa65a57eb,2024,Article,English,EC_EV_FINAL_SCOPE,include,verified_member_of_final_4974
EC_EV_002020,10.1371/journal.pone.0165926,04cc003cef5e827d08f6d1ea74cca58694b9ba322c28744c83b836dc75889ecb,2016,Article,English,EC_EV_FINAL_SCOPE,include,verified_member_of_final_4974
EC_EV_002021,10.1186/s10020-025-01192-8,a0ade701b7b5c333e630205717c1a999475fae85449cb16b5361504b2efdb75b,2025,Article,English,EC_EV_FINAL_SCOPE,include,verified_member_of_final_4974
EC_EV_002022,10.1007/s00395-020-0781-7,6194e6c640f437a80cb07c57f4724da1ca72f636dafc90193df80804df1e2032,2020,Article,English,EC_EV_FINAL_SCOPE,include,verified_member_of_final_4974
EC_EV_002023,10.1073/pnas.2108876118j1of3,b080026d7284955497460eeb9fac4b9e259a9949a390c5fb32c97986c30f8a87,2021,Article,English,EC_EV_FINAL_SCOPE,include,verified_member_of_final_4974
EC_EV_002024,10.1182/blood-2014-12-618025,1437e36b7a5e4c467ce9eedbe82704152a15628fa7e2a906c451eb1198b3c60b,2015,Article,English,EC_EV_FINAL_SCOPE,include,verified_member_of_final_4974
EC_EV_002025,10.3390/cells11193122,571cec1fec66548322b69f3b893b1ae5eb4ac5eba7794667786e9c4f0ddac838,2022,Article,English,EC_EV_FINAL_SCOPE,include,verified_member_of_final_4974
EC_EV_002026,10.3892/ijmm.2020.4713,f42a97251d4231f098a755b558930d1562714329507db6343cb7e12725c0f905,2020,Article,English,EC_EV_FINAL_SCOPE,include,verified_member_of_final_4974
EC_EV_002027,10.3389/fimmu.2022.858256,767aac0f9e20035ccd45019f79e745e846c29d24ac4e6d74b20bfba48bb0217e,2022,Article,English,EC_EV_FINAL_SCOPE,include,verified_member_of_final_4974
EC_EV_002028,10.1038/s41598-017-09907-6,30e17d3b9575aaeb29b055e20271811c176f01ea686bf33357eb96ce8e4df2c7,2017,Article,English,EC_EV_FINAL_SCOPE,include,verified_member_of_final_4974
EC_EV_002029,10.1128/spectrum.00282-25,86967f0987c0ca36548d9ba395054d1a6fd0c945cc86629d709eeb282c305a27,2025,Article,English,EC_EV_FINAL_SCOPE,include,verified_member_of_final_4974
EC_EV_002030,10.1016/j.aanat.2022.152006,72e30a0fce4f2539928ae5413408fb840aa3d3218b113cf6b96d95294661ea3b,2023,Article,English,EC_EV_FINAL_SCOPE,include,verified_member_of_final_4974
EC_EV_002031,10.3390/bios15020103,51ee04f6484f1766c13025ead34ca1962bae42649fed140902e2591535c9a8d9,2025,Article,English,EC_EV_FINAL_SCOPE,include,verified_member_of_final_4974
EC_EV_002032,10.1074/jbc.m114.589564,0133305f503684c364113365a737b53cd3269a3852972f3b96dadced77c37464,2014,Article,English,EC_EV_FINAL_SCOPE,include,verified_member_of_final_4974
EC_EV_002033,10.1007/s12265-022-10218-z,45c43829611018315bf6c7ac010e5a63487d5d9e13b132d29bebce10fb33f8b4,2022,Review,English,EC_EV_FINAL_SCOPE,include,verified_member_of_final_4974
EC_EV_002034,10.1038/s41598-020-77097-9,6ede2046a427575ba2795b2dcefef1702d50fa0b1d34d6667bcc464aeba26c74,2020,Article,English,EC_EV_FINAL_SCOPE,include,verified_member_of_final_4974
EC_EV_002035,10.1016/j.omtn.2021.05.023,e07ec086fae59e8970acb4e08a7c97a2ee273c8d72b244bf91168bc29c962020,2021,Article,English,EC_EV_FINAL_SCOPE,include,verified_member_of_final_4974
EC_EV_002036,10.3791/61979,fa650e00be613ba3b13a09eee91c98d69d5e87c2fdf390d4b5b57f908d96556d,2021,Article,English,EC_EV_FINAL_SCOPE,include,verified_member_of_final_4974
EC_EV_002037,10.3390/ijms22158295,7b408ab3528611461a0e3a2d1c3bac489612b913676857a22da12bff23180b94,2021,Review,English,EC_EV_FINAL_SCOPE,include,verified_member_of_final_4974
EC_EV_002038,10.1177/20417314231186918,285fbea621354a8e301b46e9af1de3b96040fe141afa2297a69af819b0430ecf,2023,Article,English,EC_EV_FINAL_SCOPE,include,verified_member_of_final_4974
EC_EV_002039,10.3324/haematol.2021.279716,5e4e08a464df1d3587260a2eefcbc2d6260b6b0599f29fc36b672ad584d4bc2b,2022,Article,English,EC_EV_FINAL_SCOPE,include,verified_member_of_final_4974
EC_EV_002040,10.3390/ijms22158248,4c469de2c3445ca1206b7145a7cf40bce38903981a06d9f38f226b8ce1a9c8ea,2021,Review,English,EC_EV_FINAL_SCOPE,include,verified_member_of_final_4974
EC_EV_002041,10.1038/s12276-018-0058-5,cd97c2e42a08eabca25f0863678b0ea2e2737301379ca46543962c357a2b1816,2018,Article,English,EC_EV_FINAL_SCOPE,include,verified_member_of_final_4974
EC_EV_002042,10.1016/j.bbamcr.2019.07.010,9b3c673d8827b73b4d6e259a6470ec1e272ab2e4b7221d3a0fa0e19039eebd3d,2020,Article,English,EC_EV_FINAL_SCOPE,include,verified_member_of_final_4974
EC_EV_002043,10.3389/fcell.2020.00438,9dbece7a9fe50fda2c0e8c5d41a3ac2b1f31999000a9c8a163b57c78c0e6ee63,2020,Review,English,EC_EV_FINAL_SCOPE,include,verified_member_of_final_4974
EC_EV_002044,10.3390/cells8080935,459efe02156e40e42175ffb323cd012f82646686dd446c636393d428b524e4f3,2019,Article,English,EC_EV_FINAL_SCOPE,include,verified_member_of_final_4974
EC_EV_002045,10.3389/fcvm.2022.781753,47f36d77cf75d8c6508b2ea40f438db90234376ab3e7ea71804994953725d7a0,2022,Article,English,EC_EV_FINAL_SCOPE,include,verified_member_of_final_4974
EC_EV_002046,10.3390/antiox13060729,bc8fdd6c7b721e5d2d499981e63fb8dbaed3df8b74ba06eec254d473e1733fc8,2024,Review,English,EC_EV_FINAL_SCOPE,include,verified_member_of_final_4974
EC_EV_002047,10.1016/j.cej.2025.162927,3d3e900e1bba3b061375956cc1655d58285d675c515b0c4bbdff045173f8d3d6,2025,Article,English,EC_EV_FINAL_SCOPE,include,verified_member_of_final_4974
EC_EV_002048,10.31083/j.fbl2908278,9d1629ad2b108b9e50e91ec1c82a7b7cb8703a35af2f26e63a15a5acdea3a2eb,2024,Article,English,EC_EV_FINAL_SCOPE,include,verified_member_of_final_4974
EC_EV_002049,10.3390/life13101971,34ca3ec1215ff6ba5ef302ad23ce97326f4de2e2221a8fc4a165b8ebf7178f93,2023,Article,English,EC_EV_FINAL_SCOPE,include,verified_member_of_final_4974
EC_EV_002050,10.1016/j.thromres.2020.07.029,b4b57e494c665548bf006ee9cb201e0c87142d9e07250696bc520e87c87dc335,2020,Article,English,EC_EV_FINAL_SCOPE,include,verified_member_of_final_4974
EC_EV_002051,10.1016/j.acthis.2018.04.003,5b18904a22d30ac44909003a2ff81cd4ac1e170ec387210754fb9ed34069fd30,2018,Article,English,EC_EV_FINAL_SCOPE,include,verified_member_of_final_4974
EC_EV_002052,10.1007/s11064-020-03076-1,67fcd4a8217c937a9b458c122453f571709d2f58f5d95d5450f9c5c3226fd331,2020,Article,English,EC_EV_FINAL_SCOPE,include,verified_member_of_final_4974
EC_EV_002053,10.3389/fphar.2021.727901,8103a5dc679044bf6271b2f1cb32d2b8fc6f05e5e4f5549ba228c2f1bd81a1b8,2021,Article,English,EC_EV_FINAL_SCOPE,include,verified_member_of_final_4974
EC_EV_002054,10.1186/s12964-022-00828-0,14f421af6c57716403ac123c4cbdbcb2f62e158624294a4b5baa160af9aba82a,2022,Article,English,EC_EV_FINAL_SCOPE,include,verified_member_of_final_4974
EC_EV_002055,10.18632/oncotarget.13276,82c16734ff095a38bbc12b8e2102afbc152d51970756eb98e251a8f66a513c16,2016,Article,English,EC_EV_FINAL_SCOPE,include,verified_member_of_final_4974
EC_EV_002056,10.3389/fncel.2022.881175,81a952aaac4540ea6d61f5866033983d2d9fd92c64d38f0442206411a2537e65,2022,Article,English,EC_EV_FINAL_SCOPE,include,verified_member_of_final_4974
EC_EV_002057,10.1182/blood-2014-05-576116,9b0255545e352d318e399123158588d937334d3f8a85e7d4bb6c6348e3d8ac86,2014,Article,English,EC_EV_FINAL_SCOPE,include,verified_member_of_final_4974
EC_EV_002058,10.3892/etm.2019.7562,7a8821bc517b7abe31a4f90922ed26ac45031ee93f7d8e1d8a494a705508276e,2019,Article,English,EC_EV_FINAL_SCOPE,include,verified_member_of_final_4974
EC_EV_002059,10.4103/nrr.nrr-d-22-01292,34bd9e799518f7b7b06566056fc05e12b1c559583de1f28a20df0b2b84634c93,2025,Article,English,EC_EV_FINAL_SCOPE,include,verified_member_of_final_4974
EC_EV_002060,10.1186/s13287-018-1047-2,f8da27439d9e2258ea55b41fd66ed11f6492b0b04f9c27e2c3dfddb9461a1bcd,2018,Article,English,EC_EV_FINAL_SCOPE,include,verified_member_of_final_4974
EC_EV_002061,10.1016/j.bbrc.2018.04.065,7c63eada2ee0ca276110f55f0f7b0d1d3f9b74b9617fdebf73a9fa3fe87744f8,2018,Article,English,EC_EV_FINAL_SCOPE,include,verified_member_of_final_4974
EC_EV_002062,10.1002/admi.202300028,5f43b5233f603bbb56a1fc0f55ef0d3856c73cbd2aa2928b23c613d69153be66,2023,Article,English,EC_EV_FINAL_SCOPE,include,verified_member_of_final_4974
EC_EV_002063,10.2147/ijn.s431725,cd272d0feb6d8f52218e71cce7f71ed2736a5004cbfa131e1734cf89b0bd06f7,2023,Article,English,EC_EV_FINAL_SCOPE,include,verified_member_of_final_4974
EC_EV_002064,10.3389/fbioe.2020.00369,713fba8b9571d1acb4e16e602d8a4da0dba48e6213eb16430cd318b5dda329f4,2020,Article,English,EC_EV_FINAL_SCOPE,include,verified_member_of_final_4974
EC_EV_002065,10.3390/ijms22189760,2dd7163159f705aaa0963cbeeb3738996754cd43da3556b04d59428a9e916490,2021,Article,English,EC_EV_FINAL_SCOPE,include,verified_member_of_final_4974
EC_EV_002066,10.3390/cells9020312,e44ae22634d77666ac3f4070e308882d5ab55a0ce2b1c03f6b3637773badecbb,2020,Article,English,EC_EV_FINAL_SCOPE,include,verified_member_of_final_4974
EC_EV_002067,10.1016/j.yjmcc.2014.05.001,1de3a557aca9cf39e517cf35bcf1a1ea9f5b308428abcb555822fa28be5294a8,2014,Article,English,EC_EV_FINAL_SCOPE,include,verified_member_of_final_4974
EC_EV_002068,10.1016/j.mehy.2024.111420,d1d1333da9c180ab523adad62a0c5f7525c40ddf9d1e8e53758a13f1b13e605e,2024,Article,English,EC_EV_FINAL_SCOPE,include,verified_member_of_final_4974
EC_EV_002069,10.3389/fcvm.2018.00187,56f1377dd1ca0fadf397050f9f791bddae86b65ebb1e87db87181fd8c606665f,2018,Review,English,EC_EV_FINAL_SCOPE,include,verified_member_of_final_4974
EC_EV_002070,10.1161/circresaha.124.324272,f2f0f9b1965560092ef8fc742f177769e0e1b98322992b2d41d3b75c2c78d261,2024,Article,English,EC_EV_FINAL_SCOPE,include,verified_member_of_final_4974
EC_EV_002071,10.1016/j.smrv.2022.101696,eb29f37cc7244dc9d698eab0881d0196a527351494663bd01ec221d86e555604,2022,Article,English,EC_EV_FINAL_SCOPE,include,verified_member_of_final_4974
EC_EV_002072,10.1186/s12951-024-03019-w,414bb44f6cc599fe6f893a48c27bfe94d1f5b49ab014ac5a1bbf376fa890ff9c,2024,Article,English,EC_EV_FINAL_SCOPE,include,verified_member_of_final_4974
EC_EV_002073,10.3390/cells11132104,f50a60e34cb9d2e14f4864a6c6c278eaff16705784f19395b6ecbc80bd547e0d,2022,Article,English,EC_EV_FINAL_SCOPE,include,verified_member_of_final_4974
EC_EV_002074,10.1016/j.freeradbiomed.2025.04.029,3581cdcea8f67c9402ba130be4b158c7a6459e638a136728298e73ca75973b36,2025,Article,English,EC_EV_FINAL_SCOPE,include,verified_member_of_final_4974
EC_EV_002075,10.1038/srep04031,fbd8214681333532a91e39bb71a797b51321293e1cff5f8feebbafb603989851,2014,Article,English,EC_EV_FINAL_SCOPE,include,verified_member_of_final_4974
EC_EV_002076,10.1038/s41598-020-67425-4,ed1b1c95014aa7e32dbb2f143c68c52bdb1564c9abf9dee130a72f5f328cef70,2020,Article,English,EC_EV_FINAL_SCOPE,include,verified_member_of_final_4974
EC_EV_002077,10.3390/cells11162573,ac0ef66a4c3944079d7f14eaae0014a6257debce27ed73cff2db772ef40a6533,2022,Article,English,EC_EV_FINAL_SCOPE,include,verified_member_of_final_4974
EC_EV_002078,10.1016/j.placenta.2007.11.016,decc5e03d6437a1de9f7b27f1fbb2234f394209f917f55b0aee916bd9300b1d6,2008,Article,English,EC_EV_FINAL_SCOPE,include,verified_member_of_final_4974
EC_EV_002079,10.1016/j.jri.2007.03.008,986b0ee1c81b69d73b05bb569a4245bea62dbb4a8d6694127cc9d4525ad51823,2007,Article,English,EC_EV_FINAL_SCOPE,include,verified_member_of_final_4974
EC_EV_002080,10.1080/14728222.2018.1464141,680846627879560cc3a410ab56a4a27993b5c1e571e5fd1297f49155e2734cce,2018,Review,English,EC_EV_FINAL_SCOPE,include,verified_member_of_final_4974
EC_EV_002081,10.1016/j.antiviral.2016.07.013,6aa87113f7252f49c9d3e999fc8a7bc0524e1c83cea18ee4686c9cbf227dbece,2016,Article,English,EC_EV_FINAL_SCOPE,include,verified_member_of_final_4974
EC_EV_002082,10.1113/jp283200,7d5d4fff2c35ad96703b9a35f299840f7d9e0f49573d0a9a8937a90086e433b1,2023,Review,English,EC_EV_FINAL_SCOPE,include,verified_member_of_final_4974
EC_EV_002083,10.3390/nu13124378,cb39534cb5cf2bb60c17edc5de0132fbea1039093353995cc22c3b269611932a,2021,Article,English,EC_EV_FINAL_SCOPE,include,verified_member_of_final_4974
EC_EV_002084,10.1002/adbi.202101064,0be0d90d4186da5c2922f92d92b9975576877c68d3468d60af2bec042b1a5c6c,2021,Article,English,EC_EV_FINAL_SCOPE,include,verified_member_of_final_4974
EC_EV_002085,10.1161/hypertensionaha.121.17744,23fa3e0ac6ceffd16bd7381cf4ff6949ed0601c0a47c0df437b2173dd0c5f0a0,2021,Article,English,EC_EV_FINAL_SCOPE,include,verified_member_of_final_4974
EC_EV_002086,10.3390/jcm9113529,05eb0e20f84fad8945c179e667eb699fe0c2e843af9f9dfd975d530f3c5dcb5a,2020,Review,English,EC_EV_FINAL_SCOPE,include,verified_member_of_final_4974
EC_EV_002087,10.1128/msphere.00142-23,57b9a1857ca67c732c9d20ec8ded43810e7e325a8d867dc10b65ff576c4d39e2,2023,Article,English,EC_EV_FINAL_SCOPE,include,verified_member_of_final_4974
EC_EV_002088,10.3892/mmr.2021.12520,1bc1145ff1a732ccca9f6ebd5d5b3ee0c0fd9cd0e95834215d4ef0b57809efe8,2022,Article,English,EC_EV_FINAL_SCOPE,include,verified_member_of_final_4974
EC_EV_002089,10.1016/j.canlet.2024.217407,1ba5a466e038a16e34be39675f65fde62a64bf6fd3b29c8cf7dd2fd9b7cde3d2,2025,Article,English,EC_EV_FINAL_SCOPE,include,verified_member_of_final_4974
EC_EV_002090,10.3390/ijms21124226,eae76c1432d25f27629517ed64c697ea1208269936a9ec9b0262c93dbaf70f9f,2020,Article,English,EC_EV_FINAL_SCOPE,include,verified_member_of_final_4974
EC_EV_002091,10.1016/j.jtha.2023.08.025,e4c4969f384db26361b58f7a2da0efa986c0028c07fdb9e11abb07a6eb942ea8,2023,Article,English,EC_EV_FINAL_SCOPE,include,verified_member_of_final_4974
EC_EV_002092,10.1155/2019/4802578,8d075fe768e7b30b1ab1b9c3d07f0f701855b0e6c5c18709db3b936ecab0f36d,2019,Article,English,EC_EV_FINAL_SCOPE,include,verified_member_of_final_4974
EC_EV_002093,10.1111/bjh.18616,ffcae1295364b542c36983fc9149d31a2c5856063fc3cae6c2275ff8bd98ecd7,2023,Article,English,EC_EV_FINAL_SCOPE,include,verified_member_of_final_4974
EC_EV_002094,10.1002/jev2.70017,a327bff75ff11316405bf9aa04637f85b810e3102181aaf6da853e3bd0f18591,2024,Article,English,EC_EV_FINAL_SCOPE,include,verified_member_of_final_4974
EC_EV_002095,10.1016/j.bioactmat.2021.06.005,078660a36a208445163e5faca0dbf2f7ce20472187ff12e34e78cf71ea4c3daf,2022,Article,English,EC_EV_FINAL_SCOPE,include,verified_member_of_final_4974
EC_EV_002096,10.1080/15384047.2018.1451286,b8011fa8ab94f6e99325bb61c578bad8d24e75bde9b79541cef439a692051c17,2018,Article,English,EC_EV_FINAL_SCOPE,include,verified_member_of_final_4974
EC_EV_002097,10.3390/toxins9110376,3d7111441144811d3b83ea8240b34adf19197633fcd804328aa5022fbfbcc392,2017,Review,English,EC_EV_FINAL_SCOPE,include,verified_member_of_final_4974
EC_EV_002098,10.1038/s41598-019-52127-3,3c852b34e49972791f83e48d26f8bf68a75fbe25bdedd051ad4288b6a72b3b56,2019,Article,English,EC_EV_FINAL_SCOPE,include,verified_member_of_final_4974
EC_EV_002099,10.1515/biol-2022-0899,62c626fa3555dcbc2431554f1d6fe0ce649a7199260e5dc5c7373cc94e9fad37,2024,Article,English,EC_EV_FINAL_SCOPE,include,verified_member_of_final_4974
EC_EV_002100,,9e0e6fe18ea1ee801bb01fb4ad3bc1931131260f8865279eb24fe7de10470550,2019,Article,English,EC_EV_FINAL_SCOPE,include,verified_member_of_final_4974
EC_EV_002101,10.7717/peerj.16311,f79a22a9c22422a33e11f3f4f2897ab644bd95370bb712736e1183981ee3a4c1,2023,Article,English,EC_EV_FINAL_SCOPE,include,verified_member_of_final_4974
EC_EV_002102,10.1166/jbn.2021.3091,223d18a015aad4da1726fa4a42c265805ddde9b6669e82338f836ea65f975fc3,2021,Article,English,EC_EV_FINAL_SCOPE,include,verified_member_of_final_4974
EC_EV_002103,10.1111/jcmm.14228,b8165e38409745d568f180fc515ee2b44b54599ffd967170fc638dcbe4b31523,2019,Article,English,EC_EV_FINAL_SCOPE,include,verified_member_of_final_4974
EC_EV_002104,10.1016/j.biopha.2024.116225,3455ee36fab285b919849affb507cea1cb7476d2765c09a6510e4214ceadbe45,2024,Article,English,EC_EV_FINAL_SCOPE,include,verified_member_of_final_4974
EC_EV_002105,10.1161/circresaha.118.314010,576a597c80d8b43acfc251c19bcafebf099abb4cf45305e0fd220b31aa93d158,2019,Article,English,EC_EV_FINAL_SCOPE,include,verified_member_of_final_4974
EC_EV_002106,10.1172/jci.insight.165172,30a7c548a98d8d10d4d6c294a60a3f63ca432cbf169a2aeb4830c466b9581cef,2023,Article,English,EC_EV_FINAL_SCOPE,include,verified_member_of_final_4974
EC_EV_002107,10.1002/advs.202404456,1dd4629cb3a9beb180ce5303b2cb58dbc03ba0e068dd3bf2ab1923c25c844e12,2024,Article,English,EC_EV_FINAL_SCOPE,include,verified_member_of_final_4974
EC_EV_002108,10.1007/s00467-022-05566-6,e7a344b357dba7b4a28351931357fa2ce632435f1169f815bf7e51798eac0fbd,2022,Article,English,EC_EV_FINAL_SCOPE,include,verified_member_of_final_4974
EC_EV_002109,10.1155/2020/2187169,1dedc6840180906224645618529fa2159f82e1fe782f304d70f45a08831a6ca1,2020,Review,English,EC_EV_FINAL_SCOPE,include,verified_member_of_final_4974
EC_EV_002110,10.1111/cas.15801,10825912182a0afc607083206b792f2e55a8401cbb3e17744728b717c34b6a64,2023,Review,English,EC_EV_FINAL_SCOPE,include,verified_member_of_final_4974
EC_EV_002111,10.1186/s12931-017-0704-9,831374e261559202229a1d2efbc548366b6da9bc507928d9a6038afc4fe040af,2017,Article,English,EC_EV_FINAL_SCOPE,include,verified_member_of_final_4974
EC_EV_002112,10.3389/fphar.2023.1166123,4dd189e877404c7f58819f1ed88a9f3c07d1912731fee90bd877005ca43f7e8d,2023,Article,English,EC_EV_FINAL_SCOPE,include,verified_member_of_final_4974
EC_EV_002113,10.1093/cvr/cvac012,fb00bfa92c0110be59b9ae10b7b97565ed540e92d86d6ff7c494fd99a73ba5cf,2023,Article,English,EC_EV_FINAL_SCOPE,include,verified_member_of_final_4974
EC_EV_002114,10.1007/s12035-024-04044-4,c1135491a72703e52e47575fd0d00fa8a86d318a9c9c848643d7fe54347a3aed,2024,Article,English,EC_EV_FINAL_SCOPE,include,verified_member_of_final_4974
EC_EV_002115,10.3390/ijms23031774,65c7d43f9279657f95c6e0e3842bef1a0402d0a1b84c16a88be916b417851555,2022,Review,English,EC_EV_FINAL_SCOPE,include,verified_member_of_final_4974
EC_EV_002116,10.1097/shk.0000000000001002,92cf58cb7dff5baf4310e57d345a130332ed4f2458b2e79a59a9ad7cce9e3156,2018,Review,English,EC_EV_FINAL_SCOPE,include,verified_member_of_final_4974
EC_EV_002117,10.3390/cells9040851,14789746074b2497f3fb06dd2b54c723f0a69a21fa8bb6058fdbf121b8fd350f,2020,Review,English,EC_EV_FINAL_SCOPE,include,verified_member_of_final_4974
EC_EV_002118,10.1016/j.neuroscience.2024.09.040,03681b83c9b82200a938e82c1a84f1f57ff0bf7e5a0da5894fb850d7b812f5e2,2024,Article,English,EC_EV_FINAL_SCOPE,include,verified_member_of_final_4974
EC_EV_002119,10.1016/j.autrev.2023.103274,15262bd0fd5623ded649e85bbeb7d8f2c80ab6bee0aad24852f40dd230ee6c89,2023,Article,English,EC_EV_FINAL_SCOPE,include,verified_member_of_final_4974
EC_EV_002120,10.3390/ijms22105214,8ed76eecb6d2a66123584b7a903018c1744b7f0f1f3960543ad9844ef784e326,2021,Article,English,EC_EV_FINAL_SCOPE,include,verified_member_of_final_4974
EC_EV_002121,10.1016/j.canlet.2016.09.013,b14d2c979211f0b0fd65c070adff68a22493dd1e8f2e2e1089dc6fd5cb7a1e4b,2017,Article,English,EC_EV_FINAL_SCOPE,include,verified_member_of_final_4974
EC_EV_002122,10.1152/physiol.00021.2019,9448e9b867f856f9c1e054ba7164994405e9b4cdf32319dfeb488c0f398d9db8,2020,Review,English,EC_EV_FINAL_SCOPE,include,verified_member_of_final_4974
EC_EV_002123,10.1002/adhm.201600308,99a5f5ca39bd705f647a1f87f9623aea37de7588b1d9be27f3446ff442edc993,2016,Article,English,EC_EV_FINAL_SCOPE,include,verified_member_of_final_4974
EC_EV_002124,10.1186/scrt546,238ff23d485643252ec63988fca81a3a503f03666e1060080f7d4d80c2713705,2015,Article,English,EC_EV_FINAL_SCOPE,include,verified_member_of_final_4974
EC_EV_002125,10.1080/08916934.2023.2282939,d04bfd0cbf10abbcec84519b3a23d096ff2928c74d6147560be7bccceb152ff8,2023,Article,English,EC_EV_FINAL_SCOPE,include,verified_member_of_final_4974
EC_EV_002126,10.3389/fimmu.2022.824188,17a62d5179294dc98be989fcb06c4a1e3eb9549969dbb16dcde1a95bdb6b99f7,2022,Review,English,EC_EV_FINAL_SCOPE,include,verified_member_of_final_4974
EC_EV_002127,10.1016/j.actbio.2025.02.028,2ace7961609301045e74c894e516ecd55fa17111c9e393f8273fde83cfea4ce1,2025,Article,English,EC_EV_FINAL_SCOPE,include,verified_member_of_final_4974
EC_EV_002128,10.1172/jci.insight.181937,b12601c157e110e7e648ba4bcef4b3e7cfd611f18627bd84e3e1e8467fc88857,2025,Article,English,EC_EV_FINAL_SCOPE,include,verified_member_of_final_4974
EC_EV_002129,10.3390/cells8121524,cc0de1e45e4b0b4fc853773191247baf4d420f1a2cb9fe48f0a8f1d6dd556f90,2019,Article,English,EC_EV_FINAL_SCOPE,include,verified_member_of_final_4974
EC_EV_002130,10.2174/1570159x21666230214112408,a69bdfe804059755e68413849bfb9b22a231d849e5c83e67cee58bac423a29a3,2023,Review,English,EC_EV_FINAL_SCOPE,include,verified_member_of_final_4974
EC_EV_002131,10.3892/mmr.2022.12785,867893273e3e15dedafbf26690087fd5cc3837d6ceced8347b0f28ed36fb104d,2022,Article,English,EC_EV_FINAL_SCOPE,include,verified_member_of_final_4974
EC_EV_002132,10.3390/jpm12122030,09efe533198028078b9aa33946fea7f180f39cf7515dd7f69c411818d1af1787,2022,Article,English,EC_EV_FINAL_SCOPE,include,verified_member_of_final_4974
EC_EV_002133,10.1111/bjh.14104,21d046077f2540f878ac132d1b4b20d783097902bb1f539d8179becf6c2a39ee,2016,Article,English,EC_EV_FINAL_SCOPE,include,verified_member_of_final_4974
EC_EV_002134,10.1038/s41390-022-02428-7,ddc5268eb4055f07b4505119be07fc1def51cc8136f841e910304d430da8da0d,2024,Review,English,EC_EV_FINAL_SCOPE,include,verified_member_of_final_4974
EC_EV_002135,10.1016/j.bcp.2024.116413,162784835277a3e60162ab436f75da8dda2ceb87b0eb37bc2779233a6b4475a7,2024,Article,English,EC_EV_FINAL_SCOPE,include,verified_member_of_final_4974
EC_EV_002136,10.1038/s41419-022-04591-5,f0002896b699396688dd20d54268a62e585b76342466dd9ee62a321486ef383f,2022,Article,English,EC_EV_FINAL_SCOPE,include,verified_member_of_final_4974
EC_EV_002137,10.1186/s13293-019-0241-y,cb7554a0408c8803407f44b2d218bb7345eeddd3395e6f640accec3c80216c42,2019,Article,English,EC_EV_FINAL_SCOPE,include,verified_member_of_final_4974
EC_EV_002138,10.3389/fcvm.2021.767488,9649d34f1598c95a6dcd43e5750222aba0efea537fdc89f41cac515308e94cca,2021,Review,English,EC_EV_FINAL_SCOPE,include,verified_member_of_final_4974
EC_EV_002139,10.1089/hum.2019.245,027749c48db8e87234c99119122ea54b1613a66d6d98ca4debce19d3207a5193,2020,Article,English,EC_EV_FINAL_SCOPE,include,verified_member_of_final_4974
EC_EV_002140,10.1016/j.jacbts.2024.02.012,be526e1ae26c33e79ed9d61b122f1e1c4446319295433b3db4cbaf1be7975a3a,2024,Article,English,EC_EV_FINAL_SCOPE,include,verified_member_of_final_4974
EC_EV_002141,10.1016/j.phymed.2025.156688,fd1c850407a91c7e61ab933f170e565de7362baa46924ecdec7f1287e81bf360,2025,Article,English,EC_EV_FINAL_SCOPE,include,verified_member_of_final_4974
EC_EV_002142,10.1016/j.vph.2016.03.005,e65f0c80e83c99fd8fd7ed630b4004819219507d47feea2e84db03b4b9b41ce8,2016,Review,English,EC_EV_FINAL_SCOPE,include,verified_member_of_final_4974
EC_EV_002143,10.1002/sctm.20-0132,a521be5eeda076c20a8fb34fe451cb4487c9093cef43cbd257c953a33af708a5,2021,Article,English,EC_EV_FINAL_SCOPE,include,verified_member_of_final_4974
EC_EV_002144,10.1186/s13098-023-01210-x,53fda4f379c3cdf6f4d631744d13195a2e2b5d7611d6bdf73648b192e2c4d098,2024,Article,English,EC_EV_FINAL_SCOPE,include,verified_member_of_final_4974
EC_EV_002145,10.1186/s12974-023-02833-7,8df0fe080f72ac0060b980a73c9c096b2f186dedff94dd7f8195b651f9d518b2,2023,Article,English,EC_EV_FINAL_SCOPE,include,verified_member_of_final_4974
EC_EV_002146,10.1039/c9nr02512j,05f7cbe4a515d94b8a495450e96a9f2fcff4b9077601ea2c14ef012cf52d8356,2019,Article,English,EC_EV_FINAL_SCOPE,include,verified_member_of_final_4974
EC_EV_002147,10.1186/s12951-025-03125-3,4e4cfc90d401d93f0cd7998dfce9971a7cd7845cb35a5130f164030255c087da,2025,Article,English,EC_EV_FINAL_SCOPE,include,verified_member_of_final_4974
EC_EV_002148,10.1016/j.ejphar.2020.173473,5929d8dea7292dc22d6fae70ecd4cc41fadebbafd8f61ab4efc2b13adc31cfb3,2020,Article,English,EC_EV_FINAL_SCOPE,include,verified_member_of_final_4974
EC_EV_002149,10.3390/cells12242785,5fa7115c9e3b8fa7fdcfe27006d2be1659b42fadbfd3c58a585fee371133493f,2023,Review,English,EC_EV_FINAL_SCOPE,include,verified_member_of_final_4974
EC_EV_002150,10.1021/nn402232g,1fbf0cd254e327e153d4039d4ea9668056448c6b2ad9be2abac08d32d90229f8,2013,Article,English,EC_EV_FINAL_SCOPE,include,verified_member_of_final_4974
EC_EV_002151,10.1210/endocr/bqad091,e585269177ba911aff8571cbd1ddd469fc1c1675f0c6321308d7692b1bf41b4e,2023,Article,English,EC_EV_FINAL_SCOPE,include,verified_member_of_final_4974
EC_EV_002152,10.18632/oncotarget.10387,d4d5c222ea7c163d3b014665c3371abeaf8a1ac21a222fee70e023e091308574,2016,Article,English,EC_EV_FINAL_SCOPE,include,verified_member_of_final_4974
EC_EV_002153,10.1016/j.drudis.2022.07.008,12d0cb838facae76f1336967853b7ea28ff6ebf2254bcaf72ebb83f7c9bd3142,2022,Review,English,EC_EV_FINAL_SCOPE,include,verified_member_of_final_4974
EC_EV_002154,10.1002/smll.202410404,86e67c9227e168d49fc0f2b714360c30de47a8a5fc0e08564991ab6896f6e201,2025,Review,English,EC_EV_FINAL_SCOPE,include,verified_member_of_final_4974
EC_EV_002155,10.1007/s00216-024-05567-4,5050f8f4d11a85a04f6fab534b8276053d5537451d43e1a3b3cb6c63d363c73a,2024,Article,English,EC_EV_FINAL_SCOPE,include,verified_member_of_final_4974
EC_EV_002156,10.1161/circulationaha.122.060258,8f9e95d23fad31558296e74ecefb74473015093fc8ff7047a55dba1bb0d92d9d,2022,Article,English,EC_EV_FINAL_SCOPE,include,verified_member_of_final_4974
EC_EV_002157,10.1007/s12195-022-00738-8,6bb688e3e3d4302e25acb9dce51e74e72ff9ae2a4e06dbe93a4a7b4c5ec6822d,2022,Article,English,EC_EV_FINAL_SCOPE,include,verified_member_of_final_4974
EC_EV_002158,10.3389/fimmu.2023.1254762,3c5ff127b0fc4ce3dd0dfc9e9a3568a78d21ff767e9680e20f6524f5b6ac52d1,2023,Article,English,EC_EV_FINAL_SCOPE,include,verified_member_of_final_4974
EC_EV_002159,10.1016/j.compositesb.2024.111944,f796df9c0ea45ee0d00555426537a8380465a51d5de382bccad9493911dfe772,2025,Article,English,EC_EV_FINAL_SCOPE,include,verified_member_of_final_4974
EC_EV_002160,10.1038/s41598-021-91759-2,beb86b58dbd1c02a246602f7af91e049ed70757aec5e086ae417f368396b42ef,2021,Article,English,EC_EV_FINAL_SCOPE,include,verified_member_of_final_4974
EC_EV_002161,10.1016/j.jconrel.2019.11.003,b57cc7fe8bf506d95a69712674597d9270ef69bc0c0d959ef3ab9a621f7a044e,2019,Article,English,EC_EV_FINAL_SCOPE,include,verified_member_of_final_4974
EC_EV_002162,10.2147/ijn.s354314,5e5bd6873ea1d4d9b4805727ca9d3e9ea41d8fda2f5303bf626b0b597c1e8ddb,2022,Article,English,EC_EV_FINAL_SCOPE,include,verified_member_of_final_4974
EC_EV_002163,10.1111/jcmm.17727,d9c9c51e4c7c560a42c53202ff67cf304bc0146e7e12634174d6f5d07428c958,2023,Article,English,EC_EV_FINAL_SCOPE,include,verified_member_of_final_4974
EC_EV_002164,10.1186/s12964-019-0423-6,aa69d7d453ea4635820fa4d52d31358641adddd145ee17718ece06f5ab1a0543,2019,Article,English,EC_EV_FINAL_SCOPE,include,verified_member_of_final_4974
EC_EV_002165,10.1007/s10741-020-10001-9,77ec52582a004e7b8c40c066dc4b01733a984734f83651f2fa0acc5582b56900,2021,Article,English,EC_EV_FINAL_SCOPE,include,verified_member_of_final_4974
EC_EV_002166,10.1038/s41419-021-04117-5,1304f6e00b1122dc342e74ac6148a0dfe18a5f9dad1357a75a5818c123f47fe2,2021,Article,English,EC_EV_FINAL_SCOPE,include,verified_member_of_final_4974
EC_EV_002167,10.1158/1541-7786.mcr-24-0052,550a432ff1157876a6a8ce7af88cab7be1d95b8b7dde850e29809bda8f8e0269,2024,Article,English,EC_EV_FINAL_SCOPE,include,verified_member_of_final_4974
EC_EV_002168,10.1111/ajt.17097,f75ccb33661d2ca35f8790bacb58d3ac963e9f63d7a4d2bb5eeb63ecee60d044,2022,Article,English,EC_EV_FINAL_SCOPE,include,verified_member_of_final_4974
EC_EV_002169,10.1016/j.niox.2016.12.005,9d83ca5ecaf812b04b4ac0f3a999a1099958a0249ffc80314b0f078acde5ca02,2017,Article,English,EC_EV_FINAL_SCOPE,include,verified_member_of_final_4974
EC_EV_002170,10.7150/thno.103747,ee69ed7114af007068ffc7d55b4b07dbfe127fe142bafa86a174878f81545e64,2025,Article,English,EC_EV_FINAL_SCOPE,include,verified_member_of_final_4974
EC_EV_002171,10.1039/d4tb00363b,bd7874d1eb4173f8fa6f036ea333c55d0b5654b16e8c95bd798a3af59e5417a3,2024,Article,English,EC_EV_FINAL_SCOPE,include,verified_member_of_final_4974
EC_EV_002172,10.3892/ijmm.2021.5073,fa5969c2d699ba78dcc800ec269907dc21fec9ab0079ed24d4788276cebc4844,2022,Article,English,EC_EV_FINAL_SCOPE,include,verified_member_of_final_4974
EC_EV_002173,10.1007/s40820-019-0285-x,6ea6ec32cffcabd72de49498b0d7f901e74e8567821d3041c33b2b9c555035b3,2019,Article,English,EC_EV_FINAL_SCOPE,include,verified_member_of_final_4974
EC_EV_002174,10.1007/s12015-024-10758-8,a1918fcec9744cd79116a63ee73e89a3771c67af5a8d42152986e793a426c033,2024,Article,English,EC_EV_FINAL_SCOPE,include,verified_member_of_final_4974
EC_EV_002175,10.3390/cells9020295,ed2c9d595684b2225864901b74df01c54d923ba42548bd007e1444dd90bdc8da,2020,Article,English,EC_EV_FINAL_SCOPE,include,verified_member_of_final_4974
EC_EV_002176,10.1667/rr14510.1,df4e9463faffe2ae70d77c7aea8bf1ba93e93ddcb8a6c11fd71fea111613ec6d,2016,Article,English,EC_EV_FINAL_SCOPE,include,verified_member_of_final_4974
EC_EV_002177,10.1371/journal.pone.0116812,672e49190880f5a0dd6830904a773292c8100c61f516ca207cafb83a13df449c,2015,Article,English,EC_EV_FINAL_SCOPE,include,verified_member_of_final_4974
EC_EV_002178,10.3390/biom13060897,a51558d8df6f88205c4786e62d699fd8525102ff01d9a89799f060aaddb591cd,2023,Review,English,EC_EV_FINAL_SCOPE,include,verified_member_of_final_4974
EC_EV_002179,10.1111/jocd.14295,c6215a2b9af6b23bf61800e656360790fae669a2d3779d3ffec4a788a4595502,2022,Review,English,EC_EV_FINAL_SCOPE,include,verified_member_of_final_4974
EC_EV_002180,10.1016/j.heliyon.2023.e22802,21795f8c02c1936c59f4c3bd12d0583c217b602da582a1a36dd7dec8e61eecc7,2024,Article,English,EC_EV_FINAL_SCOPE,include,verified_member_of_final_4974
EC_EV_002181,10.3390/ijms21218153,12570b7eb667459af547789da1058cf32cae59e0c5006c316d93e04193470216,2020,Article,English,EC_EV_FINAL_SCOPE,include,verified_member_of_final_4974
EC_EV_002182,10.1016/j.placenta.2023.09.008,35a4ef674d1c6d0328360390e059bc4af5efca87baaae63875a9fc4d4e14b412,2023,Article,English,EC_EV_FINAL_SCOPE,include,verified_member_of_final_4974
EC_EV_002183,10.4161/rna.25281,70b50d37b429ddc7884e7e67c17f83547af1f29c46d470ec74b87d2124776d4d,2013,Article,English,EC_EV_FINAL_SCOPE,include,verified_member_of_final_4974
EC_EV_002184,10.1016/j.biomaterials.2024.122893,72c7ac65de9c8e69703fa527455bfa768d76d1261a7b81ab70260e7f8a43a0e5,2025,Article,English,EC_EV_FINAL_SCOPE,include,verified_member_of_final_4974
EC_EV_002185,10.14670/hh-18-633,8499aaf5401145f993235fdaf9b88dceaac51c0bb902ce67f92847363bbb6d24,2023,Review,English,EC_EV_FINAL_SCOPE,include,verified_member_of_final_4974
EC_EV_002186,10.1016/j.jot.2022.08.001,723db6cfd3141980d2cd0bd7ed00cd87354123c89d1d659a0999a7daf4199e76,2022,Article,English,EC_EV_FINAL_SCOPE,include,verified_member_of_final_4974
EC_EV_002187,10.1146/annurev-bioeng-092222-034906,4d231414dbf10e87c4d58983ec182799a6f9a4497c4100b37ac07f20b4232952,2023,Review,English,EC_EV_FINAL_SCOPE,include,verified_member_of_final_4974
EC_EV_002188,10.1161/circulationaha.117.030785,ed9b4b753ef01f2ebe26d36a7d7d491f46e234b7336662467f538a1f5ac16350,2018,Article,English,EC_EV_FINAL_SCOPE,include,verified_member_of_final_4974
EC_EV_002189,10.3390/biom11121758,a96925b5b1dddf7e786986711562131aa5dc40fdc68ffb7a0aaac6373eacf8e8,2021,Article,English,EC_EV_FINAL_SCOPE,include,verified_member_of_final_4974
EC_EV_002190,10.1111/trf.17271,34349b0e166a33408abbf641f82466599d91395268028650da648f0e7eea55ec,2023,Article,English,EC_EV_FINAL_SCOPE,include,verified_member_of_final_4974
EC_EV_002191,10.1016/j.jacbts.2019.10.011,7baafcd33e23a2da489940bb72b5e184bcde2189d6302a3d40f618831ceea469,2020,Article,English,EC_EV_FINAL_SCOPE,include,verified_member_of_final_4974
EC_EV_002192,10.1016/j.biopha.2019.109593,1829feee77049fe865a845ac957dc336eee5b1b660beb8e8645354c4faf665fc,2020,Article,English,EC_EV_FINAL_SCOPE,include,verified_member_of_final_4974
EC_EV_002193,10.1096/fj.201800428r,5bd35346bbad1bd6931e97fd63db5e48ba887165e62fd6a5d89d94dafc09ebf3,2019,Article,English,EC_EV_FINAL_SCOPE,include,verified_member_of_final_4974
EC_EV_002194,10.3389/fimmu.2022.904679,5dddd39beafa5c0937bd388e925c14c5b336e523eb3c2cee38acd746169875fa,2022,Article,English,EC_EV_FINAL_SCOPE,include,verified_member_of_final_4974
EC_EV_002195,10.1016/j.prp.2024.155388,dd61fc2d89bf66a020062e3dad876d6fecdbd4a1b1926728beaab4297ba1819c,2024,Review,English,EC_EV_FINAL_SCOPE,include,verified_member_of_final_4974
EC_EV_002196,10.7150/thno.43163,0b73849b44e2b343d9870a28f78f185a0778283cd04b5e91b986e87119f5bffe,2020,Article,English,EC_EV_FINAL_SCOPE,include,verified_member_of_final_4974
EC_EV_002197,10.1038/nrm3335,06093b23bba3af75c010d15837bef47c3d077c2017874a48f704e55ea138bc2d,2012,Review,English,EC_EV_FINAL_SCOPE,include,verified_member_of_final_4974
EC_EV_002198,10.1002/ppul.23698,f5adb24bc39555a9d0af320f5dcb26266560e1369ae6bc1a729439f4d9c5fe76,2017,Article,English,EC_EV_FINAL_SCOPE,include,verified_member_of_final_4974
EC_EV_002199,10.1002/ctm2.595,de1831c327be7250e00c501bb580b2599f1e9e41e050a20afac84d5dcc95e46f,2021,Article,English,EC_EV_FINAL_SCOPE,include,verified_member_of_final_4974
EC_EV_002200,10.3389/fimmu.2023.1181016,d3331d182e0905fb58a619fd4921fb505161b66fc53668d0d6c43811c0fcb4dd,2023,Article,English,EC_EV_FINAL_SCOPE,include,verified_member_of_final_4974
EC_EV_002201,10.1038/s41420-022-01107-0,dde660b78b14d5ff7f0dae25a37a3c45cc38c0bfa8b2e0505071b2ae554a88d0,2022,Review,English,EC_EV_FINAL_SCOPE,include,verified_member_of_final_4974
EC_EV_002202,10.1038/s41388-022-02360-4,1185d392808ed2c1fd0c34f75b8d9ca11cb4ec7ddb13d63cabde47f6e034793d,2022,Article,English,EC_EV_FINAL_SCOPE,include,verified_member_of_final_4974
EC_EV_002203,10.1186/s13048-020-00758-w,fc8841618884daeb12ad04d4e5100c2991d47d481c5bf7ef19b3762efa1e6ac2,2021,Article,English,EC_EV_FINAL_SCOPE,include,verified_member_of_final_4974
EC_EV_002204,10.1186/s13287-020-01834-0,9c1a581db2255956c3c9ae24ff33a4f3ecaa56a6dd29a63e073740eb58340fc4,2020,Article,English,EC_EV_FINAL_SCOPE,include,verified_member_of_final_4974
EC_EV_002205,10.1080/20013078.2019.1615820,0db6a6a32e6431e39211b0fa0aa92b6b5b418527b7968fb74e39099e59a3805b,2019,Article,English,EC_EV_FINAL_SCOPE,include,verified_member_of_final_4974
EC_EV_002206,10.1097/shk.0000000000000928,92c6f74215fe4f35b36f13ca01a7cd92e990448a6d539560c5cea7b1d497f1a3,2018,Article,English,EC_EV_FINAL_SCOPE,include,verified_member_of_final_4974
EC_EV_002207,10.1016/j.lfs.2021.119495,c6b7abfbbe225eafa052cec4449b5a84fcbbf83d10ed7b9cc971fe3bf0b6a6ed,2021,Article,English,EC_EV_FINAL_SCOPE,include,verified_member_of_final_4974
EC_EV_002208,10.1073/pnas.1104261108,b5c4cf1f295c19855961807ede9893ae4dc47c184afee622c6ca133bc1568f59,2011,Article,English,EC_EV_FINAL_SCOPE,include,verified_member_of_final_4974
EC_EV_002209,10.1177/15330338241273239,4eaed0a14a53ff89e5b0361594cc9ca3673838a807401be39b9c3102e0cf3428,2024,Review,English,EC_EV_FINAL_SCOPE,include,verified_member_of_final_4974
EC_EV_002210,10.1186/s12967-024-05806-3,0b557c76ae87fe86705558db8d0c0e5ac7c835f5490c97dbf67b2422199f4f55,2024,Article,English,EC_EV_FINAL_SCOPE,include,verified_member_of_final_4974
EC_EV_002211,10.21037/atm-20-441,209deffa4d19a124e7a24bf1d375c54a60810c6b0973d497c23ec43832a9a2d5,2020,Article,English,EC_EV_FINAL_SCOPE,include,verified_member_of_final_4974
EC_EV_002212,10.1186/s12964-024-01502-3,78df3b7064909deb2db974780b29285f77cf674e00563838df75d85eef23bd03,2024,Review,English,EC_EV_FINAL_SCOPE,include,verified_member_of_final_4974
EC_EV_002213,10.1155/2020/7298687,01be5357675518fdae4ec5bfdc6fe7e50dbee5c817ce03dfef657f0f21ca4196,2020,Review,English,EC_EV_FINAL_SCOPE,include,verified_member_of_final_4974
EC_EV_002214,10.1089/ars.2024.0593,8b8e37a4749ff5726244aede517d07fdf7b759bb386c45e080a4f9a3a51e283a,2025,Article,English,EC_EV_FINAL_SCOPE,include,verified_member_of_final_4974
EC_EV_002215,10.2174/1381612825666181219162655,d362158d333d48c8a943e5259194f6e3b957dcda5f185cf7aa7c6c9036d501cf,2018,Review,English,EC_EV_FINAL_SCOPE,include,verified_member_of_final_4974
EC_EV_002216,10.1371/journal.pone.0102521,1fcaa27bef7b5205e5885c3884b8e60f38ea2a91fd047331ad79b07cb33ce8ac,2014,Article,English,EC_EV_FINAL_SCOPE,include,verified_member_of_final_4974
EC_EV_002217,10.1016/j.omtn.2022.03.018,58bd527a6168d1b5c2f0bec24e1dab930129a8fb8203e5cbb9493d1162a18149,2022,Article,English,EC_EV_FINAL_SCOPE,include,verified_member_of_final_4974
EC_EV_002218,10.1016/j.trecan.2022.05.002,85490dc037fb7e670eb43694b4d34a7cc800edcffc846f0c4c9e69a7a192636a,2022,Review,English,EC_EV_FINAL_SCOPE,include,verified_member_of_final_4974
EC_EV_002219,10.1111/imcb.12049,2600efb9d54313bc8c0b335ea4418d437fc5b4f7d22492d717ffa9fc46e31648,2018,Review,English,EC_EV_FINAL_SCOPE,include,verified_member_of_final_4974
EC_EV_002220,10.1007/s12975-024-01266-5,b476e81b68f46c9e5958f8c2ca8277b851e4d137e28478ebbb7fa970dec8b5d0,2025,Article,English,EC_EV_FINAL_SCOPE,include,verified_member_of_final_4974
EC_EV_002221,10.1073/pnas.1220998110,47d31ba6d4734b308d131734e16e63039672077aae5e0e5bc06cf842526cd37a,2013,Article,English,EC_EV_FINAL_SCOPE,include,verified_member_of_final_4974
EC_EV_002222,10.1007/s12975-018-0683-2,d616fc9991eda32c007be5a06028fad0dac45178fd8661a95e346975c7d09337,2019,Article,English,EC_EV_FINAL_SCOPE,include,verified_member_of_final_4974
EC_EV_002223,10.1038/srep28627,ff8e0444ce9bd1083a922ab43486e14a07cb9c48c4bb89062cfb201f71492925,2016,Article,English,EC_EV_FINAL_SCOPE,include,verified_member_of_final_4974
EC_EV_002224,10.1093/burnst/tkaa020,cb4277989a1f458454d749e878007aad64f21c406a049727f9e43b6312676aef,2020,Article,English,EC_EV_FINAL_SCOPE,include,verified_member_of_final_4974
EC_EV_002225,10.2147/ijn.s435132,b408244f19e59cb07d6a736a8cb2e9de09001b2fe87aef7bb2d49d46975e2219,2023,Article,English,EC_EV_FINAL_SCOPE,include,verified_member_of_final_4974
EC_EV_002226,10.1016/j.bbadis.2018.08.026,d57ceba2c544591b12ba8083f540398c4815659c05f435da9fedfce773d9fdc0,2018,Article,English,EC_EV_FINAL_SCOPE,include,verified_member_of_final_4974
EC_EV_002227,10.1186/s12931-022-02073-y,d505688ff24c33c4b04f8ea8a18066054b57f2900651b0d93f1a0175fc74763d,2022,Article,English,EC_EV_FINAL_SCOPE,include,verified_member_of_final_4974
EC_EV_002228,10.1080/21691401.2019.1669617,72c9ddc96711f3ec64f391491939a2401073313af9fad49ea4dab8c7e33a637e,2019,Article,English,EC_EV_FINAL_SCOPE,include,verified_member_of_final_4974
EC_EV_002229,10.1093/burnst/tkab003,1f174aed186164f0bf8d7fb71ee25e2bd2bfccc994e05df04d36358c84246969,2021,Article,English,EC_EV_FINAL_SCOPE,include,verified_member_of_final_4974
EC_EV_002230,10.1002/advs.202206801,f98dd06ab25ceda8409ee0d60173b5cf5f6d55a48e3e8c69d55c10297e99cd63,2023,Article,English,EC_EV_FINAL_SCOPE,include,verified_member_of_final_4974
EC_EV_002231,10.1016/j.jri.2024.104255,1551210746ef1893679633520209ed12ee28f2e5aa4baa304fbef4f74193f08b,2024,Article,English,EC_EV_FINAL_SCOPE,include,verified_member_of_final_4974
EC_EV_002232,10.1080/21655979.2021.1993717,d739f2400932ab6acc1b6a03fb74681fc766764b1a16b05e91e66555d590b500,2021,Article,English,EC_EV_FINAL_SCOPE,include,verified_member_of_final_4974
EC_EV_002233,10.1016/j.omtn.2020.07.007,5e31a8338f8c264373ecdd1c20ca979d30cbd6c474ead5c907325b7efb9e4b1a,2020,Article,English,EC_EV_FINAL_SCOPE,include,verified_member_of_final_4974
EC_EV_002234,10.1371/journal.ppat.1003484,618dd4849b19b299b2e424476b6100dd2b24fbf66aaf2c93b94914a8a12ea9f5,2013,Article,English,EC_EV_FINAL_SCOPE,include,verified_member_of_final_4974
EC_EV_002235,10.1007/s11481-021-10008-5,e9f45297108a770942c5fa8a7fc1c751f10f24d2d45ae01dd29414502251d0c9,2021,Article,English,EC_EV_FINAL_SCOPE,include,verified_member_of_final_4974
EC_EV_002236,10.1016/j.jpain.2021.12.007,74194881dd544a251aee8bb47d8e8f5dc0305e4fcb5bacce498efc8bca0e4975,2022,Article,English,EC_EV_FINAL_SCOPE,include,verified_member_of_final_4974
EC_EV_002237,10.7150/thno.22958,063073a083177a2fc8c914ae020efdfb080358d68036123b0a6b4e02097faa19,2018,Article,English,EC_EV_FINAL_SCOPE,include,verified_member_of_final_4974
EC_EV_002238,10.1016/j.bbamcr.2025.119992,b2c160cd917bd6132b9dc4a9441ba29870f33993a4deae954788d0f19098ea9a,2025,Article,English,EC_EV_FINAL_SCOPE,include,verified_member_of_final_4974
EC_EV_002239,10.1007/s10522-025-10209-y,aaa5045479d22e28f94f884982a3cfcc163b0c83a8de3fb68d1cced25de9f190,2025,Review,English,EC_EV_FINAL_SCOPE,include,verified_member_of_final_4974
EC_EV_002240,10.1016/j.mcn.2016.12.006,464448e75db3c8aed4a44c5e358ece60516dc00ebced85f1fc36243e44f15b06,2017,Article,English,EC_EV_FINAL_SCOPE,include,verified_member_of_final_4974
EC_EV_002241,10.2337/db17-0371,f46ed5029114df0a72446f8843dc53c2422626470b470b02d585cc6989d08b80,2018,Article,English,EC_EV_FINAL_SCOPE,include,verified_member_of_final_4974
EC_EV_002242,10.1038/s41388-020-1308-2,6213c4222408c3bdd57401c4fac206730ada9d86e44d5de6d89ede8087c1e530,2020,Review,English,EC_EV_FINAL_SCOPE,include,verified_member_of_final_4974
EC_EV_002243,10.3390/jcm8020137,38a73ce5f62348279b2b88885b67e518b8bc4dc568ab733eacb4a03568663aae,2019,Article,English,EC_EV_FINAL_SCOPE,include,verified_member_of_final_4974
EC_EV_002244,10.1536/ihj.20-224,a9fb6521872f1c089716913fe8e56cf4fa12ef17906e5a95590bf7f12070323c,2021,Article,English,EC_EV_FINAL_SCOPE,include,verified_member_of_final_4974
EC_EV_002245,10.1111/all.12958,7b3cd3c8c0ebb651f6d656ae18b29777e11ba052e1041fe401071152d6973ee3,2017,Article,English,EC_EV_FINAL_SCOPE,include,verified_member_of_final_4974
EC_EV_002246,10.1007/s00535-016-1190-4,09081f9ad99e1fb3b6fd03f36bba50a4e364ceabb08b1c53b8ee0abe6bccca53,2016,Review,English,EC_EV_FINAL_SCOPE,include,verified_member_of_final_4974
EC_EV_002247,10.1155/2024/5512423,e2cecc0762f8aca5b14740d1eee52e029617d239081f5aed581948c0218509c4,2024,Article,English,EC_EV_FINAL_SCOPE,include,verified_member_of_final_4974
EC_EV_002248,10.1016/j.diabres.2021.109032,63c685201a9301872d0b820e8e9e80a78b3787db4025ce32dd395a0492117ad5,2021,Article,English,EC_EV_FINAL_SCOPE,include,verified_member_of_final_4974
EC_EV_002249,10.1016/j.jtha.2023.09.028,197b925c44c5c47c894b42933b6bec0b37244f94a6f536060ca23575db41defe,2024,Article,English,EC_EV_FINAL_SCOPE,include,verified_member_of_final_4974
EC_EV_002250,10.1155/2018/3290372,1108eef31e8ff1548a9cf38707047d907e82c48c410fdeb17ec0e7b18aeefc4a,2018,Article,English,EC_EV_FINAL_SCOPE,include,verified_member_of_final_4974
EC_EV_002251,10.3389/fimmu.2021.785728,6d9540476f64189b01eae13a0661587e3790b392b4a1c3d51f3f3e78cb9e0fe3,2021,Review,English,EC_EV_FINAL_SCOPE,include,verified_member_of_final_4974
EC_EV_002252,10.3389/fneur.2020.572226,6f76bf952e86c1402d1ef5e24006c864adc2e0e09ab37237dcb41e52d3564c8b,2021,Review,English,EC_EV_FINAL_SCOPE,include,verified_member_of_final_4974
EC_EV_002253,10.3390/ijms241411607,f69dd141a84daebb22c53950856ac2b36549b66d761497fd4341b4a2119970b8,2023,Article,English,EC_EV_FINAL_SCOPE,include,verified_member_of_final_4974
EC_EV_002254,10.1152/ajpcell.00541.2022,7678e7fd479e73e182542bdfd891e322087d5e978058a9765d2716e7a771f874,2023,Article,English,EC_EV_FINAL_SCOPE,include,verified_member_of_final_4974
EC_EV_002255,10.1083/jcb.201211138,7d617da9202833405e0a3fbc13d4e5738d09b981950556eaeb5f412d95fcfb64,2013,Review,English,EC_EV_FINAL_SCOPE,include,verified_member_of_final_4974
EC_EV_002256,10.1002/prca.200800040,3e3e7ba6b2c5f32e84946a20db4129b51000fe1c9b921011e579896a2b6bcfc4,2008,Review,English,EC_EV_FINAL_SCOPE,include,verified_member_of_final_4974
EC_EV_002257,10.1186/s12951-023-01986-0,827f4ce106e6a09ff4311f12538d1b6f568b48b00dd80b63fd69eeba5e9d05b5,2023,Article,English,EC_EV_FINAL_SCOPE,include,verified_member_of_final_4974
EC_EV_002258,10.1038/s41467-020-16241-5,dc708c4c8becd35a95cfe4c8097b4bda8448601ed8fdd4fdd72f9be78f5b58ae,2020,Article,English,EC_EV_FINAL_SCOPE,include,verified_member_of_final_4974
EC_EV_002259,10.1016/j.taap.2023.116712,6b11c8e13e73c5f574b705149de6d7a04c9a016bca08812f4ad3153a9a832f81,2023,Article,English,EC_EV_FINAL_SCOPE,include,verified_member_of_final_4974
EC_EV_002260,10.1002/jbmr.3891,90bc30984504a4352fef02f1c8c3739024571ed4da53e3fe2574d80d6579fbf9,2020,Article,English,EC_EV_FINAL_SCOPE,include,verified_member_of_final_4974
EC_EV_002261,10.1161/jaha.120.019755,12fca084a6bb9f3f3e2972734add07494d04e047d30f26542719a9d83421763c,2021,Article,English,EC_EV_FINAL_SCOPE,include,verified_member_of_final_4974
EC_EV_002262,10.1016/j.freeradbiomed.2024.04.216,23dcd0c1fb4fd6689faf5dc899bbbab54b6bb6c01bfa11b6a28c9e67906d8623,2024,Article,English,EC_EV_FINAL_SCOPE,include,verified_member_of_final_4974
EC_EV_002263,10.1016/j.exer.2018.07.003,46bc219496d59c20922e6169ec5003e11b39461bb2d87d322a1ca193f0fa48c6,2018,Article,English,EC_EV_FINAL_SCOPE,include,verified_member_of_final_4974
EC_EV_002264,10.1186/s13287-021-02159-2,2ca740f3a1c487187b1b62f72ff9a767065e58726d13c3163e262be267234058,2021,Article,English,EC_EV_FINAL_SCOPE,include,verified_member_of_final_4974
EC_EV_002265,10.1080/17425247.2023.2279115,2ca13f07d2aa8812625765ec6eb7043922e13ea89cd5e45179591d4f576f08a5,2023,Review,English,EC_EV_FINAL_SCOPE,include,verified_member_of_final_4974
EC_EV_002266,10.1089/ars.2016.6771,dddbc269308745719d5f0586f35bcf381872d19db1ba894e7f5211bcd4ed1f1c,2017,Article,English,EC_EV_FINAL_SCOPE,include,verified_member_of_final_4974
EC_EV_002267,10.1038/s41565-023-01585-y,c75d56133b9b4b609850283e93697bc21554691d7898314eea9b343dce97d4b3,2024,Article,English,EC_EV_FINAL_SCOPE,include,verified_member_of_final_4974
EC_EV_002268,10.1002/advs.202306156,acd2e73b592e9b523688d5b976fbe79df53a9461db97fa6ffb2e12826fcecdd0,2024,Article,English,EC_EV_FINAL_SCOPE,include,verified_member_of_final_4974
EC_EV_002269,10.3390/cells9122688,043984a6404916a6a07de9ba0ddd68a6b214cc565e75d56c0c4e0e5331a9c153,2020,Article,English,EC_EV_FINAL_SCOPE,include,verified_member_of_final_4974
EC_EV_002270,10.1186/s12967-020-02426-5,0e0134031bd347fb1d4a9d4cc15fdecec1fbc11aa7524c222e3dfc80b0d30cdb,2020,Review,English,EC_EV_FINAL_SCOPE,include,verified_member_of_final_4974
EC_EV_002271,10.1002/advs.202303033,b0dfd73fff838e10a3ef725c8a8262d566301ff44937163a938f49207517dbc6,2023,Article,English,EC_EV_FINAL_SCOPE,include,verified_member_of_final_4974
EC_EV_002272,10.1016/j.yexcr.2019.111596,4f76c41b04fe78ccb84ee039cce7f0e3e399a810ffcf07617c8b5b5a6630d377,2019,Article,English,EC_EV_FINAL_SCOPE,include,verified_member_of_final_4974
EC_EV_002273,10.1016/j.apsb.2023.03.023,70cef515fdc795cff1ff8f548d0ffa50b1d53a2abb4382e5d274c40b38b3198e,2023,Article,English,EC_EV_FINAL_SCOPE,include,verified_member_of_final_4974
EC_EV_002274,10.7150/thno.45459,d75389ea7259ab5f4672263591b4ca6bb22d7a6d45673cd4852a28783de5a545,2020,Article,English,EC_EV_FINAL_SCOPE,include,verified_member_of_final_4974
EC_EV_002275,10.18632/oncotarget.7573,4af122cce31568c12564d3bf4b5eb3cb26b77695dbbcdd7b2b6a2ac13f4bf423,2016,Article,English,EC_EV_FINAL_SCOPE,include,verified_member_of_final_4974
EC_EV_002276,10.3390/pharmaceutics13040492,ad4e3a0c7e610a061b19b39a890e4bf6faf0dbbb5069f036cd87599b230b3959,2021,Review,English,EC_EV_FINAL_SCOPE,include,verified_member_of_final_4974
EC_EV_002277,10.1016/j.lpm.2023.104202,e92ac5ed5c223692f21fee43885a1f3587e2b28489410ea18042f7bb94bbd46f,2023,Article,English,EC_EV_FINAL_SCOPE,include,verified_member_of_final_4974
EC_EV_002278,10.14715/cmb/2021.67.5.45,dc199b0d23ab11575cd68d2f5014294e6ccc7016d6a15f81f82dfbcff1a7b00f,2021,Article,English,EC_EV_FINAL_SCOPE,include,verified_member_of_final_4974
EC_EV_002279,10.1016/j.ymthe.2021.03.015,459e989bbaca1733465a212b37cac161b02a3fc5b3ed5ad9c753f5ec0ddca021,2021,Article,English,EC_EV_FINAL_SCOPE,include,verified_member_of_final_4974
EC_EV_002280,10.1016/j.carpath.2017.02.006,0490ec5d0e0dfdede37f3ece60fd13370ea2065c79d8f32cb320c774f64ae2c6,2017,Article,English,EC_EV_FINAL_SCOPE,include,verified_member_of_final_4974
EC_EV_002281,10.1007/s00395-022-00950-7,7245a30a2beca0ecc7b18f373d84890ea97f34ee30a813b08dbdd640543ddb6d,2022,Article,English,EC_EV_FINAL_SCOPE,include,verified_member_of_final_4974
EC_EV_002282,10.1186/s12933-024-02440-7,25fcd99fc38047dc9d7d8fc6c4dc24fed3b3156b3fb63c81f13e1e4057fce6c7,2024,Article,English,EC_EV_FINAL_SCOPE,include,verified_member_of_final_4974
EC_EV_002283,10.3390/biomedicines10040767,d4c3305e1fd95e987d3949b38f79648ddabb2d57ebbc2b04f709f260a9b65235,2022,Review,English,EC_EV_FINAL_SCOPE,include,verified_member_of_final_4974
EC_EV_002284,10.1042/cs20191155,1bd5af079565e0042e60e6c3ac0e06b2b9c835c4f5313e1c5be467b7d825dce1,2020,Article,English,EC_EV_FINAL_SCOPE,include,verified_member_of_final_4974
EC_EV_002285,10.1016/j.lfs.2024.123092,48c43c4dd21bc8e3b2d6024753e9258b3b9e9de4fdd4f081012c0681ad459ebb,2024,Review,English,EC_EV_FINAL_SCOPE,include,verified_member_of_final_4974
EC_EV_002286,10.3390/cells9010195,8ea49ee4b2992d870913619eb1bccffc11da595b658398e7d0dda27e9c4b302a,2020,Review,English,EC_EV_FINAL_SCOPE,include,verified_member_of_final_4974
EC_EV_002287,10.3390/pharmaceutics13040495,a7fbbb28c555ebbc6c3f03c978e7dd780921dfd84d2031aec9c8c1de5096549f,2021,Article,English,EC_EV_FINAL_SCOPE,include,verified_member_of_final_4974
EC_EV_002288,10.1007/s12015-021-10176-0,92f957d4b50fd037d196dca55955ed7a1cb8ce2fb7f7ed28d3cf78f23eb14c73,2022,Article,English,EC_EV_FINAL_SCOPE,include,verified_member_of_final_4974
EC_EV_002289,10.1007/s00395-020-0785-3,dbfbb4b9d928d618bcccb7397f1cacaf2783716d96acc546de3fa2ae2023c5b8,2020,Article,English,EC_EV_FINAL_SCOPE,include,verified_member_of_final_4974
EC_EV_002290,10.1042/bsr20203363,9915573cf3a8676672f75b770211e5355001e0d1e4c72bde3749aebe429ce21b,2022,Article,English,EC_EV_FINAL_SCOPE,include,verified_member_of_final_4974
EC_EV_002291,10.1007/s00592-014-0672-1,278e0898ef9c3d5a777ef62396b905ef34522fb14d57874b1e1c7eed6cbe9e9a,2014,Article,English,EC_EV_FINAL_SCOPE,include,verified_member_of_final_4974
EC_EV_002292,10.1016/j.yexcr.2024.114211,edbf5af954557d57b20ea211952df571ca3733de546359b6c415dd1386095b7f,2024,Article,English,EC_EV_FINAL_SCOPE,include,verified_member_of_final_4974
EC_EV_002293,10.1093/ndt/gfu364,6eb009bf8464e50942de18fbab89f6397e887e2fdbec897d9402e9179bf559f0,2015,Article,English,EC_EV_FINAL_SCOPE,include,verified_member_of_final_4974
EC_EV_002294,10.1186/s12964-024-01561-6,b18f4737696b8a794b4e0ef3d1389ac05293a69a89bd9b7b240d3cc4fb2077f5,2024,Article,English,EC_EV_FINAL_SCOPE,include,verified_member_of_final_4974
EC_EV_002295,10.1016/j.mce.2019.110590,542c031f81962d7e13bd41bd5e0fe5d1938c15143763bf752f30f0d06b34f2c0,2020,Article,English,EC_EV_FINAL_SCOPE,include,verified_member_of_final_4974
EC_EV_002296,10.3390/ijms25105204,8161708b61514390a2edb3bdad8e506666ae498da7b28f4d8266bf3888a487fc,2024,Review,English,EC_EV_FINAL_SCOPE,include,verified_member_of_final_4974
EC_EV_002297,10.1007/s10456-018-9649-y,b8ffe2ca1bcfef143c38ab090e834dc208e9e9c2ebaa37973604d6534e1e545c,2019,Article,English,EC_EV_FINAL_SCOPE,include,verified_member_of_final_4974
EC_EV_002298,10.1007/s10456-020-09728-8,34be88cedf5a82df677af2c188803a9d851bb91aa223a1862a48c2be3af1c2c7,2020,Article,English,EC_EV_FINAL_SCOPE,include,verified_member_of_final_4974
EC_EV_002299,10.1074/jbc.m115.671735,5480c197007b1d0a8a4cd0617507aff2dbeb22601d0eca8e80c2a82051e2b54b,2015,Article,English,EC_EV_FINAL_SCOPE,include,verified_member_of_final_4974
EC_EV_002300,10.1016/j.jconrel.2016.12.021,fa917a1de0a231158b1b4ebb08c0fea04c16808f5ac81dc43fb2a470c643538f,2017,Article,English,EC_EV_FINAL_SCOPE,include,verified_member_of_final_4974
EC_EV_002301,10.1186/s13041-020-0562-0,bfc3608456882eb5c93b5c8c9cfa76b197a67b176ce72d63e110c59ba298dd39,2020,Article,English,EC_EV_FINAL_SCOPE,include,verified_member_of_final_4974
EC_EV_002302,10.5665/sleep.6302,f249875a3330db85fc9326ae2599e3700fc07d74de32949bccf40bb9b726683d,2016,Article,English,EC_EV_FINAL_SCOPE,include,verified_member_of_final_4974
EC_EV_002303,10.3390/ijms24021640,e10a226e54607850558fc087069193f705c0964eaf1369d18c4f774660d63b9b,2023,Article,English,EC_EV_FINAL_SCOPE,include,verified_member_of_final_4974
EC_EV_002304,10.23812/j.biol.regul.homeost.agents.20243805.323,f121c0ec2b5a53c48446620a7cf747af9617ec5e777b145dbbd13cf65ba02e5d,2024,Article,English,EC_EV_FINAL_SCOPE,include,verified_member_of_final_4974
EC_EV_002305,10.1002/advs.202202993,51a8048616d18851742831338efe60e314acb62cd4333cecc155759734ee9681,2022,Article,English,EC_EV_FINAL_SCOPE,include,verified_member_of_final_4974
EC_EV_002306,10.1080/09537104.2022.2027903,ee5d412f5024e4ffdd41bd8c20a3ce9d544f9535787052bc525e20cdb98cebf2,2022,Article,English,EC_EV_FINAL_SCOPE,include,verified_member_of_final_4974
EC_EV_002307,10.1021/acsami.2c04686,a76b941145017683b36e62d4befc786d032cf394bf00288283a879ceb1fd6516,2022,Article,English,EC_EV_FINAL_SCOPE,include,verified_member_of_final_4974
EC_EV_002308,10.3390/antiox8010018,fd58ac645004bb7dfe957a993a83a4b777534b44ff08c4a2b366289e43fad817,2019,Article,English,EC_EV_FINAL_SCOPE,include,verified_member_of_final_4974
EC_EV_002309,10.3389/fimmu.2022.826047,864707ff301dbfa6c0f71e3b15baaaa0ca88e4315fdbc1e555d1dd9e293bbc77,2022,Article,English,EC_EV_FINAL_SCOPE,include,verified_member_of_final_4974
EC_EV_002310,10.1016/j.yjmcc.2021.08.010,453c0727c58a31913d45818cd803bb601e7a2fc26e056775acf930a086521eb9,2022,Article,English,EC_EV_FINAL_SCOPE,include,verified_member_of_final_4974
EC_EV_002311,10.3389/fimmu.2021.611761,4c135e852a518f28eea933df01cc58517dc6171f145ef270886e50b717b0c626,2021,Review,English,EC_EV_FINAL_SCOPE,include,verified_member_of_final_4974
EC_EV_002312,10.3324/haematol.2018.215145,d6ed88ba0aedce36451884ec1077af934a63664d12061e62aba16ed1c03d8aac,2020,Article,English,EC_EV_FINAL_SCOPE,include,verified_member_of_final_4974
EC_EV_002313,10.3389/fbioe.2020.564731,766994d87c9f9e9da3f755503036cbcac90f584f5bc02067abe328a8ba132963,2020,Article,English,EC_EV_FINAL_SCOPE,include,verified_member_of_final_4974
EC_EV_002314,10.2174/0109298673302220240430173404,8b34a2ad1b77586c52c7c30e4e4157b2979ec8f80b766bf349f259e55c5c464a,2025,Review,English,EC_EV_FINAL_SCOPE,include,verified_member_of_final_4974
EC_EV_002315,10.1111/resp.13552,47e090fe26f793bcbfa81494283dfa82cc26e75ee1325da6356a7e79de829ac6,2019,Article,English,EC_EV_FINAL_SCOPE,include,verified_member_of_final_4974
EC_EV_002316,10.1002/jcb.30425,d76db9391defec27b9b3314a6bee16fe47017c1408a79dbfbe4bafac636bde67,2023,Review,English,EC_EV_FINAL_SCOPE,include,verified_member_of_final_4974
EC_EV_002317,10.17179/excli2024-6926,670d161cdf2de9cb4cd180cf16dcd83ee85fa1db4bfd01634689a31b9e41ee66,2024,Article,English,EC_EV_FINAL_SCOPE,include,verified_member_of_final_4974
EC_EV_002318,10.3390/ijms20133301,98167db1aea2f09fa778e72c9ec0c32e09031869d69062d652a0338605bd3565,2019,Article,English,EC_EV_FINAL_SCOPE,include,verified_member_of_final_4974
EC_EV_002319,10.3389/fendo.2022.830466,8cd825dd64b7b2fbce09837b6b8f5f4eb607db4bb356b05798974ce3370abaaa,2022,Article,English,EC_EV_FINAL_SCOPE,include,verified_member_of_final_4974
EC_EV_002320,10.1016/j.neulet.2021.136381,06f4d812fd371a4d373cd0a9c1a558f637d656745d5ac479de65415947b65860,2022,Article,English,EC_EV_FINAL_SCOPE,include,verified_member_of_final_4974
EC_EV_002321,10.3390/ijms22084050,8fa157127089f0a087c479800320e32cd1a569ac4107941bb5f957165c4d660f,2021,Article,English,EC_EV_FINAL_SCOPE,include,verified_member_of_final_4974
EC_EV_002322,10.1016/j.jaut.2022.102826,ffd8a6e41c256e495d31317864b507f6e32dba6bf7dcee9aeb865ea8192d020c,2022,Article,English,EC_EV_FINAL_SCOPE,include,verified_member_of_final_4974
EC_EV_002323,10.3892/etm.2019.8239,8acf500e2471f5b6dde385bfc51e87642e449d4fa76bf1dc0e3f9bf98d2cb4be,2020,Article,English,EC_EV_FINAL_SCOPE,include,verified_member_of_final_4974
EC_EV_002324,10.1002/jcp.31061,0a64dc509f34b40f75a8593da54c6f0072271b603fd201b4e1dcee93494697ee,2023,Article,English,EC_EV_FINAL_SCOPE,include,verified_member_of_final_4974
EC_EV_002325,10.3390/biomedicines11092534,06002c55f050f9e5afe38530cdb7c782d76d088d1cc139c415cb4fbdecfd05e5,2023,Review,English,EC_EV_FINAL_SCOPE,include,verified_member_of_final_4974
EC_EV_002326,10.1183/13993003.01072-2019,de21779baa9451ee4cdf34ee0536aa23a7686d06abfa4ba604d45bd61b562c85,2020,Article,English,EC_EV_FINAL_SCOPE,include,verified_member_of_final_4974
EC_EV_002327,,9ddf9cfb85ed9e26121dee8fab5667177965ed862ca119504107f77cf7eab458,2021,Article,English,EC_EV_FINAL_SCOPE,include,verified_member_of_final_4974
EC_EV_002328,10.1038/s41569-021-00665-7,69c77b0f50a6b25f751e0b3057c16ccca92d73c645b7ee95639b4635498eaa27,2022,Article,English,EC_EV_FINAL_SCOPE,include,verified_member_of_final_4974
EC_EV_002329,10.1158/0008-5472.can-24-1550,20a3e9d7ccbe7288fdf9e2b77916e0d5e636f9721bf6676aa6ca8189ca7864ec,2025,Article,English,EC_EV_FINAL_SCOPE,include,verified_member_of_final_4974
EC_EV_002330,10.1038/s41419-024-06593-x,794afa23abe6916f4c56ce006bf50ef715a7b2bb969363afde52074112414127,2024,Article,English,EC_EV_FINAL_SCOPE,include,verified_member_of_final_4974
EC_EV_002331,10.1039/d4bm01544d,04f80ebc6c1d11e0f15838e076b9d2279b090591cdd75e102b1d80b9fc16b92d,2025,Article,English,EC_EV_FINAL_SCOPE,include,verified_member_of_final_4974
EC_EV_002332,10.1002/advs.202401844,b971ddaaf42e4d8ef8f76f944593c6d821793a7a95d9dedc90b7933e66da0e2a,2024,Article,English,EC_EV_FINAL_SCOPE,include,verified_member_of_final_4974
EC_EV_002333,10.1155/2021/8833098,b2d22bea69848b9ac7160dd7910a482f878da332d7dfb90e10617b8d5f4043d4,2021,Article,English,EC_EV_FINAL_SCOPE,include,verified_member_of_final_4974
EC_EV_002334,10.1093/burnst/tkad034,76ba0d82b99deec84fd78c0cb7f0e47a207526497a158b32b3826ffe58e2247a,2023,Article,English,EC_EV_FINAL_SCOPE,include,verified_member_of_final_4974
EC_EV_002335,10.1134/s0006297918120027,28e6e28ed743e04f2d9e9a5a6dfd57d6cd8d777b967ca0d600bff6fb8808cb73,2018,Review,English,EC_EV_FINAL_SCOPE,include,verified_member_of_final_4974
EC_EV_002336,10.34133/bmr.0121,8b7739a64f817adb030cb4b24fe28dac3349cf4a28e93d8ce4866e6dd4f68db9,2025,Article,English,EC_EV_FINAL_SCOPE,include,verified_member_of_final_4974
EC_EV_002337,10.1097/shk.0000000000001690,0ef3b005d2e69f3715b62ba22a1271e5e53d1fbe03a5bff96f46996baabb46e8,2021,Review,English,EC_EV_FINAL_SCOPE,include,verified_member_of_final_4974
EC_EV_002338,10.1186/s13287-022-03177-4,d4f43add5eaeed9f976c4bd5f443190a2e52151db306d36505b783f394c77d00,2022,Article,English,EC_EV_FINAL_SCOPE,include,verified_member_of_final_4974
EC_EV_002339,10.1089/ten.tea.2016.0508,9c8dd48e3312983a394c47147d109d580dd7419054d7ef93c5faa2fd936ec949,2017,Article,English,EC_EV_FINAL_SCOPE,include,verified_member_of_final_4974
EC_EV_002340,10.1093/jleuko/qiad059,890c7987fc576bb7d88548d50c47f1637951daae0b809117de4820d5028517f7,2023,Article,English,EC_EV_FINAL_SCOPE,include,verified_member_of_final_4974
EC_EV_002341,10.3390/ijms26020720,5fb656eaca469caf287cb162b93f36f3abce813115ad3dd423539b3261df427b,2025,Review,English,EC_EV_FINAL_SCOPE,include,verified_member_of_final_4974
EC_EV_002342,10.7150/ijbs.97150,dfe73723da1d01ee2d1bf8bb43530802b70ac4770f6b6797687518b60e7c79be,2024,Article,English,EC_EV_FINAL_SCOPE,include,verified_member_of_final_4974
EC_EV_002343,10.1139/apnm-2022-0278,8f51dd6925f2d7baf542c6588e80363c1d96a814e160dc6cad97b8c8503486ce,2023,Article,English,EC_EV_FINAL_SCOPE,include,verified_member_of_final_4974
EC_EV_002344,10.3390/md18010003,b6ac0b022faca3d0cafad6d2838a78a23cc1243406eea0c9139bdf218648533c,2020,Article,English,EC_EV_FINAL_SCOPE,include,verified_member_of_final_4974
EC_EV_002345,10.1016/j.heliyon.2024.e24962,a0a38e4c558e1574cb3a72d1d8d839d087b3d8cbfad3cbf986e1d710858e4050,2024,Article,English,EC_EV_FINAL_SCOPE,include,verified_member_of_final_4974
EC_EV_002346,10.26355/eurrev_202010_23420,db17d80f412dfea09ce89c9cb7db8f450d8b3f6ae3be59d5fa16daabcbece0d4,2020,Article,English,EC_EV_FINAL_SCOPE,include,verified_member_of_final_4974
EC_EV_002347,10.2478/rrlm-2022-0032,4e3ab51eb9f8a520c8d83810e1ca8a63a8d9b8d34c58ec1f35e1a869820b9759,2022,Article,English,EC_EV_FINAL_SCOPE,include,verified_member_of_final_4974
EC_EV_002348,10.1080/10717544.2021.2023699,e7a1b3e66be0b3f35f3c6641a4ce6208d1239919aa44b08e72c57b58ca357947,2022,Article,English,EC_EV_FINAL_SCOPE,include,verified_member_of_final_4974
EC_EV_002349,10.1007/s12975-017-0520-z,239f46e8375331786a3ef9d6eeee630c0cf29f008da031793e049e38a8eeed2e,2017,Article,English,EC_EV_FINAL_SCOPE,include,verified_member_of_final_4974
EC_EV_002350,10.1007/s00432-022-04026-w,bf2ff9a93b5242c2049f1deb736c8fee7f432c568564d9cc0d9d5ec41f949d08,2022,Article,English,EC_EV_FINAL_SCOPE,include,verified_member_of_final_4974
EC_EV_002351,10.1161/circresaha.117.309417,acc8ad6de0b4cd2c1de6f14fd6a9ebca0a0269b38217d6ad32a78ac83ac5f874,2017,Review,English,EC_EV_FINAL_SCOPE,include,verified_member_of_final_4974
EC_EV_002352,10.1016/j.actbio.2022.10.038,e81b5f29dbc10bf9b93b448721319f570dff52329c3d9b2746d5a8dd81fa05f1,2022,Article,English,EC_EV_FINAL_SCOPE,include,verified_member_of_final_4974
EC_EV_002353,10.1159/000511347,d7f1dc99f6678c50de7c13f75a221853b7865cd7391527a3e32a0cb5979767e8,2020,Article,English,EC_EV_FINAL_SCOPE,include,verified_member_of_final_4974
EC_EV_002354,10.3389/fimmu.2023.1169471,ee9ee7733ffe68fab1bda9d63573ccdff2d67ede74a988211637c3c916895b16,2023,Article,English,EC_EV_FINAL_SCOPE,include,verified_member_of_final_4974
EC_EV_002355,10.1186/s13046-021-02040-3,c40bf09a5b61b3252cc04db072b56201cd7cf5d0f502497a10130a8498a4cde2,2021,Article,English,EC_EV_FINAL_SCOPE,include,verified_member_of_final_4974
EC_EV_002356,10.3390/cells9010096,04ee7184d0c8a34d6a1b59d370485040bb19767fb139f96c0b99691c3a0aac70,2020,Review,English,EC_EV_FINAL_SCOPE,include,verified_member_of_final_4974
EC_EV_002357,10.3390/ijms23052521,3a1e577855013c0665f115a947723723fd117c12c2d2b8909bfe7268f3a7550a,2022,Article,English,EC_EV_FINAL_SCOPE,include,verified_member_of_final_4974
EC_EV_002358,10.1007/s13277-013-1417-4,241ca5d0ad87e2733105bb7bcc82cbede66939dd973fd963dbeaecfe9cf315a0,2014,Review,English,EC_EV_FINAL_SCOPE,include,verified_member_of_final_4974
EC_EV_002359,10.1073/pnas.2200252119,5bdc81c447273426e784d59b50d4a197eb7b3caac5c94903ab06c2db1fdb0c0b,2022,Article,English,EC_EV_FINAL_SCOPE,include,verified_member_of_final_4974
EC_EV_002360,10.1186/s13287-020-1562-9,f1cadf5c91a67ceeeae7ab29d40c9130adde3755943a40987805c947663ae9c1,2020,Article,English,EC_EV_FINAL_SCOPE,include,verified_member_of_final_4974
EC_EV_002361,10.1097/hc9.0000000000000164,bce589e97d80dd157991acbcdd86822e952e19ca159640e663144b3a54492e3c,2023,Article,English,EC_EV_FINAL_SCOPE,include,verified_member_of_final_4974
EC_EV_002362,10.1007/s00403-025-03921-9,a6a1fab8c68d004609ade496ccee388f3aa317aaeba727fc8b4093486076ad70,2025,Article,English,EC_EV_FINAL_SCOPE,include,verified_member_of_final_4974
EC_EV_002363,10.1016/j.yexcr.2025.114424,3454a14a80713191f5662a275e001600cf43c3783e5b3ddd6d7e932dafb07c2d,2025,Review,English,EC_EV_FINAL_SCOPE,include,verified_member_of_final_4974
EC_EV_002364,10.1371/journal.pone.0156940,9fe4354eb7944c48bf2207fc2c5ae2398d1678b7ed5fa00c35c8ef684fc796ed,2016,Article,English,EC_EV_FINAL_SCOPE,include,verified_member_of_final_4974
EC_EV_002365,10.1016/j.phrs.2023.106871,bd5ee49ad4a792a74012f0d1a701374bf4cb1316ee1a027c65dd7bce9aa0d25b,2023,Article,English,EC_EV_FINAL_SCOPE,include,verified_member_of_final_4974
EC_EV_002366,10.1186/s12964-023-01131-2,e80d5981fdae8814d40946ade08db16195d3ce4fc07b1490007d5a41bf33ced7,2023,Article,English,EC_EV_FINAL_SCOPE,include,verified_member_of_final_4974
EC_EV_002367,10.1182/blood.2021011310,41f9cf9be27f4c39008fa5397b7f2e532e751616f753601f7ff2b4c3b158ff53,2021,Article,English,EC_EV_FINAL_SCOPE,include,verified_member_of_final_4974
EC_EV_002368,10.1093/humrep/dead015,22da4be557892149c9ac023e3e15f74627366b5cf68b411c4c402cb953b459ab,2023,Review,English,EC_EV_FINAL_SCOPE,include,verified_member_of_final_4974
EC_EV_002369,10.1016/j.exer.2021.108626,884177a0aa865dc797674de28b3d1b5761fcad72cc49c62161723a6e8f1c625d,2021,Article,English,EC_EV_FINAL_SCOPE,include,verified_member_of_final_4974
EC_EV_002370,10.18632/oncotarget.10849,b4553099305b0ac151592801e091f8b35145d1a0cde451c5ffe6498fa5f41d2e,2016,Review,English,EC_EV_FINAL_SCOPE,include,verified_member_of_final_4974
EC_EV_002371,10.21037/atm-20-6456,de5ccbe14de1c364d14c5421df57e0d41813003bb9c07026f226a079a3c0b7eb,2021,Article,English,EC_EV_FINAL_SCOPE,include,verified_member_of_final_4974
EC_EV_002372,10.1155/2020/5891393,02093022b1b1e62c7d92c88adc09b9e73dcdac8b2db48bda3da93a522c3fc0db,2020,Article,English,EC_EV_FINAL_SCOPE,include,verified_member_of_final_4974
EC_EV_002373,10.1155/2022/9369035,3e4f035c94692e7ca996f306d22532376533e8bebf03eebfc17dc49812dfb622,2022,Article,English,EC_EV_FINAL_SCOPE,include,verified_member_of_final_4974
EC_EV_002374,10.1080/20013078.2020.1786967,04b670a8a65101bd261508cf44676194b6515ae4ab28ab2d22947650bae86092,2020,Article,English,EC_EV_FINAL_SCOPE,include,verified_member_of_final_4974
EC_EV_002375,10.3389/fimmu.2023.1093022,6afd48064775a4c01c9b4bcc6e5785c72e0fd0bc3fde0b6078a09ee02ab4ea7d,2023,Article,English,EC_EV_FINAL_SCOPE,include,verified_member_of_final_4974
EC_EV_002376,10.1186/s12951-023-01828-z,4c3abba0e80bdfecfb752037feff0808188219a0b6d20a09ad72e06c42be1cb0,2023,Article,English,EC_EV_FINAL_SCOPE,include,verified_member_of_final_4974
EC_EV_002377,10.1111/cbdd.14285,a13afac9e8ec1aebda2301b40c019319678eab2e7212ffda9267405d28c2a379,2023,Review,English,EC_EV_FINAL_SCOPE,include,verified_member_of_final_4974
EC_EV_002378,10.1371/journal.pone.0291149,bc4590255432d20523647c91eb56caf6e49999315d06aa54185a680fdb0957f3,2024,Article,English,EC_EV_FINAL_SCOPE,include,verified_member_of_final_4974
EC_EV_002379,10.7150/thno.56035,fabd44fa9ca1ffd17c36a77cc445c3b3ff5ae5aa63a62f1b10f35f4b864aa175,2021,Review,English,EC_EV_FINAL_SCOPE,include,verified_member_of_final_4974
EC_EV_002380,10.1113/jp285265,a5929482c4b5eee63cb46cfdc514744a63d07b9fe98f57bcdfedd054955fd9d9,2023,Article,English,EC_EV_FINAL_SCOPE,include,verified_member_of_final_4974
EC_EV_002381,10.1021/acs.biochem.0c00631,39af7bc6aae59b74a6d6da6ffe9c46e41a0dd7804e7fbae34676489f84d6be79,2021,Article,English,EC_EV_FINAL_SCOPE,include,verified_member_of_final_4974
EC_EV_002382,10.1155/2021/5529430,2827fe15d163ed72a7eaa4ed81c87e37981a0f399587bd305806b35226d6feae,2021,Article,English,EC_EV_FINAL_SCOPE,include,verified_member_of_final_4974
EC_EV_002383,10.1186/s12882-022-02823-6,2be448e7e566fdb40048830035607dc90162ddc0214f44ae11f2eda0eb736ca3,2022,Article,English,EC_EV_FINAL_SCOPE,include,verified_member_of_final_4974
EC_EV_002384,10.1111/jnc.13135,e5fb9ad8185809ad64ad7021ae9a37a400effdd4541bfff5043aae35b12ca87b,2015,Article,English,EC_EV_FINAL_SCOPE,include,verified_member_of_final_4974
EC_EV_002385,10.1007/s00392-021-01873-4,8ae860fad27310e66a82778fc521226c743002e2edb1a2941fd07f2665065fb1,2022,Article,English,EC_EV_FINAL_SCOPE,include,verified_member_of_final_4974
EC_EV_002386,10.3389/fcell.2022.928510,f96a3265477fe5f3d4bd042618b5664afca07b0f6971e9f03aa517e1aa5ec050,2022,Review,English,EC_EV_FINAL_SCOPE,include,verified_member_of_final_4974
EC_EV_002387,10.1016/j.juro.2014.02.035,3030388dc2505c9c8d685e43b333e032645663b62d60bcfdc0887d7fc1bed574,2014,Article,English,EC_EV_FINAL_SCOPE,include,verified_member_of_final_4974
EC_EV_002388,10.1007/s12012-022-09740-y,9778fd91a1a31e20b00e11c3e49e253dd20c6cc908fdbb36d854a342670f1976,2022,Article,English,EC_EV_FINAL_SCOPE,include,verified_member_of_final_4974
EC_EV_002389,10.1186/s12943-023-01791-1,72a690a5ca7bba589dc1feb7b45f6008fff43e21abfad0cd9b317adb8dc5e01a,2023,Article,English,EC_EV_FINAL_SCOPE,include,verified_member_of_final_4974
EC_EV_002390,10.1074/jbc.ra118.005197,8d87b8a761d30b131e3344c359acd3087dcb165acbad30e14e52c5c3aaf2b236,2018,Article,English,EC_EV_FINAL_SCOPE,include,verified_member_of_final_4974
EC_EV_002391,10.2337/db20-0199,34970736b4ed6b23af336ef8128c2dd5bcd4490ee8d539e2a75dd43441f48793,2021,Article,English,EC_EV_FINAL_SCOPE,include,verified_member_of_final_4974
EC_EV_002392,10.3389/fphys.2021.801340,4a7a16f5507bdd1e110d0c45e23d4ba7620dabdbb2319bb52da7303b4e0ea852,2022,Review,English,EC_EV_FINAL_SCOPE,include,verified_member_of_final_4974
EC_EV_002393,10.1111/jcmm.14917,8075b173b5a469fdeb24eccc3bc5f552a5a2de4a807ea8f05a90eb3da461bd3e,2020,Article,English,EC_EV_FINAL_SCOPE,include,verified_member_of_final_4974
EC_EV_002394,10.3233/jad-230347,96a8ab993af7de45a35756895c78fe5f043a6db658851d54b1779d6b641b1e92,2023,Article,English,EC_EV_FINAL_SCOPE,include,verified_member_of_final_4974
EC_EV_002395,10.1186/s12885-019-5955-z,d71831bbb0b001585451d8b5c46cab248fa3e2ff64b106bffe73c824d0bb0c27,2019,Article,English,EC_EV_FINAL_SCOPE,include,verified_member_of_final_4974
EC_EV_002396,10.1007/s11906-013-0395-7,ff02b41e76d4df308e52b79818b56169a5ad919f4d12aa808b79e9721611a8d5,2013,Article,English,EC_EV_FINAL_SCOPE,include,verified_member_of_final_4974
EC_EV_002397,10.3390/ijms22115604,653921b742863283d1ab3f0c597822b72493de73bc6f3b97cfee8242d0d86ab2,2021,Article,English,EC_EV_FINAL_SCOPE,include,verified_member_of_final_4974
EC_EV_002398,10.5853/jos.2016.00206,a03b6f790f14f2dc27d77e6dcdb4393eeea7ee1be280b233b6a5e84b6538523e,2016,Review,English,EC_EV_FINAL_SCOPE,include,verified_member_of_final_4974
EC_EV_002399,10.3390/jcm8040533,ffc07569b7a3b46848b981c469bb7abbaa4c32bcc6624d5f9611c5fd27c42b32,2019,Article,English,EC_EV_FINAL_SCOPE,include,verified_member_of_final_4974
EC_EV_002400,10.1080/02713683.2019.1681004,0ec588a8522b0e023de76be9689b587e057c043d4d6bc4cb2f0d9f8f45080b76,2020,Article,English,EC_EV_FINAL_SCOPE,include,verified_member_of_final_4974
EC_EV_002401,10.1111/jth.14689,1e270522ce7322ee58aeb0e12b587a8c82008a650c713512bee27fca975b0e5b,2020,Article,English,EC_EV_FINAL_SCOPE,include,verified_member_of_final_4974
EC_EV_002402,10.3389/fimmu.2019.01455,2966050d8dfa51b146073bd853bb7e921baf850aef7da25224a5824069a83bf5,2019,Article,English,EC_EV_FINAL_SCOPE,include,verified_member_of_final_4974
EC_EV_002403,10.1161/circresaha.114.300639,16ee0ce4d79267e7c5835eea3ca7d55b9268502164c0921dbb7bba873eba7e30,2014,Review,English,EC_EV_FINAL_SCOPE,include,verified_member_of_final_4974
EC_EV_002404,10.1007/s00441-020-03259-w,16a6d8e838119274ac5216db0981fc832e84867051487bafe3c82dc5f0e726d2,2020,Article,English,EC_EV_FINAL_SCOPE,include,verified_member_of_final_4974
EC_EV_002405,10.3390/v15030794,64167510f092ed14cdb9638f4e1713e98dbe144f8f2abe954e400926e0e8d126,2023,Article,English,EC_EV_FINAL_SCOPE,include,verified_member_of_final_4974
EC_EV_002406,10.1161/circulationaha.120.052009,fa69e948ab2a2ca83a7fad919ad1052bd2be934c8149402661f9490a60a0946b,2021,Article,English,EC_EV_FINAL_SCOPE,include,verified_member_of_final_4974
EC_EV_002407,10.1002/stem.2618,6d0d8ef8e26956396068b0242ccecc5cb623c63a7dedce1acaad5be58b0628fc,2017,Article,English,EC_EV_FINAL_SCOPE,include,verified_member_of_final_4974
EC_EV_002408,10.1007/s12015-021-10180-4,9863913f066c8fe73a92ebfa7d3833491dec0dd62b0012629ca2da650303bcec,2022,Article,English,EC_EV_FINAL_SCOPE,include,verified_member_of_final_4974
EC_EV_002409,10.1536/ihj.23-500,3ed704401193a0fced4d815f7ac00b1d76124c1e48be7851f7ba8779eb64ba6a,2024,Article,English,EC_EV_FINAL_SCOPE,include,verified_member_of_final_4974
EC_EV_002410,10.1155/2019/7954657,402860db0e4cbb4120893eba16c01adaa2cd7b0da651360ca2137ebcd080b575,2019,Article,English,EC_EV_FINAL_SCOPE,include,verified_member_of_final_4974
EC_EV_002411,10.3389/fimmu.2021.667834,2c2c3020e058051bb05dde2c586449885cbd6965927d94b2621289f446b73f02,2021,Review,English,EC_EV_FINAL_SCOPE,include,verified_member_of_final_4974
EC_EV_002412,10.1016/j.heliyon.2023.e13315,6ac7f718f471799c8f1095e47a885b1192d58a635aec35490ed51bb866579723,2023,Article,English,EC_EV_FINAL_SCOPE,include,verified_member_of_final_4974
EC_EV_002413,10.1016/j.tibtech.2020.08.005,1c2f4e156eb9d00008e3b5a491794278eb7376720048bfe2f6a8a9720b872fdd,2021,Review,English,EC_EV_FINAL_SCOPE,include,verified_member_of_final_4974
EC_EV_002414,10.1152/ajpheart.00925.2020,1f9208a7faaa8cca7a8e4da3ac5f199d0ad8bfaf53b28aafc5e2cb6c8bcacf95,2021,Review,English,EC_EV_FINAL_SCOPE,include,verified_member_of_final_4974
EC_EV_002415,10.1016/j.placenta.2016.12.020,60c0e924263f81281d1d1ebe048f4f3ad6ccca5a540ecbb80e1b9b3362199e15,2017,Article,English,EC_EV_FINAL_SCOPE,include,verified_member_of_final_4974
EC_EV_002416,10.18632/oncotarget.16661,c5b73254d5b87067e6ca8cd0154f3838bf2d6b9d46214e57d70a81f916166089,2017,Article,English,EC_EV_FINAL_SCOPE,include,verified_member_of_final_4974
EC_EV_002417,10.1080/09537104.2022.2105829,8f1fbd8242e1a6480e23610b7729f47b66cc3b733c2465c873b2e2b3c38243a3,2022,Article,English,EC_EV_FINAL_SCOPE,include,verified_member_of_final_4974
EC_EV_002418,10.3389/fnagi.2020.587989,a6af929dbb63e89d9f4551df18b5deadc4f0a70c8a882660f2a7e2caed650846,2020,Article,English,EC_EV_FINAL_SCOPE,include,verified_member_of_final_4974
EC_EV_002419,10.1111/jcmm.12391,4d27fd1e4dfafc52d1d647fa360b836db540234119caca0129da8489ffa389a5,2014,Article,English,EC_EV_FINAL_SCOPE,include,verified_member_of_final_4974
EC_EV_002420,10.1161/hypertensionaha.122.19560,fad095b61980eee47ff12f725f5a5a9c2b98d51f5a3793ea160bf483390747cf,2022,Article,English,EC_EV_FINAL_SCOPE,include,verified_member_of_final_4974
EC_EV_002421,10.3389/fmed.2022.908639,8539a79382c34469101865a17e5a5079f66afb10cff3feb604b2ad04efaa281e,2022,Article,English,EC_EV_FINAL_SCOPE,include,verified_member_of_final_4974
EC_EV_002422,10.2147/cmar.s259077,1fea5fa39fa8985746334ba75633ee66cfcf41d9a683e609fbf22cfe74a8b733,2020,Article,English,EC_EV_FINAL_SCOPE,include,verified_member_of_final_4974
EC_EV_002423,10.15283/ijsc21067,60a08fdfbc1427a7a9459acbf63bca73a67071244db9e4d473f2be430a80fe02,2022,Article,English,EC_EV_FINAL_SCOPE,include,verified_member_of_final_4974
EC_EV_002424,10.1101/cshperspect.a023028,678cfd0274cfc43e586f19662ddda38e3771eadef6b1a2bf9caa8eb195fa6a8e,2015,Article,English,EC_EV_FINAL_SCOPE,include,verified_member_of_final_4974
EC_EV_002425,10.1186/s12987-023-00504-6,baea233047c1b4fe86b4f920e3583871fd02a50aee20a89fbcfa990b71f85560,2023,Article,English,EC_EV_FINAL_SCOPE,include,verified_member_of_final_4974
EC_EV_002426,10.1016/j.biomaterials.2025.123403,e79401032980e5fdac4718e8f374cde92058d24b71df59965e11cd9708220ddf,2025,Article,English,EC_EV_FINAL_SCOPE,include,verified_member_of_final_4974
EC_EV_002427,10.21037/apm-21-3364,e1894c1f7979c2fd70e89cde398b8435db2feeea4bfb6033169e422e8653a56a,2022,Review,English,EC_EV_FINAL_SCOPE,include,verified_member_of_final_4974
EC_EV_002428,10.1016/j.bbrc.2018.05.140,d2e20c707aac2f72bbacf76fd5817c77282dd543952b49cde89a1723d0974cf7,2018,Article,English,EC_EV_FINAL_SCOPE,include,verified_member_of_final_4974
EC_EV_002429,10.1007/s10157-024-02536-0,3ab2cc4df966d1c100d398279b86c6b986ccdbf1996ed42a164481e34ac03c37,2024,Article,English,EC_EV_FINAL_SCOPE,include,verified_member_of_final_4974
EC_EV_002430,10.1016/j.redox.2023.102655,ee4e2df67b7aec9407aa8c031490c658d4a18d7351f70d556d40275db4c2767a,2023,Article,English,EC_EV_FINAL_SCOPE,include,verified_member_of_final_4974
EC_EV_002431,10.1007/s00018-024-05371-4,db3ef6e3b96d35bd7101b0ae923a0ba8266e8cd9bba5f4c5323c076bdc175e36,2024,Article,English,EC_EV_FINAL_SCOPE,include,verified_member_of_final_4974
EC_EV_002432,10.1097/ta.0000000000002230,7006c97f39a72e9f8b3d2a1cc15e505aa6b2b091817d97e97c2f4588bde26dae,2019,Article,English,EC_EV_FINAL_SCOPE,include,verified_member_of_final_4974
EC_EV_002433,10.3390/cells10010013,81d3904a9c4e2cad252bb7f6dd5b64627c05c966331489265b553a83b4988f4c,2021,Article,English,EC_EV_FINAL_SCOPE,include,verified_member_of_final_4974
EC_EV_002434,10.3389/fphys.2024.1408750,46f438688c8e0f13463f0b831a1f30ccfa0636412e2a860ccbe093cb5ee39e6e,2024,Review,English,EC_EV_FINAL_SCOPE,include,verified_member_of_final_4974
EC_EV_002435,10.1016/j.xcrm.2025.102033,89e76e57b67939bacfa3bc12dd5ab4f7903601454f2d9474e44b48110ab7e71f,2025,Article,English,EC_EV_FINAL_SCOPE,include,verified_member_of_final_4974
EC_EV_002436,10.1089/ten.tea.2017.0045,cc9526d0e74a6ee3ee5df27f9600dc605d83af68400f8105f691de6092ac1401,2017,Article,English,EC_EV_FINAL_SCOPE,include,verified_member_of_final_4974
EC_EV_002437,10.1261/rna.079195.122,f8986b45899824a31b367060812b26c3bfd54b5d927626349a78d4c89fd3c1d9,2022,Article,English,EC_EV_FINAL_SCOPE,include,verified_member_of_final_4974
EC_EV_002438,10.37290/ctnr2641-452x.20:662-665,47cd63f385acd2acd93f6ad131e82986b7ad535dea7d2a085a3645afca3313e3,2022,Article,English,EC_EV_FINAL_SCOPE,include,verified_member_of_final_4974
EC_EV_002439,10.1016/j.biomaterials.2018.11.007,14f38d935f59ec00c4994a1917dd273d8d3d28e1307b2fa142d94fd12b6e1754,2019,Article,English,EC_EV_FINAL_SCOPE,include,verified_member_of_final_4974
EC_EV_002440,10.1002/hep4.1360,a28e1f833c1c5ddd45771a4be3398344435b4b1281633f3a22c5482c838fd7ed,2019,Article,English,EC_EV_FINAL_SCOPE,include,verified_member_of_final_4974
EC_EV_002441,10.3390/ijms231911964,62948193548c333259e2080fab74cf24c5f0d2cac2bfd2b9b947a121c06b986e,2022,Article,English,EC_EV_FINAL_SCOPE,include,verified_member_of_final_4974
EC_EV_002442,10.14715/cmb/2023.69.15.32,f1e6f1f973b379d737532fb066d74512d596eff0f67f0ee7d015947faff8126e,2023,Article,English,EC_EV_FINAL_SCOPE,include,verified_member_of_final_4974
EC_EV_002443,10.2147/ijn.s506830,619c5a7294cc52155f7fa832b8313aeb25dcc0270f0fa7e217d5c4d4b8a5c074,2025,Article,English,EC_EV_FINAL_SCOPE,include,verified_member_of_final_4974
EC_EV_002444,10.1161/atvbaha.118.312414,295375687ae8b566a0f340dbf76d6639307afa35edb339c517670b6287d2cd58,2019,Article,English,EC_EV_FINAL_SCOPE,include,verified_member_of_final_4974
EC_EV_002445,10.1186/s12943-018-0831-z,d4ee63219983bcd18b706e5df871a7288e8bd1b9fb4fef2937e3190d85293fab,2018,Review,English,EC_EV_FINAL_SCOPE,include,verified_member_of_final_4974
EC_EV_002446,10.7150/thno.73568,b21b3b4ffb04ddfb2c6e258e5cc3e80a763c438eaca3fb5382a4fa369437a1fa,2023,Article,English,EC_EV_FINAL_SCOPE,include,verified_member_of_final_4974
EC_EV_002447,10.1007/s11064-021-03492-x,5a74055ffb46bc51becb5a0d4ff17f64ce70fe61266a46539c22b81deb53c3e4,2022,Article,English,EC_EV_FINAL_SCOPE,include,verified_member_of_final_4974
EC_EV_002448,10.1016/j.freeradbiomed.2025.01.004,87d03a442a8604dfb1c97e697ab1f5a7992b27620de7d49455d38089313007ae,2025,Article,English,EC_EV_FINAL_SCOPE,include,verified_member_of_final_4974
EC_EV_002449,10.1161/circresaha.115.306806,d4b4cd6501d4614dc6090414518098813838f73ab6fcad558be1b1a4f6f50447,2015,Article,English,EC_EV_FINAL_SCOPE,include,verified_member_of_final_4974
EC_EV_002450,10.1042/bst20120248,437ec24651df321e919ec3cd6b9e25b28fccae9e1dd272af99810c2bae516e01,2013,Article,English,EC_EV_FINAL_SCOPE,include,verified_member_of_final_4974
EC_EV_002451,10.1186/s10020-023-00617-6,23a40a34f5f0aa79210fad74d728de2e8e619476678b30cb561c20318c525e1b,2023,Article,English,EC_EV_FINAL_SCOPE,include,verified_member_of_final_4974
EC_EV_002452,10.2217/rme-2016-0112,2e541c6ef084991a9b580b7afb23ee16662ad5ee8f6c720e0fa538dcd13ae329,2017,Review,English,EC_EV_FINAL_SCOPE,include,verified_member_of_final_4974
EC_EV_002453,10.1007/s11033-020-05453-z,516fee1d446ff5a492d8443f69e58a61560099867fd8ed48a9ec5d4d4048172f,2020,Review,English,EC_EV_FINAL_SCOPE,include,verified_member_of_final_4974
EC_EV_002454,10.1038/s41551-019-0405-4,488b96bc7f10935f9b0a389353803eb8505c8c048aa3d9ad4eb5840fd1802f54,2019,Article,English,EC_EV_FINAL_SCOPE,include,verified_member_of_final_4974
EC_EV_002455,10.1016/j.biopha.2019.108748,5e1444150013c7435db982beee52cc307cae24c2953add3dcd052f43906714c3,2019,Review,English,EC_EV_FINAL_SCOPE,include,verified_member_of_final_4974
EC_EV_002456,10.1186/s13287-021-02662-6,22843bb4e4549f974665f1d195addb1a8df0b3ecf9edfdf276ba8e8e3c7c4e64,2021,Review,English,EC_EV_FINAL_SCOPE,include,verified_member_of_final_4974
EC_EV_002457,10.1155/2020/5485738,de003f9f7caca0a3dbac7dd1cdbb88c73993dfe4ee47e73c29174b92752270a7,2020,Article,English,EC_EV_FINAL_SCOPE,include,verified_member_of_final_4974
EC_EV_002458,10.1016/j.lfs.2020.118078,66ea54908540eaa8cc1f047859311b1e35dcab5ceca668629a8f7fc9ebd41b40,2020,Article,English,EC_EV_FINAL_SCOPE,include,verified_member_of_final_4974
EC_EV_002459,10.7150/thno.21895,48b4e14d23b6906d103a27b14038be477f88a8382b99d998cb8f68f1a3b5533f,2018,Article,English,EC_EV_FINAL_SCOPE,include,verified_member_of_final_4974
EC_EV_002460,10.1007/s12265-018-9796-y,85c5f064591ec3c90034cf0166ca0b74ad68f43d0382e1a2b1bf5f85b6325afa,2019,Review,English,EC_EV_FINAL_SCOPE,include,verified_member_of_final_4974
EC_EV_002461,10.3389/fonc.2018.00066,3a614d248fcd475fca0e84b787c23a2fa4640251f990fb1318c5d62db7d41f23,2018,Review,English,EC_EV_FINAL_SCOPE,include,verified_member_of_final_4974
EC_EV_002462,10.1016/j.bioactmat.2024.08.021,fe04f7164f3a4f09a8ed68614d2e4a04d8f6bae1fb290f2db82971565d5c685f,2024,Article,English,EC_EV_FINAL_SCOPE,include,verified_member_of_final_4974
EC_EV_002463,10.1007/s11010-014-2141-0,83cfd8110d3fae038a3cad3c2d3edfb305600277b2a54e241b9ffae4e1dc6903,2014,Article,English,EC_EV_FINAL_SCOPE,include,verified_member_of_final_4974
EC_EV_002464,10.1186/s12933-023-01833-4,6988b5fd998f489fe178a33dd9d1d70c40259ea9bfaacc6101b5ab576896f0cd,2023,Article,English,EC_EV_FINAL_SCOPE,include,verified_member_of_final_4974
EC_EV_002465,10.1007/s12038-021-00151-9,24ab4658990b1bd54b1cc995955ef863c0f2d0947423efabafed85bd4ddce46c,2021,Article,English,EC_EV_FINAL_SCOPE,include,verified_member_of_final_4974
EC_EV_002466,10.1161/hypertensionaha.120.15554,5a5aff34c26da1f655c9c0967dc47b7752a6f1a45af0a54701fa788c7f16ec18,2020,Article,English,EC_EV_FINAL_SCOPE,include,verified_member_of_final_4974
EC_EV_002467,10.3389/fcell.2022.879877,bed4d313696b70e9f68f62a281a264593c541bf30119eec5df0257954d1a91e2,2022,Article,English,EC_EV_FINAL_SCOPE,include,verified_member_of_final_4974
EC_EV_002468,10.1161/circulationaha.112.114173,6a72800cf2e17472a05832e5bd8d171dcb0d92b8f41fc545aa8059f8ad84944c,2012,Article,English,EC_EV_FINAL_SCOPE,include,verified_member_of_final_4974
EC_EV_002469,10.3389/fonc.2021.652378,8b38a433e6a4e699a38a82af8b4d712b9bff5c62f7159feaa9bd36a371c9de3c,2021,Review,English,EC_EV_FINAL_SCOPE,include,verified_member_of_final_4974
EC_EV_002470,10.1016/j.ijbiomac.2024.136993,8a4304eb8050a898221989adac94ebdc4b742fd5842b754c6ec8c0029fd64be9,2024,Article,English,EC_EV_FINAL_SCOPE,include,verified_member_of_final_4974
EC_EV_002471,10.3892/or.2017.5742,c380f94ba3a2f4f320579eb372a0cf4953897db52f4a197acf0fb5245f447248,2017,Article,English,EC_EV_FINAL_SCOPE,include,verified_member_of_final_4974
EC_EV_002472,10.1007/s00011-008-8210-7,2b71269f81264330607f52103c47698c12bf9f4bd9fcf6ca23def1bcccb2fcde,2009,Review,English,EC_EV_FINAL_SCOPE,include,verified_member_of_final_4974
EC_EV_002473,10.1371/journal.pone.0274427,ce4cb5836b83dcf033c8f63474526929173a4dd0ecb5adfad8d1fd1e2851f81a,2022,Article,English,EC_EV_FINAL_SCOPE,include,verified_member_of_final_4974
EC_EV_002474,10.3389/fcvm.2021.819315,a8df4f7d9c8145c3481cbc4328cc2cec22001abf5b2536989987c5cb399c23d2,2022,Article,English,EC_EV_FINAL_SCOPE,include,verified_member_of_final_4974
EC_EV_002475,10.1016/j.gene.2013.03.057,d8672b37b2d1fa8e682a60412930dae1737ae731897754c557837ad7a2646ee2,2013,Article,English,EC_EV_FINAL_SCOPE,include,verified_member_of_final_4974
EC_EV_002476,10.1055/s-0030-1270342,5fb6d253dcfa3992b72b51a08611e09355517f7de9dbd62caa6d140277389bc7,2011,Article,English,EC_EV_FINAL_SCOPE,include,verified_member_of_final_4974
EC_EV_002477,10.1186/s13287-022-03056-y,2205d0db95a8f760a30d180d96d07871efb75383ef01a913b34ffb2ef17a8969,2022,Article,English,EC_EV_FINAL_SCOPE,include,verified_member_of_final_4974
EC_EV_002478,10.1371/journal.pone.0181562,176b02d00c0c6858308d321b3732693fd00bbf8c4992b69447d0b878e355eded,2017,Article,English,EC_EV_FINAL_SCOPE,include,verified_member_of_final_4974
EC_EV_002479,10.1093/cvr/cvz209,1f65ac3aedf2a61a4eaa78c2176fbb4d488ef40924bef1994086f33e0c1054bb,2020,Article,English,EC_EV_FINAL_SCOPE,include,verified_member_of_final_4974
EC_EV_002480,10.1186/s13046-020-01570-6,790d0689e0e4e35cb3da1e7b41a83fec613047982a51f985bdeca90646c1e017,2020,Review,English,EC_EV_FINAL_SCOPE,include,verified_member_of_final_4974
EC_EV_002481,10.1007/s11357-025-01621-w,03fe21da55024fc12cf755ea83ac6975b38394c1c670ddd076fd413b72475e19,2025,Review,English,EC_EV_FINAL_SCOPE,include,verified_member_of_final_4974
EC_EV_002482,10.3389/fbioe.2022.1019821,ddcb008c4970d5711d1684699746b63d3f1de58222dd432033a3d089b94791bf,2022,Review,English,EC_EV_FINAL_SCOPE,include,verified_member_of_final_4974
EC_EV_002483,10.1080/20013078.2019.1625677,a96ea4e720ef170a75ddffc4d6fa9ec45e0d2d79bdf2f5b0bb85142d0d29ce71,2019,Article,English,EC_EV_FINAL_SCOPE,include,verified_member_of_final_4974
EC_EV_002484,10.1111/cea.13289,9a74c464558b40799dc3d3045b9a0dff0257d9e4046b5e9e69975b4e947c7a39,2019,Article,English,EC_EV_FINAL_SCOPE,include,verified_member_of_final_4974
EC_EV_002485,10.3389/fcell.2022.913110,7e2a863fab84ed4e317b53ce8132af14d24d6463a1018c72acd81fd6184e5dc9,2022,Review,English,EC_EV_FINAL_SCOPE,include,verified_member_of_final_4974
EC_EV_002486,10.1016/j.actbio.2025.03.042,9a7ac71629328ef2ff4a3e239279e5137d57c4716bd76f9c67eb476d50cd22da,2025,Article,English,EC_EV_FINAL_SCOPE,include,verified_member_of_final_4974
EC_EV_002487,10.1155/2015/161393,11d47520d683b8e025dce7cbb68bfd0dd3383f38b50ba8c36388329a4073bfc2,2015,Review,English,EC_EV_FINAL_SCOPE,include,verified_member_of_final_4974
EC_EV_002488,10.1111/1471-0528.16552,e1c7a33ff52c6965e256491b394421c032fb6a30b193035b9074705dae6e29c0,2021,Article,English,EC_EV_FINAL_SCOPE,include,verified_member_of_final_4974
EC_EV_002489,10.3389/fphar.2022.1052091,2296266ebe249b8d51d807ec99af34ea7968fab9725dcab2c2bc87806f688d96,2022,Article,English,EC_EV_FINAL_SCOPE,include,verified_member_of_final_4974
EC_EV_002490,10.1097/ta.0000000000002984,c1572209ceb10544da8e93d304ca07f38e75fc9862d0a52cd25459ac0b4b24a4,2021,Article,English,EC_EV_FINAL_SCOPE,include,verified_member_of_final_4974
EC_EV_002491,10.1038/s41598-024-51935-6,2ba4ac5d622649f65289e5f64f97986e6cabe15af2a14f710dd26f4cc94b8cf2,2024,Article,English,EC_EV_FINAL_SCOPE,include,verified_member_of_final_4974
EC_EV_002492,10.1016/j.cca.2019.04.051,f97f18082f9c571617eed362fa96df23dcc485f9f8f79abf4534551a2b869380,2019,Review,English,EC_EV_FINAL_SCOPE,include,verified_member_of_final_4974
EC_EV_002493,10.1002/jcp.28785,43c167716c2aa7811c95d0cf88e71cafea50c57aab9d6f5b2ce7121bc2451a1c,2019,Review,English,EC_EV_FINAL_SCOPE,include,verified_member_of_final_4974
EC_EV_002494,10.3390/ijms21072514,54015fb9caf35897cd6c34807e8b3e4e7327979914c6b9c3bfc87b5599022ef4,2020,Review,English,EC_EV_FINAL_SCOPE,include,verified_member_of_final_4974
EC_EV_002495,10.3389/fphys.2019.01236,44053db40ef4caf893f4aa04320d6f3f5f15004fd973a89647d90390c591d0d7,2019,Review,English,EC_EV_FINAL_SCOPE,include,verified_member_of_final_4974
EC_EV_002496,10.3389/fmed.2021.728693,1ec01c065ed0859f06a34143c01e1c3e5526ed0b8fe3bcb5621d3a8174b52709,2021,Review,English,EC_EV_FINAL_SCOPE,include,verified_member_of_final_4974
EC_EV_002497,,f44d3a2029b469438485ae754363c1b090fa9d1c747e7a64d17408114c9629a5,2022,Review,English,EC_EV_FINAL_SCOPE,include,verified_member_of_final_4974
EC_EV_002498,10.3390/cells11060947,05d5f3d8e904b128fb090d1c8f458316c47713eb3d93ea3a5d0dc2465b91f9cc,2022,Review,English,EC_EV_FINAL_SCOPE,include,verified_member_of_final_4974
EC_EV_002499,10.1111/cpr.12570,88dd674dbb5fee7044a85214032567837c49156428013275dabdebd67261c4d5,2019,Article,English,EC_EV_FINAL_SCOPE,include,verified_member_of_final_4974
EC_EV_002500,10.1002/jcp.31185,e1aad27f1ec919ccc5ef02e25fb263940ceb97e8dca5ff27d605e4f15cd7e1c2,2024,Review,English,EC_EV_FINAL_SCOPE,include,verified_member_of_final_4974
EC_EV_002501,10.1002/term.3244,7745c9ce661fa14dc54e861c59334d02f57b7b4ededc581305b163f0c65e1acc,2021,Article,English,EC_EV_FINAL_SCOPE,include,verified_member_of_final_4974
EC_EV_002502,10.1007/s00018-014-1710-4,8cc92129cbf2f0d4c856223011b90a0418487f6e79025172f44386f90eac2b89,2015,Review,English,EC_EV_FINAL_SCOPE,include,verified_member_of_final_4974
EC_EV_002503,10.3389/fendo.2024.1374715,7e59f6bb9502981d6472963e69f4609e7fbd3d77d16c7531f06ec37164563b78,2024,Review,English,EC_EV_FINAL_SCOPE,include,verified_member_of_final_4974
EC_EV_002504,10.1186/s13046-020-01712-w,10c133986c7d6c33429911202299b17be23d4e946fce30d6e71f58a5277ae17f,2020,Article,English,EC_EV_FINAL_SCOPE,include,verified_member_of_final_4974
EC_EV_002505,10.1038/onc.2016.253,add17f52c2e8ff3a6562094515382bfdbc093027e508acc1cdca7b2e290e7ed1,2017,Review,English,EC_EV_FINAL_SCOPE,include,verified_member_of_final_4974
EC_EV_002506,10.1007/s12192-017-0858-x,d44d59c7805dc04328c851327b9dfbba318cc9899bd581f903aa25cf8664eb8f,2018,Article,English,EC_EV_FINAL_SCOPE,include,verified_member_of_final_4974
EC_EV_002507,10.3389/fonc.2021.686369,31b4c513c63ce7f13c8fbbd01d3f1f20a1fb171f0e92cf0d9307e7c93e18df4b,2021,Review,English,EC_EV_FINAL_SCOPE,include,verified_member_of_final_4974
EC_EV_002508,10.1016/j.blre.2012.12.002,d11ca11ab6f6c5f64e0b437f4e8aa0067e75e69bc0c98f1b2e1faa602439aaa0,2013,Review,English,EC_EV_FINAL_SCOPE,include,verified_member_of_final_4974
EC_EV_002509,10.1002/jcp.28319,2815ff4109983d0276ba6ef4a819e5ff417fc1f968cf73ce59b6a2c20d2fc417,2019,Review,English,EC_EV_FINAL_SCOPE,include,verified_member_of_final_4974
EC_EV_002510,10.1016/s0049-3848(15)50435-0,4bd2b270b27e86639f8ad41068b66d9cd78cc5b3e61ffaa592a603dd1c7e4760,2015,Article,English,EC_EV_FINAL_SCOPE,include,verified_member_of_final_4974
EC_EV_002511,10.1152/ajpcell.00129.2019,32b2b5f79d0e19f8f3ab15113bcc355295c7363aab9d5caaabb194ebab72a866,2019,Article,English,EC_EV_FINAL_SCOPE,include,verified_member_of_final_4974
EC_EV_002512,10.1016/j.cgh.2019.12.043,ffa5861b3b48708e9cdec8797fa90111fc054d50f30fe841dfa0586a2f9a0e3c,2021,Review,English,EC_EV_FINAL_SCOPE,include,verified_member_of_final_4974
EC_EV_002513,10.1016/j.tice.2022.101857,7b4e973786f856c8065c0f425d38a69d99192da214dccc343115f8df14b30bb0,2022,Review,English,EC_EV_FINAL_SCOPE,include,verified_member_of_final_4974
EC_EV_002514,10.3389/fonc.2020.559548,d650fe6bfa71b1b9564fb3791d13ce76552249c6c35b70bbb5c5e5aea59f3592,2020,Review,English,EC_EV_FINAL_SCOPE,include,verified_member_of_final_4974
EC_EV_002515,10.1038/s41598-019-52513-x,a08be8cf0e5ff38eb608084ad3a505f27573f5379a804f062b9e007e1f6f45c2,2019,Article,English,EC_EV_FINAL_SCOPE,include,verified_member_of_final_4974
EC_EV_002516,,da9526762d14cfb1e52d7c6c9656d6b020ea0e786976f4be6ac11422865372c7,2016,Review,English,EC_EV_FINAL_SCOPE,include,verified_member_of_final_4974
EC_EV_002517,10.1186/s12915-020-00914-0,25ca9439d8cd6d5f272afe1d0d4cf3997b5187d93ee7c775f2af63a9058ac7a0,2020,Article,English,EC_EV_FINAL_SCOPE,include,verified_member_of_final_4974
EC_EV_002518,10.3390/ijms23179539,5e3fdbb0af72d38096d851df428915a127a24c7a761672f2d50d68dae4384bba,2022,Article,English,EC_EV_FINAL_SCOPE,include,verified_member_of_final_4974
EC_EV_002519,10.1007/s10741-014-9469-0,3e331f5e6225050304f61ca5fbe7bc10df05baf6d08bfbf52df8b25900de7ca4,2015,Article,English,EC_EV_FINAL_SCOPE,include,verified_member_of_final_4974
EC_EV_002520,10.14336/ad.2018.1020,84690bed778c5acbd0f9ccb36ee35c366a43039bfabe74dd7f3222c03a179e1f,2019,Review,English,EC_EV_FINAL_SCOPE,include,verified_member_of_final_4974
EC_EV_002521,10.1016/j.rpth.2024.102596,bd1be26415096fbb03bbd06540bc79ab89cce897951be9c463eb2f7331d2bec5,2024,Article,English,EC_EV_FINAL_SCOPE,include,verified_member_of_final_4974
EC_EV_002522,10.1021/acsomega.4c04682,b30759fe2afecfe19846487c52b8a60a11b983cd0ac6c739c4102771c39ba6b8,2024,Review,English,EC_EV_FINAL_SCOPE,include,verified_member_of_final_4974
EC_EV_002523,10.1186/s12964-023-01142-z,cdd17bde240a94c62f32c8cdd5098c86d2ca1604a971c2ab9f0e40d0a89de4ba,2023,Review,English,EC_EV_FINAL_SCOPE,include,verified_member_of_final_4974
EC_EV_002524,10.18632/oncotarget.19723,3c056c3959bb8367e17b214a9466748a3e72e9253e70b2620ae206c18ae4f2c9,2017,Article,English,EC_EV_FINAL_SCOPE,include,verified_member_of_final_4974
EC_EV_002525,10.1007/s10585-022-10194-3,f2260565f28327def3f66726c268a123e23496e15ae05914a10d2b7e8892fc63,2023,Article,English,EC_EV_FINAL_SCOPE,include,verified_member_of_final_4974
EC_EV_002526,10.1093/eurheartj/ehw304,6b75102f6e154d11ddfa5228b4a11ceded2d40c815ce26f629bfc2b415e832ec,2017,Review,English,EC_EV_FINAL_SCOPE,include,verified_member_of_final_4974
EC_EV_002527,10.1186/s13054-019-2339-3,d2354ae449c2307c723c92ef5f6f1e6722da1d5fde0ca245c1cee99d0b8c8a6c,2019,Article,English,EC_EV_FINAL_SCOPE,include,verified_member_of_final_4974
EC_EV_002528,10.3389/fcvm.2018.00113,7373137f951f7dd100f7fa6a71f31450896c0e989cf9fd316a98a343d1c84a51,2018,Review,English,EC_EV_FINAL_SCOPE,include,verified_member_of_final_4974
EC_EV_002529,10.1016/j.mam.2017.12.003,a2e6fe82d608e7cd508c0d13c6364e94401933a390a21ed73e7f4a66b7679074,2018,Review,English,EC_EV_FINAL_SCOPE,include,verified_member_of_final_4974
EC_EV_002530,10.1098/rstb.2016.0484,ea36c8e3ef06fb358954347c4f805e2a63642045f46aadf6e494307ed1a2c540,2018,Review,English,EC_EV_FINAL_SCOPE,include,verified_member_of_final_4974
EC_EV_002531,10.1016/j.jaut.2022.102905,0330d8ddee937aa8713df23834601c339e4d4d8bc3700cd9cae35bc1cd1b29c6,2022,Article,English,EC_EV_FINAL_SCOPE,include,verified_member_of_final_4974
EC_EV_002532,10.1186/s13287-024-04069-5,66c4fe2dc3f5644ef800c27300f2a52208a829689c3c1b01efbb3f347e12bd07,2024,Article,English,EC_EV_FINAL_SCOPE,include,verified_member_of_final_4974
EC_EV_002533,10.1016/bs.ctm.2018.09.002,0229fdda919269f17a4e25f9f3ba512407aa30b46db7495b7f9d0b145162095f,2018,Review,English,EC_EV_FINAL_SCOPE,include,verified_member_of_final_4974
EC_EV_002534,10.1016/j.tem.2016.10.003,fb5ed169cec3245607c4fe9c5d03610390cbfeaa8de53fb0e7c9f89fb24af513,2017,Review,English,EC_EV_FINAL_SCOPE,include,verified_member_of_final_4974
EC_EV_002535,10.1016/j.preghy.2010.10.006,1e8fb2b83393fde5141bd12f833668d66d6e17cb5a387b2f4a53132ac48dd7d7,2011,Review,English,EC_EV_FINAL_SCOPE,include,verified_member_of_final_4974
EC_EV_002536,10.1002/adhm.202303527,d552efa2cee45bb212ac719822e47a29176a264f4f77766f636d96f73a15ff49,2024,Article,English,EC_EV_FINAL_SCOPE,include,verified_member_of_final_4974
EC_EV_002537,10.3390/cancers15123147,08b6a85ed8d766e3aea36d0631deb83e81119f6bfdb637a7c77ae9b827d66e7a,2023,Review,English,EC_EV_FINAL_SCOPE,include,verified_member_of_final_4974
EC_EV_002538,10.1247/csf.16014,f636af627ab2c119e70036c94c34ef9809558e4d32cacd61eab633e1ff638841,2016,Article,English,EC_EV_FINAL_SCOPE,include,verified_member_of_final_4974
EC_EV_002539,10.1186/s13287-024-04010-w,43c2c28fa35b715cb4f232f5f3f8375e1a77f0c281a8072951b3c46c979cc3c9,2024,Review,English,EC_EV_FINAL_SCOPE,include,verified_member_of_final_4974
EC_EV_002540,10.34133/bmr.0035,0cb4316f7334e70ffa5342d69028a019a44c3999c64b8a9c8aecd8e631fc1564,2024,Article,English,EC_EV_FINAL_SCOPE,include,verified_member_of_final_4974
EC_EV_002541,10.1002/2211-5463.12125,467557ad4ce4fe01a096169e475961f7314dbc0579b4469e0f03ef44c6bb3e7c,2016,Article,English,EC_EV_FINAL_SCOPE,include,verified_member_of_final_4974
EC_EV_002542,10.1097/ppo.0000000000000127,83a72805339e0ad2308541cf0134699ee93701d41918275886164c8e51ab0fd0,2015,Review,English,EC_EV_FINAL_SCOPE,include,verified_member_of_final_4974
EC_EV_002543,10.1155/2021/6644463,47a9d9bceb8e6abfe13fdec3c4c21e970b2d0ef55e4eaf443741588f9e368861,2021,Article,English,EC_EV_FINAL_SCOPE,include,verified_member_of_final_4974
EC_EV_002544,10.1155/2022/2198923,d7691e3f3ac544b14178db3b1614ea256156f55bb58c46b72832215de6501281,2022,Article,English,EC_EV_FINAL_SCOPE,include,verified_member_of_final_4974
EC_EV_002545,10.1038/s41419-022-05064-5,5dee70ba5f252d6632904d50b1976290c00cc5ad5c4166ce7cc4818345b0abe0,2022,Article,English,EC_EV_FINAL_SCOPE,include,verified_member_of_final_4974
EC_EV_002546,10.1016/j.cellsig.2024.111440,ec6d12cf14bc994e97a80fb7bb5b44fc8274cda6fad1cc841f69476f035e2501,2024,Article,English,EC_EV_FINAL_SCOPE,include,verified_member_of_final_4974
EC_EV_002547,10.3390/ijms22126514,98f8b89a4fd2006b34f27268596f068251d4f4b068da18653e7953f1a7c3fd4b,2021,Review,English,EC_EV_FINAL_SCOPE,include,verified_member_of_final_4974
EC_EV_002548,10.3389/fphys.2017.00494,27ff7f808c4462fd287b338538826f36522915a742d8a3eba181e82a0ef90973,2017,Review,English,EC_EV_FINAL_SCOPE,include,verified_member_of_final_4974
EC_EV_002549,10.1080/13813455.2021.1912102,97dc9304dd5bf6ffc21b216caf8114f6c0ef0b33d16988861dd7266fd7012e16,2023,Article,English,EC_EV_FINAL_SCOPE,include,verified_member_of_final_4974
EC_EV_002550,10.1016/j.ceb.2015.04.013,a3e64b524515586ebe671f2d66b6008a0071496afcb566b31a60fc93fb1b7353,2015,Article,English,EC_EV_FINAL_SCOPE,include,verified_member_of_final_4974
EC_EV_002551,10.1124/jpet.122.001253,3653e2e000a398c5a92b0909ef9383a53158df0bbab139a7276cea6a50c1796c,2024,Article,English,EC_EV_FINAL_SCOPE,include,verified_member_of_final_4974
EC_EV_002552,10.3389/fnagi.2021.593927,37dab5f4947fb434ae4d0c55be8e93d7d553aecff43760c4c1b7ab36e3bcbab5,2021,Article,English,EC_EV_FINAL_SCOPE,include,verified_member_of_final_4974
EC_EV_002553,10.4110/in.2016.16.3.147,66375821072a6daf7374f2c5de814fda91240806c6d3d031c0816632d7964dab,2016,Review,English,EC_EV_FINAL_SCOPE,include,verified_member_of_final_4974
EC_EV_002554,10.3390/ijms232012201,ef7f26c878bba1e5d4b64368828493b3eca65ccf87e5f0ad6b27073eef70d56d,2022,Article,English,EC_EV_FINAL_SCOPE,include,verified_member_of_final_4974
EC_EV_002555,10.1038/s41375-020-01062-8,a4d740e4060d93969fcba641c36a7a18085d32f6edbdb57e19842f9db64f8580,2020,Review,English,EC_EV_FINAL_SCOPE,include,verified_member_of_final_4974
EC_EV_002556,10.1111/jcmm.18471,bbc8bf55b89d7d3ce569bb1b33c382bdbb5500c2f44d9e59609b7391dd92f3c6,2024,Article,English,EC_EV_FINAL_SCOPE,include,verified_member_of_final_4974
EC_EV_002557,10.1016/j.molbiopara.2016.07.009,889cda0a52bb1dfd5a72c081d3fdbc6d84b548062127bb0ac4af31e8f097b065,2017,Review,English,EC_EV_FINAL_SCOPE,include,verified_member_of_final_4974
EC_EV_002558,10.7150/thno.39320,1a36dd4d72ccfadca25b6a4ad9cbdbd8406271b8ab7b142e0b8868d5041e642d,2020,Article,English,EC_EV_FINAL_SCOPE,include,verified_member_of_final_4974
EC_EV_002559,10.1016/j.isci.2023.106521,fef412fba3f8d89c054bd54cb10709104a832ba2ea254fdec976c44493db7e62,2023,Article,English,EC_EV_FINAL_SCOPE,include,verified_member_of_final_4974
EC_EV_002560,10.1016/j.amjms.2018.07.006,1568feb898a60dc296016b89dd2b019669d4a33cc219d37467640e98a54d1250,2018,Review,English,EC_EV_FINAL_SCOPE,include,verified_member_of_final_4974
EC_EV_002561,10.1002/ijc.34697,d3788ccb26608f73eb3245790ae5003c1d839dc88d6383bbdbc7e2ba4f187dd2,2023,Article,English,EC_EV_FINAL_SCOPE,include,verified_member_of_final_4974
EC_EV_002562,10.1111/j.1574-6968.2009.01878.x,629521324fa05e27c079f97210a799a201a47fbfc647fb9d6cc47f6da5081ff4,2010,Article,English,EC_EV_FINAL_SCOPE,include,verified_member_of_final_4974
EC_EV_002563,10.1186/s13287-019-1377-8,9c9cfd1fcd4d7f82217891ae72d03cf6edfb9ee7f9aad1460ea231e23f8eb64e,2019,Article,English,EC_EV_FINAL_SCOPE,include,verified_member_of_final_4974
EC_EV_002564,10.1016/j.tcb.2020.09.009,f76ddbb1384f5cc007dc170d45d114036be342b12670b65048c42b5b3e80f6b1,2020,Review,English,EC_EV_FINAL_SCOPE,include,verified_member_of_final_4974
EC_EV_002565,10.1016/j.tcb.2008.03.002,25d2873c033e5e42cda29dc466aa703608079a89ab99566d3c68bc8d23d64441,2008,Review,English,EC_EV_FINAL_SCOPE,include,verified_member_of_final_4974
EC_EV_002566,10.1016/j.exer.2019.04.003,9059f28ec874b74301afd182856a1bef886dc45379bb99c824eb7fb044e469d1,2019,Article,English,EC_EV_FINAL_SCOPE,include,verified_member_of_final_4974
EC_EV_002567,10.1111/jcmm.70559,e396a50b563e34b43df92bd68b84e3deece2d34b424dad50dedc083e1ee2d192,2025,Review,English,EC_EV_FINAL_SCOPE,include,verified_member_of_final_4974
EC_EV_002568,10.1002/stem.2922,e5ee63b86945aa54a9c75c3780891d3def97e8cc58f58212601d3857a100ceb0,2019,Review,English,EC_EV_FINAL_SCOPE,include,verified_member_of_final_4974
EC_EV_002569,10.3390/ijms22105402,f803f7703ffb42d43b62a1bd301dc047ea5c15ba22a2be3088f175d7dd20b6ad,2021,Review,English,EC_EV_FINAL_SCOPE,include,verified_member_of_final_4974
EC_EV_002570,10.3390/ijms21062120,025d53eb0fcb304e7a16c4a1a9207fa0c9139d5c27742b96ceabf57c8ad2cdb1,2020,Review,English,EC_EV_FINAL_SCOPE,include,verified_member_of_final_4974
EC_EV_002571,10.18433/j3989x,670a4951b8bc3715c1bcf8e8a04b5c7f4b175e6a40d6a6b66864e18c4ad62cde,2013,Article,English,EC_EV_FINAL_SCOPE,include,verified_member_of_final_4974
EC_EV_002572,10.1002/smll.202405505,14a0f1100ed81e6abcee4bd9dcf918db2bc2dbd04a4ddf7dcc3cf33202258bac,2024,Article,English,EC_EV_FINAL_SCOPE,include,verified_member_of_final_4974
EC_EV_002573,10.1021/acsnano.4c15759,3c2140c0f4e755bae1132ffb976375cfdd46746d6c60adfce8519f6eb9902085,2025,Article,English,EC_EV_FINAL_SCOPE,include,verified_member_of_final_4974
EC_EV_002574,10.1016/j.celrep.2024.114721,f4666656f961cb69ee7a6cbe022e3145d48ddbc0e82cb9add8259a9953f0230b,2024,Article,English,EC_EV_FINAL_SCOPE,include,verified_member_of_final_4974
EC_EV_002575,10.1016/j.cellsig.2021.110126,71bb580e05e30ba3ee75e79dc401f5561d4d68ba9d99ff9e1ba53ef7d8d6434e,2021,Article,English,EC_EV_FINAL_SCOPE,include,verified_member_of_final_4974
EC_EV_002576,10.1016/j.cytogfr.2016.03.007,3a9b0b0fbe138df632e6b5d9130cc9bbd69982fcbe1616c0c523b98a63f0f10b,2016,Review,English,EC_EV_FINAL_SCOPE,include,verified_member_of_final_4974
EC_EV_002577,10.1371/journal.pone.0068451,c9add42fbb61b09e57dd3fcec3e065c4c70b0060c33ec5577cdf11bed58fb5d1,2013,Article,English,EC_EV_FINAL_SCOPE,include,verified_member_of_final_4974
EC_EV_002578,10.1016/j.mvr.2025.104812,a5b6ea195b6bf8f5ccc4c172798acf76fe2b7a2521188651aa6cdce1622d4a5b,2025,Article,English,EC_EV_FINAL_SCOPE,include,verified_member_of_final_4974
EC_EV_002579,10.1161/circresaha.124.325119,4b722ebe1cd3bcf4ac008cd34a7bcbb0822142a8b6506cfe2b14e7caddcb5b98,2025,Article,English,EC_EV_FINAL_SCOPE,include,verified_member_of_final_4974
EC_EV_002580,10.1039/d3bm01980b,9e8607063cbabd11eadd0bb666d13eca15540c76c1fed89f8d1da8bfdae0d1f5,2024,Review,English,EC_EV_FINAL_SCOPE,include,verified_member_of_final_4974
EC_EV_002581,10.1016/j.mtbio.2024.101314,f0e1204d114d4c6c59c1ee1e10e10e75bb5eb9686ed22306b4def66c0b019ad7,2024,Article,English,EC_EV_FINAL_SCOPE,include,verified_member_of_final_4974
EC_EV_002582,10.1016/j.bcp.2024.116138,34789ca7e6c189c2ddd9d6d3b0c0791e29f0f96cb168de626ff9be5f78618b24,2024,Article,English,EC_EV_FINAL_SCOPE,include,verified_member_of_final_4974
EC_EV_002583,10.1158/0008-5472.can-17-3883,0d5efd702f3821a318b5f16d9678158da485ce6e887673be36282a2c244a97ef,2018,Review,English,EC_EV_FINAL_SCOPE,include,verified_member_of_final_4974
EC_EV_002584,10.1093/cvr/cvy271,d270f4ff98102473d2675f2b9f4e2c287343b07f7ab70c82707de377b8bcff9a,2019,Article,English,EC_EV_FINAL_SCOPE,include,verified_member_of_final_4974
EC_EV_002585,10.1002/stem.2548,28649cbef8c1f635668d2de8c8c9111238fc48c4e4af5deacf505c08b38ae928,2017,Article,English,EC_EV_FINAL_SCOPE,include,verified_member_of_final_4974
EC_EV_002586,10.36468/pharmaceutical-sciences.spl.317,fb709d3316d3873109f04657e0ff10f01865879dcc1e7215931c3f9db0a01eaa,2021,Article,English,EC_EV_FINAL_SCOPE,include,verified_member_of_final_4974
EC_EV_002587,10.1155/2022/2852251,f8b58f004674e9611017782c9af033be2a9ca74c146b9d6d39fe6e20e3a4160c,2022,Review,English,EC_EV_FINAL_SCOPE,include,verified_member_of_final_4974
EC_EV_002588,10.3390/ijms23021002,94fcd1aa3bd0e649f2d3aea3c92ac21641de756b6fcb13a9fc3b3a49f00e41df,2022,Review,English,EC_EV_FINAL_SCOPE,include,verified_member_of_final_4974
EC_EV_002589,10.1161/hypertensionaha.123.22292,3b61463aa2c67ca779bc9fb51abc4a6cf6d8fd9c3e83eb8807500941caffdb75,2024,Article,English,EC_EV_FINAL_SCOPE,include,verified_member_of_final_4974
EC_EV_002590,10.3389/fsurg.2022.933781,9cb341bbfb72ff6a415f2a848d12a8c8102c463060a4f7b873f16f1d40783fbe,2022,Review,English,EC_EV_FINAL_SCOPE,include,verified_member_of_final_4974
EC_EV_002591,10.1155/2015/649161,114507316c990794d62ef968fd24d4edb333f1a102331332b5b1849ea29b7215,2015,Review,English,EC_EV_FINAL_SCOPE,include,verified_member_of_final_4974
EC_EV_002592,10.1126/sciadv.adq1476,10c62c4ed039529a5536aa3ed932aea8c65f893dd0d0193cfcd73b592bde7710,2024,Article,English,EC_EV_FINAL_SCOPE,include,verified_member_of_final_4974
EC_EV_002593,10.1016/j.trecan.2017.10.003,586171233fb4c53efb7757ec7df218d196ff47f65fb9f0e7bcd13145816e7cfd,2017,Review,English,EC_EV_FINAL_SCOPE,include,verified_member_of_final_4974
EC_EV_002594,10.1111/j.1528-1167.2012.03705.x,608c748c4d661a306e76f2948f4e49971caead224650ac85f8384ea8e44b6e03,2012,Article,English,EC_EV_FINAL_SCOPE,include,verified_member_of_final_4974
EC_EV_002595,10.1017/s0007114515001117,c638257a4741c64c31db1293a24134fa7cadb0ed9e833f829f03893735b7374c,2015,Article,English,EC_EV_FINAL_SCOPE,include,verified_member_of_final_4974
EC_EV_002596,10.1016/j.csbj.2016.10.005,c347c728ee27e09f75057d425894af64f46d42b6b813c7b30d189060333fa550,2017,Article,English,EC_EV_FINAL_SCOPE,include,verified_member_of_final_4974
EC_EV_002597,10.3389/fchem.2022.984131,8d69f030d9c06c86908bc7f0b209b7e5dd28e03bbe62f8b28d46768e4f81ec2c,2022,Review,English,EC_EV_FINAL_SCOPE,include,verified_member_of_final_4974
EC_EV_002598,10.2217/bmm-2019-0510,50dab1e79b266742d3f7a7bb0f5d9c3afb38d3940cfc6b0e949ae595348b29d9,2020,Article,English,EC_EV_FINAL_SCOPE,include,verified_member_of_final_4974
EC_EV_002599,10.1038/s41419-023-06110-6,b55149a1fcd8ec77b3c6c70aa021cf269c31b01ee752b4828fed77b63659ac41,2023,Review,English,EC_EV_FINAL_SCOPE,include,verified_member_of_final_4974
EC_EV_002600,10.1007/s12265-020-09966-7,2ad21de2900530b68d8485a81235dd9d59c6a79ba4355c1c6b0370ddf700847f,2020,Review,English,EC_EV_FINAL_SCOPE,include,verified_member_of_final_4974
EC_EV_002601,10.1155/2020/3961735,7e766997f36138035461d4046df2c6091c748d17d3121b9df626e86759337642,2020,Review,English,EC_EV_FINAL_SCOPE,include,verified_member_of_final_4974
EC_EV_002602,10.3390/ijms23147837,4dc6f9c2c2526d082981e8c35fb20285b74849fbaf0c7777a80a6dcc200995ce,2022,Review,English,EC_EV_FINAL_SCOPE,include,verified_member_of_final_4974
EC_EV_002603,10.1371/journal.pone.0256734,034056a1967216ff81f7c44523ae4265cb7d5f67db3229e8d300f560da99c923,2021,Article,English,EC_EV_FINAL_SCOPE,include,verified_member_of_final_4974
EC_EV_002604,10.1016/j.tem.2016.11.009,9b69fe1d795e8846a76f54151bc42599ee468e3b74209de7f1e3769e73cf33cd,2017,Review,English,EC_EV_FINAL_SCOPE,include,verified_member_of_final_4974
EC_EV_002605,10.1016/j.biopha.2021.111753,b05c4dca0cd87fe8168333896f1178982e62f4d92418bfd45e23767f3802261e,2021,Article,English,EC_EV_FINAL_SCOPE,include,verified_member_of_final_4974
EC_EV_002606,10.1186/s13018-023-04440-x,88b100d5d7ac1b9ae0928b43d92ff8c9df8004cb4f2b16e7ae1d4f80a5a39c28,2023,Article,English,EC_EV_FINAL_SCOPE,include,verified_member_of_final_4974
EC_EV_002607,10.1097/moh.0000000000000353,9e3fb2e9fb3f6ab9e30188c6985dff92a76f31a0bf31a14046ca718faf4f8780,2017,Review,English,EC_EV_FINAL_SCOPE,include,verified_member_of_final_4974
EC_EV_002608,10.1074/jbc.m112.446831,4ff8cebc1359194088cedc17e437d461c0e79384b89daf2a16122767e95c92dc,2013,Article,English,EC_EV_FINAL_SCOPE,include,verified_member_of_final_4974
EC_EV_002609,10.1155/2019/8585276,e75cf0e1768420b3c3d2aa71f1251b0ac7af0f34e3906c36a0f5cf5fde056ad8,2019,Review,English,EC_EV_FINAL_SCOPE,include,verified_member_of_final_4974
EC_EV_002610,10.2174/138161207781662885,e85be2dd08876ac3acafde80cbed8aa025c4329d233e9b9ff8eb68f3be7211d8,2007,Review,English,EC_EV_FINAL_SCOPE,include,verified_member_of_final_4974
EC_EV_002611,10.1038/s41565-023-01522-z,5f70824754989ef74e05155758ae021dfa6fce3cd989418d6eeb680f1751685c,2024,Article,English,EC_EV_FINAL_SCOPE,include,verified_member_of_final_4974
EC_EV_002612,10.1016/j.cellsig.2021.110184,c0b67109a89c6445db842779902b8f6786dc6f218bb7c81b3bd549fbf451d3fb,2022,Article,English,EC_EV_FINAL_SCOPE,include,verified_member_of_final_4974
EC_EV_002613,10.1007/s12015-025-10860-5,6cc753fecd9f0855c83fb132b47687680e43b39c48507da96d03edb89e482ad6,2025,Article,English,EC_EV_FINAL_SCOPE,include,verified_member_of_final_4974
EC_EV_002614,10.1038/s41467-018-02865-1,48105c61e3b776ca9144230f90ddcc7d18335dd86a665d0cfa5e67960e97b80f,2018,Article,English,EC_EV_FINAL_SCOPE,include,verified_member_of_final_4974
EC_EV_002615,10.1097/js9.0000000000002217,df9b1a60314c93d6d9816a3ae754a4fff7ba5aabcbe5deaadbe523651436f77d,2025,Article,English,EC_EV_FINAL_SCOPE,include,verified_member_of_final_4974
EC_EV_002616,10.1161/circulationaha.113.007917,4c4c396354bab837708746c00baacc029acd4d9760bb833c4b7fc884aac97d50,2014,Article,English,EC_EV_FINAL_SCOPE,include,verified_member_of_final_4974
EC_EV_002617,10.1186/s12933-021-01235-4,5c91caa36ae3eb3e73b428f3a189b5d5c4545ff3a7ccd969fe03589a40c4268d,2021,Article,English,EC_EV_FINAL_SCOPE,include,verified_member_of_final_4974
EC_EV_002618,10.1002/jcp.31500,9f568fccd5e216077dd6b43fe09f3053c1c9c18bf33e26d8e7a64ca3510994f2,2025,Review,English,EC_EV_FINAL_SCOPE,include,verified_member_of_final_4974
EC_EV_002619,10.21873/cgp.20015,2adf167345999a5c62c40e941cd431d84bb8b73d50de0e0c5862133b60a5f9b2,2017,Review,English,EC_EV_FINAL_SCOPE,include,verified_member_of_final_4974
EC_EV_002620,10.1152/ajprenal.00434.2019,f3239dbf7c87da79783c64838868955390c1c71a9c2e3e6789bca061de041af1,2019,Review,English,EC_EV_FINAL_SCOPE,include,verified_member_of_final_4974
EC_EV_002621,10.1002/sctm.16-0477,62bdcc201d008f87b5992a38b95d41d60875811b0ba0eca30a1f25aef72c3ada,2017,Article,English,EC_EV_FINAL_SCOPE,include,verified_member_of_final_4974
EC_EV_002622,10.1016/j.tibs.2012.08.003,aa1e579bd3189578c6c7eef3f7cfdddfa342e1aec6d35c60af3c76251c4bfd99,2012,Review,English,EC_EV_FINAL_SCOPE,include,verified_member_of_final_4974
EC_EV_002623,10.1002/bies.201100169,24ddea84d93ca315f0797fde2a83499857013aaaa80ae13b319a8bf1b916c288,2012,Review,English,EC_EV_FINAL_SCOPE,include,verified_member_of_final_4974
EC_EV_002624,10.1007/s12012-021-09700-y,bcb12e2d2f7821c4821b6d735d5fceecacec4c50da14f45dc102f5dfb3bf2aef,2022,Review,English,EC_EV_FINAL_SCOPE,include,verified_member_of_final_4974
EC_EV_002625,10.1371/journal.ppat.1006764,2537e6d3988f6274f0a9bf25d011ffc83bb6b19818cb7777c35fe566e8eee218,2018,Article,English,EC_EV_FINAL_SCOPE,include,verified_member_of_final_4974
EC_EV_002626,10.1007/s12072-023-10559-0,fe0063599f14fc78af3e3ce6dc3d88609a7ffa3c4bfc01ed8d148db76c499751,2023,Article,English,EC_EV_FINAL_SCOPE,include,verified_member_of_final_4974
EC_EV_002627,10.2217/nnm-2022-0211,7a7ab31800577737f18a96bc1881c18ef73565502000698122a180ac83d1fc4f,2023,Review,English,EC_EV_FINAL_SCOPE,include,verified_member_of_final_4974
EC_EV_002628,10.1021/acsami.5c01640,4902f018ca6c1e20c90f2bc6f3111b523e17d7b9b3ad719db65136c28c842083,2025,Article,English,EC_EV_FINAL_SCOPE,include,verified_member_of_final_4974
EC_EV_002629,10.3390/ijms20092180,83832c7c554a4bee16228d9acc4c1b448883f891fe2f907304d4ca8efebe18a2,2019,Review,English,EC_EV_FINAL_SCOPE,include,verified_member_of_final_4974
EC_EV_002630,10.1186/s12929-019-0500-6,3541c7800c1a2b26f8837128ba3d468b174a552be371822d96cfdc9ba055aae8,2019,Review,English,EC_EV_FINAL_SCOPE,include,verified_member_of_final_4974
EC_EV_002631,10.1016/j.abb.2014.05.011,70502ddb82745be7ac28774214f1776d301ec14cb789012e576884fca02e083a,2014,Review,English,EC_EV_FINAL_SCOPE,include,verified_member_of_final_4974
EC_EV_002632,10.2174/1574888x16999210112205826,f502c5debee0281b42de44c2d0a5473aeba3cfe29b847dc213377ff74beef09d,2021,Review,English,EC_EV_FINAL_SCOPE,include,verified_member_of_final_4974
EC_EV_002633,10.3389/fimmu.2018.00855,f1c19bcf0def47bc1e93aa6e793c125205d6d8b086f8d194638a26864d4c3a89,2018,Review,English,EC_EV_FINAL_SCOPE,include,verified_member_of_final_4974
EC_EV_002634,10.1016/j.actbio.2023.01.014,a267856f5814561c947ab9a24402628f3687337bb344f3005e0e3bd093bbed4d,2023,Article,English,EC_EV_FINAL_SCOPE,include,verified_member_of_final_4974
EC_EV_002635,10.1016/j.molmed.2019.03.006,3b68c297595c4a613978b820e051110527d0617c82832a43857e9e3234c8bbc8,2019,Review,English,EC_EV_FINAL_SCOPE,include,verified_member_of_final_4974
EC_EV_002636,10.1111/1753-0407.13304,32cddf956e04552c4b35780855c9af9a04a6f093d9849adc82f765381c36da6b,2022,Review,English,EC_EV_FINAL_SCOPE,include,verified_member_of_final_4974
EC_EV_002637,10.3390/ijms222112041,0cda4eb80d76ec1835e0d85075edfd112e383e362c9f277d8141878dddfc0b77,2021,Review,English,EC_EV_FINAL_SCOPE,include,verified_member_of_final_4974
EC_EV_002638,10.1038/s41598-021-87710-0,cca2edec5b258aef9acc6990853927d9d9145355babc2135bd60b1284b61bd85,2021,Article,English,EC_EV_FINAL_SCOPE,include,verified_member_of_final_4974
EC_EV_002639,10.3389/fonc.2019.00118,00cce8bdfdab888fc5663984d4f2f3a087943e8b072c1ee4484bc528744f4a7d,2019,Review,English,EC_EV_FINAL_SCOPE,include,verified_member_of_final_4974
EC_EV_002640,10.1186/s12964-016-0143-0,9a33ec625d4a802b4f221a5efc238adcc651608557307b842c3bf692123bcf41,2016,Review,English,EC_EV_FINAL_SCOPE,include,verified_member_of_final_4974
EC_EV_002641,10.1038/s41419-021-03803-8,6f63e85b42a85c26615c24718562998687e419c358e35df44e2bfbb7572343c8,2021,Article,English,EC_EV_FINAL_SCOPE,include,verified_member_of_final_4974
EC_EV_002642,10.1038/s41698-024-00751-2,8407ea19c395f8c03528f7513b5a47382d82249f04f10cce2e651dbabe891c92,2024,Article,English,EC_EV_FINAL_SCOPE,include,verified_member_of_final_4974
EC_EV_002643,,278a8e9b34e38c2bddb24069ef3926e7465c849abe43958600626a914c675854,2015,Article,English,EC_EV_FINAL_SCOPE,include,verified_member_of_final_4974
EC_EV_002644,10.1016/j.bbrc.2021.04.099,13d408be07ab0616c4c2a01a32d3eb9d75cc88ade77747261dd35989fb1efb52,2021,Article,English,EC_EV_FINAL_SCOPE,include,verified_member_of_final_4974
EC_EV_002645,10.1016/j.meegid.2021.105000,2a2b9566df3d5dd4babc372fb408ff943dde172062c02e478bcc6ffe9206ee76,2021,Review,English,EC_EV_FINAL_SCOPE,include,verified_member_of_final_4974
EC_EV_002646,10.1186/s40169-018-0197-2,f218db3f53e2d749f50d1aa7359e471e6ca49b099fd3e401ddf1cd8459450e3a,2018,Article,English,EC_EV_FINAL_SCOPE,include,verified_member_of_final_4974
EC_EV_002647,10.3389/fphar.2018.01199,7c117eb6c86a7cc6fe8086e4fe09249a03585398dd84d0c84a5ded8368c26d76,2018,Review,English,EC_EV_FINAL_SCOPE,include,verified_member_of_final_4974
EC_EV_002648,10.1016/j.nano.2017.03.011,0737961bcfe09fd29826f153f9872fb488cd0ccdb669a4d602d5c2cab4e5aa5a,2017,Article,English,EC_EV_FINAL_SCOPE,include,verified_member_of_final_4974
EC_EV_002649,10.3389/fcell.2020.611039,7ebcb591a82556ae243f4141633f3df766fd90b97ac72fbcc56f6c2856deb50d,2020,Review,English,EC_EV_FINAL_SCOPE,include,verified_member_of_final_4974
EC_EV_002650,10.1038/s41401-021-00846-7,223bf3e22139fbce3dae2f782ea7ada28ac09d5e78c8cea02164f3097122b1c0,2022,Review,English,EC_EV_FINAL_SCOPE,include,verified_member_of_final_4974
EC_EV_002651,10.3389/fimmu.2020.00074,6359d723a2248a7fead156cf039ae72d2a6cc50b135de43c33ba0cea65b2797d,2020,Review,English,EC_EV_FINAL_SCOPE,include,verified_member_of_final_4974
EC_EV_002652,10.1038/emm.2016.153,e3211b15563010708309e1f67687eb32afa59c2a7ceb7b428601c4d14ba7e6cc,2017,Review,English,EC_EV_FINAL_SCOPE,include,verified_member_of_final_4974
EC_EV_002653,10.1111/boc.201400081,275e8911831b1689cc429ea4d7d478ccc5b74d5b73083576ce50622b82caf772,2015,Review,English,EC_EV_FINAL_SCOPE,include,verified_member_of_final_4974
EC_EV_002654,10.1016/j.pharmthera.2020.107683,9f83656f55877b1d05bb12a54e392473aa518f23adb8cb9a59398f5b2cc5d045,2021,Review,English,EC_EV_FINAL_SCOPE,include,verified_member_of_final_4974
EC_EV_002655,10.1134/s1819712423010087,b7fa379ecb95cdec3b2cd94f7a0faa75cd90b094ba7b1c34dc127550e0606480,2023,Review,English,EC_EV_FINAL_SCOPE,include,verified_member_of_final_4974
EC_EV_002656,10.1016/j.copbio.2019.01.005,794fc54fb96c8bbe679978c552a88b932e9402eb3cc20b1da7976cb78809cf64,2019,Review,English,EC_EV_FINAL_SCOPE,include,verified_member_of_final_4974
EC_EV_002657,10.1016/j.addr.2015.04.004,c307456a5901fe3caa2badc2f30af3a64ff8156b098feb3d2a0c853cb9ef1543,2015,Review,English,EC_EV_FINAL_SCOPE,include,verified_member_of_final_4974
EC_EV_002658,10.1016/j.ajpath.2021.02.011,f0a56ccb65c22a55fa73566f4649a956cce110fcd0cb760d58c163562ec621f0,2021,Review,English,EC_EV_FINAL_SCOPE,include,verified_member_of_final_4974
EC_EV_002659,10.1097/shk.0000000000001938,36c3dce4a6f06d08418583cf6bc48c816a2721783359f96716f505c02a249b72,2022,Article,English,EC_EV_FINAL_SCOPE,include,verified_member_of_final_4974
EC_EV_002660,10.1186/s13287-022-03197-0,b6e8331216c373a9565ee5a3451b7f1051c6e0f159769347839046f6952b6d7d,2022,Article,English,EC_EV_FINAL_SCOPE,include,verified_member_of_final_4974
EC_EV_002661,10.1097/ta.0000000000001744,341acd3e94c0b054c6058e1053cef967c0fa377891bb6b4a0d5e3cd129e24607,2018,Article,English,EC_EV_FINAL_SCOPE,include,verified_member_of_final_4974
EC_EV_002662,10.1007/s12265-016-9682-4,e186f48991b2adf85cd57fe93a2f45aa0b1c1edd3c886a07862ae32e41834233,2016,Review,English,EC_EV_FINAL_SCOPE,include,verified_member_of_final_4974
EC_EV_002663,10.1016/j.mtbio.2023.100602,14ad7d0fcb1e11babb2c671d5b428326ba6721e83aa11218550642396a7ee94c,2023,Article,English,EC_EV_FINAL_SCOPE,include,verified_member_of_final_4974
EC_EV_002664,10.1016/j.tibtech.2024.03.010,fb47024214b74429c23d2256d04c39f0a1d01e8516f5191081f727303b008cea,2024,Review,English,EC_EV_FINAL_SCOPE,include,verified_member_of_final_4974
EC_EV_002665,10.1002/advs.202102381,0b6d57653e0fe50a5eeb98494008e45806e7b468144eaff318e376fff1c8f46b,2021,Article,English,EC_EV_FINAL_SCOPE,include,verified_member_of_final_4974
EC_EV_002666,10.1007/10_2012_149,e1d1a5b40b7e68526a1c593de4d101e2dfef1f37e32fa63de56be499d8180f5f,2013,Article,English,EC_EV_FINAL_SCOPE,include,verified_member_of_final_4974
EC_EV_002667,10.3389/fimmu.2022.1082414,f7598749f8f6ffbb9203c4dea0696b86cd1db2cb338d355b0489529a62f7f76f,2022,Article,English,EC_EV_FINAL_SCOPE,include,verified_member_of_final_4974
EC_EV_002668,10.1016/j.lfs.2022.121223,4fb0290856244fab586bc536ecd0ec5b6018c5fec9843d4b72b7f674d75a7595,2023,Article,English,EC_EV_FINAL_SCOPE,include,verified_member_of_final_4974
EC_EV_002669,10.1007/s11010-019-03545-4,48721970f11ed00f4bbb3d248f0e70f084ac5cf1ee4f265df6f733a7fa81615f,2019,Review,English,EC_EV_FINAL_SCOPE,include,verified_member_of_final_4974
EC_EV_002670,10.1186/s12951-024-02330-w,b35990efc5ec14d12e814d56a833ba7661d4f9256aa7ba8796659d3f9ef387b4,2024,Article,English,EC_EV_FINAL_SCOPE,include,verified_member_of_final_4974
EC_EV_002671,10.1186/s12964-022-00949-6,23b11179966a89b5e3e72691177d9efa32a23d699b7dd0c877dfbc23d8b7046d,2022,Review,English,EC_EV_FINAL_SCOPE,include,verified_member_of_final_4974
EC_EV_002672,10.2217/rme-2022-0206,273015b4b6478cc7c6dfc8d6bb48c6fb7205aea68d8ce4475801aa747b1ce1b1,2023,Article,English,EC_EV_FINAL_SCOPE,include,verified_member_of_final_4974
EC_EV_002673,10.1007/s10103-022-03597-x,82ee32b5db84df57bf8eaacc4361be0aa1922d0bd431d15e2c369b82aa0f3e46,2022,Article,English,EC_EV_FINAL_SCOPE,include,verified_member_of_final_4974
EC_EV_002674,10.1159/000490821,d0b2150aa10e7d63b6cef826c89e37d4a6e741dadb39ebac2521afe99b800306,2018,Review,English,EC_EV_FINAL_SCOPE,include,verified_member_of_final_4974
EC_EV_002675,10.3389/fbioe.2022.1015628,021aa7adcdb77fa992ef20ae6c6a57f033226e58eb34f2e416eaab24f3277347,2022,Review,English,EC_EV_FINAL_SCOPE,include,verified_member_of_final_4974
EC_EV_002676,10.1002/jcb.30144,3088911b62bc6a5973a50f8eca5464272a725fb59ab6006cd7737076be599386,2022,Review,English,EC_EV_FINAL_SCOPE,include,verified_member_of_final_4974
EC_EV_002677,10.1111/cas.13334,5ca3056d9bad7415ac095261fb140deb41ea4eaa95a171d98640220579c22353,2017,Review,English,EC_EV_FINAL_SCOPE,include,verified_member_of_final_4974
EC_EV_002678,10.1155/2022/7006281,d5eacb525fa4049e220a4c49a60867e4c6dfd1fedfc40a0d268cdb7854c7ae6c,2022,Review,English,EC_EV_FINAL_SCOPE,include,verified_member_of_final_4974
EC_EV_002679,10.1002/bies.201500130,eef6c3a58b13859217671a3092297aefb62b05ce4b01ba026cfa3ca06068862c,2016,Article,English,EC_EV_FINAL_SCOPE,include,verified_member_of_final_4974
EC_EV_002680,10.1007/s13346-021-01026-0,a488d9a30f2c3732ee242f002471ea1819854db93ee88a37e7d324ac0b935db5,2022,Review,English,EC_EV_FINAL_SCOPE,include,verified_member_of_final_4974
EC_EV_002681,10.34133/bmr.0124,9ca6b5e3818e2dda33cc5ff12608aa92f2cdfb791dd8a0563321cc9822e3575b,2024,Review,English,EC_EV_FINAL_SCOPE,include,verified_member_of_final_4974
EC_EV_002682,10.1186/s12967-024-05760-0,8c27a6a960de7c7abb7ae56ee0514ca515400dd2987583fffbd502387c94cc7a,2024,Review,English,EC_EV_FINAL_SCOPE,include,verified_member_of_final_4974
EC_EV_002683,10.3390/genes12010073,9ac2547a3de602ec2ff7f103b8501ac10fe2b558c02ea2eb3bcaf3c9a00f56a2,2021,Review,English,EC_EV_FINAL_SCOPE,include,verified_member_of_final_4974
EC_EV_002684,10.1534/g3.116.036137,f1994235aa30e97baaa1d3eb2a012462f9ebcfd792db1d64594475312da8f287,2017,Article,English,EC_EV_FINAL_SCOPE,include,verified_member_of_final_4974
EC_EV_002685,10.1002/jcp.28374,406f7c5b4694b45e87c017e0f4ea0dc2de02191e6bf8ed6685154fbbcdf2aff9,2019,Review,English,EC_EV_FINAL_SCOPE,include,verified_member_of_final_4974
EC_EV_002686,10.1186/s12916-023-02887-7,b777ff8dfdbf3e394fb66d18e2a04a574dd2aa100a7a09228c23d0dc4b63c43f,2023,Article,English,EC_EV_FINAL_SCOPE,include,verified_member_of_final_4974
EC_EV_002687,10.1055/a-2494-2233,a9389902afa5113924a3e015b260af573a767b6945b308004d32b263f94647c9,2024,Review,English,EC_EV_FINAL_SCOPE,include,verified_member_of_final_4974
EC_EV_002688,10.1016/j.jep.2025.119475,7242ee30c9a596af777b0c762400c5ae87ebc04f6a38e9da79e1a5570957a685,2025,Article,English,EC_EV_FINAL_SCOPE,include,verified_member_of_final_4974
EC_EV_002689,10.1016/j.actatropica.2021.106145,6a96571311b621c3964a061491e206b04a4607346a11d609287929af6aeb8042,2021,Article,English,EC_EV_FINAL_SCOPE,include,verified_member_of_final_4974
EC_EV_002690,10.1007/s00125-017-4390-4,6f5f9225595e39aca11e00e5dfa5b272ca87b9a7f030f1ba791e7b81c4f8880d,2018,Review,English,EC_EV_FINAL_SCOPE,include,verified_member_of_final_4974
EC_EV_002691,10.1016/j.mam.2018.09.002,a7f03f3e35f6ceff6d622fc404ba1c1b2402e888c9acc0413b033d65a3b4b666,2019,Review,English,EC_EV_FINAL_SCOPE,include,verified_member_of_final_4974
EC_EV_002692,10.2217/nnm-2016-0154,8af8bf3a6b4a37f6db6227dc170c98a606e52d8e29d12bec42005bb41e5b162d,2016,Article,English,EC_EV_FINAL_SCOPE,include,verified_member_of_final_4974
EC_EV_002693,10.2147/dmso.s363226,90ee1aac14e1bde205c88862e1259d6ec684abbdef6c944aeb2da2341cbfee8a,2022,Review,English,EC_EV_FINAL_SCOPE,include,verified_member_of_final_4974
EC_EV_002694,10.1016/j.isci.2021.102372,5ee07f0cb0c7fca3ed710bb47fd6c6f2b1f9641736f89de7d85a1686e04ecba8,2021,Article,English,EC_EV_FINAL_SCOPE,include,verified_member_of_final_4974
EC_EV_002695,10.3389/fimmu.2022.813015,9e84d7ae2c8296a6673977ce17af068b8ddeab339131c0ad07ff6fb060435096,2022,Review,English,EC_EV_FINAL_SCOPE,include,verified_member_of_final_4974
EC_EV_002696,10.1007/s12185-017-2180-x,0eabc55d22e43a33a84157d1f2ff69a084747912eb9a71db4b7d41672d92a706,2017,Review,English,EC_EV_FINAL_SCOPE,include,verified_member_of_final_4974
EC_EV_002697,10.1038/ki.2011.292,370e1309f0a792fd4def1464f864d0bc6b368392d2ea4b684b618354ba36fdfc,2011,Review,English,EC_EV_FINAL_SCOPE,include,verified_member_of_final_4974
EC_EV_002698,10.1002/pmic.201200441,2a90db80a5f9a8e1e7f34a301b746e0e9c00682ec5072dfd005c72d8fc5a38fc,2013,Review,English,EC_EV_FINAL_SCOPE,include,verified_member_of_final_4974
EC_EV_002699,10.1517/17425251003614766,3ad0841b08e38e24bb6dbdef73178bec629e5e92d5c56633e641d20039b4be19,2010,Review,English,EC_EV_FINAL_SCOPE,include,verified_member_of_final_4974
EC_EV_002700,10.1002/1873-3468.13653,fe467892fdb2dca00add0d071bdb92ef6298a042ac5ba2374d51da370cbaab23,2020,Article,English,EC_EV_FINAL_SCOPE,include,verified_member_of_final_4974
EC_EV_002701,10.1016/j.bbcan.2025.189275,eae69bc6372ef3f0716326148c30bfc18fab8c6f81800b59c8daf93dfe78534d,2025,Review,English,EC_EV_FINAL_SCOPE,include,verified_member_of_final_4974
EC_EV_002702,10.1155/2018/8031718,4579826812a7b1c3ccfd691b2bf67fe8345fc115559435dbdc9f087d49373e20,2018,Review,English,EC_EV_FINAL_SCOPE,include,verified_member_of_final_4974
EC_EV_002703,10.1016/j.nano.2021.102396,eb985d5546377f2999252f5de2071a5dd05c5d7dfa4393dbbf6fc75c7b085ea5,2021,Article,English,EC_EV_FINAL_SCOPE,include,verified_member_of_final_4974
EC_EV_002704,10.1016/j.isci.2024.111265,37d29479be986ceb1575227f16170d13178c305ac53f106c5543a1c3ba24543e,2024,Article,English,EC_EV_FINAL_SCOPE,include,verified_member_of_final_4974
EC_EV_002705,10.1155/2022/8215842,88f9daa1d188b7a81bc8beb28737e02b5587343973d05ea0165423b7ba122569,2022,Article,English,EC_EV_FINAL_SCOPE,include,verified_member_of_final_4974
EC_EV_002706,10.1016/j.cell.2018.09.005,bdabe1e0f3dbcd08e1df9765412932a76cb4dba02077300cce0755714a97f75e,2018,Article,English,EC_EV_FINAL_SCOPE,include,verified_member_of_final_4974
EC_EV_002707,10.1016/j.jacc.2021.03.314,525b971e8968b6faefd258dcd5611737ebf5216dbec147d5094afe0328e23cf8,2021,Article,English,EC_EV_FINAL_SCOPE,include,verified_member_of_final_4974
EC_EV_002708,10.1007/s12015-020-10086-7,177a73a289bf411a5ca24c9445d2d0b27c4bd694a40e32eca2674a4ed7fd5b80,2021,Review,English,EC_EV_FINAL_SCOPE,include,verified_member_of_final_4974
EC_EV_002709,10.1016/bs.acc.2016.06.005,8749c5abf62d393162265c3c1df348e0fca91a326dc24d1cdb40238733aa8ef4,2016,Review,English,EC_EV_FINAL_SCOPE,include,verified_member_of_final_4974
EC_EV_002710,10.1016/j.placenta.2017.11.007,9ce903a02089b67d0712ef1ad0a94f33ac21629bdc0563035169a48769150315,2018,Review,English,EC_EV_FINAL_SCOPE,include,verified_member_of_final_4974
EC_EV_002711,10.1161/circresaha.113.300636,69fd7226cff6c5d28d403d9d8f8c5309ac05b39c1d83699f8514cfa5e8db8102,2014,Review,English,EC_EV_FINAL_SCOPE,include,verified_member_of_final_4974
EC_EV_002712,10.3389/fncel.2019.00110,0b29ccad0d2fbf05d37b661bac86b5b682b72a647e30c8e0672f8507045df7b2,2019,Review,English,EC_EV_FINAL_SCOPE,include,verified_member_of_final_4974
EC_EV_002713,10.1371/journal.pone.0169976,dd7ea1b796003e62aac2ef39e10b9c2d34035541431b9879c0d8b2cc9483769a,2017,Article,English,EC_EV_FINAL_SCOPE,include,verified_member_of_final_4974
EC_EV_002714,10.2174/1570161112666140423223148,201ce895e8b363446c5687876162af345c88d1e418355221a74be136802c9e21,2014,Article,English,EC_EV_FINAL_SCOPE,include,verified_member_of_final_4974
EC_EV_002715,10.3389/fcell.2020.577084,52acd5179399f2c609b7956592369808e60e0946fdb8e6c90beddce5147fa882,2020,Review,English,EC_EV_FINAL_SCOPE,include,verified_member_of_final_4974
EC_EV_002716,10.1089/ars.2017.7289,5132175937b683b6ba10a127ae416b6644c198da021cf43e8a1d9b24433e6e20,2018,Review,English,EC_EV_FINAL_SCOPE,include,verified_member_of_final_4974
EC_EV_002717,10.1111/iju.13145,4b1ac4c0be4acbd831c1a5e92cbb2648427190cdb2792cb585acba2992a22619,2016,Review,English,EC_EV_FINAL_SCOPE,include,verified_member_of_final_4974
EC_EV_002718,10.3389/fonc.2022.852950,9fbe8972a6abe8fd952caa331432289886c40f3c205a237f3b8d373003f6c0dc,2022,Review,English,EC_EV_FINAL_SCOPE,include,verified_member_of_final_4974
EC_EV_002719,,00a797bc0da0d2ec73e977b1d447fc224ffa10c89d280a3a3b99a3cdad83bb4d,2019,Review,English,EC_EV_FINAL_SCOPE,include,verified_member_of_final_4974
EC_EV_002720,10.1038/s41389-020-00274-y,5c6dc2f248d5cff59f8995e618256ece525ffb5178bb82c5a0be3de61c83333c,2020,Article,English,EC_EV_FINAL_SCOPE,include,verified_member_of_final_4974
EC_EV_002721,10.1007/s12015-024-10762-y,fd18542b1baa25011f8a1050bbfc0a3c6ec06b54af8545a2f2e6a94c1fcd7914,2024,Review,English,EC_EV_FINAL_SCOPE,include,verified_member_of_final_4974
EC_EV_002722,10.31083/j.rcm2511392,ffa09aeee460434547f99d7ea0c2c0c0f1a127e62654f6d076ae74e6b95bee68,2024,Review,English,EC_EV_FINAL_SCOPE,include,verified_member_of_final_4974
EC_EV_002723,10.1016/j.isci.2022.104042,77d6860006de3de899c12cba29c6f0b783e92982ab58b673f1d3d59e7be10e4f,2022,Article,English,EC_EV_FINAL_SCOPE,include,verified_member_of_final_4974
EC_EV_002724,10.1016/j.celrep.2020.107881,f4661bc649454c49b3f983488247273b116ba3f5f5c72952540f1050d60c0cd6,2020,Article,English,EC_EV_FINAL_SCOPE,include,verified_member_of_final_4974
EC_EV_002725,10.1016/j.semcdb.2015.02.008,536d4dc6f64342721b99775731899d1a8e802c8084f5c1338100f6324a91115c,2015,Review,English,EC_EV_FINAL_SCOPE,include,verified_member_of_final_4974
EC_EV_002726,10.3390/ijms19092834,45da69cfe0e659e95b6a875b8d599fa0f07d5e188a417250f203441e0358d626,2018,Review,English,EC_EV_FINAL_SCOPE,include,verified_member_of_final_4974
EC_EV_002727,10.1016/j.stemcr.2014.04.006,e048d7f06c66a0c6c64cee7e22d1b396ad9e07e35d443e03a227d6d9834a7df3,2014,Article,English,EC_EV_FINAL_SCOPE,include,verified_member_of_final_4974
EC_EV_002728,10.3389/fcvm.2021.691548,ed981ab50f5b1c278ae77630e44eca6d2ef737ebe1afc2c8c04c19cf80cea063,2021,Review,English,EC_EV_FINAL_SCOPE,include,verified_member_of_final_4974
EC_EV_002729,10.1161/circulationaha.118.037642,8eba27a3000ab72dabfb9c0c502a63c55a54573c2dac3a55fe4a49398e6faf8a,2019,Article,English,EC_EV_FINAL_SCOPE,include,verified_member_of_final_4974
EC_EV_002730,10.1155/2020/6283796,528947587bbeb35f92e07d9037c50697c1a1328145bc77393aa4fb1d4d2d8c26,2020,Review,English,EC_EV_FINAL_SCOPE,include,verified_member_of_final_4974
EC_EV_002731,10.3389/fcell.2022.984375,19af3ee52309e489705d21af4f639be7ea323128f6f7c71f7ef2751bbe620372,2022,Article,English,EC_EV_FINAL_SCOPE,include,verified_member_of_final_4974
EC_EV_002732,10.2217/nnm-2019-0367,b1ec3c7dc0cb256d1ca647ad8bba14a13740f7edf4edd85a7ff6c97e13d00ecd,2020,Article,English,EC_EV_FINAL_SCOPE,include,verified_member_of_final_4974
EC_EV_002733,,707035fe51ab46a44923f85b4d9d4e6a719e58acba4321d08f5baf488e4f17b3,2016,Review,English,EC_EV_FINAL_SCOPE,include,verified_member_of_final_4974
EC_EV_002734,10.3390/ijms25126507,d00cbe07dcf2a6025e9a7a32f03ae0231d057549ce3de6dc12c7b4d58626e76f,2024,Review,English,EC_EV_FINAL_SCOPE,include,verified_member_of_final_4974
EC_EV_002735,10.3390/ijms25116117,9dd24f7f752f9961c9c962e45e3fe12c42dd5b9c9de137659bcd6190fd4670bc,2024,Review,English,EC_EV_FINAL_SCOPE,include,verified_member_of_final_4974
EC_EV_002736,10.3389/fphys.2016.00024,0436e48fe6261d3a6992c78abf89c9299f1f0a92b0769a32ce08eda713288f70,2016,Review,English,EC_EV_FINAL_SCOPE,include,verified_member_of_final_4974
EC_EV_002737,10.1016/j.expneurol.2024.114783,766b41fe6355dfb680f82c78696d12c5afc0e1fb55e9df510316152d963a7817,2024,Article,English,EC_EV_FINAL_SCOPE,include,verified_member_of_final_4974
EC_EV_002738,10.2217/rme-2023-0089,8cb980851dfcb5b1ff1c060dd8b0ce79be98df97bf3319e1c41470b8a105a211,2023,Review,English,EC_EV_FINAL_SCOPE,include,verified_member_of_final_4974
EC_EV_002739,10.1111/jcmm.14716,3df1f89a70fbb3a33717d9a5d0c90b7c87c02ca6238dc9b17ab6e7073e40da0c,2019,Review,English,EC_EV_FINAL_SCOPE,include,verified_member_of_final_4974
EC_EV_002740,10.1111/jcmm.13692,9aea0f082d58bfaa23383918b677d49ab43395eaf09af0f9c736201b6a360b11,2018,Review,English,EC_EV_FINAL_SCOPE,include,verified_member_of_final_4974
EC_EV_002741,10.3389/fphar.2018.01105,9f439d30b3f2c627cd1e5615b2ff388eb1b076439700a258ed132c3e131061bf,2018,Article,English,EC_EV_FINAL_SCOPE,include,verified_member_of_final_4974
EC_EV_002742,10.7717/peerj.13238,71b8d76c95df269ab0303a60c5674146728a52697c7753cee508f1a6f7f718b7,2022,Article,English,EC_EV_FINAL_SCOPE,include,verified_member_of_final_4974
EC_EV_002743,10.1186/s13287-023-03462-w,8feb0fcf4362fdafe3c3d39761a03e1472627ae9a4e3852d28bce4a900699bdb,2023,Article,English,EC_EV_FINAL_SCOPE,include,verified_member_of_final_4974
EC_EV_002744,10.1111/febs.13932,90005d6c5fd47bd6077fb51459830c019ef498c0ade784ea632913ab191e054f,2017,Review,English,EC_EV_FINAL_SCOPE,include,verified_member_of_final_4974
EC_EV_002745,10.1080/09537104.2018.1557616,f8f549405f965bcc79bd8b6c5f291753886c577d9bbda7216ac327a8061f316d,2020,Article,English,EC_EV_FINAL_SCOPE,include,verified_member_of_final_4974
EC_EV_002746,10.1002/adbi.202300141,75052b3a9efa131bfd6aab095cf69a0ae0886aa7a20c0bf5d04b7005f84dd38b,2024,Review,English,EC_EV_FINAL_SCOPE,include,verified_member_of_final_4974
EC_EV_002747,10.1016/j.celrep.2021.109549,1e037309b12323a27a0c0264181d19a39708df7f4d47b9f914941855e63bd984,2021,Article,English,EC_EV_FINAL_SCOPE,include,verified_member_of_final_4974
EC_EV_002748,10.1186/s12943-018-0869-y,186fa12f77c6f04963279fe3f4aa31b27a7384e9e236a5b159af9fa325c86a6c,2018,Review,English,EC_EV_FINAL_SCOPE,include,verified_member_of_final_4974
EC_EV_002749,10.3390/cancers14215415,da238512adb10a1dedd6201abea0af1e44263a2c2d4500b8a54d84b553b4dd68,2022,Review,English,EC_EV_FINAL_SCOPE,include,verified_member_of_final_4974
EC_EV_002750,10.3390/cells10102740,f6ba7475aafbd8a4b27fbef0e4c842d651b8ae05d8c8e3d9328ca3616cfd05de,2021,Review,English,EC_EV_FINAL_SCOPE,include,verified_member_of_final_4974
EC_EV_002751,10.1186/s12933-020-01046-z,41bdd61bde185f82f159a5ce92c522a070a230dfbf6ddfec238a78228c4fb50d,2020,Article,English,EC_EV_FINAL_SCOPE,include,verified_member_of_final_4974
EC_EV_002752,10.1007/s10555-021-09962-6,a6026c973e17993490ec2cdc4c41b261cb4f8fd00f0c7b4ab8781e2c3b60b197,2021,Review,English,EC_EV_FINAL_SCOPE,include,verified_member_of_final_4974
EC_EV_002753,10.1186/s12967-023-04346-6,fec9a19386e07e480fe228470c70f2ce9c6eccddb482106e472bd1a7dea131bf,2023,Article,English,EC_EV_FINAL_SCOPE,include,verified_member_of_final_4974
EC_EV_002754,10.1007/s12265-018-9831-z,58c246c5814860f8749f82d002f1ecac39a2f4adba5d1418308b47534aa702c4,2019,Review,English,EC_EV_FINAL_SCOPE,include,verified_member_of_final_4974
EC_EV_002755,10.2174/1381612826666200316151720,488aeeb0646386837f05123218125c2b4ed12f740545a7e2c2a66a0ba42822ef,2020,Review,English,EC_EV_FINAL_SCOPE,include,verified_member_of_final_4974
EC_EV_002756,10.1161/circulationaha.120.049254,ac2d92f9e690d5bd687f714805312cbe816c4688d7dab5fa0481cf04f4b743cf,2021,Article,English,EC_EV_FINAL_SCOPE,include,verified_member_of_final_4974
EC_EV_002757,10.1016/j.phrs.2021.105785,e11da135717ba5e49b5d110e214cc18cfdbfa3273f5e1de5610c2a8fc91f1cef,2021,Article,English,EC_EV_FINAL_SCOPE,include,verified_member_of_final_4974
EC_EV_002758,10.3389/fcvm.2021.702586,10ba21878dec4299566a863894956671029e5eaefb59af904b050428c2198d5d,2021,Review,English,EC_EV_FINAL_SCOPE,include,verified_member_of_final_4974
EC_EV_002759,10.1016/j.jot.2021.09.008,0fb43fa55950ee995f517af30c56706183ea18ca693615dad0c1d159165c8ac2,2021,Review,English,EC_EV_FINAL_SCOPE,include,verified_member_of_final_4974
EC_EV_002760,10.1186/s13045-014-0086-0,d3e1a02e5e711afa532b81118528d20270d39430bd3d2b39c701226a4fa227da,2014,Review,English,EC_EV_FINAL_SCOPE,include,verified_member_of_final_4974
EC_EV_002761,10.1007/s12265-022-10237-w,3f042bd4a28bb0a8b4d0213c81d4c9237bf51987ca246c851396450159fca23c,2022,Review,English,EC_EV_FINAL_SCOPE,include,verified_member_of_final_4974
EC_EV_002762,10.1007/s12265-024-10575-x,1c8997c5473fad2f3458ad7b3de48190d32cd63c9e055e78b7e09897db638aed,2025,Article,English,EC_EV_FINAL_SCOPE,include,verified_member_of_final_4974
EC_EV_002763,10.3892/mmr.2025.13503,751d8718c74c81c284ffa6139cc6091118dd86bc563ac6837811bc2b988d7bb8,2025,Review,English,EC_EV_FINAL_SCOPE,include,verified_member_of_final_4974
EC_EV_002764,10.1007/s11010-021-04328-6,f80c656bc2803e2a352cb960c0aef55904bde53794aeee1b9be4a29d00385a44,2022,Article,English,EC_EV_FINAL_SCOPE,include,verified_member_of_final_4974
EC_EV_002765,10.2174/156652413804486304,e904e02f65518766c319aefb0ef6e3e5cfcca0a68ace00efdbcbc1e2243ee864,2013,Review,English,EC_EV_FINAL_SCOPE,include,verified_member_of_final_4974
EC_EV_002766,10.7150/thno.53637,ebd436a62f31c7b75068bc95c38f1548d9cf365db9460ce37cc421acff1527fd,2021,Article,English,EC_EV_FINAL_SCOPE,include,verified_member_of_final_4974
EC_EV_002767,10.1186/s12951-020-00722-2,0f028fc2ba2e8e99c2a25443a1178bb0b46a9c4b96f2e04a417616e9a8213221,2020,Article,English,EC_EV_FINAL_SCOPE,include,verified_member_of_final_4974
EC_EV_002768,10.1016/j.biopha.2019.109451,9528a0525990e8842c74619750fb08f9fb66bd6610d745f0e463ba747e26fa22,2019,Review,English,EC_EV_FINAL_SCOPE,include,verified_member_of_final_4974
EC_EV_002769,10.3390/biomedicines13020353,6882b1f62132731445cca6c7ab0419a02be70e0bfac8c4f95d6c59e7f76220ae,2025,Review,English,EC_EV_FINAL_SCOPE,include,verified_member_of_final_4974
EC_EV_002770,10.1080/17474124.2023.2230867,c32ed56922b917dad204ee072543f47b5ed3e68808a0082823ce79a040d57872,2023,Review,English,EC_EV_FINAL_SCOPE,include,verified_member_of_final_4974
EC_EV_002771,10.1016/j.semcancer.2020.11.022,2195fa94c8d96a6f8b9330681d5485ffcaad25a2ef599ec71356de973e1dbf35,2021,Article,English,EC_EV_FINAL_SCOPE,include,verified_member_of_final_4974
EC_EV_002772,10.1016/j.devcel.2019.01.014,2d5a4afd139c7ffb785740f286f14838b9b18463e16b895982fd8fe4f0aa58c5,2019,Article,English,EC_EV_FINAL_SCOPE,include,verified_member_of_final_4974
EC_EV_002773,10.2147/ijgm.s265065,6fe8e378a2304d198866c20636129bd5da5387cbc6ce2b7f5574b4a3d4980985,2020,Review,English,EC_EV_FINAL_SCOPE,include,verified_member_of_final_4974
EC_EV_002774,10.3389/fcvm.2023.1202187,ab629814dbcfc4cb1e752a507694eacc8018865ed6269d6c3211faead7b5f1ea,2023,Review,English,EC_EV_FINAL_SCOPE,include,verified_member_of_final_4974
EC_EV_002775,10.1055/a-1273-8390,dca946c215397697e13821f467b530ecdff8c67d6715cca1a6b89f630d2d906b,2021,Review,English,EC_EV_FINAL_SCOPE,include,verified_member_of_final_4974
EC_EV_002776,10.3390/ijms23116312,487b673e7d6a215d5b2a7d2c368148212fa86c8b384e488e1eeefd300c4b8235,2022,Review,English,EC_EV_FINAL_SCOPE,include,verified_member_of_final_4974
EC_EV_002777,,e5d1809c140abed4e6c7f36884d9100f5f92f3f714e8108a3e075e4649b8f290,2015,Article,English,EC_EV_FINAL_SCOPE,include,verified_member_of_final_4974
EC_EV_002778,10.23812/j.biol.regul.homeost.agents.20233712.612,825389eebd4576bdd8086ffae829d66bf5f62770be4a3741f865e6eb2bbdf624,2023,Review,English,EC_EV_FINAL_SCOPE,include,verified_member_of_final_4974
EC_EV_002779,10.1186/s13287-020-01656-0,c4c7cf2be3db6e0580e4e2fe74b98aa90bde69881adc319edbb0d9ac1f6b9fca,2020,Article,English,EC_EV_FINAL_SCOPE,include,verified_member_of_final_4974
EC_EV_002780,10.1038/s42003-019-0609-x,339b158c9b3c4c8d9cd9542022e88fc2c8285b94a06be1d97df72ef643bb4178,2019,Article,English,EC_EV_FINAL_SCOPE,include,verified_member_of_final_4974
EC_EV_002781,10.1016/j.clim.2020.108489,f2ee383c3ce7851acdb7150e8a98ed6bedd089c6b416f119971f26839cab25d4,2020,Review,English,EC_EV_FINAL_SCOPE,include,verified_member_of_final_4974
EC_EV_002782,10.3389/fmed.2020.618506,5be54bef148772f60b8064720ff6d8b2edfa2a98d670038715e9be2823f946d9,2021,Review,English,EC_EV_FINAL_SCOPE,include,verified_member_of_final_4974
EC_EV_002783,10.1152/japplphysiol.00081.2025,fd4a3ae891d3b40fe1962e524d6a53f01df1650484a8ebc17526a1b418abcf99,2025,Article,English,EC_EV_FINAL_SCOPE,include,verified_member_of_final_4974
EC_EV_002784,10.1146/annurev-bioeng-010220-113008,8ca032e39b15d5f4d87dac811ea2d0a5f0338ed8fc47c2ae1d4fb385b6cc54bc,2022,Review,English,EC_EV_FINAL_SCOPE,include,verified_member_of_final_4974
EC_EV_002785,10.1155/2022/2169259,40052441fc5c55bf58ad888aef597cefc2ea3f63e1f1f89607e516213bb63869,2022,Review,English,EC_EV_FINAL_SCOPE,include,verified_member_of_final_4974
EC_EV_002786,10.1016/j.biomaterials.2014.07.047,dc2813bd875267c0840aea2738dd3c7baae274f5fcaa8b38fd3056f3b02d7bbc,2014,Article,English,EC_EV_FINAL_SCOPE,include,verified_member_of_final_4974
EC_EV_002787,10.1038/s41598-021-01437-6,6e95d1212f082fa5475170bc0a4c7d7aeda0f5fa2b861d888005ce6169a1749d,2021,Article,English,EC_EV_FINAL_SCOPE,include,verified_member_of_final_4974
EC_EV_002788,10.1016/j.cej.2024.154143,b055132368fae1ca92496a96fb4f05fec982a1327cc2c8e93e95d515c5d7df0b,2024,Review,English,EC_EV_FINAL_SCOPE,include,verified_member_of_final_4974
EC_EV_002789,10.1002/adbi.202200087,af51caa0ea1609bfdf79336f8341b5e0d666bbfec5f78790e7eade1dee4abbba,2022,Review,English,EC_EV_FINAL_SCOPE,include,verified_member_of_final_4974
EC_EV_002790,10.1002/jev2.12327,64f6ea239834b5da07a2ee4af2f1cfeb1e4cad23d3323f8e1f4d3d332c954910,2023,Article,English,EC_EV_FINAL_SCOPE,include,verified_member_of_final_4974
EC_EV_002791,10.3389/fonc.2021.721785,aca70ecb69d7e51b6f8887c50781a832b7e0d005e705c83940fd38df04c190d3,2021,Review,English,EC_EV_FINAL_SCOPE,include,verified_member_of_final_4974
EC_EV_002792,10.3390/ijms21155418,d86e4ce5549f72eab4f8d1a8b884f6cea5540b765385319037e186a20fe8da49,2020,Review,English,EC_EV_FINAL_SCOPE,include,verified_member_of_final_4974
EC_EV_002793,10.3390/cancers12123599,699fb02de3d09f7c1ddec28d928fdab744d0b8076110ff5aea9bba15cd71917e,2020,Review,English,EC_EV_FINAL_SCOPE,include,verified_member_of_final_4974
EC_EV_002794,10.1186/s40779-024-00540-9,0428e4172c6ee93c0331584d5370d45bb3d47626a85b54b7477cce194a9ee592,2024,Review,English,EC_EV_FINAL_SCOPE,include,verified_member_of_final_4974
EC_EV_002795,10.1007/s12265-018-9842-9,7a2d5d1c48ae5ec841cde9602a5d6097bd345b70f70afae65122327e09e1b8d0,2019,Article,English,EC_EV_FINAL_SCOPE,include,verified_member_of_final_4974
EC_EV_002796,10.1186/s12951-022-01358-0,5771e88ad8a8c5d023579aff7a3e2ba54833bbd9ce7a8006807a112bc56a24b8,2022,Review,English,EC_EV_FINAL_SCOPE,include,verified_member_of_final_4974
EC_EV_002797,10.1016/j.nantod.2021.101210,e57ef761245aeedc03576bc4782dda5bbd4c39a90ae17c1e18e2261f115ff0ea,2021,Article,English,EC_EV_FINAL_SCOPE,include,verified_member_of_final_4974
EC_EV_002798,10.1159/000542657,210e9de03c79185895de3ef898ac1e86369b0f722a792b57b382ce1cfd0d52ac,2024,Review,English,EC_EV_FINAL_SCOPE,include,verified_member_of_final_4974
EC_EV_002799,10.1016/j.tice.2022.101860,019cb1a5ad73ff841c40e4b037d520494b7b5c9eb7e1a7ee9826e41e26dd9745,2022,Review,English,EC_EV_FINAL_SCOPE,include,verified_member_of_final_4974
EC_EV_002800,10.1007/s11010-023-04874-1,47445196528a864d0ce45348a7b5c67ee424969fb9b05caf6357d457e89d67c9,2024,Review,English,EC_EV_FINAL_SCOPE,include,verified_member_of_final_4974
EC_EV_002801,10.1002/adfm.202204822,33bc0f652e24192e89693591a99c3e1676e880aeddcf322375203415e226da9a,2022,Article,English,EC_EV_FINAL_SCOPE,include,verified_member_of_final_4974
EC_EV_002802,10.1021/acs.nanolett.4c05186,7179a5924a9e164ca4694b7c7d4df95594b2996cab9599c136dd232457e2c1e7,2024,Article,English,EC_EV_FINAL_SCOPE,include,verified_member_of_final_4974
EC_EV_002803,10.1136/rmdopen-2022-002314,f75a1f3f6c2781a961df6b60c371f260d63b76cba8150227a23c349cae24d9c5,2022,Article,English,EC_EV_FINAL_SCOPE,include,verified_member_of_final_4974
EC_EV_002804,10.1016/j.bioadv.2022.213000,46c10d664b52037a2da0bf6793500e89651d8a1c43660c0a0791638e59259efd,2022,Article,English,EC_EV_FINAL_SCOPE,include,verified_member_of_final_4974
EC_EV_002805,10.1002/jev2.12246,f77cb26359f471f652f41b76c8f451b23f8220a8915445e856282968cbe8d1d3,2022,Article,English,EC_EV_FINAL_SCOPE,include,verified_member_of_final_4974
EC_EV_002806,10.4196/kjpp.2023.27.4.289,7df396988a727896e95fbf9196080bb7707fbb0b54e7567b1a10a526003c3e93,2023,Review,English,EC_EV_FINAL_SCOPE,include,verified_member_of_final_4974
EC_EV_002807,10.3390/ijms25094898,121e6923b9d4171289741f088c1ace4ab2bced863411c5033abe22a6aed91f44,2024,Review,English,EC_EV_FINAL_SCOPE,include,verified_member_of_final_4974
EC_EV_002808,10.1158/1541-7786.mcr-20-0952,c7358fb221124ebe950384404886da83fed07403e7517f8fe0b38aa23a4557bd,2021,Review,English,EC_EV_FINAL_SCOPE,include,verified_member_of_final_4974
EC_EV_002809,10.1038/s41413-021-00138-0,bca4e8d0b9bc94d80aa2f5c88c81427850571a9d70c6cf4b45a97709a4714c7c,2021,Review,English,EC_EV_FINAL_SCOPE,include,verified_member_of_final_4974
EC_EV_002810,10.3390/cells10061330,a886a6ec49f84803aeb95f5e2ab9f6b80f3d64460e990d044e3376e00983547e,2021,Review,English,EC_EV_FINAL_SCOPE,include,verified_member_of_final_4974
EC_EV_002811,10.1016/j.bbrc.2019.03.027,c800d904daed79428d82be5ef2aeb1686f68d93cbed04b8cb41c317da73e2c00,2019,Article,English,EC_EV_FINAL_SCOPE,include,verified_member_of_final_4974
EC_EV_002812,10.1007/s10014-016-0259-3,82620486f3b2ffc151972c054aa8bb84de3da5a6a96c58fa843e3bb6e8069789,2016,Article,English,EC_EV_FINAL_SCOPE,include,verified_member_of_final_4974
EC_EV_002813,10.1042/bst20221175,9b282bec99e2b2422968c2ab1af455f3056f58d5ae085fd5b6442a7271ef6f9e,2023,Review,English,EC_EV_FINAL_SCOPE,include,verified_member_of_final_4974
EC_EV_002814,10.1089/ten.tea.2020.0170,72b5af303cd9435660178617826ebb92eb7b463454e0439580acd5846206a781,2020,Article,English,EC_EV_FINAL_SCOPE,include,verified_member_of_final_4974
EC_EV_002815,10.1055/s-0044-1789023,912043f32615fb08b3775e3107f2887a801ef154724789327a7f2d44ccecdadc,2024,Article,English,EC_EV_FINAL_SCOPE,include,verified_member_of_final_4974
EC_EV_002816,10.1016/j.nano.2019.102014,349fe0b7ee59a63f1943992e74b6809c8eee65de63a04510f0c0e4855af453df,2019,Article,English,EC_EV_FINAL_SCOPE,include,verified_member_of_final_4974
EC_EV_002817,10.2147/ijn.s487097,1067a08930723067fe71a80a8f5707985542361fcf06dc4959776211e294f188,2025,Article,English,EC_EV_FINAL_SCOPE,include,verified_member_of_final_4974
EC_EV_002818,10.1155/2022/7958542,4043d45dff721b3ec055b9adc866e830a5822a8670ac3bff81138e0c2f903cdd,2022,Article,English,EC_EV_FINAL_SCOPE,include,verified_member_of_final_4974
EC_EV_002819,10.1002/jlb.3mir0221-099r,c4a30c07219fb52cde03b31a42c6dba160d6da23ac7a5f63628985c682bb88ee,2022,Review,English,EC_EV_FINAL_SCOPE,include,verified_member_of_final_4974
EC_EV_002820,10.1038/s41598-024-70151-w,5f32e4ed8359c37c1db7329e1afce5b6e25d390ae2ac24facee3caaab6e59e7b,2024,Article,English,EC_EV_FINAL_SCOPE,include,verified_member_of_final_4974
EC_EV_002821,10.1016/j.actbio.2018.11.024,082c70fe4c5ea318bca987fbd275ef26a0002cb86c1b1968ffaef77363ad5c8c,2019,Article,English,EC_EV_FINAL_SCOPE,include,verified_member_of_final_4974
EC_EV_002822,10.3390/cells13080682,e83de274038b26e83ae82bf67511809a2c85dd5432dfe73f5ea5a17edc83602b,2024,Review,English,EC_EV_FINAL_SCOPE,include,verified_member_of_final_4974
EC_EV_002823,10.1080/20013078.2019.1627164,7215c8b265981e065932e4a56ae2c33a94b2dcc2c1e01d0f0234787b8f14999e,2019,Review,English,EC_EV_FINAL_SCOPE,include,verified_member_of_final_4974
EC_EV_002824,10.2174/1574888x18666230823091017,5b66ba0a2da85692c839d11d577323996c1e8b4df3f224d4784f524138a08b12,2024,Review,English,EC_EV_FINAL_SCOPE,include,verified_member_of_final_4974
EC_EV_002825,10.1186/s13287-020-01852-y,1c929e34ef59c43c2f8f958dc28c0677e6ea6ae8712d2482e16b29014bfa5d3c,2020,Article,English,EC_EV_FINAL_SCOPE,include,verified_member_of_final_4974
EC_EV_002826,10.1016/j.jconrel.2023.09.034,c5419a870078d57ab8dfa8934a66bd8397a53ef572c38ee7c3010075d5159bfe,2023,Review,English,EC_EV_FINAL_SCOPE,include,verified_member_of_final_4974
EC_EV_002827,10.1007/s00018-016-2346-3,f06386f3df417e1e138445139c5abcb8852fa920e1582d098e1eb8cdb49f4cd4,2017,Review,English,EC_EV_FINAL_SCOPE,include,verified_member_of_final_4974
EC_EV_002828,10.1038/s41556-019-0404-4,c1905c03842978d64d71e81684e019f0e9443d53a26f1c5e65a6c30e091fb77f,2019,Article,English,EC_EV_FINAL_SCOPE,include,verified_member_of_final_4974
EC_EV_002829,10.1186/s12964-018-0281-7,8bd92abfa0eecd8c160ff85b2ffc39329ee1a2a41a94db10560b1cb1e4c4b86f,2018,Review,English,EC_EV_FINAL_SCOPE,include,verified_member_of_final_4974
EC_EV_002830,10.1007/s13277-013-1561-x,ebb8579b3f24ed0a87602d300d3a1bc88cbddbfb7b06343948d46923b98fbbe0,2014,Review,English,EC_EV_FINAL_SCOPE,include,verified_member_of_final_4974
EC_EV_002831,10.1074/jbc.m113.470765,45330388f0a8388d718e227d54f118b3e55944d85f610b2a45891898f4708f5a,2013,Article,English,EC_EV_FINAL_SCOPE,include,verified_member_of_final_4974
EC_EV_002832,10.1007/s12265-022-10282-5,7d18e1d22de081abb3fcec98dd4f74fce0d887f8b7e3f6325cf8452365990912,2023,Review,English,EC_EV_FINAL_SCOPE,include,verified_member_of_final_4974
EC_EV_002833,10.1007/s00296-020-04658-6,05e99811cf885a2e30c16e852fe63ae49830ba569508f473df592fd5b9ae1f81,2020,Review,English,EC_EV_FINAL_SCOPE,include,verified_member_of_final_4974
EC_EV_002834,10.3390/ijms24054273,910e019f0d309d08c35380f4d4cb2b8fe24e16bf9c436d4665316b2297134721,2023,Article,English,EC_EV_FINAL_SCOPE,include,verified_member_of_final_4974
EC_EV_002835,10.1007/s12265-019-09923-z,26bb9d3bc182a70bbeb32fb8fc36abffc13471677bb7d234a447a1381fa841db,2020,Review,English,EC_EV_FINAL_SCOPE,include,verified_member_of_final_4974
EC_EV_002836,10.3389/fcvm.2021.709169,f680890b3b0b6f1abc64722b6ecb6fef7985f6407f96381fcbf7ec4f66f5eb84,2021,Review,English,EC_EV_FINAL_SCOPE,include,verified_member_of_final_4974
EC_EV_002837,10.1186/s13287-023-03345-0,c3e947980e7bf0c6effb4dbd74543f339a5eaefae5114f7d9307624f55811fa6,2023,Review,English,EC_EV_FINAL_SCOPE,include,verified_member_of_final_4974
EC_EV_002838,10.3390/pharmaceutics14091848,93cc7d3a40666ac09c943ecdc719ba8b25d0091d5a7310caa1153b51b2c81a2b,2022,Review,English,EC_EV_FINAL_SCOPE,include,verified_member_of_final_4974
EC_EV_002839,10.1016/j.jconrel.2024.11.003,6debedd47add90ac7ac9c5ea4c411ccc2d96c10b373907c9b6a27d5a44059719,2024,Article,English,EC_EV_FINAL_SCOPE,include,verified_member_of_final_4974
EC_EV_002840,10.1160/th08-08-0521,8613112fa3f30dcad344fd923813ac4b25d50c69f6131f62ea87e1a615c2b8a2,2009,Review,English,EC_EV_FINAL_SCOPE,include,verified_member_of_final_4974
EC_EV_002841,10.2174/1381612824666180903142858,ccc94519f750d0fec20981241a406fd69aefc8d54013748372eb089b68cc4c87,2018,Review,English,EC_EV_FINAL_SCOPE,include,verified_member_of_final_4974
EC_EV_002842,10.1186/s12987-018-0104-7,6194c5360dd7cf4c4a069271e4ed8483f066bcbed391f2f8698e73b751675d19,2018,Review,English,EC_EV_FINAL_SCOPE,include,verified_member_of_final_4974
EC_EV_002843,10.18632/oncotarget.9333,a80166eac0318b0ce33bde58745bf84e578749ab77ba02baca9562e6e2ed3956,2016,Review,English,EC_EV_FINAL_SCOPE,include,verified_member_of_final_4974
EC_EV_002844,10.1155/2023/9517826,6a281f9ccbfcf88a6e97ba775841a09e7945a193c4c68b44e94f88ec0c927006,2023,Review,English,EC_EV_FINAL_SCOPE,include,verified_member_of_final_4974
EC_EV_002845,10.3389/fcvm.2022.879752,50f9557bc13f430c2be3545b7a120e314a51f9b4f573f8cf0ab17c642fd039b7,2022,Review,English,EC_EV_FINAL_SCOPE,include,verified_member_of_final_4974
EC_EV_002846,10.2147/ijn.s461342,5e5cda88ef798d7162e88c86fa5e6a34ae29e8a55895ecfff45a22ef98d0fe47,2024,Article,English,EC_EV_FINAL_SCOPE,include,verified_member_of_final_4974
EC_EV_002847,10.1016/j.bcp.2023.115572,9b836e0b136c2829979aea4c7490005e1f9c00f59c1ebfd99210f40ae19e6c75,2023,Review,English,EC_EV_FINAL_SCOPE,include,verified_member_of_final_4974
EC_EV_002848,10.3389/fnut.2022.838543,f29d013a5f02ea34baabc98a94da08b62e2dd991b6456811ea07672d4cd3da70,2022,Article,English,EC_EV_FINAL_SCOPE,include,verified_member_of_final_4974
EC_EV_002849,10.1111/brv.12353,a14a9cbed37579bf96e1a30c305903068a499677455444989ec12e81a4c6c036,2018,Review,English,EC_EV_FINAL_SCOPE,include,verified_member_of_final_4974
EC_EV_002850,10.3390/cells10123429,681da018eed6a808b9566f43bccdb64c2cb3614ad8c107b75d007bd108f15182,2021,Review,English,EC_EV_FINAL_SCOPE,include,verified_member_of_final_4974
EC_EV_002851,10.23876/j.krcp.20.209,a752315ba2cf42c043f6d3aa8a74b5535ca471f4c9e4796287bf484a7f341a7f,2021,Review,English,EC_EV_FINAL_SCOPE,include,verified_member_of_final_4974
EC_EV_002852,10.3389/fmolb.2021.732900,fc40df809d5e7f7e6f62822ffbb59bbb3c7bc03d2d5ae97ceaae0eb7c206f079,2021,Article,English,EC_EV_FINAL_SCOPE,include,verified_member_of_final_4974
EC_EV_002853,10.1021/acs.biomac.4c00845,9bef2db040d5b471d5d2aa85238c6b284549805b6293a5f677858856b6ceaaa9,2024,Article,English,EC_EV_FINAL_SCOPE,include,verified_member_of_final_4974
EC_EV_002854,10.3390/bioengineering10010051,f58c93282b6d49d30c80a102cd801b827bc038db3a908b0950004907633d9892,2023,Review,English,EC_EV_FINAL_SCOPE,include,verified_member_of_final_4974
EC_EV_002855,10.3390/ijms20133272,e06552636ea587bed4846d7a52e85f58e9cd739d1c8d00eab35b1383516b2209,2019,Review,English,EC_EV_FINAL_SCOPE,include,verified_member_of_final_4974
EC_EV_002856,10.3390/ijms23105355,12ae4d31d8715aa493935303c25bc661c4c9fdca46a1bb7c4cdeea5068c4f83d,2022,Article,English,EC_EV_FINAL_SCOPE,include,verified_member_of_final_4974
EC_EV_002857,10.1083/jcb.201601025,bb3b3a6e3974d91114d8cfe93a735b8e513c4cf92e926641e134a3ed450d68fb,2016,Article,English,EC_EV_FINAL_SCOPE,include,verified_member_of_final_4974
EC_EV_002858,10.1016/j.cytogfr.2019.12.001,40db9743f6c2378731adf2caba5ea26b9f1c235516d1cd1c04ddd9a58e1ed37f,2020,Review,English,EC_EV_FINAL_SCOPE,include,verified_member_of_final_4974
EC_EV_002859,10.1016/j.amjms.2017.11.014,c524e3de54082831025980e697ab53523a468985041b99d0f23e768441d8c4fc,2018,Review,English,EC_EV_FINAL_SCOPE,include,verified_member_of_final_4974
EC_EV_002860,10.1111/ajt.14984,4c315ea2161f6dc0f7e3f12df154fd84b9c1b206771790d186681a73aa7e3ac5,2018,Review,English,EC_EV_FINAL_SCOPE,include,verified_member_of_final_4974
EC_EV_002861,10.1073/pnas.1713433114,4fec9436e91f334e7479b67c4be8b3a0f4b500e0c9cf7ac3bacfd410fae8cbf6,2017,Article,English,EC_EV_FINAL_SCOPE,include,verified_member_of_final_4974
EC_EV_002862,10.3390/diagnostics13071272,0865bc9519ad113135fc62b5b0e9889bfa2ac88e2a2b102997d02dc5faaff15c,2023,Article,English,EC_EV_FINAL_SCOPE,include,verified_member_of_final_4974
EC_EV_002863,10.1016/j.actbio.2017.12.025,f046ffbfc1711c3e9e67bc7f38efd5bda6cb833bea0b5486ef4e7424d62efe3f,2018,Article,English,EC_EV_FINAL_SCOPE,include,verified_member_of_final_4974
EC_EV_002864,10.1007/978-3-030-43093-1_9,a2803a36565813f7a6edb64bc9094dc5202cdcb90b57f1114bc397e1132ddcc2,2020,Article,English,EC_EV_FINAL_SCOPE,include,verified_member_of_final_4974
EC_EV_002865,10.1016/j.phrs.2021.105833,2d21437fe9223d2ff069a253a016aa3fc54be46f0a5099e4d0a8fd8bacbfb86e,2021,Review,English,EC_EV_FINAL_SCOPE,include,verified_member_of_final_4974
EC_EV_002866,10.3389/fonc.2024.1292083,aec0a75fa091d5b69b891cc1a3adb6697b73cef44b0576610f7872de6f88f151,2024,Article,English,EC_EV_FINAL_SCOPE,include,verified_member_of_final_4974
EC_EV_002867,10.1021/acsomega.3c04955,b5cdb22efb3286da53f04fadeeebbcf06f6a7bd06c86c8ed61bf5a07018bbfa8,2023,Review,English,EC_EV_FINAL_SCOPE,include,verified_member_of_final_4974
EC_EV_002868,10.3389/fimmu.2020.01169,04f3796ad9f58c6633521e805edf559915628cd625b0118fd77d41ffe98a626d,2020,Review,English,EC_EV_FINAL_SCOPE,include,verified_member_of_final_4974
EC_EV_002869,10.1111/1744-9987.13857,cf1ae02a085cca1fa8e9d4ec8a51380099e8ceb0153ac9a1b29828439875f1dc,2022,Article,English,EC_EV_FINAL_SCOPE,include,verified_member_of_final_4974
EC_EV_002870,10.3389/fnmol.2021.763610,45dfd2566189849523b9a129b3b4a042155902a67a0350022b806932cedfe255,2021,Review,English,EC_EV_FINAL_SCOPE,include,verified_member_of_final_4974
EC_EV_002871,10.1016/j.mtbio.2023.100810,fa30d7ba10e1d24c13486ff81dadf2916a2ca619f572ff171ff9496853023820,2023,Article,English,EC_EV_FINAL_SCOPE,include,verified_member_of_final_4974
EC_EV_002872,10.1038/s41573-022-00410-w,37f0e7314b1536df7ceb4d4350c61dbe364657881778d4ea3320ac0282e93b40,2022,Review,English,EC_EV_FINAL_SCOPE,include,verified_member_of_final_4974
EC_EV_002873,10.2174/1570161112666141014145440,8251838a6eadb3d1ca7ddca2d12766762bdc6c3615ff0efe6c367be9691023d6,2015,Article,English,EC_EV_FINAL_SCOPE,include,verified_member_of_final_4974
EC_EV_002874,10.1016/j.isci.2023.108162,9dee48b83c5161bb9d908bf495629ad6312feead26498471eb51c51aa02abec8,2023,Article,English,EC_EV_FINAL_SCOPE,include,verified_member_of_final_4974
EC_EV_002875,10.1016/j.actbio.2021.09.026,7f76e7e79e0622a3e01e21b393676c684c2be1062192dcf0c44c56845f3f1993,2021,Article,English,EC_EV_FINAL_SCOPE,include,verified_member_of_final_4974
EC_EV_002876,10.1111/cpr.13123,d5655c0500bccc3a9836b930e03d8a30a4a04e1845436430a3c973722077f77f,2021,Review,English,EC_EV_FINAL_SCOPE,include,verified_member_of_final_4974
EC_EV_002877,10.1002/wnan.1395,a086d83fb8aa4a6b8d1f6411c0b8a6fa62f47e153bbd1692834b284c1dc71dde,2016,Review,English,EC_EV_FINAL_SCOPE,include,verified_member_of_final_4974
EC_EV_002878,10.1016/j.ymthe.2022.05.006,73ac2fb496f0f2f0247130546fd3a26a0f5b7f9167b6aef6f779feb73628723d,2022,Article,English,EC_EV_FINAL_SCOPE,include,verified_member_of_final_4974
EC_EV_002879,10.1038/s41427-022-00419-y,39ecb412f92f8c3e11c616ced61213d5de7a355fb84f9e73481bc6d9547a4237,2022,Review,English,EC_EV_FINAL_SCOPE,include,verified_member_of_final_4974
EC_EV_002880,10.1088/1748-605x/ac6b03,e3527874af1c8662a906e4ddaa62d1fce88e52670e866fbd2cbe46331728e412,2022,Article,English,EC_EV_FINAL_SCOPE,include,verified_member_of_final_4974
EC_EV_002881,10.1002/advs.202205566,dbbabc1cb991f751f402432c5cb529b8447d9b50b4d4ea95dbdc9134dc8455f1,2023,Article,English,EC_EV_FINAL_SCOPE,include,verified_member_of_final_4974
EC_EV_002882,10.1007/978-3-030-31206-0_9,2d21acdaab25eb401ccc932ffa73be7f2d3358e1595cf685933ce796f1beea33,2019,Article,English,EC_EV_FINAL_SCOPE,include,verified_member_of_final_4974
EC_EV_002883,10.1007/s11060-015-1826-x,85670b1d02c802bbbad25e55f03300d55d7ed7cfc8c043a5d316bcce57208926,2015,Review,English,EC_EV_FINAL_SCOPE,include,verified_member_of_final_4974
EC_EV_002884,10.1038/s12276-019-0269-4,ac8a17ae2bd1935064a46d0e98787efe289bf2642eb49978df72d010ab8ed956,2019,Review,English,EC_EV_FINAL_SCOPE,include,verified_member_of_final_4974
EC_EV_002885,10.3390/toxins12120811,415e2eddb720026e81a0d3e8762a2816c2f75a3b78a7d5c0a977f825a64daf4f,2020,Review,English,EC_EV_FINAL_SCOPE,include,verified_member_of_final_4974
EC_EV_002886,10.1021/acsami.4c20695,68d0936c513f4fcd075b2533cf57532982fbcc2f9113052d89451b9fcb47fb36,2024,Article,English,EC_EV_FINAL_SCOPE,include,verified_member_of_final_4974
EC_EV_002887,10.1016/j.reth.2024.10.012,75087d7d92a50bf33cac439043354eb9dc8455e4c3b15de6e2c61d87addf9de6,2024,Review,English,EC_EV_FINAL_SCOPE,include,verified_member_of_final_4974
EC_EV_002888,10.1016/j.cytogfr.2023.09.006,3e98d0770ed45f29a9a924ea1ac09597f31bda358cbe2099642f428df1a21cc0,2023,Review,English,EC_EV_FINAL_SCOPE,include,verified_member_of_final_4974
EC_EV_002889,10.1038/s41413-025-00412-5,fafbcb44e9b68aa534b2f33ba3b24c04e8652d295006db47f0e460b276ab91cf,2025,Article,English,EC_EV_FINAL_SCOPE,include,verified_member_of_final_4974
EC_EV_002890,10.1242/jcs.149336,5d67570423390807b16666672c82fbb604a15d2ac0505f3a354273baf6010f5e,2014,Article,English,EC_EV_FINAL_SCOPE,include,verified_member_of_final_4974
EC_EV_002891,10.1152/ajpheart.00414.2009,ef75c863bd0542246a2bd372ab4cfb7c36c3445f44747b7e975a970cad2255af,2009,Article,English,EC_EV_FINAL_SCOPE,include,verified_member_of_final_4974
EC_EV_002892,10.3389/fcell.2023.1237941,e04fe903cadc01b8d5032306e9969c51ee1b177672065b85097b702818014b5e,2023,Review,English,EC_EV_FINAL_SCOPE,include,verified_member_of_final_4974
EC_EV_002893,10.3389/fendo.2024.1465975,4bdbb8b4c3e60e2c3b123f6bfa1a8e523e5308260a5eec2cd19a3cabb9ccab84,2024,Review,English,EC_EV_FINAL_SCOPE,include,verified_member_of_final_4974
EC_EV_002894,10.3892/ol.2020.11525,89046546909ee167b00be37e053bbb8b5f0d2c3d8ac1f3039f230f75cdc6a0e8,2020,Review,English,EC_EV_FINAL_SCOPE,include,verified_member_of_final_4974
EC_EV_002895,10.32604/or.2024.055449,2dc8b1b488e07ae549314e5f85734f2115dbb0ce1d3a44647a3ddd6998872e10,2025,Article,English,EC_EV_FINAL_SCOPE,include,verified_member_of_final_4974
EC_EV_002896,10.1016/j.jacbts.2021.12.005,dc7b345fb59cda88677875e3f6876a4c4fd217f82e3175a2519ede0ff79db218,2022,Article,English,EC_EV_FINAL_SCOPE,include,verified_member_of_final_4974
EC_EV_002897,10.1093/labmed/lmaa043,ea54932aaec8d3f68c15a91d58215ab0fd4e3af08447a1b3db32d7dd06b6448b,2021,Review,English,EC_EV_FINAL_SCOPE,include,verified_member_of_final_4974
EC_EV_002898,10.3390/ijms22020913,aa67118d2536eb966bcc71bd90711c8c879f7e37eff676444bf03541dd23df73,2021,Review,English,EC_EV_FINAL_SCOPE,include,verified_member_of_final_4974
EC_EV_002899,10.3390/life11010039,0a7cab7d840e5e9df40a6fdba2cbcdc414c52fb21868b27b873de776617315aa,2021,Review,English,EC_EV_FINAL_SCOPE,include,verified_member_of_final_4974
EC_EV_002900,10.1111/pin.13033,2b4bb1389aa63bca8f05ca51766f38ea73d5fdbbfc5c19c5d86cbd37720bec76,2021,Review,English,EC_EV_FINAL_SCOPE,include,verified_member_of_final_4974
EC_EV_002901,10.1155/2017/5263974,15e28c53f51712537b8c6a9abc3089c73479657eaf2382f7de024b289969a0ae,2017,Review,English,EC_EV_FINAL_SCOPE,include,verified_member_of_final_4974
EC_EV_002902,10.2174/15734137156661904111411126,f1a4091c12e68c91221d60397bbd368a7489e821aaa8745a35c3880100edf132,2019,Review,English,EC_EV_FINAL_SCOPE,include,verified_member_of_final_4974
EC_EV_002903,10.1186/s12951-023-02115-7,6ff09f31d4ce3578c84dff0b343d351b828253d634a61b2d6cbcd7f2c0c60de6,2023,Review,English,EC_EV_FINAL_SCOPE,include,verified_member_of_final_4974
EC_EV_002904,10.1007/s11033-025-10642-9,32e21ec99c8684079dc7941e08e0875c2a8b965bc226d94253c4f8099f32da61,2025,Review,English,EC_EV_FINAL_SCOPE,include,verified_member_of_final_4974
EC_EV_002905,10.1007/s00109-015-1351-6,d7d11d3329348599b43632f7a551e1ead9959bedc9fd43a91f7137fcbd87695b,2015,Review,English,EC_EV_FINAL_SCOPE,include,verified_member_of_final_4974
EC_EV_002906,10.1139/cjpp-2020-0581,faa256feb307985d39c50b788f22d7639cea89891af460940fe3b78088950e57,2021,Review,English,EC_EV_FINAL_SCOPE,include,verified_member_of_final_4974
EC_EV_002907,10.1016/j.freeradbiomed.2021.05.004,25f14547754dc62e2f1b3d3d361f4e4233c107ec4a3bf6ebf132881d8f4f37c5,2021,Article,English,EC_EV_FINAL_SCOPE,include,verified_member_of_final_4974
EC_EV_002908,10.1007/s13105-019-00710-7,69f028c35be40174794000fb378bf951bb5774b51a4dcfd6d5233310822af270,2020,Review,English,EC_EV_FINAL_SCOPE,include,verified_member_of_final_4974
EC_EV_002909,10.3389/fimmu.2018.01130,2d47cf209c2db60521953729cabcea8b657be9f58a864a01e4ce82ca3b91d1ae,2018,Review,English,EC_EV_FINAL_SCOPE,include,verified_member_of_final_4974
EC_EV_002910,10.3390/ijms26083827,e6e1afc219c076c18d9dc1b040abb40823335577e97cace0c9becfb0b8835da2,2025,Review,English,EC_EV_FINAL_SCOPE,include,verified_member_of_final_4974
EC_EV_002911,10.1002/jev2.12178,62ad3e05d075ff4b028e60e7e7d99695e7b9bde69b2185325040aca14b3a7a40,2022,Article,English,EC_EV_FINAL_SCOPE,include,verified_member_of_final_4974
EC_EV_002912,10.1007/s12275-021-1108-6,c3f444cbb9fb1ae64b09c525ff4f0fbfb1bfe407e9f60d2bf264530cacd8c8fa,2021,Article,English,EC_EV_FINAL_SCOPE,include,verified_member_of_final_4974
EC_EV_002913,10.1016/j.mito.2020.08.002,6d2c616890a4bc6fe4b14244e3238d739c8f1f89655123be25e1bc99d083f1c6,2020,Article,English,EC_EV_FINAL_SCOPE,include,verified_member_of_final_4974
EC_EV_002914,,7149898f1f374228f485c93057b8a121e036110d1c9bd075eaf5792b165c9d78,2019,Article,English,EC_EV_FINAL_SCOPE,include,verified_member_of_final_4974
EC_EV_002915,10.1016/j.diabres.2022.109882,444f71ff5afb557b3a9c19e63d4e624ad37646575ad8703eb2823958b6be76b3,2022,Review,English,EC_EV_FINAL_SCOPE,include,verified_member_of_final_4974
EC_EV_002916,10.1007/s11523-018-0551-8,45d8bb1658028ae2fea741efd7e8cc64e10bae36b3004161f30e6b32ce0e5863,2018,Review,English,EC_EV_FINAL_SCOPE,include,verified_member_of_final_4974
EC_EV_002917,10.1186/s12974-016-0755-8,c5d13fdcb76cb3313178eb2dbb33a48fae145cd66036ff7d411012ba537f86a4,2016,Article,English,EC_EV_FINAL_SCOPE,include,verified_member_of_final_4974
EC_EV_002918,10.3389/fimmu.2025.1549833,f530a7fe8283e5b37ed37ca796ea6847384c2b7b660946ebd90e629713a2c132,2025,Review,English,EC_EV_FINAL_SCOPE,include,verified_member_of_final_4974
EC_EV_002919,10.1093/rheumatology/keac451,a062c69f49a574566e846a915841fe3e5170a7458c4daf221930b9e1c5282417,2023,Review,English,EC_EV_FINAL_SCOPE,include,verified_member_of_final_4974
EC_EV_002920,10.3389/fcvm.2022.886132,c34c3fdcdd5769c728278166c2125bf640bb0c8160ec06835c8beb1800210c48,2022,Review,English,EC_EV_FINAL_SCOPE,include,verified_member_of_final_4974
EC_EV_002921,10.3390/ijms19072003,517933bfa5cd75a430b10a9695955a4d96553fcf072ce160a34891073d40ab62,2018,Review,English,EC_EV_FINAL_SCOPE,include,verified_member_of_final_4974
EC_EV_002922,10.1016/bs.acc.2017.01.001,959edfad695b69e9d573d3fb862a61b0cad5c6107fdde6f1512d49b5248f0d3f,2017,Review,English,EC_EV_FINAL_SCOPE,include,verified_member_of_final_4974
EC_EV_002923,10.1042/cs20210059,4581e4a3824961991d0b54f1b0c7999626f95664ac76f4539e2077c6a16f5fef,2021,Review,English,EC_EV_FINAL_SCOPE,include,verified_member_of_final_4974
EC_EV_002924,10.1016/j.scr.2020.102122,5e0051c15b3cca9eb81d415eb1aa6abdc863b22721577eff859c11aeb8d558c8,2021,Article,English,EC_EV_FINAL_SCOPE,include,verified_member_of_final_4974
EC_EV_002925,10.1016/j.canlet.2015.07.014,3b848f6d16a3e2f5955f4832cb4baaa331fb7027eeb86532907394737b995a12,2015,Review,English,EC_EV_FINAL_SCOPE,include,verified_member_of_final_4974
EC_EV_002926,10.1016/j.fob.2015.03.014,16b9d64b30ef8ee574ca178d06e4e2e9e8ec785ef13dbc3cbece4463da656d2b,2015,Article,English,EC_EV_FINAL_SCOPE,include,verified_member_of_final_4974
EC_EV_002927,10.1016/j.molcel.2010.06.010,82bbbfd433c7d67ddd28bce0fca68a3f02097e4f22b0dc904ab27792c8626c36,2010,Article,English,EC_EV_FINAL_SCOPE,include,verified_member_of_final_4974
EC_EV_002928,10.1095/biolreprod.114.125906,a23ed774fa9c0e5f1cc7df058fc16d7c37bf03ed37e88867fa318b7b6233baaa,2015,Review,English,EC_EV_FINAL_SCOPE,include,verified_member_of_final_4974
EC_EV_002929,10.1002/smll.202000012,d152bf256d08431429c51ff6bd9ec904e2d1bd3eb958c3fb8fbb64d9074f43e5,2020,Article,English,EC_EV_FINAL_SCOPE,include,verified_member_of_final_4974
EC_EV_002930,10.3389/fnins.2022.936760,e7941bc3c7c7dc80044ac271108baf7599669678afb4d9c6c7b7d53fa8e3945c,2022,Review,English,EC_EV_FINAL_SCOPE,include,verified_member_of_final_4974
EC_EV_002931,10.1016/j.jconrel.2023.11.019,2e62fd7c1131ea334d99ef8fa2189ca1995582efb0a721abd4ae009b5365e828,2024,Article,English,EC_EV_FINAL_SCOPE,include,verified_member_of_final_4974
EC_EV_002932,10.7150/thno.21274,c453a630c51348ef4a9b7aa74c0223331c1893a9a9771d314aa1c3ae89cf8bdb,2017,Review,English,EC_EV_FINAL_SCOPE,include,verified_member_of_final_4974
EC_EV_002933,10.1111/phpp.12910,6eeb6474fe1c623e0af0e67ada249b8b856e8456bbfef002436cebf4c749d342,2023,Review,English,EC_EV_FINAL_SCOPE,include,verified_member_of_final_4974
EC_EV_002934,10.1002/advs.202301574,fafcff9c2bfb636cdcc9d34e95f9aa083bbfff96297407b1f73c68383dcc2192,2023,Article,English,EC_EV_FINAL_SCOPE,include,verified_member_of_final_4974
EC_EV_002935,10.3389/fphys.2021.707429,424e87a55a06cc3f14f765e82f7d03a6a4ca09dabe9c9a860c7bf8dc899dffcb,2021,Review,English,EC_EV_FINAL_SCOPE,include,verified_member_of_final_4974
EC_EV_002936,10.1016/j.biomaterials.2025.123215,205231092d151c7e0a5a855ed7afa7fcfeeccf33aa647475740c35f79df98d4c,2025,Article,English,EC_EV_FINAL_SCOPE,include,verified_member_of_final_4974
EC_EV_002937,10.2147/ijn.s439728,cc30b4530c8b3f6081341f61add777343fb142b69fee9b04b9a8377f36702131,2023,Review,English,EC_EV_FINAL_SCOPE,include,verified_member_of_final_4974
EC_EV_002938,10.1186/s12951-024-03079-y,45f6a75158d2704decf75c9871aa2d4a3a76c996a6b2d7f0e54673c6541c5b52,2025,Article,English,EC_EV_FINAL_SCOPE,include,verified_member_of_final_4974
EC_EV_002939,,5f852c850b1efbeeca6eb8806e8490ab69e93342ada09ace52726be8c20a3b3f,2021,Article,English,EC_EV_FINAL_SCOPE,include,verified_member_of_final_4974
EC_EV_002940,10.7150/thno.16803,5b61a1baea6ad02d9ad5bb57981dceb5335cf591c6f4086654aee91b00daa003,2017,Article,English,EC_EV_FINAL_SCOPE,include,verified_member_of_final_4974
EC_EV_002941,10.1146/annurev-nutr-071715-050711,c3c5f9408c2520e80323305b467ebe278907f851d6f5c49fd3508b90baeac80d,2016,Review,English,EC_EV_FINAL_SCOPE,include,verified_member_of_final_4974
EC_EV_002942,10.1371/journal.pone.0232442,47859136df256391638fbf5c65ed59a1d2eaebabd565e5f77e206fe485a82cb0,2020,Article,English,EC_EV_FINAL_SCOPE,include,verified_member_of_final_4974
EC_EV_002943,10.1016/j.critrevonc.2025.104754,18f23275e961a32a3eb5bce35b1182bd95e2b72923acf3502913a6512175972a,2025,Review,English,EC_EV_FINAL_SCOPE,include,verified_member_of_final_4974
EC_EV_002944,10.1186/s12943-019-1125-9,2690522ef7a7de214f8072777a9c6facd67a8dc2518e25a023c81c836a2af800,2020,Review,English,EC_EV_FINAL_SCOPE,include,verified_member_of_final_4974
EC_EV_002945,10.1186/s13018-025-05671-w,db3273850b843b4fb50b581bf4e303eb15db7b6d6fea528f131093f8c1683fe7,2025,Article,English,EC_EV_FINAL_SCOPE,include,verified_member_of_final_4974
EC_EV_002946,10.3390/diagnostics11061118,052e12cbab723515bb6e48a6b70847f18c37137989ca36ccb052e6e2edef8448,2021,Review,English,EC_EV_FINAL_SCOPE,include,verified_member_of_final_4974
EC_EV_002947,10.1016/j.jphotobiol.2021.112212,8a07c7070fcc195ec62d5703a7a0e80728d3ec479c31cc7faec0084513179e7a,2021,Article,English,EC_EV_FINAL_SCOPE,include,verified_member_of_final_4974
EC_EV_002948,10.3389/fphys.2012.00117,f9739f219964dff3e104b5817c7e4a59cc94b4702acd60c25487c9feb8c430e2,2012,Review,English,EC_EV_FINAL_SCOPE,include,verified_member_of_final_4974
EC_EV_002949,10.1016/j.bioactmat.2020.06.017,a166f0cc198b50c2954e16f9d0a79dfd2649d51de37bae1de57d5df07181c864,2020,Article,English,EC_EV_FINAL_SCOPE,include,verified_member_of_final_4974
EC_EV_002950,10.1177/15330338231198348,ca89bf6c7f598a6fc7071e3e74a38f4015305fc88dab89b017cda1bad2d36472,2023,Review,English,EC_EV_FINAL_SCOPE,include,verified_member_of_final_4974
EC_EV_002951,10.1016/j.critrevonc.2021.103511,51c8951915cef35d1d94354dae7a78245b41fb9cae235abdfcdaebfdd139b37d,2021,Review,English,EC_EV_FINAL_SCOPE,include,verified_member_of_final_4974
EC_EV_002952,10.1093/burnst/tkae062,b33dc0362cc30085a0ce3fa2f31488ed222e55d36a4a280baa041003bd72be0a,2024,Review,English,EC_EV_FINAL_SCOPE,include,verified_member_of_final_4974
EC_EV_002953,10.1038/onc.2015.317,6ec8dc97de099f4426464bd9e2a33e05b1e0b9240f94b1197f6fabe7b85d3b8a,2016,Article,English,EC_EV_FINAL_SCOPE,include,verified_member_of_final_4974
EC_EV_002954,10.1016/j.lfs.2024.122743,a0137a8d92eae5192c55a53d0a6628c6d02b8b74ce8e97e3fa9803b42bd8c630,2024,Article,English,EC_EV_FINAL_SCOPE,include,verified_member_of_final_4974
EC_EV_002955,10.1016/j.jsxm.2020.07.083,490ab93ded20f29d2b577ced63cea55099eb1bc9cfd1e131ef3a7b44ffb0299a,2020,Article,English,EC_EV_FINAL_SCOPE,include,verified_member_of_final_4974
EC_EV_002956,10.1111/pcmr.12945,6ebfb61f646a3ea43ccb3a1a2a37c1fc0ffeac1be50cabec15df800fa1937eab,2021,Review,English,EC_EV_FINAL_SCOPE,include,verified_member_of_final_4974
EC_EV_002957,10.1097/ta.0000000000004082,45804f1efdc7b3e4043d452bb4b6cb2e40d303ea20ebfee4b36b43470c32aeec,2023,Review,English,EC_EV_FINAL_SCOPE,include,verified_member_of_final_4974
EC_EV_002958,10.1101/cshperspect.a041163,588f9876ea1e458b57e88164f6373c6f5e95fb22de12825c6694706c9f3e42e7,2025,Review,English,EC_EV_FINAL_SCOPE,include,verified_member_of_final_4974
EC_EV_002959,10.3390/cells12141827,2f7b8e84e57ce721815cfa7e4722dcec9ef567ea2745df1d11ffaad147259b6b,2023,Article,English,EC_EV_FINAL_SCOPE,include,verified_member_of_final_4974
EC_EV_002960,10.1177/1559325819892702,fbd9ef0592c1e1d2e646d55ce005c58c42ace3a5f04d303d07281b47dec5ed1d,2019,Review,English,EC_EV_FINAL_SCOPE,include,verified_member_of_final_4974
EC_EV_002961,10.1080/1354750x.2023.2229537,ffb0ddff81def50c8a03ec7d6cf0b860b32ceaf0b1c6a1f546965fea6b367ad4,2023,Review,English,EC_EV_FINAL_SCOPE,include,verified_member_of_final_4974
EC_EV_002962,10.1007/s11626-018-0261-7,5e52b8ad5bae8d20243fe5631d562dadaf4561d22160cbba75eed0e96c7b2e95,2018,Article,English,EC_EV_FINAL_SCOPE,include,verified_member_of_final_4974
EC_EV_002963,10.3389/fphys.2018.00651,5194282c2a3441e049bfeeb20d347ca8308656a46f70e0fe6f2afcb65557e479,2018,Review,English,EC_EV_FINAL_SCOPE,include,verified_member_of_final_4974
EC_EV_002964,10.1016/j.arr.2025.102712,7f68d9a401cf3e92154711be6aabb4b4b98cfcaf2819f429ae47a92b8970048e,2025,Article,English,EC_EV_FINAL_SCOPE,include,verified_member_of_final_4974
EC_EV_002965,10.3389/fphar.2021.721156,7be6ac0abcda020559e1ad1b5f9c8cbad53002a14a92cc1b86f8062f8cd00a8d,2021,Review,English,EC_EV_FINAL_SCOPE,include,verified_member_of_final_4974
EC_EV_002966,10.1007/s00431-022-04544-2,909f8ab899fa68287921e6ea70bb659f33073a573e2712e9b916bf6b5155f632,2022,Article,English,EC_EV_FINAL_SCOPE,include,verified_member_of_final_4974
EC_EV_002967,10.1089/scd.2020.0063,07d8d20893829f78093fa0bb4ac52e14342ce745de29761dcc4c141b837b5c8d,2020,Article,English,EC_EV_FINAL_SCOPE,include,verified_member_of_final_4974
EC_EV_002968,10.1186/s13287-020-01836-y,74face310f03096b18775df1bd863fb7821620ee469956b6aff3ea35aef83b85,2020,Article,English,EC_EV_FINAL_SCOPE,include,verified_member_of_final_4974
EC_EV_002969,10.1248/bpb.b18-00223,97653cdad5aeb30b67a8276062c484368521e332c2008087394252eb43c28db4,2018,Review,English,EC_EV_FINAL_SCOPE,include,verified_member_of_final_4974
EC_EV_002970,10.1038/s41598-018-19149-9,ed1002a597610bef8e6e12b0de4ef3a4ce985e1f26e3bd248f755e8b3c4099d1,2018,Article,English,EC_EV_FINAL_SCOPE,include,verified_member_of_final_4974
EC_EV_002971,10.3390/ijms20112790,7d079b3934471af9e8b912299d7dba0f140b9e493e795499dc3e89da338705ae,2019,Review,English,EC_EV_FINAL_SCOPE,include,verified_member_of_final_4974
EC_EV_002972,10.1016/j.omtn.2023.02.015,81e3e6de0c7b50463b25ff5f5218c0c2d5dba46a65c14062fd52a32d26a3a188,2023,Article,English,EC_EV_FINAL_SCOPE,include,verified_member_of_final_4974
EC_EV_002973,10.1186/s12951-021-01028-7,f45c0fa10ac21e1f3e191e97f6913cad93ad8c6ade718af8d1bd09fade2d818c,2021,Review,English,EC_EV_FINAL_SCOPE,include,verified_member_of_final_4974
EC_EV_002974,10.3390/ijms21124255,57d4f8acb9a5e77a4a7548e8b1c40609dc1e9c976150c69b38e35faf030db3cd,2020,Review,English,EC_EV_FINAL_SCOPE,include,verified_member_of_final_4974
EC_EV_002975,10.3389/fimmu.2022.958360,8f88d6a281c2f82af24110274a0aceab3bc6cbf7580bc53544fb74d412411723,2022,Review,English,EC_EV_FINAL_SCOPE,include,verified_member_of_final_4974
EC_EV_002976,10.2174/1389557522666220117120228,5806de887b4fef68d8438fea123da220a75e8ead9c22038221783c20cec41293,2022,Review,English,EC_EV_FINAL_SCOPE,include,verified_member_of_final_4974
EC_EV_002977,10.34133/bmr.0068,3e61a91cb9837ec8077f9be71a6b90af8f1c4066dd1dd7245135fe1a2a7aa11e,2024,Article,English,EC_EV_FINAL_SCOPE,include,verified_member_of_final_4974
EC_EV_002978,10.2340/actadv.v105.40902,b54704b696378087ca1eb05691574ce98641d87fcdffb437b935569f0ae0e55f,2025,Article,English,EC_EV_FINAL_SCOPE,include,verified_member_of_final_4974
EC_EV_002979,10.1038/srep23550,dffcebdc5e41a8029f2bb2e96957fe1b14b57909895cde3e06808d86317ee432,2016,Article,English,EC_EV_FINAL_SCOPE,include,verified_member_of_final_4974
EC_EV_002980,10.1186/1471-2121-14-23,51dae643d88d9fdf5c97941523e4e3afb5a54c80d7ab6420fe10ac90541cd253,2013,Review,English,EC_EV_FINAL_SCOPE,include,verified_member_of_final_4974
EC_EV_002981,10.3389/fimmu.2024.1357378,c6218dac64c48f7a1101b5eb6f8dd344bf4a149e2ea6569b40584e8f36458de6,2024,Review,English,EC_EV_FINAL_SCOPE,include,verified_member_of_final_4974
EC_EV_002982,10.3389/fcvm.2021.771298,a2318ffc449ff4874cc8851d66c4edb47f57c5081ce5450c4595f7fe92b0e3ad,2021,Review,English,EC_EV_FINAL_SCOPE,include,verified_member_of_final_4974
EC_EV_002983,10.1161/circresaha.114.300584,456bbe32031e2e412068e593ba9870480459b296f2942329a87ab72f11d86937,2014,Review,English,EC_EV_FINAL_SCOPE,include,verified_member_of_final_4974
EC_EV_002984,10.1021/acsnano.8b06572,74ca141d8ef285c0c6a4cbdabdd5f2365c265499a3895acc8e90ac3073718e50,2019,Article,English,EC_EV_FINAL_SCOPE,include,verified_member_of_final_4974
EC_EV_002985,10.1016/j.matbio.2013.10.004,b29a0f642df3d19b81beed9c5152e495f4323127be1ff785c66ba7e34018b944,2014,Article,English,EC_EV_FINAL_SCOPE,include,verified_member_of_final_4974
EC_EV_002986,10.3390/antiox11050818,30174a0e9047e9a582b798a3d32c82e951964eeff0cc7271c7a11c3e73eea4e8,2022,Article,English,EC_EV_FINAL_SCOPE,include,verified_member_of_final_4974
EC_EV_002987,10.1186/s13045-021-01088-0,fdd0fb8c7abca2aae60512ce3e0528cbd09b051c03ef6739b7dfc5d5afcf4779,2021,Review,English,EC_EV_FINAL_SCOPE,include,verified_member_of_final_4974
EC_EV_002988,10.1177/0271678x251338971,b02260d3f1fb45a9b39b85e1cd475e859711cd3cba3cd0c39d63c1cb6fcfe22a,2025,Review,English,EC_EV_FINAL_SCOPE,include,verified_member_of_final_4974
EC_EV_002989,10.3390/pharmaceutics12111022,09e06aa2e3b580aff1b1ed40d98f6ecfd5df492ef21bb7c0923f6c5b3e84e908,2020,Review,English,EC_EV_FINAL_SCOPE,include,verified_member_of_final_4974
EC_EV_002990,10.1007/s10571-023-01377-x,76856a964f8610b1ca279d5d8b9d8010e14edc5439437acf73caa22cf1161699,2023,Review,English,EC_EV_FINAL_SCOPE,include,verified_member_of_final_4974
EC_EV_002991,10.1080/17476348.2020.1679628,d2b86a0fb67d2589e28689b842f00484d3d2c0417aa0aacf60e62d3b2a42cde3,2020,Review,English,EC_EV_FINAL_SCOPE,include,verified_member_of_final_4974
EC_EV_002992,10.1080/01913123.2024.2415608,2c5a01846217fc2a3367c477c02f18d2d59812fd28efa359e170b2299bb8dd73,2024,Article,English,EC_EV_FINAL_SCOPE,include,verified_member_of_final_4974
EC_EV_002993,10.3390/ijms25052523,79d5350945131dece6023a85b37cfdadede988421531d06dfeb966805d3176d2,2024,Review,English,EC_EV_FINAL_SCOPE,include,verified_member_of_final_4974
EC_EV_002994,10.1038/s41556-018-0256-3,6e41fce967120f6e2c4a44dba39290914ef60e6489dd157d017e96970f205909,2019,Article,English,EC_EV_FINAL_SCOPE,include,verified_member_of_final_4974
EC_EV_002995,10.3390/cells9091974,46d82f61a3ea62a6779a620fda32b5c317d14c1b3870e296837dd377a1cb9f4b,2020,Review,English,EC_EV_FINAL_SCOPE,include,verified_member_of_final_4974
EC_EV_002996,10.1016/j.canlet.2015.10.027,cd5374500475c7b3ef3c576087ba6f24cc3466c0e05d838b4987d383430e3038,2016,Review,English,EC_EV_FINAL_SCOPE,include,verified_member_of_final_4974
EC_EV_002997,10.1016/j.omtn.2020.10.021,32a1f4d1e92e4aeecbd1ebc3a12d348eb4dc0628a84d7eeeadfcad9980089f07,2020,Article,English,EC_EV_FINAL_SCOPE,include,verified_member_of_final_4974
EC_EV_002998,10.3390/v13050767,558a699eaa5456b4dcad6689b2eee05224cacacaf270e122a17b6b1f94650001,2021,Article,English,EC_EV_FINAL_SCOPE,include,verified_member_of_final_4974
EC_EV_002999,10.3390/cancers14143552,656616e8f45be4e1b7085bb427fd6ed51d92c4a66d3d0ff37f414ecb21581211,2022,Review,English,EC_EV_FINAL_SCOPE,include,verified_member_of_final_4974
EC_EV_003000,10.2147/ott.s266835,ef818639fdfe2f19ccff3c32ed7d767a1d781ac80c2e35e343ebe73223fd629e,2020,Article,English,EC_EV_FINAL_SCOPE,include,verified_member_of_final_4974
EC_EV_003001,10.1080/1061186x.2024.2347353,19810b2df8a922fcf19411b1b8272cd8a43db161992029f50d0494e6df72dd1c,2024,Review,English,EC_EV_FINAL_SCOPE,include,verified_member_of_final_4974
EC_EV_003002,10.1186/s13058-019-1237-6,9b455f61ce3f9013cfb325d7a69568f520dfa695a6aa588f3b44852f32a56b80,2019,Review,English,EC_EV_FINAL_SCOPE,include,verified_member_of_final_4974
EC_EV_003003,10.3390/ijms23094998,8f7c0b46a17c22ad85b4ae99724a87c9e03aef56f295e998781d311f38e153e6,2022,Review,English,EC_EV_FINAL_SCOPE,include,verified_member_of_final_4974
EC_EV_003004,10.3389/fcvm.2017.00074,4de8863b33a96f71fb884e9dfee0deda1058efb0eca2070718f8920694757605,2017,Review,English,EC_EV_FINAL_SCOPE,include,verified_member_of_final_4974
EC_EV_003005,10.1002/jev2.12221,ae5519983d369333804bf08ed382dcec3b7a28294473639b9f25823e89e24c37,2022,Article,English,EC_EV_FINAL_SCOPE,include,verified_member_of_final_4974
EC_EV_003006,10.1126/sciadv.adk0164,b1864f6784eb3f8fdc5859e484d5ef63c5006b7255671d698201dbe0603c619a,2024,Article,English,EC_EV_FINAL_SCOPE,include,verified_member_of_final_4974
EC_EV_003007,10.1002/smll.202203515,c6de1d759beb95fd6b4c20bc980cb4b6c2da884a1575f724de4d002dec27e06c,2022,Article,English,EC_EV_FINAL_SCOPE,include,verified_member_of_final_4974
EC_EV_003008,10.1186/s12964-022-00853-z,b566463caddd3b1ef79bcce8b19829bcb5a26b76e503e4b1fea032623573d40d,2022,Review,English,EC_EV_FINAL_SCOPE,include,verified_member_of_final_4974
EC_EV_003009,10.5483/bmbrep.2014.47.10.164,3dddee03256deccad03dff9a15e5c08c8ef507a2e2c3fc45054cd09af4f344fe,2014,Review,English,EC_EV_FINAL_SCOPE,include,verified_member_of_final_4974
EC_EV_003010,10.1016/j.biocel.2020.105884,ee578f7feefa1131085e5a176ffa0ce9696cefd70aff58a21c02baf8e6005b14,2021,Review,English,EC_EV_FINAL_SCOPE,include,verified_member_of_final_4974
EC_EV_003011,10.1155/2018/4302096,8ef37944bdd20746383be5d8da40e0bab27df2c6f85acd1eb562c14a0266b93b,2018,Review,English,EC_EV_FINAL_SCOPE,include,verified_member_of_final_4974
EC_EV_003012,10.3390/genes4020152,6377f68ab3d381e8c70704482aab71f9a4b0fac24273338b33e246098df6a52f,2013,Review,English,EC_EV_FINAL_SCOPE,include,verified_member_of_final_4974
EC_EV_003013,10.1186/s12951-025-03328-8,f240db7f7b5c1182d6706bfd348ea1bf98777333d11a4a92460058ac43ffd573,2025,Article,English,EC_EV_FINAL_SCOPE,include,verified_member_of_final_4974
EC_EV_003014,10.1007/s11154-021-09680-y,4507e623950cfeaf617e64880aa5ce1718c4820dbfc1c2aaa6a2ef413c588f0c,2022,Review,English,EC_EV_FINAL_SCOPE,include,verified_member_of_final_4974
EC_EV_003015,10.1152/ajpheart.00888.2020,2f708f63cfc4589d6250df532cc5adc7f33efa5759dba9c5eb4d7fc6f443e9b9,2021,Review,English,EC_EV_FINAL_SCOPE,include,verified_member_of_final_4974
EC_EV_003016,10.3389/fmed.2019.00280,27f753dd41206290b4a30e802aab4a98736f8cdd70dbcf49eef5b76905cf333c,2019,Article,English,EC_EV_FINAL_SCOPE,include,verified_member_of_final_4974
EC_EV_003017,10.1039/d3tb02790b,2b0fdca13eb693f3e0954f9db1c14da5ad61b4b8a5f2fae58a00a93396005aa0,2024,Review,English,EC_EV_FINAL_SCOPE,include,verified_member_of_final_4974
EC_EV_003018,10.3892/ijmm.2018.3383,8040506884c1e4f026d27b95187d2af9e952a230f5d9b4906d5071327f125639,2018,Article,English,EC_EV_FINAL_SCOPE,include,verified_member_of_final_4974
EC_EV_003019,10.3390/cells9051171,b0d624d664b02d9bd3ad8197c300cfee6b7c7ed52607d7d56958dece2abb85b3,2020,Review,English,EC_EV_FINAL_SCOPE,include,verified_member_of_final_4974
EC_EV_003020,10.3390/app10144871,f9bbc5bb592f29b3a3518c5b8f852867c051380e487d838d9d2913811e5fad0a,2020,Review,English,EC_EV_FINAL_SCOPE,include,verified_member_of_final_4974
EC_EV_003021,10.1002/wrna.1773,7b08b946778332e33e0fe95dd187ca35e77b0e5e90139191fd2bf8c5ec88f67c,2023,Review,English,EC_EV_FINAL_SCOPE,include,verified_member_of_final_4974
EC_EV_003022,10.3390/ijms232315335,37fe1d6b0218e96186f2cc36967eeea3028ad706fcb31fb8432a77a063ee9a2c,2022,Review,English,EC_EV_FINAL_SCOPE,include,verified_member_of_final_4974
EC_EV_003023,10.1016/j.mtbio.2022.100427,2645e7088a315583234317256a2f36e73eb0f3aa77d86572edf4400bd696a9d8,2022,Article,English,EC_EV_FINAL_SCOPE,include,verified_member_of_final_4974
EC_EV_003024,10.2174/1389450123666220926144432,318baa27ca348ea30a5d3b81d99d41449d56c9419ca084a624b85f2f4e05c8d0,2022,Review,English,EC_EV_FINAL_SCOPE,include,verified_member_of_final_4974
EC_EV_003025,10.1016/j.nano.2019.01.011,f6a64935d5bee5f1c16f3d22d9fbe25adc03c1ee5282e28ccda5cf7df5c7a5f5,2019,Article,English,EC_EV_FINAL_SCOPE,include,verified_member_of_final_4974
EC_EV_003026,10.1007/s13402-022-00711-7,03d5b1b5757d55f256ca5581acfcb3d645f9986321910f27467480a55bbe58ba,2022,Review,English,EC_EV_FINAL_SCOPE,include,verified_member_of_final_4974
EC_EV_003027,10.1016/j.biotechadv.2018.09.001,a661a7ca97e1a129f755afec8dca3f03e7bbf9add01f6f819eff803612eafb58,2018,Review,English,EC_EV_FINAL_SCOPE,include,verified_member_of_final_4974
EC_EV_003028,10.3390/antiox13060668,dd57ab77ac2f2956cc61ea7c59c26f34d8efd39b20450d58f93df0df0e238fe6,2024,Article,English,EC_EV_FINAL_SCOPE,include,verified_member_of_final_4974
EC_EV_003029,10.1155/2016/7653489,7998da012e974a2ecb9f90943917ceba1bbe5fc32ea3b8e657f6246bfbd916ab,2016,Review,English,EC_EV_FINAL_SCOPE,include,verified_member_of_final_4974
EC_EV_003030,10.1021/acsbiomaterials.0c01502,7d276339a17bd5c2c489cd009ad334a30c084cb6e2fae05356c5877f7abf051a,2021,Article,English,EC_EV_FINAL_SCOPE,include,verified_member_of_final_4974
EC_EV_003031,10.15252/emmm.201809828,77a30f9f8204de3465c38da4e54ad4614111d1f32261b415e3e573b2c9e3ba2f,2019,Article,English,EC_EV_FINAL_SCOPE,include,verified_member_of_final_4974
EC_EV_003032,10.1002/prca.201400201,492dd6cdfe443d5bc97ab0788db84b8f4c7f0adab7575a2b9a288a296cb2466a,2015,Review,English,EC_EV_FINAL_SCOPE,include,verified_member_of_final_4974
EC_EV_003033,10.1113/jp271340,a4989af63e7d4b9916e1c810da75e9810ff25b228b66cc805fc3349c0841e83f,2016,Review,English,EC_EV_FINAL_SCOPE,include,verified_member_of_final_4974
EC_EV_003034,10.1186/s13287-022-03136-z,1251e50932856c6783936f1e98d4647e6d019db4b75a094a9ec9bafc804349f0,2022,Review,English,EC_EV_FINAL_SCOPE,include,verified_member_of_final_4974
EC_EV_003035,10.1016/j.omtn.2022.01.009,1d35119b88077e1224fa7fcd78fcc6cebf0d160af0df1f6bc0722c504b03b51c,2022,Review,English,EC_EV_FINAL_SCOPE,include,verified_member_of_final_4974
EC_EV_003036,10.1111/ahe.12296,2a7a51ff13517aa63040219a2fb11d391abce883a4452f4c1cf1f1f430b91dff,2017,Article,English,EC_EV_FINAL_SCOPE,include,verified_member_of_final_4974
EC_EV_003037,10.1002/adfm.202100027,863fc928c1c6004f69be63bca2110fbbb3b472fd53e91a76eeed66c75cbd1fcc,2021,Review,English,EC_EV_FINAL_SCOPE,include,verified_member_of_final_4974
EC_EV_003038,10.1172/jci147276,7d86e2de5939f5308e22d277be30d417b84f93f81783b0837873ccb275f50366,2021,Review,English,EC_EV_FINAL_SCOPE,include,verified_member_of_final_4974
EC_EV_003039,10.3390/ijms24010466,8100f174d2db733af7e018a994417527995259a56e99a299d31dba2b60d9eff0,2023,Article,English,EC_EV_FINAL_SCOPE,include,verified_member_of_final_4974
EC_EV_003040,10.3389/fphar.2020.00235,b1bcca7344c337cfbc4538fe98cb087f40001c409d795274c68cd9cf7c914752,2020,Article,English,EC_EV_FINAL_SCOPE,include,verified_member_of_final_4974
EC_EV_003041,10.3390/pathogens10121577,0fca0dd171b6032e4c4aca79d1aed0eb499f7e6811bb2ca97008dab6e1694ed2,2021,Article,English,EC_EV_FINAL_SCOPE,include,verified_member_of_final_4974
EC_EV_003042,10.1016/j.tice.2022.101956,ad1b4e27bd6c6401652c4dc323ebd841fc43033775b34504ec7a2b197d46d3db,2022,Article,English,EC_EV_FINAL_SCOPE,include,verified_member_of_final_4974
EC_EV_003043,10.1074/jbc.m112.401760,db86ac06885834a694fc7695fbe0853bcd0ea54b5ed3e209e95b741bab3fe6ff,2012,Article,English,EC_EV_FINAL_SCOPE,include,verified_member_of_final_4974
EC_EV_003044,10.3389/fphar.2022.957771,149a32c550913531111164ea7e1ffd7487ad67fe7c1b58a10d762e675e30dbf9,2022,Review,English,EC_EV_FINAL_SCOPE,include,verified_member_of_final_4974
EC_EV_003045,10.1146/annurev-physiol-021014-071641,dec12f6f3cb9a0e610cf0af308486abea48a9f10f1aa93698e7f853e2858ab7d,2015,Review,English,EC_EV_FINAL_SCOPE,include,verified_member_of_final_4974
EC_EV_003046,10.3390/ph14080811,846e381b5efee48db24cfa64cae7f2186c7bca3ec411101b1d753a7056136029,2021,Review,English,EC_EV_FINAL_SCOPE,include,verified_member_of_final_4974
EC_EV_003047,10.1152/ajpheart.00718.2020,5ae2a5ffc43579cd6d997ddc6cc634458e90283adc5881c5323637304a502404,2021,Review,English,EC_EV_FINAL_SCOPE,include,verified_member_of_final_4974
EC_EV_003048,10.1242/jcs.261898,f660e7a3de9935850f4b2b54ae94d595b4a4c6af7cc5ff5fa62898866595ad00,2024,Article,English,EC_EV_FINAL_SCOPE,include,verified_member_of_final_4974
EC_EV_003049,10.3389/fcimb.2020.587628,b065d7832cf6c30e62600b7396ad031dd0322634ded1b727a14a1521b6a45200,2020,Review,English,EC_EV_FINAL_SCOPE,include,verified_member_of_final_4974
EC_EV_003050,10.3390/membranes11060453,6714916a09b197a85711fd56d19e098b98861a91b2c8f5beca5a9406e0537adf,2021,Review,English,EC_EV_FINAL_SCOPE,include,verified_member_of_final_4974
EC_EV_003051,10.3390/biom10010048,5e85837c4c1a25bf9835560b113d5a47fa0e7d2d85afdb4aff1e5fca857811cd,2020,Review,English,EC_EV_FINAL_SCOPE,include,verified_member_of_final_4974
EC_EV_003052,10.1007/s12672-023-00704-4,51649b895180e33988628d4b47a11d0012910c9fc70f492ad3752db39447a728,2023,Review,English,EC_EV_FINAL_SCOPE,include,verified_member_of_final_4974
EC_EV_003053,10.14348/molcells.2022.0056,abce65b503832a7e2ecabd2214c5cea87e33b9e8d19767b9aad8aafa5b58a954,2022,Review,English,EC_EV_FINAL_SCOPE,include,verified_member_of_final_4974
EC_EV_003054,10.3390/ijms21155373,600d394a156709b1d60d73e9260fc548ea5cddf70f85179908ec8ba82c358862,2020,Review,English,EC_EV_FINAL_SCOPE,include,verified_member_of_final_4974
EC_EV_003055,10.1016/j.biomaterials.2025.123438,ea6f9462f70ce81d661fe9a1c56e4596bddd0994868e5ae24a3886c239bd5ae3,2025,Article,English,EC_EV_FINAL_SCOPE,include,verified_member_of_final_4974
EC_EV_003056,10.3390/ijms23010331,f0ee5437c95deaee78e8cfe109033cba94a8078168f927e107331b32da239edb,2022,Article,English,EC_EV_FINAL_SCOPE,include,verified_member_of_final_4974
EC_EV_003057,10.1111/jcmm.14648,37ee4c729d740d18513c09ad50bfe817accac648050e147c7d90b3061b88ae34,2019,Review,English,EC_EV_FINAL_SCOPE,include,verified_member_of_final_4974
EC_EV_003058,10.3389/fphar.2020.603104,f31dff6a1f3ff63a494cb5047eef5a4db131e5323e819278aaafef826f6c3c70,2020,Review,English,EC_EV_FINAL_SCOPE,include,verified_member_of_final_4974
EC_EV_003059,10.3389/fcvm.2025.1426583,182c35678c6eaaee8e4f6bef7784bd2832784a7c772157d950ccbe33cc645dd6,2025,Article,English,EC_EV_FINAL_SCOPE,include,verified_member_of_final_4974
EC_EV_003060,10.1007/s43440-024-00568-7,113f3cc459ff7575b7f7efb7f8203bb1ffa67df65614998d8a5c6e2976b61b11,2024,Review,English,EC_EV_FINAL_SCOPE,include,verified_member_of_final_4974
EC_EV_003061,10.1038/nature15756,bfb7d0d2c4ea2d7f9693c2db95cef2e2f45017ab01995f119572faea20cda13f,2015,Article,English,EC_EV_FINAL_SCOPE,include,verified_member_of_final_4974
EC_EV_003062,10.3390/ijms252313093,bcc17854759fb8fa56e07fbb177095d09e4fd009402c5886826c5f98725dba50,2024,Article,English,EC_EV_FINAL_SCOPE,include,verified_member_of_final_4974
EC_EV_003063,10.3390/ijms18061285,75fd1a8a2479436cd0bcb106090315297d875a257f2c7911970854cdbd4628bf,2017,Review,English,EC_EV_FINAL_SCOPE,include,verified_member_of_final_4974
EC_EV_003064,10.1177/2045894019892801,48f93c96c5df63a1fff39225d4372dc3c69c278959acd93929ec3938c28e96e5,2020,Review,English,EC_EV_FINAL_SCOPE,include,verified_member_of_final_4974
EC_EV_003065,10.1186/s13046-015-0148-3,00efe85dca3c0d6401e458311849203c93ca27cbc57d4901855b7f6d41e79af7,2015,Review,English,EC_EV_FINAL_SCOPE,include,verified_member_of_final_4974
EC_EV_003066,10.1002/pul2.70027,a3ef3c66c50090ca1ff4268a87c49906795dc79e843aeeedbe51444ed82c41f1,2025,Article,English,EC_EV_FINAL_SCOPE,include,verified_member_of_final_4974
EC_EV_003067,10.1016/j.bbcan.2024.189200,675b7fcd54105029eb3a8baa95c58ac7cd20cb83fa36138eddcaca8f7ab0fc98,2024,Review,English,EC_EV_FINAL_SCOPE,include,verified_member_of_final_4974
EC_EV_003068,10.3389/fimmu.2019.03137,24aa72659e5d9e6ae41c0e73a3c047f40b7982d8c89490649a8da420924560b2,2020,Review,English,EC_EV_FINAL_SCOPE,include,verified_member_of_final_4974
EC_EV_003069,10.1111/jcmm.15492,0e4b0d6830c4cd8de0255f70c5d7ba942f5c25ec6955af7099f3f9b5e14e9622,2020,Review,English,EC_EV_FINAL_SCOPE,include,verified_member_of_final_4974
EC_EV_003070,10.3389/fphar.2022.946392,8eabdfab30a59bb4c0839af4efc125c349233146010762aad3e3c2819f2edee5,2022,Article,English,EC_EV_FINAL_SCOPE,include,verified_member_of_final_4974
EC_EV_003071,10.1016/j.omtn.2024.102233,0a023481f4cfb120494d9007e580c2fdb30f7cc3e30d539480970437c3406609,2024,Article,English,EC_EV_FINAL_SCOPE,include,verified_member_of_final_4974
EC_EV_003072,10.2174/1389201024666230726114920,bfc40235ddb0669e987dd041967f05558f47104e603280ace106b0214d55809b,2024,Review,English,EC_EV_FINAL_SCOPE,include,verified_member_of_final_4974
EC_EV_003073,10.1007/s12032-025-02675-8,9032bcc95933ca2ee4f6ad81e5eceb269010707e2ece18dc4a57f89b61795304,2025,Review,English,EC_EV_FINAL_SCOPE,include,verified_member_of_final_4974
EC_EV_003074,10.2174/1570161119666210208202621,9d6dc4bd914b0f6cbc3a9c46b48403abc61c6ebc51cc8d700726201f23c168aa,2021,Review,English,EC_EV_FINAL_SCOPE,include,verified_member_of_final_4974
EC_EV_003075,10.3389/fcvm.2021.715258,8a2f8c770f00563c708a70f12da0674589b2cb10c1837c90efce04357655b47f,2021,Review,English,EC_EV_FINAL_SCOPE,include,verified_member_of_final_4974
EC_EV_003076,10.1016/j.bioactmat.2023.12.026,d82079f5add2d8bc2cdcf13b0a1951aeb247e0672f117c3baf5fcac276ff1f9e,2024,Article,English,EC_EV_FINAL_SCOPE,include,verified_member_of_final_4974
EC_EV_003077,10.1016/j.phrs.2023.106932,f33ba9f41be6f6590774082147a6a1f8344f8df9fe0af00e57029c611bbb356d,2023,Article,English,EC_EV_FINAL_SCOPE,include,verified_member_of_final_4974
EC_EV_003078,10.1002/wrna.1385,2e5e9c52526f29f967c37144bb48ea7fa0faaac34ffd16264ec272c840960ae2,2017,Article,English,EC_EV_FINAL_SCOPE,include,verified_member_of_final_4974
EC_EV_003079,10.1261/rna.064352.117,17d4df698a192ce5093300ef6b9bad6a6b096a3a16e0ab010cf385987dffe118,2018,Article,English,EC_EV_FINAL_SCOPE,include,verified_member_of_final_4974
EC_EV_003080,10.1002/jcp.31454,f2909c64f08d4aeeb7f39c775255fa82cf9c3dfda8cd07e58697b40f7bebf825,2025,Review,English,EC_EV_FINAL_SCOPE,include,verified_member_of_final_4974
EC_EV_003081,10.1016/j.mad.2016.12.004,3da47ea8a1fd8218ad544f616974dc50a7b0d84f270c3bf04596933e9f502080,2017,Article,English,EC_EV_FINAL_SCOPE,include,verified_member_of_final_4974
EC_EV_003082,10.1016/j.nano.2019.102072,941718a18087bc8b4cbbecdb7e839b94ab4f50ca004c62fabfbc9a9e59e8202c,2019,Article,English,EC_EV_FINAL_SCOPE,include,verified_member_of_final_4974
EC_EV_003083,10.1007/s12195-016-0458-3,5fca61dc8333a98b0f036dc50f53f9bece0ba47a7da291c22c812a55e44356c7,2016,Article,English,EC_EV_FINAL_SCOPE,include,verified_member_of_final_4974
EC_EV_003084,10.3390/biomedicines8080267,0139790c900e96d8115b167341adfc6ed6fe1bcd5f4e65c14cb889f436746381,2020,Review,English,EC_EV_FINAL_SCOPE,include,verified_member_of_final_4974
EC_EV_003085,10.1038/s41467-018-04695-7,c69851080b080f578b17dfe3dc044a1a71a8c4f74e36636af1b17133d7f24998,2018,Article,English,EC_EV_FINAL_SCOPE,include,verified_member_of_final_4974
EC_EV_003086,10.1158/0008-5472.can-13-0265,c634ddb96d4aeb931afc7e73f1632587ebee05782c0566175d05ed40cbd24aa7,2013,Review,English,EC_EV_FINAL_SCOPE,include,verified_member_of_final_4974
EC_EV_003087,10.1016/j.ymthe.2020.11.024,d7db3417c7ddc7a4404a10f1c86b66508dba5bc02bdd7528d5e1e2fae9c49a6e,2021,Article,English,EC_EV_FINAL_SCOPE,include,verified_member_of_final_4974
EC_EV_003088,10.1186/s12943-022-01505-z,f7bb84b268882bad3e1bb2e443173f4c1e7dd79430092055ff8268fe24ccb754,2022,Review,English,EC_EV_FINAL_SCOPE,include,verified_member_of_final_4974
EC_EV_003089,,18ce6cb8d6b3358ae4855aa820bf967bef11d62c4824dd4575cc7fbae9c0532c,2014,Article,English,EC_EV_FINAL_SCOPE,include,verified_member_of_final_4974
EC_EV_003090,10.1080/09546634.2020.1820935,16bf69726990a45e1543b09619ca660fe54a6992661ae267efd8db60a0eb3702,2022,Article,English,EC_EV_FINAL_SCOPE,include,verified_member_of_final_4974
EC_EV_003091,10.3389/fimmu.2019.02723,dc62f5d185c90ed627b3d4144533bdddc22c4b353b48f6155ca6aeba3b0e8d7a,2019,Review,English,EC_EV_FINAL_SCOPE,include,verified_member_of_final_4974
EC_EV_003092,10.1007/s10456-018-9609-6,c35180fa6ed43f81b39ece5cc5c0de28ab4078622c4b4355999e1bd8ddbc2349,2018,Article,English,EC_EV_FINAL_SCOPE,include,verified_member_of_final_4974
EC_EV_003093,10.3389/fcell.2021.791882,47a0045d372bb2363cee93515184b2b1d710dc0f0ccef734732da2eac5c61aba,2021,Review,English,EC_EV_FINAL_SCOPE,include,verified_member_of_final_4974
EC_EV_003094,10.1016/j.ejphar.2024.176720,580ecbb2a0aacf16b4908e514bd434cf33a8df77922683140fad511589bd2e21,2024,Article,English,EC_EV_FINAL_SCOPE,include,verified_member_of_final_4974
EC_EV_003095,10.1007/s12094-021-02750-2,3e9bb7a481f5112ca82d6bef8da970fbd526c887a53cf1a615596848101e72fd,2022,Review,English,EC_EV_FINAL_SCOPE,include,verified_member_of_final_4974
EC_EV_003096,10.1002/adhm.202202751,a8d032ce76d6912471fa8761beaf5336919b031778f94aae77cfc1d2c6244169,2023,Article,English,EC_EV_FINAL_SCOPE,include,verified_member_of_final_4974
EC_EV_003097,10.1007/978-3-030-48457-6_6,3d48edd755d68a3cc9823aab434baebc8613c8544aed34b5415bdff34a4c7128,2020,Article,English,EC_EV_FINAL_SCOPE,include,verified_member_of_final_4974
EC_EV_003098,10.1016/j.canlet.2016.04.038,7aa45369a2d2fcf7a058a88ac6750016dd0b1e450cb9b1d76327d1f5b839b481,2016,Review,English,EC_EV_FINAL_SCOPE,include,verified_member_of_final_4974
EC_EV_003099,10.1016/j.addr.2020.08.010,a046e8b5474f3b13332f265f055a7035b057f89c2082cdd31e44cd8b701e9395,2020,Review,English,EC_EV_FINAL_SCOPE,include,verified_member_of_final_4974
EC_EV_003100,10.4252/wjsc.v14.i12.851,bc7faa71c25d1e352f8ba12e73189b459fc7cad130d0861e00c0b7da520c5be8,2022,Review,English,EC_EV_FINAL_SCOPE,include,verified_member_of_final_4974
EC_EV_003101,10.1155/2016/4285938,a33369321f5fe07f993d0b16de815c5ead175b24edd31aaf2a4f8730738ecdc2,2016,Review,English,EC_EV_FINAL_SCOPE,include,verified_member_of_final_4974
EC_EV_003102,10.3390/ijms22073651,d55966abbd32b25d9159bfc5dc843b6d5e87cfa2b6f929ee4b4020574e9b3248,2021,Review,English,EC_EV_FINAL_SCOPE,include,verified_member_of_final_4974
EC_EV_003103,10.3389/fcell.2022.860005,66e8ea87ca72f94677d42b4982bde69d74ec206f23fe792c6a9e1d90b8bcead8,2022,Review,English,EC_EV_FINAL_SCOPE,include,verified_member_of_final_4974
EC_EV_003104,10.1016/j.tice.2021.101600,019bccab61e961c660b5695f804d7fcf5f24e3114796a1128b443778fc9d251b,2021,Article,English,EC_EV_FINAL_SCOPE,include,verified_member_of_final_4974
EC_EV_003105,10.1002/btm2.10065,f6355ba75eff86dc14313e8f5fee586abca1dbb662b119d2b1dd5957638b7ee8,2017,Article,English,EC_EV_FINAL_SCOPE,include,verified_member_of_final_4974
EC_EV_003106,10.3389/fnut.2021.769223,9c599993f1f90cb64ca75a7b1078ababceae8b73c026f3d61e5c72cb667ce376,2021,Article,English,EC_EV_FINAL_SCOPE,include,verified_member_of_final_4974
EC_EV_003107,10.3389/fphys.2020.01063,faba7d00e497626614a6970c8d1104f824b6430a2a88162cbbf0ec1228d15775,2020,Review,English,EC_EV_FINAL_SCOPE,include,verified_member_of_final_4974
EC_EV_003108,10.1111/febs.14123,1db01e89faa0c31aaf9d3af46685e32bcd285a0828df050261b65dc4a71df1ad,2018,Review,English,EC_EV_FINAL_SCOPE,include,verified_member_of_final_4974
EC_EV_003109,10.1016/j.bbcan.2020.188497,28790b85efa1729739981777534b42689e7f0e6d62fc1bb749434df66ea02667,2021,Review,English,EC_EV_FINAL_SCOPE,include,verified_member_of_final_4974
EC_EV_003110,10.1186/s13287-022-02965-2,5a9bf3e79cb0ebc21d6c33178b3cb60745884350b63384ed889fa585ddc9986e,2022,Review,English,EC_EV_FINAL_SCOPE,include,verified_member_of_final_4974
EC_EV_003111,10.7717/peerj.10001,11bb0e35bada89652cee694605614e2011fbcfe821bc397397619f4f8b6b8a6f,2020,Review,English,EC_EV_FINAL_SCOPE,include,verified_member_of_final_4974
EC_EV_003112,10.1021/acsnano.9b03656,117d2d5ea225726aef22fc0da52d414308fcc44180153e06317acf191569236b,2019,Article,English,EC_EV_FINAL_SCOPE,include,verified_member_of_final_4974
EC_EV_003113,10.1155/2024/4481452,826af92e4d8e40021cb7d2fa67370a0fb5551722ae47bf0bd131766421b88cbb,2024,Review,English,EC_EV_FINAL_SCOPE,include,verified_member_of_final_4974
EC_EV_003114,10.1002/advs.202417489,47e23358642755337a9b8d746428021c3ed7c6a49e84c534c1a71b90e982a1f3,2025,Article,English,EC_EV_FINAL_SCOPE,include,verified_member_of_final_4974
EC_EV_003115,10.3390/cells10051097,088047149ba022d844a7d77a15ae8aa626044f9fac0eb761f72afc076fc45378,2021,Review,English,EC_EV_FINAL_SCOPE,include,verified_member_of_final_4974
EC_EV_003116,10.1038/s41569-018-0110-0,bc01209fbb2e3c6501df657a472f20e6582d7b1ca76d0f71e9d29067b1623886,2019,Review,English,EC_EV_FINAL_SCOPE,include,verified_member_of_final_4974
EC_EV_003117,10.1002/jnr.23991,39eb0c481c6ddee2cf5ab515a9930b8029ead07e0eb89a7872b8a37559a5d507,2017,Review,English,EC_EV_FINAL_SCOPE,include,verified_member_of_final_4974
EC_EV_003118,10.1016/j.lfs.2024.123066,a1dae305dc7b2da9c7fa670aed157b227e30f8228a15328a4e83caf3d11f0d4e,2024,Article,English,EC_EV_FINAL_SCOPE,include,verified_member_of_final_4974
EC_EV_003119,10.3892/etm.2018.5993,185a3081bfea51030675b0959e59895156880ea19f7e98dc14cfeb17063d6869,2018,Review,English,EC_EV_FINAL_SCOPE,include,verified_member_of_final_4974
EC_EV_003120,10.3389/fendo.2023.1129884,16735f9e1a184412d06f41a4ff3eed6a6287bdd9a18f0d5d1d628e1828c06649,2023,Review,English,EC_EV_FINAL_SCOPE,include,verified_member_of_final_4974
EC_EV_003121,10.3390/ijms24032205,7f5d75a23fc42fe10964f6d46ad252a2a2e91cf5e2df1e5ce86521b8825492ae,2023,Review,English,EC_EV_FINAL_SCOPE,include,verified_member_of_final_4974
EC_EV_003122,10.3389/fphys.2018.00703,869be45106a8b9b14201664078b82046866fe308a2ed634cbf97c1e338c7d72a,2018,Review,English,EC_EV_FINAL_SCOPE,include,verified_member_of_final_4974
EC_EV_003123,10.4314/tjpr.v22i3.8,daccee52c743c5c7339225a0ca01e758edecb457d1a0af5cca97e363816c79c4,2023,Article,English,EC_EV_FINAL_SCOPE,include,verified_member_of_final_4974
EC_EV_003124,10.1016/bs.acc.2021.02.002,da5fd6babd2a031e89aa7364a5c8b93245737572511b107502de053c283b921d,2021,Review,English,EC_EV_FINAL_SCOPE,include,verified_member_of_final_4974
EC_EV_003125,10.1152/ajprenal.00071.2019,0753e7dae63838b7b4e751b18856aa3d559b7aa9ad8856bf8cb75321dca8cc37,2019,Article,English,EC_EV_FINAL_SCOPE,include,verified_member_of_final_4974
EC_EV_003126,10.1016/j.semcancer.2021.01.007,a9980583fab59c5daefa12ec95bbab9add4fe5471559301923786bdc33cc739a,2021,Article,English,EC_EV_FINAL_SCOPE,include,verified_member_of_final_4974
EC_EV_003127,10.1016/j.jconrel.2021.07.004,91c87eca7250e21cb41f25ba0d03c45b75535767d27f77f018db0873c8f070e2,2021,Article,English,EC_EV_FINAL_SCOPE,include,verified_member_of_final_4974
EC_EV_003128,10.1016/j.bbrc.2008.04.103,d854eed2d62279153dac1c8678f7e27e76993e07122d0ea44fd2144bcd7c3ed4,2008,Article,English,EC_EV_FINAL_SCOPE,include,verified_member_of_final_4974
EC_EV_003129,10.1016/j.bbadis.2024.167519,3e64ae3a638cc729a661249e997db89339bdf00824dd4eef915e94b98fd797fd,2025,Article,English,EC_EV_FINAL_SCOPE,include,verified_member_of_final_4974
EC_EV_003130,10.1186/s41232-023-00287-1,7a4a26082f3e49ae9c6c6a514ed575ad79c030696418456c534781b44c076d90,2023,Review,English,EC_EV_FINAL_SCOPE,include,verified_member_of_final_4974
EC_EV_003131,10.3389/fphar.2020.590972,e48ca5227077495208a618c26f80772c7058fe40f88308783a74aa8d646a612a,2020,Review,English,EC_EV_FINAL_SCOPE,include,verified_member_of_final_4974
EC_EV_003132,10.1371/journal.pone.0172575,e45be12e764e465b173281f1e142918533977c15fa4325ab10d1916f67bae9da,2017,Article,English,EC_EV_FINAL_SCOPE,include,verified_member_of_final_4974
EC_EV_003133,10.1007/s00125-019-05014-5,a2ea3a84995715d9d0674326fb369eea44c6aaca59c066f50dc4025a42ec94ea,2019,Review,English,EC_EV_FINAL_SCOPE,include,verified_member_of_final_4974
EC_EV_003134,10.1007/s13402-017-0335-7,58211c01ef57c0bccf70ca4edb602d9284e57e29de4c01418b0db6cdbeec24ac,2017,Article,English,EC_EV_FINAL_SCOPE,include,verified_member_of_final_4974
EC_EV_003135,10.1002/admi.202400885,b9b8968ba8cd88f6dff50db2d884ea92ee37c78af8c0c78b79d3a4a7fbf04b3a,2025,Article,English,EC_EV_FINAL_SCOPE,include,verified_member_of_final_4974
EC_EV_003136,10.1097/shk.0000000000002252,50cb5e2a8bc34bebbd0b13cd84dc9c2d1e207c7de5ca4b0d11df15ac51c62f23,2024,Article,English,EC_EV_FINAL_SCOPE,include,verified_member_of_final_4974
EC_EV_003137,10.1111/imr.13119,e7c401d1322c22e84ab0db5ef8f4bcac8d9e029a18917ccb827592a35c4bda47,2022,Review,English,EC_EV_FINAL_SCOPE,include,verified_member_of_final_4974
EC_EV_003138,10.1016/j.jhep.2019.07.019,018aba203b395978015d3c9a42bbcceb49199fa99f4346b598f6a1c65dfe06ba,2019,Article,English,EC_EV_FINAL_SCOPE,include,verified_member_of_final_4974
EC_EV_003139,10.3390/pharmaceutics13101543,ca4ea02e5dc6304dd590897abbd44541d391a6edc93bb04c339c932c8e755dcd,2021,Review,English,EC_EV_FINAL_SCOPE,include,verified_member_of_final_4974
EC_EV_003140,10.1039/d2lc00441k,4ed0ef26aa42378546a56078ab30544ac52f00c176db9e66abe7cf4af5ab0556,2022,Article,English,EC_EV_FINAL_SCOPE,include,verified_member_of_final_4974
EC_EV_003141,10.1172/jci.insight.132447,32f84f9380307d18c46120b0a6efcde628e849968780bb35e2b9a7ffca3db5a4,2019,Article,English,EC_EV_FINAL_SCOPE,include,verified_member_of_final_4974
EC_EV_003142,10.1002/jev2.12117,29b422151229724dc8f2aa73e9cfd0b700220fab994e0cce30cd1ab7d2a0fd77,2021,Article,English,EC_EV_FINAL_SCOPE,include,verified_member_of_final_4974
EC_EV_003143,10.21037/jtd-23-360,9629a6f35a1da988df62108e646eee2efa9ebb1b04a1611757fee5e57dc251cc,2023,Article,English,EC_EV_FINAL_SCOPE,include,verified_member_of_final_4974
EC_EV_003144,10.1016/j.jbc.2024.107681,d21cc7ac71fd84d2c3da83ed6e9fe76332acbc6069799aafe3dfd7e1f0169a1d,2024,Article,English,EC_EV_FINAL_SCOPE,include,verified_member_of_final_4974
EC_EV_003145,10.3390/cells12060942,59c0c4accfb8250b887310252c94bfd0b8ebd26be00a461de619b60c3cff9056,2023,Review,English,EC_EV_FINAL_SCOPE,include,verified_member_of_final_4974
EC_EV_003146,10.1038/s41598-018-30786-y,724aa9160c19464b8dbf36f8830dc1a75ffcc672cef387233de1f19bec4b4ab3,2018,Article,English,EC_EV_FINAL_SCOPE,include,verified_member_of_final_4974
EC_EV_003147,10.3390/ijms25031640,31e6505e0ef405df9c3b6bc8b94e16ce3b0c93a862afcea5a6df598740737d0f,2024,Review,English,EC_EV_FINAL_SCOPE,include,verified_member_of_final_4974
EC_EV_003148,10.1186/s12951-023-02216-3,b9795d3d05bc144370366f2452f9911912414706124661be91977cc856eca9f2,2023,Review,English,EC_EV_FINAL_SCOPE,include,verified_member_of_final_4974
EC_EV_003149,10.1071/rd15143,820b39afa93971d6637e32f81e37b06838b0afd6103d77e79180c4d8c92b3ada,2017,Review,English,EC_EV_FINAL_SCOPE,include,verified_member_of_final_4974
EC_EV_003150,10.1016/j.nano.2025.102819,39353af77deb8e884ebb161ee1f4ee4080b799e90ad00176f27f451e4124b424,2025,Article,English,EC_EV_FINAL_SCOPE,include,verified_member_of_final_4974
EC_EV_003151,10.1002/ijc.24479,8d67042045ea3cd530ed4c414a0a8c37001f6871cd9fcbf9c37e47aee5d8db6a,2009,Article,English,EC_EV_FINAL_SCOPE,include,verified_member_of_final_4974
EC_EV_003152,10.1002/wrna.1413,bc49e49b82a70b4a20106d063597fc6b40bd573e43bdc9e650b8b4dc0cb56727,2017,Review,English,EC_EV_FINAL_SCOPE,include,verified_member_of_final_4974
EC_EV_003153,,b4802aeac096726f3195014f5ff2caf0da54c3dc3ea4b4a6db5b9bee541937c2,2016,Review,English,EC_EV_FINAL_SCOPE,include,verified_member_of_final_4974
EC_EV_003154,10.1371/journal.pone.0315890,64bb3284aeecf2d7008220c396f5f5a76f9d325849baa52c18207ccaeea1a22a,2025,Article,English,EC_EV_FINAL_SCOPE,include,verified_member_of_final_4974
EC_EV_003155,10.1016/j.physbeh.2015.02.002,ccfbd44ee6c54e11974717b03aa69552a292d4c9a1d9dc3ce3f050e1e05158a9,2015,Article,English,EC_EV_FINAL_SCOPE,include,verified_member_of_final_4974
EC_EV_003156,10.2174/1381612823666170413125507,caca550f04e6608593be1981ab9d7ee36ece0ee14cf242bd279212e39b5c1137,2017,Review,English,EC_EV_FINAL_SCOPE,include,verified_member_of_final_4974
EC_EV_003157,10.1084/jem.20182313,a714ce2d351044efcbb05dfc2dc2c99e78d62f0056ca213ffbcf5a57c191703c,2019,Article,English,EC_EV_FINAL_SCOPE,include,verified_member_of_final_4974
EC_EV_003158,10.1016/j.omtn.2020.01.024,1407403f6369399c9ee2d2f436f0e3eda4683cf66019be27ff4e6a655dd056e7,2020,Article,English,EC_EV_FINAL_SCOPE,include,verified_member_of_final_4974
EC_EV_003159,10.1126/scitranslmed.abd1206,b4e29e3e96b8436793490cef124b6abd2ca84d5adf6800ff590c9eb2523492b2,2021,Article,English,EC_EV_FINAL_SCOPE,include,verified_member_of_final_4974
EC_EV_003160,10.3390/cells10123331,15c112ce79441cf5467df999fd872bc00ba9d49ac1a0652a95d0056efdcb1c5e,2021,Review,English,EC_EV_FINAL_SCOPE,include,verified_member_of_final_4974
EC_EV_003161,10.1093/rb/rbac064,56ceff082a748fd651c1210c7a6090447ff6e69fc72c9bf9f98e6ac514c4cc41,2022,Review,English,EC_EV_FINAL_SCOPE,include,verified_member_of_final_4974
EC_EV_003162,10.1016/j.jhep.2019.09.014,98ca4e97560a69b3ec26d2ba50087a049443cda70d655606f0709a20be1047c9,2020,Article,English,EC_EV_FINAL_SCOPE,include,verified_member_of_final_4974
EC_EV_003163,10.1155/2019/4598167,240ddcae83efc0d17786e0e693fc928f2b4bb0fe5cda19c5d9eca616d5774077,2019,Review,English,EC_EV_FINAL_SCOPE,include,verified_member_of_final_4974
EC_EV_003164,10.1371/journal.pone.0103599,34de316dd5bec3edeac031d1788ecd3fdbcd7e5ffab533935245ec162c993c9e,2014,Article,English,EC_EV_FINAL_SCOPE,include,verified_member_of_final_4974
EC_EV_003165,10.1002/mc.22935,cfc916548091087af4c51aa579378da68a9b5a61ec078ca4ee5c33a48886aaa2,2019,Article,English,EC_EV_FINAL_SCOPE,include,verified_member_of_final_4974
EC_EV_003166,10.1002/adfm.202419915,a9c0b77cbad1af1d211ca4227fe19a050951b6960143514a5e5b4de4d11f063e,2025,Article,English,EC_EV_FINAL_SCOPE,include,verified_member_of_final_4974
EC_EV_003167,10.1016/j.biopha.2023.115306,9834c945c5cf22e2d33cb183117c7b1003295dea1517b4e56f8256681aabec24,2023,Article,English,EC_EV_FINAL_SCOPE,include,verified_member_of_final_4974
EC_EV_003168,10.1016/j.biomaterials.2024.122544,82b36966c232cae6fdea5fbad04ff08fae02acd2756f80cdca68be03423c7ef2,2024,Article,English,EC_EV_FINAL_SCOPE,include,verified_member_of_final_4974
EC_EV_003169,10.1016/j.omtn.2024.102306,2636955f2e50071dbb81a36c18f7fc46a5df069800bcc5bd330f1c276a8f5f7e,2024,Article,English,EC_EV_FINAL_SCOPE,include,verified_member_of_final_4974
EC_EV_003170,10.1097/coh.0000000000000694,6a452bc96d979811492aaba1a42b2fe8a1cd6bb4302141e6ee657ad82d8e8dd2,2021,Review,English,EC_EV_FINAL_SCOPE,include,verified_member_of_final_4974
EC_EV_003171,10.1002/cm.21658,7cdcbbf21869da1acb1c84bd900e36fbaba897fced60f7587d6cb41bb8fdd3f6,2021,Review,English,EC_EV_FINAL_SCOPE,include,verified_member_of_final_4974
EC_EV_003172,10.1016/j.ijpharm.2021.121136,c5e2abb1c6f63e4eb104ecd1b97b78173bd6a942efdefbf14eeaaedc9ea2d7fd,2021,Article,English,EC_EV_FINAL_SCOPE,include,verified_member_of_final_4974
EC_EV_003173,10.1152/ajprenal.00318.2018,469530cca28c6c674ba0f079bb5c273288b10d79fdd18b92239028f7ed4a8a87,2018,Review,English,EC_EV_FINAL_SCOPE,include,verified_member_of_final_4974
EC_EV_003174,10.1186/s12951-024-02893-8,8cf5b1dc30da8c9c34c172ecf6568853be0a9d2edd16e2a0b23ddf138ea74abf,2024,Article,English,EC_EV_FINAL_SCOPE,include,verified_member_of_final_4974
EC_EV_003175,10.3390/ijms222011018,8c3dc368ab98a718c75d8036d3af444d72b5b80b404cd9017dc5d27b84453c84,2021,Article,English,EC_EV_FINAL_SCOPE,include,verified_member_of_final_4974
EC_EV_003176,10.1016/j.jsbmb.2023.106278,666d4819b17fc16e1e5da44d17f2bc33984ba1091c1710a7e5531ba057ed015e,2023,Article,English,EC_EV_FINAL_SCOPE,include,verified_member_of_final_4974
EC_EV_003177,10.1016/j.vph.2021.106873,52f757630a24b3cc34955c162c15ea6c4d0a74da26eb9cd346f3ba55219f980f,2021,Article,English,EC_EV_FINAL_SCOPE,include,verified_member_of_final_4974
EC_EV_003178,10.1002/mabi.202400609,cfd90c1937c2d6ae8b8de02f559a603829f489808487061e48f9adb802bb831b,2025,Article,English,EC_EV_FINAL_SCOPE,include,verified_member_of_final_4974
EC_EV_003179,10.1021/acsami.1c00347,fa7b5daacdf87edb1086f1bcb41b9e043306cd022d0095f6de15a03a69933ab5,2021,Article,English,EC_EV_FINAL_SCOPE,include,verified_member_of_final_4974
EC_EV_003180,10.1038/s41416-022-02055-3,b8627a4b625684480a1a58e782979991508554189963b384ccbe2cfa0c6f5f40,2023,Article,English,EC_EV_FINAL_SCOPE,include,verified_member_of_final_4974
EC_EV_003181,10.1186/s13054-022-04273-w,c0bf20e93b9313c5413f22cbb91d5adc884fa8c3b4a6bc0c97c17b34401f0164,2022,Review,English,EC_EV_FINAL_SCOPE,include,verified_member_of_final_4974
EC_EV_003182,10.3390/ijms21197336,99e6f5a01cea0da13257033dad2fc4fee3503999d2e35362453896237de77069,2020,Review,English,EC_EV_FINAL_SCOPE,include,verified_member_of_final_4974
EC_EV_003183,10.1021/acsami.5c02721,7b2f6d5f89514b73ba7d3a349cba4a0a767f3e6e6b96c5d652694aec4f12b602,2025,Article,English,EC_EV_FINAL_SCOPE,include,verified_member_of_final_4974
EC_EV_003184,10.1016/j.bioactmat.2025.02.042,c51c9e32e00f2326b59a4c2bba46c7f0a82539914b882d65343ba78871539059,2025,Article,English,EC_EV_FINAL_SCOPE,include,verified_member_of_final_4974
EC_EV_003185,10.1002/jev2.12073,1af70224f3e483f7a3d2577fd7c9ba5393821a9e1b52dfd351fb994723ee78b6,2021,Article,English,EC_EV_FINAL_SCOPE,include,verified_member_of_final_4974
EC_EV_003186,10.1016/j.colsurfb.2024.113979,20e752153c72e3943c36744aa6a51975478becf6f6197921fcf8a578c2c1dad9,2024,Article,English,EC_EV_FINAL_SCOPE,include,verified_member_of_final_4974
EC_EV_003187,10.1002/pmic.201700167,1e38bb1b923c09cb86437b69edb4bb1707057d47840f798ac3c64046c2884234,2018,Review,English,EC_EV_FINAL_SCOPE,include,verified_member_of_final_4974
EC_EV_003188,10.1111/jop.12654,5e4cd11a531517974a2b0d356c5bde78602506451a2e7368fe8033b3596988a9,2018,Article,English,EC_EV_FINAL_SCOPE,include,verified_member_of_final_4974
EC_EV_003189,10.1074/jbc.c112.444562,739a87f2095ef0b3dc522e77ba7590eda80296c4eb1b224a2867796406930680,2013,Article,English,EC_EV_FINAL_SCOPE,include,verified_member_of_final_4974
EC_EV_003190,10.1063/5.0220840,2d36d41a59aa688ff9dc904ec979a32032af920e8f9dfceba2c6ed9f496d7a91,2024,Review,English,EC_EV_FINAL_SCOPE,include,verified_member_of_final_4974
EC_EV_003191,10.3390/ijms20081832,da98020ecaabebed64836ea4b4994d761f65e40a9021d8f358952a9102c7c8c0,2019,Review,English,EC_EV_FINAL_SCOPE,include,verified_member_of_final_4974
EC_EV_003192,10.1165/rcmb.2015-0323tr,39f0a12c5b38d6c56329e1b18b0566b95e03dbca020966c37dfb55355e188f95,2016,Review,English,EC_EV_FINAL_SCOPE,include,verified_member_of_final_4974
EC_EV_003193,10.3390/ijms21249721,192fdffae47d8fe6981c313b2f5fa896e025a7541c6ec0bfbe1a45dbebe5bb0a,2020,Review,English,EC_EV_FINAL_SCOPE,include,verified_member_of_final_4974
EC_EV_003194,,fb28f31b73fdc1c60d85fee911a0fd503b17b84fe93b27656bfaf3a3219e0da0,2018,Review,English,EC_EV_FINAL_SCOPE,include,verified_member_of_final_4974
EC_EV_003195,10.1039/d1nr08108j,40e717d6d259ea2bd46f1161904618b1e2e1b4018fe5a4a213575b839f8744b4,2022,Article,English,EC_EV_FINAL_SCOPE,include,verified_member_of_final_4974
EC_EV_003196,10.1007/978-3-030-27378-1_71,0d2e63830a6041b84c4a19192e1dddc02d87327d2fdf202a4e2135c87c758047,2019,Article,English,EC_EV_FINAL_SCOPE,include,verified_member_of_final_4974
EC_EV_003197,10.1093/hmg/dds317,b39efc7e0d4ae01870a3aa0e5630da8f2b57fb80e95ba512f3cabd3c38a60f61,2012,Article,English,EC_EV_FINAL_SCOPE,include,verified_member_of_final_4974
EC_EV_003198,10.18632/oncotarget.14862,cdf0a3b2f5b4102da7aea7589308100f8b5ceddc0be060361673bee5e33902c7,2017,Article,English,EC_EV_FINAL_SCOPE,include,verified_member_of_final_4974
EC_EV_003199,10.1172/jci.insight.159865,0ea6dc543d93b6bf7d6c1235edcbddaba7a17db95d07acef9d8f92fc0c182649,2022,Article,English,EC_EV_FINAL_SCOPE,include,verified_member_of_final_4974
EC_EV_003200,10.1186/s40364-022-00374-4,0b3d0e88ec34f0d794e5be65d723511aa685ac3ebbc13b5dcc2e35dbee9dff18,2022,Review,English,EC_EV_FINAL_SCOPE,include,verified_member_of_final_4974
EC_EV_003201,10.3390/ph15060702,a60cfb295375b214f3e155341dd50c339f70c4083257d782bf32eb14346f4b7a,2022,Article,English,EC_EV_FINAL_SCOPE,include,verified_member_of_final_4974
EC_EV_003202,10.3389/fendo.2023.1256375,5162a62976c8a39d5cbab022c852c4e99f097a00b2f7a9e78385986f5cf40211,2024,Review,English,EC_EV_FINAL_SCOPE,include,verified_member_of_final_4974
EC_EV_003203,10.3390/biom14030378,4208b83346394cff624750b670b06b823e43936112831888b56eaa5b10583d5b,2024,Review,English,EC_EV_FINAL_SCOPE,include,verified_member_of_final_4974
EC_EV_003204,10.3390/ijms21186768,5f2f9643e9813f4eba94739e4456fb7de4e1ec76032c5e2b4c03bbb5e4c5fa6d,2020,Review,English,EC_EV_FINAL_SCOPE,include,verified_member_of_final_4974
EC_EV_003205,10.3390/pharmaceutics14030672,88ae77df3fac445822aaf0bb807f77aa7397d7ba22a170250eb0dd5bc26ee1dc,2022,Review,English,EC_EV_FINAL_SCOPE,include,verified_member_of_final_4974
EC_EV_003206,10.1111/febs.16043,5cc4786999a4d9055e89fe6a0ba778bce8178dac405067e1c1db9a53747e1b77,2021,Article,English,EC_EV_FINAL_SCOPE,include,verified_member_of_final_4974
EC_EV_003207,10.3389/fcell.2020.616161,ecd46e4cec0a0e82256a30df759c8a4a3afc3c46c92504f2e627a271c2d62419,2021,Review,English,EC_EV_FINAL_SCOPE,include,verified_member_of_final_4974
EC_EV_003208,10.1161/hypertensionaha.121.17957,eef1510e206e8a7788c81084e0373f050fcc060562cc17d8da818a6942e1c1a2,2022,Review,English,EC_EV_FINAL_SCOPE,include,verified_member_of_final_4974
EC_EV_003209,10.1002/alz.13055,e8c1655f39891968a739924b5a454af398eefecb2480dac691554cbbd62eac3a,2023,Article,English,EC_EV_FINAL_SCOPE,include,verified_member_of_final_4974
EC_EV_003210,10.1111/j.1600-6143.2012.04015.x,80302799ed21218f74cfccb2e0eb1bd6646a384caf17859e1027f55e87563d8e,2012,Review,English,EC_EV_FINAL_SCOPE,include,verified_member_of_final_4974
EC_EV_003211,10.1021/acsnano.3c01534,b6f1a08af2c8f126e2a6d12e7b91865615f8b446f8043255ffbe54f3794133c5,2023,Article,English,EC_EV_FINAL_SCOPE,include,verified_member_of_final_4974
EC_EV_003212,10.1517/14712598.2013.833603,20fd10c2fcccbd0e7a0a811bd8e5f737c876095cda38a2ae71e60e40266236a7,2013,Review,English,EC_EV_FINAL_SCOPE,include,verified_member_of_final_4974
EC_EV_003213,10.1097/md.0000000000037994,d1ef3e31ae59f72e1195c741c6416db8cb171986c76b4d0891682b2461e8d5d5,2024,Article,English,EC_EV_FINAL_SCOPE,include,verified_member_of_final_4974
EC_EV_003214,10.3390/pharmaceutics15051527,5085f955e974ae993fd49399cce250485909f10aeadd65ccef6b98a1762c7de4,2023,Article,English,EC_EV_FINAL_SCOPE,include,verified_member_of_final_4974
EC_EV_003215,10.1016/j.colsurfb.2018.07.037,4e9a3513e9fa94f2bab7fbacb55b6af6bf44bb81ca15c5584ff307426e539c23,2018,Article,English,EC_EV_FINAL_SCOPE,include,verified_member_of_final_4974
EC_EV_003216,10.1080/15548627.2020.1717128,f3f2df17a17fa1931ef09133309be92b46c44614785482e155d7243db91b9a47,2020,Article,English,EC_EV_FINAL_SCOPE,include,verified_member_of_final_4974
EC_EV_003217,10.1016/j.bbadis.2024.167194,92740c855981c1b7e75b130228c25fc7dff555f35e37d5ce4935260a78edced9,2024,Article,English,EC_EV_FINAL_SCOPE,include,verified_member_of_final_4974
EC_EV_003218,10.3390/pharmaceutics12100966,b28473de88c1444bd2c9f5d58caac1f3e54c981d0729a2c1886fea03c1a65754,2020,Review,English,EC_EV_FINAL_SCOPE,include,verified_member_of_final_4974
EC_EV_003219,10.1038/s41413-023-00313-5,435e19e380d70484302e6284c3acded3f88633cf38eff4b86cfae8e43230b4cc,2024,Review,English,EC_EV_FINAL_SCOPE,include,verified_member_of_final_4974
EC_EV_003220,10.1371/journal.pone.0224852,a6cf4ab532df9bb54843f9772b27cccdb1dc2c014034a3b6a54adaffbbe81b8a,2020,Article,English,EC_EV_FINAL_SCOPE,include,verified_member_of_final_4974
EC_EV_003221,10.3389/fimmu.2020.00221,425f23f2b0e578bb6adbff49128a36c65b32232142e7b10904c972a45a08e0d6,2020,Review,English,EC_EV_FINAL_SCOPE,include,verified_member_of_final_4974
EC_EV_003222,10.3390/ijms21093387,560afd6f5753178eb4bb070f0e96335769ecd71097fe9aad3e0aa9f396903dea,2020,Review,English,EC_EV_FINAL_SCOPE,include,verified_member_of_final_4974
EC_EV_003223,10.1007/s11011-022-01074-6,88f9df3dde5ad2d58e84ccc1060cd0ae4fd0f6917ac2b4592f46f463c0d7e4d6,2023,Review,English,EC_EV_FINAL_SCOPE,include,verified_member_of_final_4974
EC_EV_003224,10.1002/dvg.23369,6d3ac55f2908dfc28390e2b6cf0ce76ba5231048037dfaff4edf24f86db40a73,2020,Article,English,EC_EV_FINAL_SCOPE,include,verified_member_of_final_4974
EC_EV_003225,10.3390/ijms24044250,81d4e5eab66064922016d9032c70d7e66dd9746ba367f906bbd78aa91d203155,2023,Review,English,EC_EV_FINAL_SCOPE,include,verified_member_of_final_4974
EC_EV_003226,10.1016/j.tranon.2021.101286,b9d96ab39c5eea906e3a76cd9305f4e1e9ab1fb3c7a43cf1f040ed4e86121b33,2022,Article,English,EC_EV_FINAL_SCOPE,include,verified_member_of_final_4974
EC_EV_003227,10.1016/j.placenta.2020.03.002,70b6cab32d5a605e0ef914dd6b7e4ec1558066cbf2d98f3f24739e228e21c1d0,2020,Review,English,EC_EV_FINAL_SCOPE,include,verified_member_of_final_4974
EC_EV_003228,10.3389/fimmu.2024.1385950,17b64325cfb11ab6b0ef70c4998fc3d5a10e72c51059cfc6fc24a47284b50a6e,2024,Review,English,EC_EV_FINAL_SCOPE,include,verified_member_of_final_4974
EC_EV_003229,10.3389/fcvm.2022.854726,185cdf0b0f2509035ace317a7b09ad0e4c30edf22dca476dc7aa1a35e7ff2e0e,2022,Review,English,EC_EV_FINAL_SCOPE,include,verified_member_of_final_4974
EC_EV_003230,10.1007/s12013-024-01617-x,a99eee53856a37440666aeec1666c6b4308992cd82f5b3bd857ccf61f7a1f8fc,2025,Review,English,EC_EV_FINAL_SCOPE,include,verified_member_of_final_4974
EC_EV_003231,10.3390/biomedicines9040404,b4e489637a79892a3b45d9e8797fa388c32f724ca8c97680dfc13057af28a3dc,2021,Review,English,EC_EV_FINAL_SCOPE,include,verified_member_of_final_4974
EC_EV_003232,10.3390/ijms221910652,a5070c19b760a49409d03ccb92192e35203930d9a1e15b2c54e25560ec448f27,2021,Review,English,EC_EV_FINAL_SCOPE,include,verified_member_of_final_4974
EC_EV_003233,10.1038/s41467-019-13316-w,63a8b85511267a7ce0d020175b08f29d03848f4770ef4a9888623e6e58f4b17e,2019,Article,English,EC_EV_FINAL_SCOPE,include,verified_member_of_final_4974
EC_EV_003234,10.1089/scd.2017.0048,509d1be170a65a55223334a76408495e07340d2d61c0ccb2e5842de8662b68a2,2017,Article,English,EC_EV_FINAL_SCOPE,include,verified_member_of_final_4974
EC_EV_003235,10.1016/j.addr.2012.08.008,365601264d6b3e3163f1373615b03be0c26e36cdd2d6aec0818771d697c9dfd1,2013,Review,English,EC_EV_FINAL_SCOPE,include,verified_member_of_final_4974
EC_EV_003236,10.3390/ma14051078,1546f596b882953754fff69f9926b5ee24aa8564b97cc13a9e11f4fda0ee0cd0,2021,Article,English,EC_EV_FINAL_SCOPE,include,verified_member_of_final_4974
EC_EV_003237,10.1166/jbt.2021.2843,ca37f4633ffc8e1ffe245b28707dd5529907de3ced08ad7c16f4c278d4d79fe6,2021,Article,English,EC_EV_FINAL_SCOPE,include,verified_member_of_final_4974
EC_EV_003238,10.1186/s12935-022-02642-7,6d2a48baaceeff5a996e2106cc0c830a8fbbe87177ee59fcfe1e15002de7a7af,2022,Review,English,EC_EV_FINAL_SCOPE,include,verified_member_of_final_4974
EC_EV_003239,10.3390/cells13161343,66c10c28e01de6a50d5c57eddfbbc17c03bd1d64ba81f5a3c015ebe2b2f35b43,2024,Review,English,EC_EV_FINAL_SCOPE,include,verified_member_of_final_4974
EC_EV_003240,10.3390/ijms21239228,85ab8d635bc00844537e2480aca67b4d263ccbcc5811a291420a9290175086bd,2020,Article,English,EC_EV_FINAL_SCOPE,include,verified_member_of_final_4974
EC_EV_003241,10.1186/s12943-017-0595-x,0f740fecc970196d7c3b92665ea60e65934785663689c473eb3739921b60a5d5,2017,Review,English,EC_EV_FINAL_SCOPE,include,verified_member_of_final_4974
EC_EV_003242,10.1038/s42003-023-05165-7,4cab850e500e674f858a44646024b8a7fd7eea89362a3ae636a01b8cfa0214ad,2023,Article,English,EC_EV_FINAL_SCOPE,include,verified_member_of_final_4974
EC_EV_003243,10.1093/burnst/tkae023,2b6451c65c4ed48e31e8801b70536daadd6d6acfef7e942e3a6715ef24c0d1ec,2024,Review,English,EC_EV_FINAL_SCOPE,include,verified_member_of_final_4974
EC_EV_003244,10.3892/or.2019.7261,171593290a063d83b86554d3efe0baefd0799200828f8f8c664abc5d5062acd9,2019,Review,English,EC_EV_FINAL_SCOPE,include,verified_member_of_final_4974
EC_EV_003245,10.1186/s12967-025-06445-y,2ee143193fb059d373e1a676937bfecfd5840ac2cb191e4e8fffb29a84d303b3,2025,Review,English,EC_EV_FINAL_SCOPE,include,verified_member_of_final_4974
EC_EV_003246,10.1111/jcmm.17689,3fa87ff51e5b393c6a6bef682baf34682877d534b3db1d583ac795c5b8a1edcc,2023,Review,English,EC_EV_FINAL_SCOPE,include,verified_member_of_final_4974
EC_EV_003247,10.1016/j.critrevonc.2018.02.015,5b8a17c9cde1c281a65c1b26d9340dee30a3fce2520e71e7327aa66586887b93,2018,Review,English,EC_EV_FINAL_SCOPE,include,verified_member_of_final_4974
EC_EV_003248,10.1007/s11739-019-02270-6,532e80bc3f6985cf17540ac5b0ca56ac792cfd0429b6db04b39dfdca856445b4,2020,Review,English,EC_EV_FINAL_SCOPE,include,verified_member_of_final_4974
EC_EV_003249,10.1038/s41422-018-0070-2,5fbe4c0b47a501225e8624c64e69fe42361e14ab6c47d18d9764410703c275d1,2018,Article,English,EC_EV_FINAL_SCOPE,include,verified_member_of_final_4974
EC_EV_003250,10.1182/bloodadvances.2018024877,de16826a6aa7823f0804d832997a550ca953af8bf8adede349a0c7e45a55f442,2019,Article,English,EC_EV_FINAL_SCOPE,include,verified_member_of_final_4974
EC_EV_003251,10.1158/0008-5472.can-06-0391,3ade7bdb4a707d687ac309bdc169a6267f0f3447ef6450b208b50f2b2495f494,2006,Article,English,EC_EV_FINAL_SCOPE,include,verified_member_of_final_4974
EC_EV_003252,10.3389/fimmu.2023.1204524,09969df09229aa1816ada87d5f2e35137a722a127eb26af9806b0f3e5870b5fc,2023,Review,English,EC_EV_FINAL_SCOPE,include,verified_member_of_final_4974
EC_EV_003253,10.1002/btm2.10203,23ec9638d2c5e961d0f8524817e59e8f6f2c5c3ef083d10daeec751ebf489747,2021,Article,English,EC_EV_FINAL_SCOPE,include,verified_member_of_final_4974
EC_EV_003254,10.1016/j.prp.2024.155275,e7eefd216804b6be77e48a5f2ea607dfe5bb8757f17a228f9459ea2053713c22,2024,Article,English,EC_EV_FINAL_SCOPE,include,verified_member_of_final_4974
EC_EV_003255,10.3390/genes14081516,f79e21ce5befd44341a28aa98564a7fa24c36ad9dedef6e7de3f805b7215db5d,2023,Review,English,EC_EV_FINAL_SCOPE,include,verified_member_of_final_4974
EC_EV_003256,10.3389/fimmu.2014.00608,64e1c95df975243da6a666ac814eb6b4e0d9e0dc4e024bb4926a4c09c164f85e,2014,Review,English,EC_EV_FINAL_SCOPE,include,verified_member_of_final_4974
EC_EV_003257,10.1186/s12964-023-01408-6,48842905a9170254efa3070b56745a94ca5b7ec20b99cc18dca203600b517bd3,2024,Review,English,EC_EV_FINAL_SCOPE,include,verified_member_of_final_4974
EC_EV_003258,10.1016/j.abb.2018.03.004,777ae9d9abd9b011a1ab9542db8f1613345a43f0f4150e0f37174e9cc14d3a41,2018,Article,English,EC_EV_FINAL_SCOPE,include,verified_member_of_final_4974
EC_EV_003259,10.1111/cas.15393,1f64249f8139084c8878ee531c8f3acca9479f81488df33e5c3d199de99bae3b,2022,Article,English,EC_EV_FINAL_SCOPE,include,verified_member_of_final_4974
EC_EV_003260,10.1155/2019/2858750,6e0979b26c1092b0b7a94b7238d6ad8f515112fb3bd709544c32b90d7832c1d9,2019,Article,English,EC_EV_FINAL_SCOPE,include,verified_member_of_final_4974
EC_EV_003261,10.1038/s41598-018-19855-4,2f9575afb016b74bae4e8cfb45b499c61a84da8ce7f210f2daa91fa18c24d693,2018,Article,English,EC_EV_FINAL_SCOPE,include,verified_member_of_final_4974
EC_EV_003262,10.4103/aja202351,0ab8b46ee2e170089567c7b029bd78abba4df73c28f9284a3e3594e457693401,2024,Article,English,EC_EV_FINAL_SCOPE,include,verified_member_of_final_4974
EC_EV_003263,10.1016/j.freeradbiomed.2024.11.022,ef4c9b963c30a4fb7b6587488ef19d2592fcc43244e976e98be38082077b1dfb,2025,Article,English,EC_EV_FINAL_SCOPE,include,verified_member_of_final_4974
EC_EV_003264,10.1016/j.jfma.2024.01.019,eac6cd6ecdd7568716675a9ed09b52595f86d5a4e22392ee53fbfa3a1a8fb669,2024,Article,English,EC_EV_FINAL_SCOPE,include,verified_member_of_final_4974
EC_EV_003265,10.1152/ajpheart.00134.2018,30347774f5b78f6e4d706c65575a1741b655cc2df1c46d2f73c1698348edb8b9,2018,Article,English,EC_EV_FINAL_SCOPE,include,verified_member_of_final_4974
EC_EV_003266,10.1095/biolreprod.111.097014,47a69d1a5829cb1143d0ca135bebd269cab01181736ead206b9ecd4ff9f2cc98,2012,Article,English,EC_EV_FINAL_SCOPE,include,verified_member_of_final_4974
EC_EV_003267,10.1016/j.yexcr.2020.111957,ffad199c4c7aa3aa8d0fc0c022d96fa8420e837f780dee83fb4ee36faae86680,2020,Article,English,EC_EV_FINAL_SCOPE,include,verified_member_of_final_4974
EC_EV_003268,10.25259/ajc_103_2024,30329490bc55d761535aefbfa6523c932c969b041e2355cffd067cdb4c22b126,2025,Article,English,EC_EV_FINAL_SCOPE,include,verified_member_of_final_4974
EC_EV_003269,10.3892/mmr.2021.12222,8d2a0ce0a2c7cd46a9b2ed96b2f2a3e079e64f8f235eb17dff7c740400e2ab2a,2021,Article,English,EC_EV_FINAL_SCOPE,include,verified_member_of_final_4974
EC_EV_003270,10.1016/j.pneurobio.2021.102022,ac08b4de7b6b2efc0405762cca1a23b3fbd4dd6551d270066d315675b1df5ed8,2021,Review,English,EC_EV_FINAL_SCOPE,include,verified_member_of_final_4974
EC_EV_003271,10.1166/jbn.2022.3421,ee17a902994040209b92a42621dad151e07fb5d9d031cd945e93f9c3eb722cae,2022,Article,English,EC_EV_FINAL_SCOPE,include,verified_member_of_final_4974
EC_EV_003272,10.2147/ott.s61562,74eb746804293ef9c29c646a94478a2b4d46db3e06bfaa5543aaa7f6112f9e0d,2014,Review,English,EC_EV_FINAL_SCOPE,include,verified_member_of_final_4974
EC_EV_003273,10.3389/fncel.2020.573345,bec580270329cac15226ff1f0283ddd95dc31d966774ca2006a2ef2bcec647bc,2020,Article,English,EC_EV_FINAL_SCOPE,include,verified_member_of_final_4974
EC_EV_003274,10.3390/ijms20061279,134d8e68cab8b004b1d538d993140786c6c97b454fd12d6c0c9436686856fae5,2019,Article,English,EC_EV_FINAL_SCOPE,include,verified_member_of_final_4974
EC_EV_003275,10.3390/ijms251810225,f34e11ffa215fbb6ee3a56a0a35d70c5b7f4f29f8f688b178728dba1835fdb27,2024,Review,English,EC_EV_FINAL_SCOPE,include,verified_member_of_final_4974
EC_EV_003276,10.1016/j.exger.2012.11.017,b00b4a29f453a149cf38b6b8438b23edd085c070128f78b0fe4faa431e836ddc,2013,Article,English,EC_EV_FINAL_SCOPE,include,verified_member_of_final_4974
EC_EV_003277,10.1182/blood-2011-08-374793,31487e00821aa397e393f51a8620ec41121aa19786a17672795472e521480015,2013,Article,English,EC_EV_FINAL_SCOPE,include,verified_member_of_final_4974
EC_EV_003278,10.3390/ijms22115967,7bfacfd85be84ab65807bf6da6b71fa2d827ed7f54d2e22911438582d131bfa1,2021,Review,English,EC_EV_FINAL_SCOPE,include,verified_member_of_final_4974
EC_EV_003279,10.1007/s13770-021-00406-4,532bc9c86d6c7310377563153589da601031abe06513dd3520649efcf336f7a3,2022,Review,English,EC_EV_FINAL_SCOPE,include,verified_member_of_final_4974
EC_EV_003280,10.1039/d3bm02017g,064cc715f9184888952191223fe72dfc3a8ab887c0f904eb32ad3ae393296060,2024,Review,English,EC_EV_FINAL_SCOPE,include,verified_member_of_final_4974
EC_EV_003281,10.1007/s00401-015-1399-y,721fa6847a3912e989bbd8e2c5793a53d3909fa451d122c74f3eebf7a5852536,2015,Review,English,EC_EV_FINAL_SCOPE,include,verified_member_of_final_4974
EC_EV_003282,10.1093/cvr/cvaa195,741fb4164585fbde9b32a8117c9b7f99c86fab2e4f727233aafdaf0913519e0c,2020,Article,English,EC_EV_FINAL_SCOPE,include,verified_member_of_final_4974
EC_EV_003283,10.1038/s41467-024-45753-7,c9f10b86037ac2e2d23693e8c18a5965e62051bfb4af5aaff0b85262354b7c8a,2024,Article,English,EC_EV_FINAL_SCOPE,include,verified_member_of_final_4974
EC_EV_003284,10.4049/jimmunol.1301728,f3fe68b34c7616c688491c6080dbcc6faf67bebeaeb99fa9427f4963d44b666b,2013,Article,English,EC_EV_FINAL_SCOPE,include,verified_member_of_final_4974
EC_EV_003285,10.1016/j.ajpath.2012.07.030,ef7c35811446eb9a2cf534a8b9fc5f5a7dfdaa5d557b75e61cda4118b3b46d52,2012,Article,English,EC_EV_FINAL_SCOPE,include,verified_member_of_final_4974
EC_EV_003286,10.3390/cells11081275,cc52a11a97350b01748ae1e5920eac4d1d7bf8b5ec0bd6c0460be0d7887f2efd,2022,Review,English,EC_EV_FINAL_SCOPE,include,verified_member_of_final_4974
EC_EV_003287,10.1093/rb/rbae145,4af8514de1a0a3bd44919903c7514d93068c45baf770144983bbf6351d121e06,2025,Article,English,EC_EV_FINAL_SCOPE,include,verified_member_of_final_4974
EC_EV_003288,10.1016/j.heliyon.2023.e18626,8b633d20f1a9a64a0e832ff692852acbe4ea1312d9c8db46ad9f8b323c1928b5,2023,Review,English,EC_EV_FINAL_SCOPE,include,verified_member_of_final_4974
EC_EV_003289,10.1002/pmic.201200533,670cca25acbd83b22ce326fadd2e0062c6ee1a5157c71aada0637cb201235445,2013,Review,English,EC_EV_FINAL_SCOPE,include,verified_member_of_final_4974
EC_EV_003290,10.1038/s41598-022-09358-8,a5b5eefd9c44eee505bec2b9b6de49d1e32e28df534873d9756a3ee0cd6114bb,2022,Article,English,EC_EV_FINAL_SCOPE,include,verified_member_of_final_4974
EC_EV_003291,10.1016/j.ymthe.2019.06.018,a1fa5f8ae65a2c137603676e77c97f5e771aae1062c37ac6bd581e152be66004,2019,Article,English,EC_EV_FINAL_SCOPE,include,verified_member_of_final_4974
EC_EV_003292,10.3892/etm.2021.10966,fd277c1f0efef2eb22e1f3fcfacac26128fd46ba59a3a7087300edf57ac80a97,2022,Article,English,EC_EV_FINAL_SCOPE,include,verified_member_of_final_4974
EC_EV_003293,10.1093/cvr/cvv260,a4d8c9f645fa9beaaf1dfc744db93eae836f625edd3138bb7e163986a6645b8a,2016,Article,English,EC_EV_FINAL_SCOPE,include,verified_member_of_final_4974
EC_EV_003294,10.1155/2022/4525778,48cdb1039ab4f9f1fb7401fe98dcc026049a7c5933a00b260f82b989975e8295,2022,Review,English,EC_EV_FINAL_SCOPE,include,verified_member_of_final_4974
EC_EV_003295,10.1002/mnfr.202000108,ed86685ec242eff72a592cff4d553fcb090436b1aa575d5ebcda27a9a4bae290,2020,Article,English,EC_EV_FINAL_SCOPE,include,verified_member_of_final_4974
EC_EV_003296,10.3402/jev.v5.31427,64f2eb4c8476db0cb08fc60ed50155d535f8216efeb0b6d7738773ae96a88e26,2016,Article,English,EC_EV_FINAL_SCOPE,include,verified_member_of_final_4974
EC_EV_003297,10.1038/s12276-021-00651-6,b210dfc113cae49ff11dee6b1eb82fcb5f12b3625c5c957d7ec859cba507d797,2021,Article,English,EC_EV_FINAL_SCOPE,include,verified_member_of_final_4974
EC_EV_003298,10.3390/ijms22052335,17b4107a8a6724c5ec37a0c30936a0834c6e5e7932e419b1dbf5465d42ff96a0,2021,Review,English,EC_EV_FINAL_SCOPE,include,verified_member_of_final_4974
EC_EV_003299,10.3390/ijms25042415,cbb4598a3d654ebd42f3c8a1ba58d701eadb83b9be88479b5da185e85e3f8635,2024,Article,English,EC_EV_FINAL_SCOPE,include,verified_member_of_final_4974
EC_EV_003300,10.1002/med.21731,277e6b64b904125f910068fbee8b00e46c06101e2eed3cb58283085f362cc22b,2021,Review,English,EC_EV_FINAL_SCOPE,include,verified_member_of_final_4974
EC_EV_003301,10.1016/j.jconrel.2025.02.010,18e69c29c6ada6c9f7866ce17b8c559be3ced2b343474eb09f8daec578e5a383,2025,Article,English,EC_EV_FINAL_SCOPE,include,verified_member_of_final_4974
EC_EV_003302,10.3390/jcm10215014,5e80a0f3c523ed97f4b06a6d383a1b08d1925961cc4dde568a20a2f5c71da7fa,2021,Article,English,EC_EV_FINAL_SCOPE,include,verified_member_of_final_4974
EC_EV_003303,10.3389/fonc.2021.722922,9f3365df9f1a287b4d42fe36eed9c31ec6cbe393ce6c19f060e4cbbe5c834034,2021,Review,English,EC_EV_FINAL_SCOPE,include,verified_member_of_final_4974
EC_EV_003304,10.3390/pharmaceutics15061639,077dae2d7e5e4bd2036568f7dec137d96f8fa2bd1103417f3120bcad0560ba49,2023,Review,English,EC_EV_FINAL_SCOPE,include,verified_member_of_final_4974
EC_EV_003305,10.3390/v13122363,163539a101dc65ca58f47c03efa32fa804a60ab4e5f9296f6a374e110e2dd422,2021,Article,English,EC_EV_FINAL_SCOPE,include,verified_member_of_final_4974
EC_EV_003306,10.1002/cbf.3921,5567f7802952cdcb522c3e0295ae8e4d486c8776c99e669037735bf454669f53,2024,Review,English,EC_EV_FINAL_SCOPE,include,verified_member_of_final_4974
EC_EV_003307,10.1002/jcp.30101,05c62a7e711af0c255119e553d225c0aac5b5e0d124298c2b8bfcc595a68478d,2021,Review,English,EC_EV_FINAL_SCOPE,include,verified_member_of_final_4974
EC_EV_003308,10.1158/0008-5472.can-19-0819,81e119df4e905744c65f769f455e8ee01a544f65c95b871c9ef1717b1adb6442,2020,Article,English,EC_EV_FINAL_SCOPE,include,verified_member_of_final_4974
EC_EV_003309,10.18632/oncotarget.14878,bda120b2b171648122fdeb6e9943fd45663caf27b14e0d728a36b17d747cfc89,2017,Review,English,EC_EV_FINAL_SCOPE,include,verified_member_of_final_4974
EC_EV_003310,10.1111/bph.16475,d377e5d4dd4f5a8794b5792cbacb8748c9d44a6f8ef2f43df9df7467b44b97b1,2024,Review,English,EC_EV_FINAL_SCOPE,include,verified_member_of_final_4974
EC_EV_003311,10.1016/j.arr.2025.102757,6f0abe5417f71d3dc4f86a950061d6fb37cc04185931953d235c42d2e66760e2,2025,Review,English,EC_EV_FINAL_SCOPE,include,verified_member_of_final_4974
EC_EV_003312,10.1042/cs20230681,4eeffce318452e95f4b3990439d9cef9e4b65089a8c4bba00deb4527c3af3431,2024,Review,English,EC_EV_FINAL_SCOPE,include,verified_member_of_final_4974
EC_EV_003313,10.1007/s13402-020-00519-3,4c3957a92c12d41d5e20e9aaecfdcbb4a516cb5cdaa22361b752b1e93431dabf,2020,Review,English,EC_EV_FINAL_SCOPE,include,verified_member_of_final_4974
EC_EV_003314,10.1126/scitranslmed.aac9816,81b19fdfbf91d7277c48a511886913b463fb1c720f0759aa5cbb06e735dce232,2015,Article,English,EC_EV_FINAL_SCOPE,include,verified_member_of_final_4974
EC_EV_003315,10.1172/jci.insight.128846,134b278f72bbfe2f5b0a476e4b4ede394c23e9b6cf44df4afb660334c2a9d0ed,2019,Article,English,EC_EV_FINAL_SCOPE,include,verified_member_of_final_4974
EC_EV_003316,10.1038/nrcardio.2017.7,cfaa1a742b6b077a84d21d310f2824405e6fd8d5ff8aad440009b4278172b335,2017,Review,English,EC_EV_FINAL_SCOPE,include,verified_member_of_final_4974
EC_EV_003317,10.1186/s12964-023-01461-1,8ea707ec7526ceef9d93f5a6bc95fafff1c9e7c4178a75036ea48e890efab682,2024,Article,English,EC_EV_FINAL_SCOPE,include,verified_member_of_final_4974
EC_EV_003318,10.2217/epi-2022-0201,682e5cce1b333ee6bea6b052f7783e22c60bab907f20ae2e84b1ac938dd7cd44,2022,Review,English,EC_EV_FINAL_SCOPE,include,verified_member_of_final_4974
EC_EV_003319,10.1016/j.pharmthera.2021.107805,04995844e3647f47eb625629fe1183afdf744778d417485cb26811753ca3ba52,2021,Review,English,EC_EV_FINAL_SCOPE,include,verified_member_of_final_4974
EC_EV_003320,10.1002/jcp.27695,1da5404c8d416ba38f48060b43b207782d7086160a510d06dd6109eb89852097,2019,Article,English,EC_EV_FINAL_SCOPE,include,verified_member_of_final_4974
EC_EV_003321,10.1155/2021/5558048,f98c83acf95843bf22ebf03def6825a8a59233befa09c8017f9c1186180a73c7,2021,Review,English,EC_EV_FINAL_SCOPE,include,verified_member_of_final_4974
EC_EV_003322,10.1016/j.ymthe.2019.12.007,95c435e7591b01a7b304ae80f4be5c17e9709114b15ac0b8094a1ec5c732a86e,2020,Article,English,EC_EV_FINAL_SCOPE,include,verified_member_of_final_4974
EC_EV_003323,10.1002/pmic.201800164,31f0acfc6236124ab48f355ffb639013344c4dcdc5297806d5f685fdc933acfa,2019,Article,English,EC_EV_FINAL_SCOPE,include,verified_member_of_final_4974
EC_EV_003324,10.1038/s41598-019-54431-4,03ceba1eff1e2253b9c1d1ab05a9f7eec3a3c9f1ce81c596c39dc39e0dbd8e7c,2019,Article,English,EC_EV_FINAL_SCOPE,include,verified_member_of_final_4974
EC_EV_003325,10.4252/wjsc.v12.i12.1529,d323bc22562dfe8c8feb8fe8df3a962b416db21a641e22a95357dd1feb214d94,2020,Review,English,EC_EV_FINAL_SCOPE,include,verified_member_of_final_4974
EC_EV_003326,10.18388/abp.2019_2895,b3e53a9d476b56f403f2a3b9c86417609b453304cf2a820c07d3a58074cccc49,2019,Review,English,EC_EV_FINAL_SCOPE,include,verified_member_of_final_4974
EC_EV_003327,10.1038/s41434-021-00310-5,640abb8cd7f81d665cdc0bff45128262e4fc67b07b0305a7ff5cde9a6b3a3536,2022,Article,English,EC_EV_FINAL_SCOPE,include,verified_member_of_final_4974
EC_EV_003328,10.1007/s12035-025-04858-w,53ac36ff2f76f3474575031a7d28532c050dd1435b63ee36c39c3bc55194610a,2025,Review,English,EC_EV_FINAL_SCOPE,include,verified_member_of_final_4974
EC_EV_003329,10.1007/s10157-024-02464-z,bbc0e99ac2f70a4015951d131b968a7c99b62dc9d63a19441703e36aff12b9f2,2024,Article,English,EC_EV_FINAL_SCOPE,include,verified_member_of_final_4974
EC_EV_003330,10.3390/ijms232012546,6b13ac7675101e261a92d1c0cebe2190173d7b1270122f8a9cef7ada25d4c350,2022,Review,English,EC_EV_FINAL_SCOPE,include,verified_member_of_final_4974
EC_EV_003331,10.1161/atvbaha.119.312463,4f7b668aa905395d8eb220aeec40a53ff35d7315a3f60a44691185a22cbadbc5,2019,Review,English,EC_EV_FINAL_SCOPE,include,verified_member_of_final_4974
EC_EV_003332,10.1016/j.pharmthera.2021.108025,095c67ce5ace467ce5e77f010678ddb7e555419a69abf95928847241dc17cb75,2022,Review,English,EC_EV_FINAL_SCOPE,include,verified_member_of_final_4974
EC_EV_003333,10.3390/cells9122719,f371c5cb9f10c0722c2c1917ba8c6f2fe18770316f2d463579149edd4783582a,2020,Article,English,EC_EV_FINAL_SCOPE,include,verified_member_of_final_4974
EC_EV_003334,10.1186/s13287-021-02266-0,1a5bf1d961ab335ba526310d24aa9ecfd281d2aa36e5d25965313b0252caafca,2021,Review,English,EC_EV_FINAL_SCOPE,include,verified_member_of_final_4974
EC_EV_003335,10.3390/ijms21228682,6c783e9e9ea97b984a32353261e89a75601b343aac4f94248daf3d4a30307c73,2020,Review,English,EC_EV_FINAL_SCOPE,include,verified_member_of_final_4974
EC_EV_003336,10.3390/ijms19123715,62fe28dc3a8923a307276de4903999a17d8701ad255d0a8978082eeb113a0143,2018,Review,English,EC_EV_FINAL_SCOPE,include,verified_member_of_final_4974
EC_EV_003337,10.5812/hepatmon.58021,1dd0acab5ac3c9ed12c3bd11992c7d80fc1a064323bb501cb62aea26c8342515,2017,Review,English,EC_EV_FINAL_SCOPE,include,verified_member_of_final_4974
EC_EV_003338,10.1016/j.yexcr.2018.02.023,9f6e128c4936c6c09a8a1558ebaaeff12b84556a767337100672ab357556e6e6,2018,Article,English,EC_EV_FINAL_SCOPE,include,verified_member_of_final_4974
EC_EV_003339,10.3109/01913123.2016.1154912,4e0cf52e0253b732d2095c5660f4ba1e8caa5da07b6f74d7b00453743ae233dc,2016,Article,English,EC_EV_FINAL_SCOPE,include,verified_member_of_final_4974
EC_EV_003340,10.1172/jci123135,a3bcc31d1b56f344e419105bb5a1502efe6694a244e6606daa76876d43f0ef89,2019,Article,English,EC_EV_FINAL_SCOPE,include,verified_member_of_final_4974
EC_EV_003341,10.3389/fbioe.2022.989537,c8c4db9f6cac24c1827f0f383ba76efef4d4e3427fe7bff35f49cd4e430be317,2022,Review,English,EC_EV_FINAL_SCOPE,include,verified_member_of_final_4974
EC_EV_003342,10.1093/jb/mvaa105,aeabdcca8fd491b56d036e9392269ba9e8c1d92b749456c4fc9309bfdb504195,2021,Review,English,EC_EV_FINAL_SCOPE,include,verified_member_of_final_4974
EC_EV_003343,10.1016/j.blre.2020.100694,78babc6d0d8264e1ae6d423810d7b18a290bc4e01e6dddc54db0b1172a573c0c,2021,Review,English,EC_EV_FINAL_SCOPE,include,verified_member_of_final_4974
EC_EV_003344,10.1111/and.12871,fbf1b8f28a0d119c5c5714651db688e743a60f4f82273690d716b6da2ad70c00,2018,Article,English,EC_EV_FINAL_SCOPE,include,verified_member_of_final_4974
EC_EV_003345,10.1016/j.biomaterials.2018.03.037,ab834ac16b4236a67cb21c16417379b6650f672927a353348d163525d17d24cf,2018,Article,English,EC_EV_FINAL_SCOPE,include,verified_member_of_final_4974
EC_EV_003346,10.1111/cpr.12956,df0763e1cc9fcebb78344e0e5a8408ad9d0c7f7c4b2d5eacd0163927b8928877,2021,Review,English,EC_EV_FINAL_SCOPE,include,verified_member_of_final_4974
EC_EV_003347,10.3390/life13091924,50b41852b6f3a3a90edfe3dd47e0de5953de8cbf2001b597c32d64af2110ed3c,2023,Review,English,EC_EV_FINAL_SCOPE,include,verified_member_of_final_4974
EC_EV_003348,10.1016/j.prp.2025.155905,61f90325532dba3538ed88ed101222502b422aa900715defe0b63703dd373ef7,2025,Review,English,EC_EV_FINAL_SCOPE,include,verified_member_of_final_4974
EC_EV_003349,10.3389/fphar.2023.1200782,032aef3535ae598860093a87ac7c898728970bc9bbb722afbc8357fd83440eee,2023,Review,English,EC_EV_FINAL_SCOPE,include,verified_member_of_final_4974
EC_EV_003350,10.3390/ijms241813906,2164b60f11d5f76f288067bdf104e8a07e52dafbbc7d9e36e67173c8d5ad1512,2023,Review,English,EC_EV_FINAL_SCOPE,include,verified_member_of_final_4974
EC_EV_003351,10.1227/neu.0000000000000369,33774391d62f641c435c5720a74b5870ee9c011b66f45d0b5dd7296b9e8d39a9,2014,Review,English,EC_EV_FINAL_SCOPE,include,verified_member_of_final_4974
EC_EV_003352,10.1055/s-0041-1725066,9ff957acfa66477e3f62ca55f37d1d7f9828a0e3e415379f98141b4890a364d5,2021,Article,English,EC_EV_FINAL_SCOPE,include,verified_member_of_final_4974
EC_EV_003353,10.1111/jcmm.14060,fab7d37070891909160537a046976a61bcdc5d093c3627ec0b74e0bea7044ca4,2019,Article,English,EC_EV_FINAL_SCOPE,include,verified_member_of_final_4974
EC_EV_003354,10.3389/fphys.2020.00738,198efbc6c963392102492a9a87ca9a73f7041b2c66f519508d1142583cb071f9,2020,Review,English,EC_EV_FINAL_SCOPE,include,verified_member_of_final_4974
EC_EV_003355,10.3390/ijms222413540,0c03dd510b5fca383bf19a4ac5143896f85a5fb32a8bb4af5726c1c796d3c39f,2021,Article,English,EC_EV_FINAL_SCOPE,include,verified_member_of_final_4974
EC_EV_003356,10.3390/ijms221810132,7fecfb8934f2c3d136856cc5e8bd64e75287d7e897e33ea2c78f6dc1b9957012,2021,Review,English,EC_EV_FINAL_SCOPE,include,verified_member_of_final_4974
EC_EV_003357,10.1016/j.biomaterials.2024.122502,dd7ae51c9eec0a220cc119a808fa7e9abd46dc5c2dc190ca7fb4f9ca9da76dca,2024,Article,English,EC_EV_FINAL_SCOPE,include,verified_member_of_final_4974
EC_EV_003358,10.1039/d0fo02953j,5ae4d3bf45b6ddb93cdc172cf119aa67ab0fc469ac6eab943518af97ad582f8e,2021,Article,English,EC_EV_FINAL_SCOPE,include,verified_member_of_final_4974
EC_EV_003359,10.3390/ijms18050956,5a24417ff71ddfbf7eec4920619604951e537bd1eb1ff0e4bc9e31711f13d19d,2017,Review,English,EC_EV_FINAL_SCOPE,include,verified_member_of_final_4974
EC_EV_003360,10.1002/adhm.201801082,c7dbd48ec01b337db2667fa61853a45d0e27580993dd62ff9e4a2a619feff9ba,2019,Article,English,EC_EV_FINAL_SCOPE,include,verified_member_of_final_4974
EC_EV_003361,10.1016/j.avsg.2024.09.062,e9689ac5fa9ffbdb9e627c9c311c12b837f5534e8dcc68799ad18c3b689c6d4e,2025,Article,English,EC_EV_FINAL_SCOPE,include,verified_member_of_final_4974
EC_EV_003362,10.1097/mol.0b013e328350a425,8dfc587e9489917e263d473e563bca9ddc00e50787a59fe66c8a6785333ae204,2012,Review,English,EC_EV_FINAL_SCOPE,include,verified_member_of_final_4974
EC_EV_003363,10.1016/j.ymthe.2021.02.009,fb7f6fc85b967664151b1193f5bd8cfcd28779ca9be637b32d44b836d08f4de9,2021,Article,English,EC_EV_FINAL_SCOPE,include,verified_member_of_final_4974
EC_EV_003364,10.1186/s12964-020-0530-4,7eb2fca943923a17b1d2bd71088098234248aa21e487537a4fc3c28e8d66997d,2020,Review,English,EC_EV_FINAL_SCOPE,include,verified_member_of_final_4974
EC_EV_003365,10.1111/j.1365-3083.2005.01551.x,86a53fda157e5860bf5f353ef38fc35ca6494de742ec9203e5cf1eb326e33a69,2005,Article,English,EC_EV_FINAL_SCOPE,include,verified_member_of_final_4974
EC_EV_003366,10.1016/j.bbrc.2021.02.034,0d3d00e122b42eaea0260e794e87a7d5e323008a28f5f432376220363dd8e5f5,2021,Article,English,EC_EV_FINAL_SCOPE,include,verified_member_of_final_4974
EC_EV_003367,10.1016/j.bioactmat.2021.07.024,5921bbbf8dfdf7777dd78940665ed84b393230720f037e187cb6af425dbde6ea,2022,Article,English,EC_EV_FINAL_SCOPE,include,verified_member_of_final_4974
EC_EV_003368,10.1080/20013078.2020.1812261,0868115c03e0451420ac60cbf172b5faaf87f3ac2937d3e470b0848d1214553d,2020,Article,English,EC_EV_FINAL_SCOPE,include,verified_member_of_final_4974
EC_EV_003369,10.3390/ijms23105765,6bdd9d902ce3c4c0550e3e6d40e52f9dcfe3de2d44d008212694a2163319c537,2022,Review,English,EC_EV_FINAL_SCOPE,include,verified_member_of_final_4974
EC_EV_003370,10.2217/nnm.11.156,5627d9921d702646b031193cf9d63d8f968ef1aa1e6b4212fcbab4a15dbd2f79,2012,Article,English,EC_EV_FINAL_SCOPE,include,verified_member_of_final_4974
EC_EV_003371,10.1016/j.canlet.2021.09.036,0002283fe41ceeb933f2be8529b83790c2e6f9852451527c1ac60635b61c3b4f,2021,Article,English,EC_EV_FINAL_SCOPE,include,verified_member_of_final_4974
EC_EV_003372,10.1186/s13287-025-04226-4,4be496b245a98935968deae106c2ed053392e8a6f95b89a2e9dffb8706831c67,2025,Article,English,EC_EV_FINAL_SCOPE,include,verified_member_of_final_4974
EC_EV_003373,10.1007/s12015-023-10540-2,1f645f9ad7711aeec07097a1cfd29a258979a68c1168d17da40bcd45863b468c,2023,Article,English,EC_EV_FINAL_SCOPE,include,verified_member_of_final_4974
EC_EV_003374,10.1016/j.biomaterials.2016.06.024,cc5891d4d2ec9eccbfb3df6b5fe2b97ec8148b6ab18f603267e9b0df08fd0b97,2016,Article,English,EC_EV_FINAL_SCOPE,include,verified_member_of_final_4974
EC_EV_003375,10.1039/d1lc00333j,ccf8353991be8d195b70ee62cb2abd86d50070fae851f1e9b0b1ca214a7a524e,2021,Article,English,EC_EV_FINAL_SCOPE,include,verified_member_of_final_4974
EC_EV_003376,10.1111/eci.12475,84088cafa263dc88ab086e4d398a083d95fe57db982a3d54bb8240f070488402,2015,Review,English,EC_EV_FINAL_SCOPE,include,verified_member_of_final_4974
EC_EV_003377,10.1042/bst20120254,d1cc298c73aa4754e7c07bd360f4f7c4bbe679b6c66de3a0bc01dc47bdcb4779,2013,Article,English,EC_EV_FINAL_SCOPE,include,verified_member_of_final_4974
EC_EV_003378,10.3390/ijms22158351,fedfff4962851260f6255667897dc8f48a0e1b4c5ac53f8ea996f50d2f8e25de,2021,Article,English,EC_EV_FINAL_SCOPE,include,verified_member_of_final_4974
EC_EV_003379,10.2147/ijn.s516533,b652c33e3aec0053c33949fffcf685337ed12b4565c6c864e22a591b1b9e1040,2025,Review,English,EC_EV_FINAL_SCOPE,include,verified_member_of_final_4974
EC_EV_003380,10.1098/rstb.2016.0485,afa09f4620f6be2040936c2775c3aedfede334fc3fde560c62761b246f625291,2018,Review,English,EC_EV_FINAL_SCOPE,include,verified_member_of_final_4974
EC_EV_003381,10.1186/s12935-024-03481-4,4a38ddb21f0687968f38d4c6b0c2a80fa4e5f46f32846fc342cdfbf3365b9428,2024,Review,English,EC_EV_FINAL_SCOPE,include,verified_member_of_final_4974
EC_EV_003382,10.3390/ijms23147588,64e1f079dce4b1e4bf14f189996ed4c6bd8cbecd6668bbb60e3aa9ed8f2a3c74,2022,Review,English,EC_EV_FINAL_SCOPE,include,verified_member_of_final_4974
EC_EV_003383,10.3390/ijms242115635,4157cdbd70507170f7f011c4e67d60e61e10d7c525f16a90c42603611f7c49e0,2023,Review,English,EC_EV_FINAL_SCOPE,include,verified_member_of_final_4974
EC_EV_003384,10.1016/j.bbalip.2016.01.010,ee1ef5ea0ccc8e9350c40b931bbf9271a7d2a51c203c6a6e0d86fdde4ad92fac,2016,Article,English,EC_EV_FINAL_SCOPE,include,verified_member_of_final_4974
EC_EV_003385,10.3390/pharmaceutics12050402,090e73e65c765575cae2510acbf2ddc19dfb315800715c62a0be95bc2a6a4b5b,2020,Review,English,EC_EV_FINAL_SCOPE,include,verified_member_of_final_4974
EC_EV_003386,10.3389/fmolb.2023.1330327,3d9c7b7fe2d77fbf23f74128dce696a4568147463993283be33abf76b58e5a2d,2024,Review,English,EC_EV_FINAL_SCOPE,include,verified_member_of_final_4974
EC_EV_003387,10.1631/jzus.b1600490,a2401223180a2be0740ae6629cf64bd359f004806be3479b2a1fa847733c8969,2018,Review,English,EC_EV_FINAL_SCOPE,include,verified_member_of_final_4974
EC_EV_003388,10.3390/ijms24065307,0f4e14af8d02b27dc3518a839eafb38a8fd07e3258867024fc1ef012b7a30eb2,2023,Review,English,EC_EV_FINAL_SCOPE,include,verified_member_of_final_4974
EC_EV_003389,10.1016/j.bbrc.2024.150316,ac033b59ada26d7b391ef47f4738d02d5673b1404eee25d422940b4dc55bf902,2024,Article,English,EC_EV_FINAL_SCOPE,include,verified_member_of_final_4974
EC_EV_003390,10.3389/fimmu.2019.02447,a1a571de25621a3a435d72ebd35fb4efefc9f7c4243b2abe60b2c1a68743bb3f,2019,Review,English,EC_EV_FINAL_SCOPE,include,verified_member_of_final_4974
EC_EV_003391,10.1016/j.bone.2007.02.030,a574b592572987a25a66b523599c865375d6a8687b22b8389c1ee1acaae568a6,2007,Article,English,EC_EV_FINAL_SCOPE,include,verified_member_of_final_4974
EC_EV_003392,10.1158/1541-7786.mcr-22-0673,40493ed28c5bf6b1573a371db7b2243e27dbb8083ca48f44ffa91c038daf5ac4,2023,Article,English,EC_EV_FINAL_SCOPE,include,verified_member_of_final_4974
EC_EV_003393,10.1177/09603271211001122,065de94ab78184ea3d9878b020c85634e92fac5ab5727e476441aed60600b9b4,2021,Review,English,EC_EV_FINAL_SCOPE,include,verified_member_of_final_4974
EC_EV_003394,10.3390/biomedicines9101373,7c318c4988a5af834d6b900c411cbbfb776b59751cbda649cd52489ada735d20,2021,Review,English,EC_EV_FINAL_SCOPE,include,verified_member_of_final_4974
EC_EV_003395,10.1096/fj.201500150r,c4655f43dd8c9362f3447f451e41e3ae9c7a8245e31d2bef12cf04c961bcaae1,2016,Article,English,EC_EV_FINAL_SCOPE,include,verified_member_of_final_4974
EC_EV_003396,10.1007/s00281-011-0250-3,f58f80c39172826641a35524121d7f64d7e53488ad69d2d066685d1b955da19b,2011,Review,English,EC_EV_FINAL_SCOPE,include,verified_member_of_final_4974
EC_EV_003397,10.1016/j.mtbio.2024.101440,d0b876e6b7771c01d4dbbc17476849524b3b87f4aa2907a793799c3224e1691b,2025,Article,English,EC_EV_FINAL_SCOPE,include,verified_member_of_final_4974
EC_EV_003398,10.1158/1541-7786.mcr-16-0307,1142653562b13319881e31f0258a630bdebd44e84c235d8a4c4e04bd1efa4480,2017,Article,English,EC_EV_FINAL_SCOPE,include,verified_member_of_final_4974
EC_EV_003399,10.3892/ijo.2020.4992,d67b6c58257b028febcb72ce6f331aedfb5738f2f054fc32e6e1b718cea4c3a6,2020,Review,English,EC_EV_FINAL_SCOPE,include,verified_member_of_final_4974
EC_EV_003400,10.1016/j.placenta.2016.12.001,1d060d4fd545cb6bd22e44826670a5edeb85cdb242caeb082dff812020c62a44,2017,Review,English,EC_EV_FINAL_SCOPE,include,verified_member_of_final_4974
EC_EV_003401,10.3390/life11111123,1d82599a436b4551517d57ff2d632e689c39282d7e1ce6da5ac9e6e8c51f390e,2021,Review,English,EC_EV_FINAL_SCOPE,include,verified_member_of_final_4974
EC_EV_003402,10.1002/jcp.31278,23ab993a8e163d16b8aa22dd54687ed684a0b032202a19ae8a9e0a19421512ca,2024,Review,English,EC_EV_FINAL_SCOPE,include,verified_member_of_final_4974
EC_EV_003403,10.1007/s13346-023-01494-6,a9af2a46b0d9f55fd25fc2922eafbb471ce0e7a3a81444ad13c63cd58113bdd1,2024,Review,English,EC_EV_FINAL_SCOPE,include,verified_member_of_final_4974
EC_EV_003404,10.4110/in.2018.18.e43,82b1afb9da331c3558947a0febd6106e18ed5cb0c99340e462313caa640ce771,2018,Review,English,EC_EV_FINAL_SCOPE,include,verified_member_of_final_4974
EC_EV_003405,10.1021/acsnano.5c02532,1a99df9143a9a2dc55070d2f73eca0350b5ee701bcf1eb9dd4d49dad0f48d80f,2025,Article,English,EC_EV_FINAL_SCOPE,include,verified_member_of_final_4974
EC_EV_003406,10.1016/j.intimp.2025.114218,10d74c73fffec67a1d8bf06b358446632f11f80867790d35da97daede27495a6,2025,Review,English,EC_EV_FINAL_SCOPE,include,verified_member_of_final_4974
EC_EV_003407,10.1016/j.foodres.2022.111742,b1d336b55bd631c1cf588056f6dab60f091e12c63b4b04d33c14d3cd3fe31f1e,2022,Article,English,EC_EV_FINAL_SCOPE,include,verified_member_of_final_4974
EC_EV_003408,10.1038/s41582-018-0025-8,8b2991340d51959d7eae6cab95d48219261ec3eb71ed46a5ccabb3d4cc9cf14d,2018,Review,English,EC_EV_FINAL_SCOPE,include,verified_member_of_final_4974
EC_EV_003409,10.1007/s11892-019-1193-7,c6cabb296b820ab621a704e6c9b5a8ba0087d0a49463825d16868a5b418d140a,2019,Review,English,EC_EV_FINAL_SCOPE,include,verified_member_of_final_4974
EC_EV_003410,10.3390/ijms22189701,c3d4441dddebf28e20a66ba908eabc9bce610074d85094d862bc4c66e02aecfc,2021,Review,English,EC_EV_FINAL_SCOPE,include,verified_member_of_final_4974
EC_EV_003411,10.1016/j.ab.2019.06.001,4cde903374f301a63fe6174344ee61648048e89bd78c506084fc346e3ee576be,2019,Article,English,EC_EV_FINAL_SCOPE,include,verified_member_of_final_4974
EC_EV_003412,10.1016/j.bioactmat.2025.03.025,68583919dc95ed832bfdf1a1fac298a78f02a7da273a5b21020fdd65a49a0f6a,2025,Article,English,EC_EV_FINAL_SCOPE,include,verified_member_of_final_4974
EC_EV_003413,10.1111/cns.70422,f481990ff367b88694d7a23288cbe5a922702f50c73f16b3fb1d91c9a0ed360e,2025,Review,English,EC_EV_FINAL_SCOPE,include,verified_member_of_final_4974
EC_EV_003414,10.1002/jcp.30213,0ff23678fcc58ff18a3d6b02ad9878b987435c1f273b4e4314ffad0c4aeeac68,2021,Article,English,EC_EV_FINAL_SCOPE,include,verified_member_of_final_4974
EC_EV_003415,10.3389/fendo.2019.00622,53c2d295c53590711a3e639f03c1c10cd47b74951e9ec09ed491e24db51e5a54,2019,Review,English,EC_EV_FINAL_SCOPE,include,verified_member_of_final_4974
EC_EV_003416,10.3389/fcell.2021.822149,5f760d06d34d5720f71044ae9605d710e5283dea6e307c87b58db46671deaacd,2022,Review,English,EC_EV_FINAL_SCOPE,include,verified_member_of_final_4974
EC_EV_003417,10.1155/2022/3698219,81bf073f6224c2d2fb978647d4599b7019eeddcddae50e537f84f9c1ef38982f,2022,Article,English,EC_EV_FINAL_SCOPE,include,verified_member_of_final_4974
EC_EV_003418,10.3389/fnmol.2016.00164,142e347ffe4fbef34fe85cbeeb62979b05913a614bfa4ef433070e7265e57930,2016,Article,English,EC_EV_FINAL_SCOPE,include,verified_member_of_final_4974
EC_EV_003419,10.3390/ijms24032100,c306a5829b4c316b9c5ca3b004c6c1690d9a111528e0e151e7be29baf6b01a5f,2023,Review,English,EC_EV_FINAL_SCOPE,include,verified_member_of_final_4974
EC_EV_003420,10.1016/j.lfs.2024.122876,89ea3b7225815ab8a3a00d05475e7602b5bba5003e2272f350609940209721c7,2024,Article,English,EC_EV_FINAL_SCOPE,include,verified_member_of_final_4974
EC_EV_003421,10.1038/s41598-024-69172-2,4266a317f620f113d70af0e1301af9bd07c87b6f576bc363bface6f161cdd029,2024,Article,English,EC_EV_FINAL_SCOPE,include,verified_member_of_final_4974
EC_EV_003422,10.1089/ten.teb.2014.0300,c89b2058d11c93bfa88f326b65de11832465fa7123d432355d9837070a1cbba5,2015,Article,English,EC_EV_FINAL_SCOPE,include,verified_member_of_final_4974
EC_EV_003423,10.3389/fncel.2025.1536028,27372e4e1a8aa5d6cb35966ea93d5354fc9dbd00f5c3d357c141d7483194eb4d,2025,Review,English,EC_EV_FINAL_SCOPE,include,verified_member_of_final_4974
EC_EV_003424,10.1186/s12943-021-01440-5,00d9e620e521047643cc2353c0cb0609ff2037495eaa375e26a9b2b7536879f4,2022,Review,English,EC_EV_FINAL_SCOPE,include,verified_member_of_final_4974
EC_EV_003425,10.1016/j.biopha.2024.116224,2b285b7a9fe2293d579b99e095d8af626d0396347cf056ed4b9d9f2fc3ff45da,2024,Article,English,EC_EV_FINAL_SCOPE,include,verified_member_of_final_4974
EC_EV_003426,10.1038/s41598-017-15717-7,163cb6d5b25a0b776abaf9c9b4f8d03028f76816ad360a83539dbf822c0cd314,2017,Article,English,EC_EV_FINAL_SCOPE,include,verified_member_of_final_4974
EC_EV_003427,10.3390/cells10081959,7a00d3d1b512402522d6745199e7d567daa6ae0456bffb28bc03db744080bac9,2021,Review,English,EC_EV_FINAL_SCOPE,include,verified_member_of_final_4974
EC_EV_003428,10.12659/msm.924023,fe0fb13a3e2c5ca6918e48ed86807152a9ddd29241f4ceaa940dcb0f98442130,2020,Review,English,EC_EV_FINAL_SCOPE,include,verified_member_of_final_4974
EC_EV_003429,10.1016/j.atherosclerosis.2024.119069,3ba3291a253ff99060c5afbc8bf0813b8c9a9347e3a25980d9d5d8aa5eb1e0d3,2025,Article,English,EC_EV_FINAL_SCOPE,include,verified_member_of_final_4974
EC_EV_003430,10.3390/ijms22136687,c93119b3ff9e519ffc1ab6c99d08b7c1de0d43507b907da1acfdfac48fd43a3c,2021,Review,English,EC_EV_FINAL_SCOPE,include,verified_member_of_final_4974
EC_EV_003431,10.1016/j.biopha.2020.110584,0866b13e37108bf871ae134f5f1b995d9c27f783fd2bbb41a63731c95c5b6af9,2020,Article,English,EC_EV_FINAL_SCOPE,include,verified_member_of_final_4974
EC_EV_003432,10.14336/ad.2020.1221,b9bbece5648f63e8eacbfcd0121c81c7f44321b100e97126f2223e36df4e0859,2021,Article,English,EC_EV_FINAL_SCOPE,include,verified_member_of_final_4974
EC_EV_003433,10.1155/2017/1719050,dbf5c5fe974e013239812e9588617d5067ac8b04677d6edeac9b68ed7b7e4d81,2017,Review,English,EC_EV_FINAL_SCOPE,include,verified_member_of_final_4974
EC_EV_003434,10.14336/ad.2021.1110,a5f3f2f6e72060233bb3f11984806ccd781d9ff524d32dccc7ee8793d65374e5,2022,Review,English,EC_EV_FINAL_SCOPE,include,verified_member_of_final_4974
EC_EV_003435,10.3389/fmed.2021.781567,38760eee88ab9baf8352b68f91f378e7937cb605a36fbc9c5dbca4c984fdd838,2021,Review,English,EC_EV_FINAL_SCOPE,include,verified_member_of_final_4974
EC_EV_003436,10.1007/s12015-022-10487-w,cf1b494472817fae34dff82cfc9f055121d8274462bd6492af66f5095d51a389,2023,Article,English,EC_EV_FINAL_SCOPE,include,verified_member_of_final_4974
EC_EV_003437,10.3390/cells11030353,11801b88c50b86b902f24c5192898e061f69191ff42d6bc87de910fbc5e2552b,2022,Article,English,EC_EV_FINAL_SCOPE,include,verified_member_of_final_4974
EC_EV_003438,10.1166/mex.2021.1887,bbabd23e9c8df01644d3172aac7110b1e4859e2a6094314ed182a2f2790f1223,2021,Article,English,EC_EV_FINAL_SCOPE,include,verified_member_of_final_4974
EC_EV_003439,10.1016/j.fct.2023.114004,58976640243fa71382c51bbb3d46d74d3066733a09e7a68093ecee0aca07902f,2023,Article,English,EC_EV_FINAL_SCOPE,include,verified_member_of_final_4974
EC_EV_003440,10.1002/jmv.28120,d122224c201c191dcbb05b448a274ac0b8c93bb8dfa8fd0043fb894aaae68a10,2023,Article,English,EC_EV_FINAL_SCOPE,include,verified_member_of_final_4974
EC_EV_003441,10.1038/bjc.2012.13,f83ca949862daf216e34bf1b800b7458c9f674335c81427e06e50c4ae202b724,2012,Article,English,EC_EV_FINAL_SCOPE,include,verified_member_of_final_4974
EC_EV_003442,10.3390/diagnostics11060971,841789468d81f8618e0f1bb4084d9c0cb3f914ac19b5e55bdfa3be261520f18a,2021,Article,English,EC_EV_FINAL_SCOPE,include,verified_member_of_final_4974
EC_EV_003443,10.3389/fbioe.2025.1571461,0ae32753d7598e746883805f8d3ea151554c0dc6d3f14a8f723727f83ed7b6c0,2025,Review,English,EC_EV_FINAL_SCOPE,include,verified_member_of_final_4974
EC_EV_003444,10.1016/j.diabres.2023.110573,76be8cf0e45cb2e1aca889f74dc9931248db367a6b2aa138eba75c1ae94e5b65,2023,Article,English,EC_EV_FINAL_SCOPE,include,verified_member_of_final_4974
EC_EV_003445,10.1016/j.arr.2024.102273,787c3dbe2438492368a2da6d15698bc50aba8ad40ef95233667a15e5528fd4b5,2024,Review,English,EC_EV_FINAL_SCOPE,include,verified_member_of_final_4974
EC_EV_003446,10.1016/j.cytogfr.2019.12.008,fc3c24ea1f3578f912346560659111fd3ee857ba8dd8858d28cfdcdfc46320c5,2020,Review,English,EC_EV_FINAL_SCOPE,include,verified_member_of_final_4974
EC_EV_003447,10.1016/j.matbio.2017.10.003,e932c5c72a7f82dd97f81ee3bbdef338a1a73029573a89534a30276f8d593902,2019,Article,English,EC_EV_FINAL_SCOPE,include,verified_member_of_final_4974
EC_EV_003448,10.1016/j.ejps.2016.09.017,71821d81f45dae485b6a9873823aa4791ab9d66819c944b45096a4cd69aa5874,2017,Article,English,EC_EV_FINAL_SCOPE,include,verified_member_of_final_4974
EC_EV_003449,10.1038/s41598-025-97488-0,d682be8ca0608c712331e4c380ecbf9a2f98c65305734c31ef32db775a92636e,2025,Article,English,EC_EV_FINAL_SCOPE,include,verified_member_of_final_4974
EC_EV_003450,10.1016/j.bbcan.2020.188426,b1963cb15b51a4df94a167abf42596fbce1e2135e7c0b057e1ef3b50f5bb1a07,2020,Review,English,EC_EV_FINAL_SCOPE,include,verified_member_of_final_4974
EC_EV_003451,10.2337/db22-0035,a04c220cc5920992bdddf029187dd8edd3e862265e1220f1d824c7f89416c85f,2022,Article,English,EC_EV_FINAL_SCOPE,include,verified_member_of_final_4974
EC_EV_003452,10.1186/s13287-019-1371-1,4b4348261b654c2898ec09a8ec1f293c133e27ebe459fb59be2d3757a275a074,2019,Review,English,EC_EV_FINAL_SCOPE,include,verified_member_of_final_4974
EC_EV_003453,10.1038/s41598-017-05002-y,d1832c0ba04cb11b6bfedeb6d8645701bd9538f177b94055d88841d621381dc3,2017,Article,English,EC_EV_FINAL_SCOPE,include,verified_member_of_final_4974
EC_EV_003454,10.1016/j.biopha.2018.09.174,cc32a908211e2475a52a64550da0f9beec0337ce426bb36e5843c35108e1188b,2018,Review,English,EC_EV_FINAL_SCOPE,include,verified_member_of_final_4974
EC_EV_003455,10.2147/dmso.s213400,9cf2d0e4928563797321f41e379165fa6cdad4954b33fb5f17f6f5ef77d4bb18,2019,Article,English,EC_EV_FINAL_SCOPE,include,verified_member_of_final_4974
EC_EV_003456,10.1002/pmic.201300253,4877d7d205027dceac08cb81db38deca7688211b625c8b4a542e768444af3fd0,2014,Review,English,EC_EV_FINAL_SCOPE,include,verified_member_of_final_4974
EC_EV_003457,10.1186/s13036-018-0120-9,32fb17986673b86021455a0099a45ebb9922915af57fe6041effc0ba66785533,2018,Review,English,EC_EV_FINAL_SCOPE,include,verified_member_of_final_4974
EC_EV_003458,10.1371/journal.pone.0177397,d6e65d9a13d40a3b2bc21b9c85e322ea40e39ceab87dd1698d8da47cd9a5d737,2017,Article,English,EC_EV_FINAL_SCOPE,include,verified_member_of_final_4974
EC_EV_003459,10.1002/pmic.202100026,ea374e7b5ee05907f0988417b48891856719c0060b1ed720c2296a6a323c87e1,2021,Article,English,EC_EV_FINAL_SCOPE,include,verified_member_of_final_4974
EC_EV_003460,10.3390/cells9020348,96485cfc29339b867e6ea412c67cf690f77350852c51ab353a496c2f845931a7,2020,Article,English,EC_EV_FINAL_SCOPE,include,verified_member_of_final_4974
EC_EV_003461,10.3389/fimmu.2018.00956,e358694637525a4b919e86b974abd6add9a096ae2efd69c9068fda518caa1600,2018,Article,English,EC_EV_FINAL_SCOPE,include,verified_member_of_final_4974
EC_EV_003462,10.2174/1381612825666190701143845,3d0674d8da0c83b2619197c35275e9e263b668821d1112fb3ce48a0250e33f65,2019,Review,English,EC_EV_FINAL_SCOPE,include,verified_member_of_final_4974
EC_EV_003463,10.1016/j.colsurfb.2022.112580,1c43ed93040635f94de9a157fede93bd5ddb3bcd8f6e60bc10a7978da05262f9,2022,Article,English,EC_EV_FINAL_SCOPE,include,verified_member_of_final_4974
EC_EV_003464,10.1038/s41598-017-15475-6,a8026a7d5515533a2a9efa2c4c19ac5cf10f010f598a5156857ad89859991ec3,2017,Article,English,EC_EV_FINAL_SCOPE,include,verified_member_of_final_4974
EC_EV_003465,10.1158/0008-5472.can-19-1181,c5f8043934a7cf8fec0dd850cd7662a6e4de93acfa67db95fb796a17c96337ea,2020,Article,English,EC_EV_FINAL_SCOPE,include,verified_member_of_final_4974
EC_EV_003466,10.1007/s13105-021-00833-w,ffb7d0ac2824a69806664a8020db9ac1c238e86c586db449fd44527002cbe147,2021,Article,English,EC_EV_FINAL_SCOPE,include,verified_member_of_final_4974
EC_EV_003467,10.1530/rep-19-0147,567baf681cd7e37031f87ee71ae2a6648a0e187d1e1723a53b8ba914617eb432,2019,Review,English,EC_EV_FINAL_SCOPE,include,verified_member_of_final_4974
EC_EV_003468,10.1042/cs20220150,f231a8a23df96f6b425480c877c0011937d6c33c7441ccd3ddae2f9cafe7ada0,2023,Review,English,EC_EV_FINAL_SCOPE,include,verified_member_of_final_4974
EC_EV_003469,10.1016/j.ijbiomac.2023.128182,c7c0b9017ff2388964b4e412e5ab45563901a65580000c7d6c1dd8e2b94940fa,2024,Review,English,EC_EV_FINAL_SCOPE,include,verified_member_of_final_4974
EC_EV_003470,10.1016/j.mad.2021.111527,e9594ae5a8c8e1b4139b327c13f3c02f3313f5229b3c7a59dcf335af254f8c3e,2021,Article,English,EC_EV_FINAL_SCOPE,include,verified_member_of_final_4974
EC_EV_003471,10.1111/cmi.12822,40508a45fe0a2a7d83165f0fdd0a114a501fe4e8a83a81dd0dad7a6134b86c90,2018,Article,English,EC_EV_FINAL_SCOPE,include,verified_member_of_final_4974
EC_EV_003472,10.3390/ijms25084379,ce35944d261074fc6c161ecbebff0f4eb90f75e409d74ad9ec4c724dbc455473,2024,Article,English,EC_EV_FINAL_SCOPE,include,verified_member_of_final_4974
EC_EV_003473,10.1371/journal.pone.0042310,dcad799fe75bfe3f635592e48319cbfde0f6da7d90ff40ffe9e7b85db9ad71f3,2012,Article,English,EC_EV_FINAL_SCOPE,include,verified_member_of_final_4974
EC_EV_003474,10.1016/j.neuint.2024.105819,33292afac53432809c3ae1990dff5f336eedccb7c219675eb74c1b3344233da0,2024,Article,English,EC_EV_FINAL_SCOPE,include,verified_member_of_final_4974
EC_EV_003475,10.1038/s41598-023-36092-6,b241d41b37c8c40e6a94696fe5273503f75c4d142bca54f0f5ac63d15568af1c,2023,Article,English,EC_EV_FINAL_SCOPE,include,verified_member_of_final_4974
EC_EV_003476,10.3390/biology8040069,c9171f38c4c43650405d484995fc2431993617cbf286e376573e21b74835de32,2019,Article,English,EC_EV_FINAL_SCOPE,include,verified_member_of_final_4974
EC_EV_003477,10.1097/moh.0000000000000235,1be9b9493fb471a159c0e87032f34704d40746ccc4b0a62797e6af3918b018ca,2016,Review,English,EC_EV_FINAL_SCOPE,include,verified_member_of_final_4974
EC_EV_003478,10.1182/blood.2020007364,cec1f96a923cf94fad976f1712723f2961b8f38496e06a326d390d418b60e2d9,2021,Article,English,EC_EV_FINAL_SCOPE,include,verified_member_of_final_4974
EC_EV_003479,10.1186/s13578-022-00815-5,68db5a626f8311153f2e692ce099d020fde5bf741b9f6c7f8ef088b9cb88dcfd,2022,Review,English,EC_EV_FINAL_SCOPE,include,verified_member_of_final_4974
EC_EV_003480,10.3390/ijms23073792,705c94c1748ea161d45829c739d0c3e9a6b03b85080c972df679c840ee63f5c1,2022,Review,English,EC_EV_FINAL_SCOPE,include,verified_member_of_final_4974
EC_EV_003481,10.1016/j.phrs.2021.105692,61d937922e05a4ffa37860cbd26ba8423a7f1ac9ab9feed0eec4d2db6bf148ea,2021,Article,English,EC_EV_FINAL_SCOPE,include,verified_member_of_final_4974
EC_EV_003482,10.1186/s12967-023-04552-2,67375cbbfbe4c3ac4675e4110002b1ee5d33a425ae41ded3d78123324161c53c,2023,Review,English,EC_EV_FINAL_SCOPE,include,verified_member_of_final_4974
EC_EV_003483,10.3390/pharmaceutics12090872,953459684a55ae67a2c70ccbf92dc9190826f3131811de98c6c550e31e8e28ab,2020,Article,English,EC_EV_FINAL_SCOPE,include,verified_member_of_final_4974
EC_EV_003484,10.1038/srep40476,19dfdcc4535ef1edb5698096b9d81d57efaebc7a5c1ef6493a1c29edaea9ef6a,2017,Article,English,EC_EV_FINAL_SCOPE,include,verified_member_of_final_4974
EC_EV_003485,10.1016/j.semcancer.2024.04.003,16123e4c01159e5adcb751c469006bd434898c474d0110bcacc580274aed9985,2024,Article,English,EC_EV_FINAL_SCOPE,include,verified_member_of_final_4974
EC_EV_003486,10.1097/wco.0000000000000265,52eac1826bee9d05708a87789e83e17b8e32214dea688a63ec8752971357a576,2015,Review,English,EC_EV_FINAL_SCOPE,include,verified_member_of_final_4974
EC_EV_003487,10.1186/s12943-020-01189-3,8df9427a08fba8b388de8c65fbe97babb0b828d0888ecf9ee75fbf76fe56fa40,2020,Review,English,EC_EV_FINAL_SCOPE,include,verified_member_of_final_4974
EC_EV_003488,10.1021/acs.jproteome.4c00365,0e74e945c3a83abd3a2ba96bfda7fc613fe2213973f45a53ab4eac25987cf224,2024,Article,English,EC_EV_FINAL_SCOPE,include,verified_member_of_final_4974
EC_EV_003489,10.3390/bios12020089,bd53eea5244f69151efed618f3b8f599e6d0f8bbb822605417270f80a3d922d7,2022,Article,English,EC_EV_FINAL_SCOPE,include,verified_member_of_final_4974
EC_EV_003490,10.3390/jcdd8100125,c940c758bfa82d368fa2c63c9b53de47043de31e46fd3e23ab6cedb7955bf8b0,2021,Review,English,EC_EV_FINAL_SCOPE,include,verified_member_of_final_4974
EC_EV_003491,10.1038/jcbfm.2013.152,aa3033f1eddc0bdff2e490171e8e0e4f281af4c43f3fcb61e540f5bb581ac10d,2013,Article,English,EC_EV_FINAL_SCOPE,include,verified_member_of_final_4974
EC_EV_003492,10.18999/nagjms.83.3.465,2e7709697bd6252157823e9b69b20a399cb4b2410b046ae13302ccaecff9d8cd,2021,Article,English,EC_EV_FINAL_SCOPE,include,verified_member_of_final_4974
EC_EV_003493,10.1517/14728222.2014.989835,3c05ec63bf25d338f852053638bd7b4987b3ee94ca9f45e840ab2b6a4abfaff7,2015,Review,English,EC_EV_FINAL_SCOPE,include,verified_member_of_final_4974
EC_EV_003494,10.1002/jcp.28942,c594d28df9830a4279fc1d341122a371a472899c50a6c1fd08a5172d066116e4,2019,Review,English,EC_EV_FINAL_SCOPE,include,verified_member_of_final_4974
EC_EV_003495,10.1016/j.jconrel.2023.08.043,18c10b884bca6258b78c85b0819c971ae6f87de6aa8ae6a3eea88424db8771b7,2023,Review,English,EC_EV_FINAL_SCOPE,include,verified_member_of_final_4974
EC_EV_003496,10.1016/j.prp.2022.153764,898ff0d0c106da2e79505520b162a87f5d35d699faa1a2bc1445d6c1b18338f3,2022,Review,English,EC_EV_FINAL_SCOPE,include,verified_member_of_final_4974
EC_EV_003497,10.3390/ijms22041729,affed7fa599d195cf752c77acbdc71dcc3a72264810e0bd77c9af3d09a096e5e,2021,Review,English,EC_EV_FINAL_SCOPE,include,verified_member_of_final_4974
EC_EV_003498,10.1016/j.expneurol.2018.06.001,1a86310f57757ffd66ae32cd9f190fbecf12967703b81f5cd59df110acca76a0,2018,Article,English,EC_EV_FINAL_SCOPE,include,verified_member_of_final_4974
EC_EV_003499,10.1080/01913123.2018.1534915,644f647791b37e113733017b54298ac61226f1ce7e71b43fc09465a9bde43901,2018,Article,English,EC_EV_FINAL_SCOPE,include,verified_member_of_final_4974
EC_EV_003500,10.1007/s11357-020-00167-3,62b0ae2a53ce1527041934d3b1595ae4e17e28b74ec31a9da58d788c175ddd25,2020,Review,English,EC_EV_FINAL_SCOPE,include,verified_member_of_final_4974
EC_EV_003501,10.1097/tp.0000000000004215,662f85994a71fe591165d55ea90f1c42546e18dc1fc8127e08607ef2eb384ee1,2022,Article,English,EC_EV_FINAL_SCOPE,include,verified_member_of_final_4974
EC_EV_003502,10.1093/infdis/jiz597,eae5f3664c4c9b8f3661e926e36af6feb7613df12aff2b5cec4d4d9f59bfbc0c,2020,Article,English,EC_EV_FINAL_SCOPE,include,verified_member_of_final_4974
EC_EV_003503,10.3389/fcimb.2023.1142387,23c75500146990559e3603308aa5814ed03ccfadef0c7a39ad3a2cb9d695bc5f,2023,Article,English,EC_EV_FINAL_SCOPE,include,verified_member_of_final_4974
EC_EV_003504,10.1007/s11154-021-09664-y,0f7c4794c3a8bdd9c52e77d509ef12a4acb06f98d59887d80468d7d40804c751,2022,Review,English,EC_EV_FINAL_SCOPE,include,verified_member_of_final_4974
EC_EV_003505,10.1007/s13770-024-00650-4,17294c6f4cd1280bdd80fcdcf2c5501a15ee22590f719fbb8362e8dc4627de88,2024,Article,English,EC_EV_FINAL_SCOPE,include,verified_member_of_final_4974
EC_EV_003506,10.1186/s13287-025-04205-9,28be93efa736312c0770d40e657df2171ce5216380b3478ea8b7af08872034a1,2025,Article,English,EC_EV_FINAL_SCOPE,include,verified_member_of_final_4974
EC_EV_003507,10.1007/978-3-319-74470-4_4,be6c1464f68ab1a737ad55b1151541518cb839408a990f047b58b7f7d3b46398,2018,Article,English,EC_EV_FINAL_SCOPE,include,verified_member_of_final_4974
EC_EV_003508,10.1186/s12933-023-01842-3,476dff7d6a94b74ba7e3c9bde10100c2bc05eaadfac7c198be84ce3439802133,2023,Review,English,EC_EV_FINAL_SCOPE,include,verified_member_of_final_4974
EC_EV_003509,10.1016/j.biomaterials.2025.123282,5705b7faaf89c2bdc991f533f08add6e6d877fa3fb1a2e0a1d7cbde505100f16,2025,Article,English,EC_EV_FINAL_SCOPE,include,verified_member_of_final_4974
EC_EV_003510,10.1080/14728222.2025.2454617,46b45da5d8538f23c70e6ae7037cd1f7222bfceb2f5a45fbdb5229a6140ae8a4,2025,Review,English,EC_EV_FINAL_SCOPE,include,verified_member_of_final_4974
EC_EV_003511,10.1016/j.lfs.2023.122126,f760dbe616f1e5ae73ec489b1dc89bf1e971c4615f7934dcede258d7b7b0f45a,2023,Review,English,EC_EV_FINAL_SCOPE,include,verified_member_of_final_4974
EC_EV_003512,10.1002/elps.202100020,c6d87bc40125e2b300d06cb306e89e9df6b44068e7ecda5f2dfa861641ed76f6,2021,Article,English,EC_EV_FINAL_SCOPE,include,verified_member_of_final_4974
EC_EV_003513,10.3390/ijms23094535,dc3ba11032f458012cc8399e3264b68e3156948bb05445a9ece4e6a5c6b89318,2022,Article,English,EC_EV_FINAL_SCOPE,include,verified_member_of_final_4974
EC_EV_003514,10.3390/pharmaceutics13091525,3978c7bbaff1acd75dffde8e19b6fc6f68fb27a6df03c8b0968bdeed64756b80,2021,Article,English,EC_EV_FINAL_SCOPE,include,verified_member_of_final_4974
EC_EV_003515,10.3390/cancers13194798,61032e6dded530fa71e03e2d66ebef31baae35f3827fae48d15a693648a40a27,2021,Review,English,EC_EV_FINAL_SCOPE,include,verified_member_of_final_4974
EC_EV_003516,10.3390/ijms22115621,fda2c7d4e9f7baa35517439533701870522e5d2e7361807210480e057c23d0a2,2021,Review,English,EC_EV_FINAL_SCOPE,include,verified_member_of_final_4974
EC_EV_003517,10.1038/s41598-021-01450-9,4a6077d12dd120bbd4fc713ceab71f72ab8205f703a38e6248f68c27ebd23d5d,2021,Article,English,EC_EV_FINAL_SCOPE,include,verified_member_of_final_4974
EC_EV_003518,10.1016/j.biocel.2019.105570,2d00c66fac3c50ed8713d84fc71ed59c07a8580634af1df8740cabbb65942530,2019,Article,English,EC_EV_FINAL_SCOPE,include,verified_member_of_final_4974
EC_EV_003519,10.1007/s12031-015-0539-0,c44e9dd69cdfc23090bed98be10ea1085eed09f094ad5f0e5d63a349922853ec,2015,Article,English,EC_EV_FINAL_SCOPE,include,verified_member_of_final_4974
EC_EV_003520,10.1111/jnc.15982,31d40fb4b43a257445fb388ef898aa2ae40fd9a0ee65f42b8417b702b347d461,2023,Article,English,EC_EV_FINAL_SCOPE,include,verified_member_of_final_4974
EC_EV_003521,10.1007/s00018-019-03287-y,372c637b2c65e9c5e54ab37f2511a8e9675ba05c911d9728907fb81357e5f8e6,2020,Article,English,EC_EV_FINAL_SCOPE,include,verified_member_of_final_4974
EC_EV_003522,10.4252/wjsc.v13.i7.914,27db2ce902866cc69b2e31b486df1cbe63bfd26ad8686177f1897e0bcab4c0f9,2021,Review,English,EC_EV_FINAL_SCOPE,include,verified_member_of_final_4974
EC_EV_003523,10.1016/j.nano.2022.102523,0625bebf7a5c2e41c1912edc308e405d666b1f813a862423bf02e43c4b54b130,2022,Article,English,EC_EV_FINAL_SCOPE,include,verified_member_of_final_4974
EC_EV_003524,10.1007/s11239-013-1001-1,d312baa06b0882ef5f29374d905cc15abc9c5fd60ebc847b73d9881344569676,2014,Article,English,EC_EV_FINAL_SCOPE,include,verified_member_of_final_4974
EC_EV_003525,10.1002/jbm.a.37697,df81450a7b04e9fefe7a1d891f3d92a1537c34b8992e275841151b95e1b18aa5,2024,Article,English,EC_EV_FINAL_SCOPE,include,verified_member_of_final_4974
EC_EV_003526,10.1186/s12943-021-01309-7,d1dbd5cd223d2618bb48ce857604c584e2fa1048b1b67a7b9602fbe15e66ed90,2021,Review,English,EC_EV_FINAL_SCOPE,include,verified_member_of_final_4974
EC_EV_003527,10.3390/ijms22052572,3e74cda4ee5a053f7c79bcfc51191c3923bfdfa44b84fa41f9ebc26d38867032,2021,Review,English,EC_EV_FINAL_SCOPE,include,verified_member_of_final_4974
EC_EV_003528,10.1038/srep32643,9846f0e623a9e315bd64208a0282afbc4d5a628da3030e72d3beadab91660aea,2016,Article,English,EC_EV_FINAL_SCOPE,include,verified_member_of_final_4974
EC_EV_003529,10.1016/j.apmt.2025.102753,bee54c72f86aadee5b1cdef76a1829a487b59f0f9a32b011903e04c239d3dfbc,2025,Article,English,EC_EV_FINAL_SCOPE,include,verified_member_of_final_4974
EC_EV_003530,10.1016/j.bioactmat.2024.11.011,60d7a88e9efb27ee499a5c6e14ab9fbdae3433211f7c76afdd18ca56ec6b7893,2025,Article,English,EC_EV_FINAL_SCOPE,include,verified_member_of_final_4974
EC_EV_003531,10.1038/s41598-020-63658-5,4cabf6e98f3c4d10472b5707010acb864cdcaf64345293f22e5bcadd65e27b09,2020,Article,English,EC_EV_FINAL_SCOPE,include,verified_member_of_final_4974
EC_EV_003532,10.1002/jev2.12449,ba7ff1e336de68538d7aefa748df80368d2d36ee44c4041df611a9b2c8385aad,2024,Article,English,EC_EV_FINAL_SCOPE,include,verified_member_of_final_4974
EC_EV_003533,10.1111/aji.13383,3d830508538fcf91ec4e6505dd0a09b4c79f4832d75a9b437130148faf73cdbf,2021,Review,English,EC_EV_FINAL_SCOPE,include,verified_member_of_final_4974
EC_EV_003534,10.1039/d1bm01722e,4262e79fa3b53d237bcad0166609e5c0cd89cd24c5f7d901ab4b77848a9518cd,2022,Article,English,EC_EV_FINAL_SCOPE,include,verified_member_of_final_4974
EC_EV_003535,10.1038/pr.2017.256,c31c0934a0c9cc3568d159f463b74854271485f92a63ae90fbff37a4f978bba9,2018,Review,English,EC_EV_FINAL_SCOPE,include,verified_member_of_final_4974
EC_EV_003536,10.1016/j.bios.2021.113476,3fed6972b9ae96adf5220800c98b07e0fa1167e036a6bea98204152307885a8d,2021,Article,English,EC_EV_FINAL_SCOPE,include,verified_member_of_final_4974
EC_EV_003537,10.3389/fimmu.2021.656364,2f99329219fdce67f2ed0e2dd845159983263e8664ff7ae49e5f70f113923ea4,2021,Review,English,EC_EV_FINAL_SCOPE,include,verified_member_of_final_4974
EC_EV_003538,10.1002/advs.202404171,99b11161a7e17ae1072a26a1c1520696520fa39aed341aa880fb53e917419479,2024,Article,English,EC_EV_FINAL_SCOPE,include,verified_member_of_final_4974
EC_EV_003539,,89774ce454fa507b45ce91f5d48583f60927ea4923cb9ec0e53285727d184178,2020,Article,English,EC_EV_FINAL_SCOPE,include,verified_member_of_final_4974
EC_EV_003540,10.1016/j.omtn.2022.05.034,6112a63b43db64fa40fc90b35d0e3f8101769074dec358c080824e6218d381f9,2022,Review,English,EC_EV_FINAL_SCOPE,include,verified_member_of_final_4974
EC_EV_003541,10.3389/fphar.2024.1399850,7ea2daf59c5c8dd73069c73948e7b6bdc133be84a7b9edf99dbb3a594e740467,2024,Review,English,EC_EV_FINAL_SCOPE,include,verified_member_of_final_4974
EC_EV_003542,10.3390/cells8101193,dd4d978414779643b3b7d2c1ca33afad93d124795119e7fb079676ea6f5f13f9,2019,Review,English,EC_EV_FINAL_SCOPE,include,verified_member_of_final_4974
EC_EV_003543,10.18632/oncotarget.19979,af3869f3a535810c8eee2bf6e645e3b44a67330350c177919fbbc19917fa8016,2017,Article,English,EC_EV_FINAL_SCOPE,include,verified_member_of_final_4974
EC_EV_003544,10.3390/ijms19072146,223b1d27cb9fe5d502aac3c1e0f2605fe668a05837122b49ac457113cf7d1bbb,2018,Review,English,EC_EV_FINAL_SCOPE,include,verified_member_of_final_4974
EC_EV_003545,10.1016/j.canlet.2016.03.014,1d8b25606d746eca539be1a37e3097301ca217bd708d7adfa662b5bb4fcb0d87,2016,Review,English,EC_EV_FINAL_SCOPE,include,verified_member_of_final_4974
EC_EV_003546,10.3389/fimmu.2014.00442,cdf29056dfce4b43bb7323383930dc1fc92c14c46c85cba5ab43486c1c65cc50,2014,Review,English,EC_EV_FINAL_SCOPE,include,verified_member_of_final_4974
EC_EV_003547,10.1016/j.gendis.2023.05.024,9db5306a0802e1b1a9459e397b334a4bd02582dfd48309192c27cfbcdcabff88,2024,Review,English,EC_EV_FINAL_SCOPE,include,verified_member_of_final_4974
EC_EV_003548,10.3390/ijms22179317,8719b52a875e37b25af8e4f429ff082df150899542fdc33e35316e2b2b802676,2021,Review,English,EC_EV_FINAL_SCOPE,include,verified_member_of_final_4974
EC_EV_003549,10.1161/atvbaha.123.319026,4cab1310514bdc884f47a21750ef7bb5e55c5ecbb305d26ec987c1f653617b0f,2023,Article,English,EC_EV_FINAL_SCOPE,include,verified_member_of_final_4974
EC_EV_003550,10.3390/pathogens14030236,3324dba20ed8e2d900e56141018ae103fae453c4d94c0a11da900f4d046f3dcd,2025,Review,English,EC_EV_FINAL_SCOPE,include,verified_member_of_final_4974
EC_EV_003551,10.1080/14737159.2018.1535904,e427c26970dcecbf4a3619adb97ed7f9686f322c471271ffe934157680eeb77d,2018,Review,English,EC_EV_FINAL_SCOPE,include,verified_member_of_final_4974
EC_EV_003552,10.1097/qad.0000000000002794,527ff333778c772a99e27c89218e86462f17d377db8ef29271c60fb9cd32c611,2021,Article,English,EC_EV_FINAL_SCOPE,include,verified_member_of_final_4974
EC_EV_003553,10.3390/cancers11030326,17083b74ba090812fd3e25c152a3963527fcab10561301079dd75d89037b7d2b,2019,Review,English,EC_EV_FINAL_SCOPE,include,verified_member_of_final_4974
EC_EV_003554,10.1016/j.pneurobio.2018.06.006,c34b94e3ff8e7b2b1ad4e82e2c168949208b8d13c4d9fcef883fda47c09d6124,2019,Review,English,EC_EV_FINAL_SCOPE,include,verified_member_of_final_4974
EC_EV_003555,10.1002/prca.201700097,6705106ea840ec1b1d66ac957add62b7a3a2fcfdcae4c3a3272afe1a4467329b,2018,Article,English,EC_EV_FINAL_SCOPE,include,verified_member_of_final_4974
EC_EV_003556,10.18632/aging.102837,ef004e4f2bfb1c11485dac651e2c2f491e51f39189c384087689c5069f7db0a7,2020,Article,English,EC_EV_FINAL_SCOPE,include,verified_member_of_final_4974
EC_EV_003557,10.3390/ijms24043195,2ed7acadd275a14969103485629f873da429c00c5b38e259a20c5cd0beb85532,2023,Review,English,EC_EV_FINAL_SCOPE,include,verified_member_of_final_4974
EC_EV_003558,10.1038/s41598-022-15859-3,25dcdae4d96bd3290b3550ffdf1d5264576c2708fde2270a0fa1cedd37e151ec,2022,Article,English,EC_EV_FINAL_SCOPE,include,verified_member_of_final_4974
EC_EV_003559,10.3389/fendo.2022.935244,3e9eca500f52c0cf69d0a01f13ae18780748a80c4c0e0e9023b15dae35d345a7,2022,Review,English,EC_EV_FINAL_SCOPE,include,verified_member_of_final_4974
EC_EV_003560,10.1038/srep19857,b1222820387caf8a35548497bc6ecce627fb46f203b33809af1dffc28a70ed21,2016,Article,English,EC_EV_FINAL_SCOPE,include,verified_member_of_final_4974
EC_EV_003561,10.3389/fimmu.2022.849891,cab3a4a0e95910ab30c1082ac47b8d1b9de4c55445ecc287213f09210ff3f9da,2022,Review,English,EC_EV_FINAL_SCOPE,include,verified_member_of_final_4974
EC_EV_003562,10.1016/j.biomaterials.2022.121864,356feae2730c8e4a68611ba471649d759bd1887edc52a1f2a81803d7c9929088,2022,Article,English,EC_EV_FINAL_SCOPE,include,verified_member_of_final_4974
EC_EV_003563,10.1016/j.mocell.2024.100010,fc08d6bd4ac3572097fde04b1b2bb448f061df2b4d6251bb8453a9cb290b4d58,2024,Review,English,EC_EV_FINAL_SCOPE,include,verified_member_of_final_4974
EC_EV_003564,10.1038/srep31596,25010b385af6fcb5cc8fe0f95e4b6c70fa674d4a3ccc38bd46ba1550a8f0b53e,2016,Article,English,EC_EV_FINAL_SCOPE,include,verified_member_of_final_4974
EC_EV_003565,10.1016/j.bbamcr.2017.11.007,0a88841d04057e31a1361e7970e2080f5cb2ad9a69f1c41cb24a750d266006ab,2018,Article,English,EC_EV_FINAL_SCOPE,include,verified_member_of_final_4974
EC_EV_003566,10.7150/ijbs.10725,3029690d4a56b839c320da1b4ccf469262b908bf56af46a31b1a2fb123a64a32,2015,Review,English,EC_EV_FINAL_SCOPE,include,verified_member_of_final_4974
EC_EV_003567,10.3389/fcell.2021.734143,83e2948b8e3b32cb34cc73ddf63f585b560317141b19f85f885611f900cee516,2021,Article,English,EC_EV_FINAL_SCOPE,include,verified_member_of_final_4974
EC_EV_003568,10.3390/ijms21217885,6a59490ce91fc84aa64259680fd7867e47f7ec46a384973a3be1d56bc207a729,2020,Article,English,EC_EV_FINAL_SCOPE,include,verified_member_of_final_4974
EC_EV_003569,10.7150/ijbs.72243,afbdd96ae874a9f0ee207d6f8f1eb072d2c4e621aad9d723b9b4843fc8a95a52,2022,Article,English,EC_EV_FINAL_SCOPE,include,verified_member_of_final_4974
EC_EV_003570,10.3390/ijms241512512,e6f8175b75b2ef3729336c5b68ebbc8e30cf014a03c6c6115539ae642ad0eded,2023,Article,English,EC_EV_FINAL_SCOPE,include,verified_member_of_final_4974
EC_EV_003571,10.18632/oncotarget.10384,c693f8a5e1fd86882f7433328b4fad877634db7511b2999558342cbec8266151,2016,Article,English,EC_EV_FINAL_SCOPE,include,verified_member_of_final_4974
EC_EV_003572,10.1002/smll.202201330,a8d5736a335306bcdd7e73c89ed4a26a01e94f74fae5ab18c20c929cb8349564,2022,Article,English,EC_EV_FINAL_SCOPE,include,verified_member_of_final_4974
EC_EV_003573,10.3390/ijms21134770,42e1f35f34269f322b88c141c5338e39e2b180b08a8d3c362d1a8c51bfaee341,2020,Review,English,EC_EV_FINAL_SCOPE,include,verified_member_of_final_4974
EC_EV_003574,10.1080/21691401.2017.1388249,addcdd1f2fb0c596ebaefe1409f7c55578cce68f395f68ab73caffba3d1ba88e,2018,Article,English,EC_EV_FINAL_SCOPE,include,verified_member_of_final_4974
EC_EV_003575,10.1158/0008-5472.can-12-2184,da6c010c45f1363cfb4f829648d8bebe70cbc787e3aa20b0fe491f2dc32551f8,2013,Article,English,EC_EV_FINAL_SCOPE,include,verified_member_of_final_4974
EC_EV_003576,10.1210/endocr/bqab133,de108d338cc1b09101bbea54bc3d1d00698575ccff5d2230593ca79882a4d00d,2021,Review,English,EC_EV_FINAL_SCOPE,include,verified_member_of_final_4974
EC_EV_003577,10.1186/s12935-024-03514-y,5a936653a97fc96d4b6b2108d8e93cf4519d8cf125ead3537356a88d164534f6,2024,Review,English,EC_EV_FINAL_SCOPE,include,verified_member_of_final_4974
EC_EV_003578,10.1186/s12951-020-00625-2,b18d7d82d5d80e7ba75123c470fb856bf5e05b7bf993c0db6a2bb1826b4feed6,2020,Article,English,EC_EV_FINAL_SCOPE,include,verified_member_of_final_4974
EC_EV_003579,10.3892/ijmm.2016.2488,6bac85ca2fdebd0ebc3eee9ef1b49e9910eaf2150d1be9188effcf1137efc8ec,2016,Article,English,EC_EV_FINAL_SCOPE,include,verified_member_of_final_4974
EC_EV_003580,10.1016/j.ijbiomac.2019.07.178,bea49118da1ef32b8c3cc6db0625d1473ea3b89b9a20bc8bc1fb023c733abf6c,2019,Article,English,EC_EV_FINAL_SCOPE,include,verified_member_of_final_4974
EC_EV_003581,10.3389/fphar.2021.630419,3c567ee90ec9ca5408118ad5dcf6997503102225f4baf79e074e5d13c1076c69,2021,Review,English,EC_EV_FINAL_SCOPE,include,verified_member_of_final_4974
EC_EV_003582,10.1002/adhm.202404501,fba154270f98a7432cf07b7a8ccf608151e35775578778aeca17f8f7d16ca22e,2025,Article,English,EC_EV_FINAL_SCOPE,include,verified_member_of_final_4974
EC_EV_003583,10.1016/j.canlet.2015.10.007,36f65589bcfb6496eab4a4dc041c07498e6dd90301795387ce6547bbdc477be2,2016,Review,English,EC_EV_FINAL_SCOPE,include,verified_member_of_final_4974
EC_EV_003584,10.2147/ott.s186922,11c65644eee72b195b928773aaa117aa1a917e2a7bef372a849a87ad45a09279,2019,Article,English,EC_EV_FINAL_SCOPE,include,verified_member_of_final_4974
EC_EV_003585,10.1021/acs.jproteome.0c01048,80b32dae19a888fc7cc7028a99033b086db83889d37867f34eb5f5eee6d31025,2021,Article,English,EC_EV_FINAL_SCOPE,include,verified_member_of_final_4974
EC_EV_003586,10.2147/ijn.s493047,534bec16e3219e32a14c9ef022cea23e9a1c142fa9b3f9dc6ce8d4196164f136,2024,Article,English,EC_EV_FINAL_SCOPE,include,verified_member_of_final_4974
EC_EV_003587,10.1016/j.semcdb.2021.04.013,2d1397e9296697a5a1a0f457179e935482a90d22d5dfef6846d14c8d0962523d,2022,Review,English,EC_EV_FINAL_SCOPE,include,verified_member_of_final_4974
EC_EV_003588,10.1186/s13041-024-01120-7,4360d0a1c682e410132eb385f4f06ed64a5f34c26e3cc585a5b66135d2703fb9,2024,Article,English,EC_EV_FINAL_SCOPE,include,verified_member_of_final_4974
EC_EV_003589,10.1159/000530808,c78a36802d958c5352f58334b9fa785a08903dee8a9733da1b3a215d9f49533e,2023,Review,English,EC_EV_FINAL_SCOPE,include,verified_member_of_final_4974
EC_EV_003590,10.1007/s00266-022-03088-y,d65926710ff076e9ac4963584f3d9aa5aa8f2805f67ce3340c6097290f4d1120,2023,Article,English,EC_EV_FINAL_SCOPE,include,verified_member_of_final_4974
EC_EV_003591,10.1016/j.scr.2019.101421,83bf88bef57b8b7f685a31ea4b64fb2190c780274b611308ffc49f027cfc7a3f,2019,Review,English,EC_EV_FINAL_SCOPE,include,verified_member_of_final_4974
EC_EV_003592,10.1039/c6an02651f,28300ec205cda31d5725cbca1dffee7bd91453b400e023f266e05c9f7ad23a2c,2017,Article,English,EC_EV_FINAL_SCOPE,include,verified_member_of_final_4974
EC_EV_003593,10.1111/jth.13307,7bc3152f064199fd637f0cbd8100f6427427937f494bb4b275138049bc4d0ce5,2016,Article,English,EC_EV_FINAL_SCOPE,include,verified_member_of_final_4974
EC_EV_003594,10.1182/bloodadvances.2020001758,ec75ed1fd1906f00b06d310be29dbac59aa244817686e18f3bc50c4e0d74acf0,2020,Article,English,EC_EV_FINAL_SCOPE,include,verified_member_of_final_4974
EC_EV_003595,10.1016/j.cub.2011.03.043,3339c9cb2778458a733d3e6c75521c4c8e30f8c36e9c7a9383e2f19d81441cdb,2011,Article,English,EC_EV_FINAL_SCOPE,include,verified_member_of_final_4974
EC_EV_003596,10.7150/ijbs.101937,bc67865d435d9a013a756f129c11dce4969b2bcd4c3e304238f972e3abe2c9db,2025,Article,English,EC_EV_FINAL_SCOPE,include,verified_member_of_final_4974
EC_EV_003597,10.1016/j.ijbiomac.2024.133372,1a62eb42cd008a5c7e3abc4bcf09ae9218da91731123bfe2bb869da43f7b961e,2024,Article,English,EC_EV_FINAL_SCOPE,include,verified_member_of_final_4974
EC_EV_003598,10.3390/metabo13040479,15016d4c94ea6e682006b1f3bafd4237ff1321338c5db9aa822ca523d5f602ce,2023,Review,English,EC_EV_FINAL_SCOPE,include,verified_member_of_final_4974
EC_EV_003599,10.1038/s41598-023-41224-z,a42dc5aecb701915397dcea256c476beb031c7d7b50f5540f1292be50bc77c8e,2023,Article,English,EC_EV_FINAL_SCOPE,include,verified_member_of_final_4974
EC_EV_003600,10.1155/2015/289734,e0584e0d5bc7cfea502989a28ceb512c1fc21ca1e51cbd2f8ad9d4c0e59fef04,2015,Article,English,EC_EV_FINAL_SCOPE,include,verified_member_of_final_4974
EC_EV_003601,10.3389/fphar.2022.1026386,a23e78eb4e71e0a84c8eac3297704adbf00693766de42e23bd5a84d3b1d26a83,2022,Review,English,EC_EV_FINAL_SCOPE,include,verified_member_of_final_4974
EC_EV_003602,10.3390/cells7120255,a57dff15e6bcc0d119e6fceb9e0950f2cc395c67689b7ca58ebc921e8b820ead,2018,Review,English,EC_EV_FINAL_SCOPE,include,verified_member_of_final_4974
EC_EV_003603,10.21037/atm-20-7355,bd27c1c7fc19789dabcab65d92a8891f5b78553751e8132441a8ec46414b7d01,2021,Review,English,EC_EV_FINAL_SCOPE,include,verified_member_of_final_4974
EC_EV_003604,10.3389/fimmu.2019.00648,b87ad519ebbce53ca3eeb8b051dc081c37594d2443872fa6477920a82c51d72d,2019,Review,English,EC_EV_FINAL_SCOPE,include,verified_member_of_final_4974
EC_EV_003605,10.3389/fcimb.2022.1018692,e0c81fb43e5c13a7c55e7e59443983692060b6ddcfa9683deccd8b45583b49eb,2022,Review,English,EC_EV_FINAL_SCOPE,include,verified_member_of_final_4974
EC_EV_003606,10.7150/ijbs.96812,20376fb95e54f40fd2113d57bba70d335a40544e7af45b5dd5237c07415d2d52,2024,Article,English,EC_EV_FINAL_SCOPE,include,verified_member_of_final_4974
EC_EV_003607,10.1038/nrneph.2016.88,4e7fbc7d0045e72bd1f9c7ebdea8f980eb9b9ddd119ec37c81e11144187e9a13,2016,Review,English,EC_EV_FINAL_SCOPE,include,verified_member_of_final_4974
EC_EV_003608,10.1002/hep.28814,0c3ce66538a1e61fde1b3d0863d7bb1e73c264de7de030c8b8d4aa90a68da1c9,2016,Review,English,EC_EV_FINAL_SCOPE,include,verified_member_of_final_4974
EC_EV_003609,10.1186/s12943-023-01870-3,7da133a4eea405d073b7feffce72d8afeb193c1983cb6fe4d01d52a32a6e8f1f,2023,Review,English,EC_EV_FINAL_SCOPE,include,verified_member_of_final_4974
EC_EV_003610,10.3390/cells11091375,7cf86869a69e140853833e6061fe684f1e239087615d73c644cf7b8bebdc1b4f,2022,Review,English,EC_EV_FINAL_SCOPE,include,verified_member_of_final_4974
EC_EV_003611,10.3390/jcdd8110135,f62eb394ed6aa89018311a89caedb7e47b5a3e2b207f674a01a6ebd28169f6bb,2021,Article,English,EC_EV_FINAL_SCOPE,include,verified_member_of_final_4974
EC_EV_003612,10.1002/adhm.202400016,64ba0a5f8d0d2cbca571079f6e93969b084f4db9720abd7923910d7584190b4e,2024,Article,English,EC_EV_FINAL_SCOPE,include,verified_member_of_final_4974
EC_EV_003613,10.3390/cells12141826,beffd4a7b80c05959298ce6c2ce833206d35de2ea9db4035eeb88da9f6a15756,2023,Article,English,EC_EV_FINAL_SCOPE,include,verified_member_of_final_4974
EC_EV_003614,10.3390/ijms26010376,445f182b190f40c15c19e8c6194a1df0c4a28da09f431584302f5cc94b77bfe3,2025,Article,English,EC_EV_FINAL_SCOPE,include,verified_member_of_final_4974
EC_EV_003615,10.1096/fj.201902964r,26ac3ac5a27feb3ce499931c88d85a37dcdd96c169accd27a2180d8e6e5df679,2020,Article,English,EC_EV_FINAL_SCOPE,include,verified_member_of_final_4974
EC_EV_003616,10.1007/s11010-023-04762-8,773c59ad29e082ec0bdb4ff9ebacb327b5ae8bf7de571da41300454a46d42c74,2024,Article,English,EC_EV_FINAL_SCOPE,include,verified_member_of_final_4974
EC_EV_003617,10.1016/j.bbamcr.2014.06.012,7a877892dc833d666fd07914d2e6eda6c99bb32b4dc2ae03cbdf8af2609a5c00,2014,Article,English,EC_EV_FINAL_SCOPE,include,verified_member_of_final_4974
EC_EV_003618,10.3390/ijms23168925,7e4298e602fa0944738c61864935816ff469344ae5e00582932145a293af3a80,2022,Article,English,EC_EV_FINAL_SCOPE,include,verified_member_of_final_4974
EC_EV_003619,10.1155/2018/3536854,9738d54a00868374f10cf2560d3bca66e2a255b4bc3cfdd1ef8a3efe3d8c05d8,2018,Article,English,EC_EV_FINAL_SCOPE,include,verified_member_of_final_4974
EC_EV_003620,10.1007/s00109-018-1729-3,ee50156db46c2e2698a6b4449d1c9d0311ee0faa49c188bf5e695bc5dfbfbd0b,2019,Review,English,EC_EV_FINAL_SCOPE,include,verified_member_of_final_4974
EC_EV_003621,10.1186/s13287-018-1097-5,d6d98d48b1b0a9c0a58d1e7e8d0747c2674ad172b32cf0679eb2eb52ca5c5b57,2019,Review,English,EC_EV_FINAL_SCOPE,include,verified_member_of_final_4974
EC_EV_003622,10.1080/20013078.2020.1713527,fbda1138aaff4fbe89f0d8ed440d4155c97de1d2e06f4a576c562f813994aff7,2020,Article,English,EC_EV_FINAL_SCOPE,include,verified_member_of_final_4974
EC_EV_003623,10.1002/prca.202400019,c7ca9ce09840d473a5a74eafd254de2ca6384f232f677e1fff796c00c1d844c7,2025,Article,English,EC_EV_FINAL_SCOPE,include,verified_member_of_final_4974
EC_EV_003624,10.1016/j.pbiomolbio.2024.08.002,d6a7c594a11b61624df0ae6d7b48f039e0d755d4249fbc2e9997adbe53bd7764,2024,Review,English,EC_EV_FINAL_SCOPE,include,verified_member_of_final_4974
EC_EV_003625,10.1016/j.bioactmat.2022.01.029,0163777f617168fe0c8993641c1f02c4e96f66de73b516ce9b879429d361a3c4,2022,Article,English,EC_EV_FINAL_SCOPE,include,verified_member_of_final_4974
EC_EV_003626,10.1093/cvr/cvae096,c89fe9dfe3371fd1e0b0f67eabbde8c34116489bbba372313f20e4b909450b13,2024,Article,English,EC_EV_FINAL_SCOPE,include,verified_member_of_final_4974
EC_EV_003627,10.1186/s12951-025-03261-w,c58292525d4e5994c43a0f3afaf1f4bf3dda757582b21aab1cac449a1f03f8ec,2025,Article,English,EC_EV_FINAL_SCOPE,include,verified_member_of_final_4974
EC_EV_003628,10.3390/ijms25052730,04225d38d30e1e9b9a050679a027f8f6e0f2f6b99af27e1523e1c50249c62f3f,2024,Review,English,EC_EV_FINAL_SCOPE,include,verified_member_of_final_4974
EC_EV_003629,10.1021/acs.molpharmaceut.4c00322,231d65ca2fc6cd21ff5a364089441cf555aa6197a5fb9b2cbc1e869b49da62ab,2024,Article,English,EC_EV_FINAL_SCOPE,include,verified_member_of_final_4974
EC_EV_003630,10.3389/fneur.2020.580030,40440122e7423cee327d2d0e6b5a1094f6285b4e88d100eec3565e41b561b262,2020,Review,English,EC_EV_FINAL_SCOPE,include,verified_member_of_final_4974
EC_EV_003631,10.1038/s41598-019-55783-7,31d134f52e9d2e54f9fb032c65b63c219e01c9949d9f9decbcf2a8e2ea91c565,2020,Article,English,EC_EV_FINAL_SCOPE,include,verified_member_of_final_4974
EC_EV_003632,10.1016/j.bios.2022.114980,8cda9cf94fecf4300a7777b781bef21eb9469af7a24589ef9f52bedbbcb9b978,2023,Article,English,EC_EV_FINAL_SCOPE,include,verified_member_of_final_4974
EC_EV_003633,10.1007/s11481-025-10204-7,b907c4b1baae816147e6175a1373f32f77d18b6a3b4e3a23edf483119eaae163,2025,Review,English,EC_EV_FINAL_SCOPE,include,verified_member_of_final_4974
EC_EV_003634,10.3390/diagnostics11020269,e6c916216961de2f7a4afcb6702884655c36489948bc7e195b835da3900728e0,2021,Review,English,EC_EV_FINAL_SCOPE,include,verified_member_of_final_4974
EC_EV_003635,10.1016/j.exer.2023.109572,773a9513491f327a7b548cae5c158949b077bdec3e09d279286fcb81d325001d,2023,Article,English,EC_EV_FINAL_SCOPE,include,verified_member_of_final_4974
EC_EV_003636,10.1038/s41598-021-90477-z,6ae364ac7fabfcc3d7dccaa9b5e89761ce6ff5bcc4abe9798d3c2400c3d4d167,2021,Article,English,EC_EV_FINAL_SCOPE,include,verified_member_of_final_4974
EC_EV_003637,10.1002/adhm.202300319,106b6981e63717dfd582bb407eb1efcb8b8e4bcd40852d528486b73e44ee1c36,2023,Review,English,EC_EV_FINAL_SCOPE,include,verified_member_of_final_4974
EC_EV_003638,10.1002/pmic.201800165,ffec8336f1b7a62cd9433729721717e98fd8fdebaf8ff1ffcbe2d48a8dc232b1,2019,Review,English,EC_EV_FINAL_SCOPE,include,verified_member_of_final_4974
EC_EV_003639,10.1093/cvr/cvx211,a2b68127509e9f2d748a90f0b198a482c7d6b2fe1fdd8c08c3b9d5ae16b993c9,2018,Review,English,EC_EV_FINAL_SCOPE,include,verified_member_of_final_4974
EC_EV_003640,10.1038/s41598-023-45830-9,892af157909e6db8cd1d984bffbceb3d69f8f113978e2543b9ce8387eb5fdbb0,2023,Article,English,EC_EV_FINAL_SCOPE,include,verified_member_of_final_4974
EC_EV_003641,10.1172/jci.insight.93344,4de7e7d9539e7b73bf62d1beca1d0c18e020f97c2b5889af6b111b51ff0e730f,2017,Article,English,EC_EV_FINAL_SCOPE,include,verified_member_of_final_4974
EC_EV_003642,10.1016/j.phrs.2023.106800,f8174ba0d20a7ab8a06e2df3b59b178f783f08a4198d071d3c4bda4c08592582,2023,Article,English,EC_EV_FINAL_SCOPE,include,verified_member_of_final_4974
EC_EV_003643,10.3390/cells9051141,de7e829ec99dad0e873a1ff0081475c1b5552788edde88d51ed8e3671727c225,2020,Review,English,EC_EV_FINAL_SCOPE,include,verified_member_of_final_4974
EC_EV_003644,10.3390/ijms22010153,d2dc02a09eab6678261fec6ff8e4c8cd4bad9126b16293ea87390e2d5b6d36f2,2021,Review,English,EC_EV_FINAL_SCOPE,include,verified_member_of_final_4974
EC_EV_003645,10.1080/09537104.2019.1648780,771e47519014dad12ec743dcba7a6ac5d5f85cf0f4037132dcbfecfffff5a349,2020,Article,English,EC_EV_FINAL_SCOPE,include,verified_member_of_final_4974
EC_EV_003646,10.2147/ijn.s467158,08c5ff68306292ec964c19c3212b4910911fd62918a685ab60ba698f15287a70,2024,Review,English,EC_EV_FINAL_SCOPE,include,verified_member_of_final_4974
EC_EV_003647,10.1186/s12951-024-02684-1,4942217fa9df1141b74e94871df6e556a60cf30d3fc1a3333c7549b83cde5849,2024,Review,English,EC_EV_FINAL_SCOPE,include,verified_member_of_final_4974
EC_EV_003648,,0200e3d474e976fa28de4ba89b3d5f9859d4c3ccd42406f0cc00ca0b61976232,2023,Article,English,EC_EV_FINAL_SCOPE,include,verified_member_of_final_4974
EC_EV_003649,10.3390/ijms242115677,157bf5d2e6cc19e2bce8751148f7f16470ff1ad814bb77b3e9b015a6c122350f,2023,Review,English,EC_EV_FINAL_SCOPE,include,verified_member_of_final_4974
EC_EV_003650,10.3389/fphys.2023.1241096,06befd7dc1ca85a972869985988d0cadf9720a1c1537e51191a64779b3e81e43,2023,Review,English,EC_EV_FINAL_SCOPE,include,verified_member_of_final_4974
EC_EV_003651,10.3390/ijms23094530,a239d9de9e03ae500e375af61b9f40578f5a118402bebbaf3add22701d358c0f,2022,Article,English,EC_EV_FINAL_SCOPE,include,verified_member_of_final_4974
EC_EV_003652,10.3390/cells13030265,83084914332d65012fc83ab043a33595887672de1aa65d990438748303d00f42,2024,Review,English,EC_EV_FINAL_SCOPE,include,verified_member_of_final_4974
EC_EV_003653,10.1007/s12274-021-3868-z,924b46dab3b3bdd5cd9fb7275c3ee43b55684ead641b997f998dc390cdf2bd79,2022,Article,English,EC_EV_FINAL_SCOPE,include,verified_member_of_final_4974
EC_EV_003654,10.1016/j.ymthe.2022.11.003,64be136895e02cf2e7128189c4896de5c16e21463468e5864265c28fff54c595,2023,Article,English,EC_EV_FINAL_SCOPE,include,verified_member_of_final_4974
EC_EV_003655,10.1002/jev2.12434,fc35e7cebd5c1985108d9850f47a7ad7ccc9bbf1b5e88e0c157f4948e40735e4,2024,Article,English,EC_EV_FINAL_SCOPE,include,verified_member_of_final_4974
EC_EV_003656,10.1038/s41598-017-08883-1,1dc680003659323191d487200e3380234aa7fbe56c84c80488f51abf20fc66ce,2017,Article,English,EC_EV_FINAL_SCOPE,include,verified_member_of_final_4974
EC_EV_003657,10.1165/rcmb.2017-0129oc,db66ca578fe5123fce181f35b7b4459ffe4bc1cbd419b963e22bf9b5e5082827,2018,Article,English,EC_EV_FINAL_SCOPE,include,verified_member_of_final_4974
EC_EV_003658,10.1080/10717544.2018.1425774,1cf5cca0940db724849b2661b45198fc33bdbff5dcecaf7782c2f8a9342380a8,2018,Article,English,EC_EV_FINAL_SCOPE,include,verified_member_of_final_4974
EC_EV_003659,10.1055/a-2381-6854,e4602af2c31d6d5dc679a7b694c98af210d88d7ddc03d7465e7f184f2976676d,2024,Review,English,EC_EV_FINAL_SCOPE,include,verified_member_of_final_4974
EC_EV_003660,10.1093/ckj/sfz145,b6c9dc005a931869ac6ff884704c756828b9259ff6a5890cea444137be4147e1,2021,Article,English,EC_EV_FINAL_SCOPE,include,verified_member_of_final_4974
EC_EV_003661,10.1186/s12943-022-01556-2,bf3d15ede8397e276d91188ce3a396e1e89e3a3824509f56ca5b4ec087fefb08,2022,Review,English,EC_EV_FINAL_SCOPE,include,verified_member_of_final_4974
EC_EV_003662,10.3390/cancers12020298,1d2fdab0ec3c00775bba8333e3beb4f0c4eeecbf027095fa6ba9e1f0852bca68,2020,Review,English,EC_EV_FINAL_SCOPE,include,verified_member_of_final_4974
EC_EV_003663,10.1080/09537104.2024.2313362,d0008a63bb634ef0f5e0f916c6713e2c700891d46a782a509994dda594400e4a,2024,Article,English,EC_EV_FINAL_SCOPE,include,verified_member_of_final_4974
EC_EV_003664,10.1016/j.omtn.2022.12.012,1d03b0eceb03ffce03264c35293e3ba0392d824d9004f4bbffbec22b92b068e8,2023,Article,English,EC_EV_FINAL_SCOPE,include,verified_member_of_final_4974
EC_EV_003665,10.1055/s-0030-1267043,a43b7ac5893426d4b439750fa32269ea21dfc227ca433a32546344bcfc3e1f0b,2010,Article,English,EC_EV_FINAL_SCOPE,include,verified_member_of_final_4974
EC_EV_003666,10.3390/biom13020222,4f652d5572343b441ad53a7ee4dd6b359f75a6fc2bfd76c8f1d719cf362a2c27,2023,Review,English,EC_EV_FINAL_SCOPE,include,verified_member_of_final_4974
EC_EV_003667,10.1038/s41598-020-64349-x,9976ac428ae791b2e87471c836d66ef4529f6bd9ebd7b26807d5f5d642af0c0c,2020,Article,English,EC_EV_FINAL_SCOPE,include,verified_member_of_final_4974
EC_EV_003668,10.1186/s12967-023-04328-8,7229f67088f9ce30bd1bf10915038fb8bdd42594d481e5d2a1ec3b1ef8eabd5c,2023,Review,English,EC_EV_FINAL_SCOPE,include,verified_member_of_final_4974
EC_EV_003669,,9f4b7cf839ccf3af84a5b8e884e8b064b799de7d21bb39dadbd7e96e92dba211,2011,Review,English,EC_EV_FINAL_SCOPE,include,verified_member_of_final_4974
EC_EV_003670,10.4252/wjsc.v11.i8.476,062ed553b61357823375fe73344dce07b070450e82bb829f41e0c5bb17c0fc9f,2019,Review,English,EC_EV_FINAL_SCOPE,include,verified_member_of_final_4974
EC_EV_003671,10.3389/fimmu.2014.00370,4bc5851c7610c0bd1346260cb61358f5bdf7f3a50e185a3ef527b00d11466db0,2014,Review,English,EC_EV_FINAL_SCOPE,include,verified_member_of_final_4974
EC_EV_003672,10.1016/j.semcancer.2014.02.011,96aa4b96c6d4cabdb549b5e3255eefc3a197899c2c3f8248dfcaec666dbe9619,2014,Review,English,EC_EV_FINAL_SCOPE,include,verified_member_of_final_4974
EC_EV_003673,10.1055/s-2006-926795,dcab9f36666c5fdc76c73428787aa6f83a902d2f7f0ae34a3cacf5025ab2a688,2006,Review,English,EC_EV_FINAL_SCOPE,include,verified_member_of_final_4974
EC_EV_003674,10.7150/ijbs.104404,8bf540483dbeee7c670939fab12939d2e5fb2929f69d2577368c3da49c1bd5d7,2025,Review,English,EC_EV_FINAL_SCOPE,include,verified_member_of_final_4974
EC_EV_003675,10.1002/advs.202004929,ea30bc1e50559cb6bff991f7f1660313959d667e0cfc21a606ac3f7b27361a1f,2021,Article,English,EC_EV_FINAL_SCOPE,include,verified_member_of_final_4974
EC_EV_003676,10.1038/s12276-018-0084-3,59f4c7ec967f8df20e3fc6e4b30ae9b6c4b15118eb5b8dc23513e08afde6cff7,2018,Article,English,EC_EV_FINAL_SCOPE,include,verified_member_of_final_4974
EC_EV_003677,10.1161/atvbaha.118.311576,a668a18899c86c98e30b89486babaf5e861523992e313483dcea3ad7bc6657ee,2019,Article,English,EC_EV_FINAL_SCOPE,include,verified_member_of_final_4974
EC_EV_003678,10.1186/s13046-023-02717-x,369a3ad160ee9ed85d2e2e8b07f47787f176e3de72c02145a2e62b0751384523,2023,Review,English,EC_EV_FINAL_SCOPE,include,verified_member_of_final_4974
EC_EV_003679,10.1021/acs.jproteome.5c00168,23f4e76751b5aff6f28792df34413d002dc26124177ff0c280747a04dcb2601b,2025,Article,English,EC_EV_FINAL_SCOPE,include,verified_member_of_final_4974
EC_EV_003680,10.3389/fonc.2024.1436942,d6e2e00a1610a9c28c23eb1ccde1ecd7eb2139c7d5f2d13be41448e3c6cd3dc7,2024,Review,English,EC_EV_FINAL_SCOPE,include,verified_member_of_final_4974
EC_EV_003681,10.2174/0929867329666220520121711,e21ce28591a41ece8593363e2b307ac3c9ec412186e42bd77eecbc6032f0c187,2022,Review,English,EC_EV_FINAL_SCOPE,include,verified_member_of_final_4974
EC_EV_003682,10.3389/fimmu.2018.01534,ba29eee14c308a60022d9b3f5983896033185051dcf6dc3f0ae1e732d2c0e6b7,2018,Review,English,EC_EV_FINAL_SCOPE,include,verified_member_of_final_4974
EC_EV_003683,10.1210/er.2017-00229,f893b35f96efa7069912668b779ed85d40b7469ad2410a2c28bfbbcf8a0c806a,2018,Review,English,EC_EV_FINAL_SCOPE,include,verified_member_of_final_4974
EC_EV_003684,10.7717/peerj.3627,87289a7428bbfb2614d67bfae94423eab3a4a1ab018adc6d2474ba9445a30b5d,2017,Article,English,EC_EV_FINAL_SCOPE,include,verified_member_of_final_4974
EC_EV_003685,10.1080/14712598.2022.2087471,e6910d15635ec95ad2b4f68e0e607da77f8f0350a9a3987f1e8e9ab2ae2cc8a8,2022,Review,English,EC_EV_FINAL_SCOPE,include,verified_member_of_final_4974
EC_EV_003686,10.1016/j.intimp.2022.109322,cfa618501a2322b8221c0b3d1f0d332aa713520ed9bd19bf8a4fc87eb633b7ed,2022,Article,English,EC_EV_FINAL_SCOPE,include,verified_member_of_final_4974
EC_EV_003687,10.3164/jcbn.17-123,45f919bd72c837458d57205c38a63a70e58fcf5871a71cb2e1306fb13928d9dd,2018,Review,English,EC_EV_FINAL_SCOPE,include,verified_member_of_final_4974
EC_EV_003688,10.1016/j.semcdb.2016.01.037,c7f1a760c2cfb95d0571b5c98f571efb0b651fa367abd84be9bdb62391ff8f78,2016,Review,English,EC_EV_FINAL_SCOPE,include,verified_member_of_final_4974
EC_EV_003689,10.1002/adhm.201800672,1d2a33d3a984c8271e35afd51165af5c572b11292f7a56ee341e3b7e2a597e92,2018,Article,English,EC_EV_FINAL_SCOPE,include,verified_member_of_final_4974
EC_EV_003690,10.1038/s41420-020-00322-x,3bdea5721cb8812d9576ade5797e8ddac5711474dbcb91aa5ef35474c29c3fa1,2020,Article,English,EC_EV_FINAL_SCOPE,include,verified_member_of_final_4974
EC_EV_003691,10.1111/jcmm.16002,6b10ab4a11e5302b16afe70fe0ff76c9cd299adfbce0c4e9e68c5317a4a35099,2020,Article,English,EC_EV_FINAL_SCOPE,include,verified_member_of_final_4974
EC_EV_003692,10.1089/scd.2023.0262,d51fa32c69a6641f9d6f4f3958d516e11d6dbe81ec397efd2df1eebe98dcb766,2024,Article,English,EC_EV_FINAL_SCOPE,include,verified_member_of_final_4974
EC_EV_003693,10.34133/research.0581,ca908f7e93f6fd9f695fa8ecd190bc77c4aefc79096c56979ebddf87cb1273c6,2025,Article,English,EC_EV_FINAL_SCOPE,include,verified_member_of_final_4974
EC_EV_003694,10.1021/acs.molpharmaceut.4c01227,6a4d7c084c5de7f9b62bda7238de5b38fdb2c5fba59c80ffc934d9541faf2eaa,2024,Article,English,EC_EV_FINAL_SCOPE,include,verified_member_of_final_4974
EC_EV_003695,10.1016/j.semcancer.2013.12.009,a1aa7d3eb736f1dd8dedf9aeedb51867462f7c74cf9543182b2548424a5ffd39,2014,Review,English,EC_EV_FINAL_SCOPE,include,verified_member_of_final_4974
EC_EV_003696,10.1016/j.ijbiomac.2025.141606,f99e3d3330b48a0a9a99045ff29a61f83d0a69ea459cc2146c206b5cc96d774a,2025,Article,English,EC_EV_FINAL_SCOPE,include,verified_member_of_final_4974
EC_EV_003697,10.1007/s12035-022-03037-5,3d66df3beda853b3267566d2f820dd4dea515be1c865bd125a6c6878afa20fb7,2023,Article,English,EC_EV_FINAL_SCOPE,include,verified_member_of_final_4974
EC_EV_003698,10.1158/0008-5472.can-16-0714,2e05b333384914896c66b536d6e897be5ef68328246cf3f3a5dc63c354fc98f3,2016,Article,English,EC_EV_FINAL_SCOPE,include,verified_member_of_final_4974
EC_EV_003699,10.1021/acsnano.3c09721,5df2e2f6b0f0eb12c67a384fe890fee6750e6dd9a38a1b46cb39325f51ff4607,2024,Article,English,EC_EV_FINAL_SCOPE,include,verified_member_of_final_4974
EC_EV_003700,10.3389/fphar.2022.1078722,c5b8e4e1d9c36e2bf48287d49734c20aaa429bdc2d72acc65b809da7a17ba9b9,2022,Article,English,EC_EV_FINAL_SCOPE,include,verified_member_of_final_4974
EC_EV_003701,10.1016/j.pharmthera.2015.11.002,852800e9ca065367d6450b14db4cc4b9a88fa914d4e358203f8b34340310dfcd,2016,Review,English,EC_EV_FINAL_SCOPE,include,verified_member_of_final_4974
EC_EV_003702,10.1002/path.4712,3168553ea2d32b33eb12e5723a3680448cde84ce3d990dfafe8aca763171a225,2016,Article,English,EC_EV_FINAL_SCOPE,include,verified_member_of_final_4974
EC_EV_003703,10.1016/j.bone.2020.115248,34b75639fc613054da6a9c6616cc2217a58df7951848c71766e71a6edd6784f1,2020,Article,English,EC_EV_FINAL_SCOPE,include,verified_member_of_final_4974
EC_EV_003704,10.1111/joor.12885,14a8c5b53a8bee2300ce87b3e505f375b30595d60af3558bd99ceae56e806b64,2020,Article,English,EC_EV_FINAL_SCOPE,include,verified_member_of_final_4974
EC_EV_003705,10.1080/03007995.2024.2407963,2b966d30af3a914e0841ed3cb28a6c252bafb6f6a9a0b05316df4590b68fadf1,2024,Review,English,EC_EV_FINAL_SCOPE,include,verified_member_of_final_4974
EC_EV_003706,10.1016/j.biomaterials.2017.07.011,d09dabb0247e8cbf57ca366d1c89adb42cd9ba16439e015a2956d9b3834a37a1,2017,Article,English,EC_EV_FINAL_SCOPE,include,verified_member_of_final_4974
EC_EV_003707,10.1016/j.bioactmat.2020.09.011,cce69c91050274e18063923bd1e1d1e12229195368437dd762588c7e92c73f41,2021,Article,English,EC_EV_FINAL_SCOPE,include,verified_member_of_final_4974
EC_EV_003708,10.1016/j.fsi.2019.10.044,3826015e4a6b3f4ca53f118d4e47bad338c3ae77bb5e98992376e143063d534c,2019,Article,English,EC_EV_FINAL_SCOPE,include,verified_member_of_final_4974
EC_EV_003709,10.3389/fphar.2022.896531,54f9bdae22c62903f4ab6f5ae779174da551f040bd8d3e1f9b2cc4c1d6d64c76,2022,Review,English,EC_EV_FINAL_SCOPE,include,verified_member_of_final_4974
EC_EV_003710,10.1016/j.cytogfr.2023.12.006,193e1523abb5826d92ef60aa55a2ec58aa31806d81e8daf14624c9075e691634,2024,Review,English,EC_EV_FINAL_SCOPE,include,verified_member_of_final_4974
EC_EV_003711,10.1186/s10020-025-01200-x,ce3abd835efe8b6de9626f4d70c6576afb24e59b0c6bd05556dca3f50a356e94,2025,Review,English,EC_EV_FINAL_SCOPE,include,verified_member_of_final_4974
EC_EV_003712,10.1186/s41232-023-00297-z,d9ee1d57e1f8dca4b3fdc76e8f31c3b2a037dcafe1be426d66b7eeba89d7b007,2023,Article,English,EC_EV_FINAL_SCOPE,include,verified_member_of_final_4974
EC_EV_003713,10.3390/cells7100167,dbbdd0f37618edf178a962abb5a002c22073dd007cfaf6f04de54adc8c1a3e74,2018,Review,English,EC_EV_FINAL_SCOPE,include,verified_member_of_final_4974
EC_EV_003714,10.2337/db22-0342,89448f9e98f538551d7d9bde561a177146395ff9458fb181f7a8b6fe7716965e,2023,Article,English,EC_EV_FINAL_SCOPE,include,verified_member_of_final_4974
EC_EV_003715,10.1039/c9nr04253a,3441e3c4b7f79892816a224d9bddcf24e681cab540fe5aca189f9868f4f39b03,2019,Article,English,EC_EV_FINAL_SCOPE,include,verified_member_of_final_4974
EC_EV_003716,10.1186/s12885-018-4801-z,ea92634e30d7943cecb87880e3b9d6db3b7aca68f1d1209e0cf731b35ac3d552,2018,Article,English,EC_EV_FINAL_SCOPE,include,verified_member_of_final_4974
EC_EV_003717,10.3892/ol.2022.13310,33552dfb828894ca8e8efbad1ae73a923694a7d1b2bbd2453552f82d9f36e9e6,2022,Review,English,EC_EV_FINAL_SCOPE,include,verified_member_of_final_4974
EC_EV_003718,10.3390/ijms22083851,f93f29add1fa86eec063aff01541b7508f56d0f4d35264770a7c0aa425648d0b,2021,Article,English,EC_EV_FINAL_SCOPE,include,verified_member_of_final_4974
EC_EV_003719,10.1080/20013078.2017.1388731,b4e2d34197571560408be56db5ab8e05d74d8bb0cfb7344d7a51ad4564a94f16,2017,Article,English,EC_EV_FINAL_SCOPE,include,verified_member_of_final_4974
EC_EV_003720,10.1016/j.omtn.2022.08.032,b1d5359454314a1f4226d3db17c84cd4af748bfe309944dd4f6e74944c2d94b7,2022,Review,English,EC_EV_FINAL_SCOPE,include,verified_member_of_final_4974
EC_EV_003721,10.1016/j.phrs.2021.105868,a181d29cb3d536a2db81d26bec997d95b81223b3dc6edd89b4b133dd5500b9db,2021,Review,English,EC_EV_FINAL_SCOPE,include,verified_member_of_final_4974
EC_EV_003722,10.1016/j.prp.2023.154591,bc537b6a646fd75d82e3c3677fcb65a00b9f90142047b536c7a6713bc9b87701,2023,Review,English,EC_EV_FINAL_SCOPE,include,verified_member_of_final_4974
EC_EV_003723,10.3389/fimmu.2022.1014013,e56100f832ff38d9f126ac4c4884738e5cb059aa3a73712b17471176a9cdf399,2022,Article,English,EC_EV_FINAL_SCOPE,include,verified_member_of_final_4974
EC_EV_003724,10.1186/s13045-019-0739-0,78196d0334dcd644c248c87c9b95d9f64b375b6ae68daf53b28be2ff059cef86,2019,Review,English,EC_EV_FINAL_SCOPE,include,verified_member_of_final_4974
EC_EV_003725,10.1097/ppo.0000000000000308,a4e7e3ae1fba24290aebacf4a97b319b45f758806230afed68ada1ccea29aa28,2018,Review,English,EC_EV_FINAL_SCOPE,include,verified_member_of_final_4974
EC_EV_003726,10.1002/cphy.c210051,f4b6a1830343aac99d3be04e99d022fa726b1d5a8434fc117fa72cea8cc0bc3d,2023,Article,English,EC_EV_FINAL_SCOPE,include,verified_member_of_final_4974
EC_EV_003727,10.1007/s10555-018-9730-4,e89294b3407cf02a66f843e01c5198528ad40057f89ab3fd9688ddd8ac72444d,2018,Review,English,EC_EV_FINAL_SCOPE,include,verified_member_of_final_4974
EC_EV_003728,10.1186/s12967-020-02468-9,1f71eece7a39b9b7cfd56799c913793fc6eae643910c39999d5a7946002983bf,2020,Article,English,EC_EV_FINAL_SCOPE,include,verified_member_of_final_4974
EC_EV_003729,10.3389/fcvm.2024.1324447,75b93d0727833f6252e6a101f292b24108f3d1edc15d028991fa94449b195964,2024,Review,English,EC_EV_FINAL_SCOPE,include,verified_member_of_final_4974
EC_EV_003730,10.1016/j.jconrel.2021.03.039,f9372c318854ffda19c2fabd6d532a77e2abcb867c75e297ccbc37c694be3250,2021,Review,English,EC_EV_FINAL_SCOPE,include,verified_member_of_final_4974
EC_EV_003731,10.1016/j.cyto.2023.156175,233f299b0e555fda5f2152090edafe3e5464447026eea9a082b9e0a30434d4f6,2023,Article,English,EC_EV_FINAL_SCOPE,include,verified_member_of_final_4974
EC_EV_003732,10.1371/journal.pone.0011469,b2e9ce7b850b1a24b0b9380de230010d7da94dd3d7a26a08ed5030e9d4e86786,2010,Article,English,EC_EV_FINAL_SCOPE,include,verified_member_of_final_4974
EC_EV_003733,10.1021/pr070192y,ea6759b1a81bfd7b1bd35365bbbda575ec8d61656a04a74e9e3875214141205c,2007,Article,English,EC_EV_FINAL_SCOPE,include,verified_member_of_final_4974
EC_EV_003734,10.1038/s41420-020-00305-y,f96c5f1a509b3177eaee53fd7c132072801e41319eac899ac7c28a572a4b80de,2020,Review,English,EC_EV_FINAL_SCOPE,include,verified_member_of_final_4974
EC_EV_003735,10.1007/s12265-024-10482-1,04da47c08ea8bb3f07026cdd4f13377b5ac1417dc40a1f4edf009c6b65c47cf2,2024,Article,English,EC_EV_FINAL_SCOPE,include,verified_member_of_final_4974
EC_EV_003736,10.1007/s11239-021-02441-3,719a50d1b64bb5f306b8f385e66771953c8f5f898669062ba51964b6279e0c5f,2021,Article,English,EC_EV_FINAL_SCOPE,include,verified_member_of_final_4974
EC_EV_003737,10.3389/fimmu.2020.593348,ed33d7f0b9f55082d057d3ff7e3c8fe7af2c648c47688ccf4d99321b5c559faf,2020,Review,English,EC_EV_FINAL_SCOPE,include,verified_member_of_final_4974
EC_EV_003738,10.1002/adfm.202503873,e5d1b581638b9f859d3bb5ef04faab62f417b0b06039c87170d902da3821e3bb,2025,Article,English,EC_EV_FINAL_SCOPE,include,verified_member_of_final_4974
EC_EV_003739,10.3390/ijms20081946,2a3b4bab41307da52c2ab3fab5b436adba09b84b3de3167e4ad438fe0dbd7da1,2019,Review,English,EC_EV_FINAL_SCOPE,include,verified_member_of_final_4974
EC_EV_003740,10.1055/s-0041-1727111,049ce474118a696482393e33e9b42267f8133a8a30517cecad4eeb05accd9e15,2021,Article,English,EC_EV_FINAL_SCOPE,include,verified_member_of_final_4974
EC_EV_003741,10.3390/ijms21093242,23b73698417989e6803ced36d9230a75fb5cf9946ef55bcb23541c533281855b,2020,Review,English,EC_EV_FINAL_SCOPE,include,verified_member_of_final_4974
EC_EV_003742,10.1007/s00441-018-2895-x,57f05561a8716ae6d3d8aa4696f9379427cf4a22cb9ca167c54718a7de8977ba,2018,Article,English,EC_EV_FINAL_SCOPE,include,verified_member_of_final_4974
EC_EV_003743,10.2741/4901,c5ed3f5abe5ff07400c838fbe693c6c41873951c2c03ede53403cc649002232a,2021,Review,English,EC_EV_FINAL_SCOPE,include,verified_member_of_final_4974
EC_EV_003744,10.1186/s13062-024-00485-y,dd59055e17dd158cae4652c6690808fe8a2be766e891d77792262ab30a9b5cc1,2024,Article,English,EC_EV_FINAL_SCOPE,include,verified_member_of_final_4974
EC_EV_003745,10.1021/acsami.0c16871,cc3ebbdbe9b25a34665b0526e3f761e98004693253d0e3b12bb5da3b40dd807b,2021,Article,English,EC_EV_FINAL_SCOPE,include,verified_member_of_final_4974
EC_EV_003746,10.1016/j.ejps.2016.10.009,5700463447972b1d782e75e93f52143f2d6193ac8a6e49cf8e0bbffebf40c6da,2017,Article,English,EC_EV_FINAL_SCOPE,include,verified_member_of_final_4974
EC_EV_003747,10.1042/bst20120192,fa66e16cbe3d9a0d20a9e7cc22e90784e1e415bcb7d7c2daafe4f5535d846779,2013,Article,English,EC_EV_FINAL_SCOPE,include,verified_member_of_final_4974
EC_EV_003748,10.1021/acsnano.0c04778,4caa48bf5067e3a958c5bc31acc489876c5a8e2f4866fd3144513e49c93f9463,2020,Article,English,EC_EV_FINAL_SCOPE,include,verified_member_of_final_4974
EC_EV_003749,10.1161/hypertensionaha.119.12944,a80caddf79251524676cf49d06bb05db17f867a4ec505386d753f7f2930575c0,2019,Article,English,EC_EV_FINAL_SCOPE,include,verified_member_of_final_4974
EC_EV_003750,10.1186/s12987-017-0061-6,5266ac3559ca866fdbec533c45bf4c5d204eb59772c7ebf5b0a1e064997ebfa0,2017,Review,English,EC_EV_FINAL_SCOPE,include,verified_member_of_final_4974
EC_EV_003751,10.1371/journal.pone.0165326,faf7144b195f5de56e644b61cb7207df4760fad99f4d691630fbe4da1a211fae,2016,Article,English,EC_EV_FINAL_SCOPE,include,verified_member_of_final_4974
EC_EV_003752,10.1111/ijlh.14182,ac3593a375a5fc364b894ef6c7cdcf6454b5e2548283de5e4791ab6330f90238,2024,Article,English,EC_EV_FINAL_SCOPE,include,verified_member_of_final_4974
EC_EV_003753,10.3389/fimmu.2018.02711,0d44931000a4ad1d3bbee866a2fb34686981021ce13877e74067801115853b00,2018,Review,English,EC_EV_FINAL_SCOPE,include,verified_member_of_final_4974
EC_EV_003754,10.1016/j.bioactmat.2023.02.013,4749da79db1c1c0b7b4daf2698ff7ea740ec2f85291921611ad0e0689d34a916,2023,Article,English,EC_EV_FINAL_SCOPE,include,verified_member_of_final_4974
EC_EV_003755,10.2147/cmar.s283747,88257f5291d9bfd61b92f909d80e27f68f7cd54e7b554a058eba0e1ff6d6af12,2020,Article,English,EC_EV_FINAL_SCOPE,include,verified_member_of_final_4974
EC_EV_003756,10.1073/pnas.1507905112,67317bf8661bfaacafcc3a6f86c59b0beeaf135aec7725ef9216fbadf3d33b84,2015,Article,English,EC_EV_FINAL_SCOPE,include,verified_member_of_final_4974
EC_EV_003757,10.1016/j.colsurfb.2021.111810,872f927a7274d196e2befd6d68a4de2dc889e66615e8071df68a16401bbb6a11,2021,Article,English,EC_EV_FINAL_SCOPE,include,verified_member_of_final_4974
EC_EV_003758,10.3390/ijms17020170,ca7f86abd7596a7c7b53074ea39642eef17c66539fd2707a0fa6f17ee65e8913,2016,Review,English,EC_EV_FINAL_SCOPE,include,verified_member_of_final_4974
EC_EV_003759,10.1186/s11658-024-00551-3,c9dae80f18fbd08b6ebfe9bd9ccf20d1bbf26f2f2d5a6db4f0c872bfc9488577,2024,Review,English,EC_EV_FINAL_SCOPE,include,verified_member_of_final_4974
EC_EV_003760,10.1016/j.thromres.2022.09.025,95c0413722d3d45d71e14bbc5fa43f63c0bcbe70ee7ef5d8786d7ed55b37fed8,2022,Review,English,EC_EV_FINAL_SCOPE,include,verified_member_of_final_4974
EC_EV_003761,10.7554/elife.83486,7de5e62f8847ec0e78363826bc8ad8882406ce8e60394af39c061a86c58b085e,2023,Article,English,EC_EV_FINAL_SCOPE,include,verified_member_of_final_4974
EC_EV_003762,10.1172/jci.insight.89908,ca5685c7d8a86158ca93c11c6782076ce1b9fb638edb82eeb4cb5e3e53edc77e,2016,Article,English,EC_EV_FINAL_SCOPE,include,verified_member_of_final_4974
EC_EV_003763,10.1038/srep19743,1e6dd649cfade0596fbb25547aeecd00f4041a80df99e94c60b32b09966ba186,2016,Article,English,EC_EV_FINAL_SCOPE,include,verified_member_of_final_4974
EC_EV_003764,10.1016/j.hlc.2016.12.002,16fbf95fd02b7c60a278808d5668a75329a64f8edca9a209540128bc5acab944,2017,Review,English,EC_EV_FINAL_SCOPE,include,verified_member_of_final_4974
EC_EV_003765,10.3389/fmolb.2017.00037,640adeef21466aa53feead433a360dcdfe2ff2bb3b6a8353004f4e20ac2d8ac4,2017,Review,English,EC_EV_FINAL_SCOPE,include,verified_member_of_final_4974
EC_EV_003766,10.1021/acsami.5c02551,6d9d59cb727ab6dfee01352b06529bf6011cbb8edd76dafb299877b29d141bfe,2025,Article,English,EC_EV_FINAL_SCOPE,include,verified_member_of_final_4974
EC_EV_003767,10.1038/s12276-019-0213-7,955c5bfa7fd6b61e9599477eb229b47528703d13ba330a1f7fcbdb29654b7efc,2019,Review,English,EC_EV_FINAL_SCOPE,include,verified_member_of_final_4974
EC_EV_003768,10.1016/j.diabres.2022.109861,907543afef6a74fcf2b4b0e33b86fa262c170fa000ccf58cfcd7d5dd417e4fa5,2022,Article,English,EC_EV_FINAL_SCOPE,include,verified_member_of_final_4974
EC_EV_003769,10.3390/cancers13112688,0df0ff854b5da4d77cbc55570d0fb5bfe5b43ec678c2dcfafa088ba1b1c354e0,2021,Article,English,EC_EV_FINAL_SCOPE,include,verified_member_of_final_4974
EC_EV_003770,10.1113/jp282054,3c597ad18417f1cb9a21774b6bf4fba7498d9960e2575727cdd6daebe3a9a250,2023,Review,English,EC_EV_FINAL_SCOPE,include,verified_member_of_final_4974
EC_EV_003771,10.1186/s12951-022-01400-1,1ba3285383a3812cc232622a21d6618064bd34705aa268e6193cd308f2b03de2,2022,Article,English,EC_EV_FINAL_SCOPE,include,verified_member_of_final_4974
EC_EV_003772,10.1002/jev2.12303,82125c26d8a0d1e950eb682e62abb67a39b0ff7b1f38dfeb8c8738f2da85486a,2023,Article,English,EC_EV_FINAL_SCOPE,include,verified_member_of_final_4974
EC_EV_003773,10.3390/biom14070837,ffd0b48d95903ec24595d70203bf32479f53b564a9e35b263115cb20bce44e9a,2024,Article,English,EC_EV_FINAL_SCOPE,include,verified_member_of_final_4974
EC_EV_003774,10.1186/s41065-023-00306-8,f492247819efbfacc7ae7ed7e8a8c4aa83fa882d6f4b848b3fd22bd7355047ff,2024,Article,English,EC_EV_FINAL_SCOPE,include,verified_member_of_final_4974
EC_EV_003775,10.1016/j.jacbts.2020.08.005,6fc45e1b1ed64448692dc1a386f96a3c03eed984f27f5bc18e85ec44c027a196,2020,Article,English,EC_EV_FINAL_SCOPE,include,verified_member_of_final_4974
EC_EV_003776,10.3390/cells11203229,b342a2274017bd2a28260524c24d68133ac4ee01f3e5b3197888efb84e17ed4b,2022,Article,English,EC_EV_FINAL_SCOPE,include,verified_member_of_final_4974
EC_EV_003777,10.3389/fcell.2021.619444,12b17bf2b4a78fb0fc3b87499b4ecc0f20678d701dcd134cf1656087006430bf,2021,Article,English,EC_EV_FINAL_SCOPE,include,verified_member_of_final_4974
EC_EV_003778,10.1002/cbin.11515,9ec83d6d4b57c42497beabd9f0b844705e39e6da4b2f3f573f8d216315f35b34,2021,Review,English,EC_EV_FINAL_SCOPE,include,verified_member_of_final_4974
EC_EV_003779,10.3390/biomedicines9081014,6db6a3fe93e3a9b3ff18b7e24fe2250b4c4ea88fbd43cc75d3e7dcd39300a047,2021,Review,English,EC_EV_FINAL_SCOPE,include,verified_member_of_final_4974
EC_EV_003780,10.1111/j.1538-7836.2010.04074.x,7a1020b268435d322f76466345da9a6263207c6fbe6a2e856c2051e91998bb47,2010,Review,English,EC_EV_FINAL_SCOPE,include,verified_member_of_final_4974
EC_EV_003781,10.1155/2021/9923566,eaa9452b8eda001ce44b3e55b1f4af292f04bf4bf49cf033a3c4345af7ff2640,2021,Review,English,EC_EV_FINAL_SCOPE,include,verified_member_of_final_4974
EC_EV_003782,10.1021/acsami.0c22671,0da52c7216d1e88d9653416af1a04fa5f94f0e8804cc67f8c956e7667dd879c2,2021,Article,English,EC_EV_FINAL_SCOPE,include,verified_member_of_final_4974
EC_EV_003783,10.1038/s41419-021-04004-z,b2b75cd35bf5066a54e512f39c0a313cee507378462273b66eade4ddd31b1a51,2021,Article,English,EC_EV_FINAL_SCOPE,include,verified_member_of_final_4974
EC_EV_003784,10.1016/j.ejphar.2018.12.012,2e066402f65f5601a2d5889a6be519816686e05b650330aa84734403b95b612c,2019,Review,English,EC_EV_FINAL_SCOPE,include,verified_member_of_final_4974
EC_EV_003785,10.1016/j.msec.2022.112708,09e51cbd62ad16ac9c2ebca45153408925c9aea8655898d237d4b54f28b1d3f0,2022,Article,English,EC_EV_FINAL_SCOPE,include,verified_member_of_final_4974
EC_EV_003786,10.1159/000540915,0dc19650de0019e03e706d9e8c6804aeffaddb465ee0864e67cd0cc97f58b776,2025,Review,English,EC_EV_FINAL_SCOPE,include,verified_member_of_final_4974
EC_EV_003787,10.1016/j.omtn.2019.09.023,685a4141b6a294d78c01746594b58fd3cc0dff4e850a7b160b2a7cffd6c94272,2019,Article,English,EC_EV_FINAL_SCOPE,include,verified_member_of_final_4974
EC_EV_003788,10.1161/circresaha.111.253286,15916e1bebbc19b0523e872ef5b02cadb660414618fbb21cea6551a6995fdbba,2011,Article,English,EC_EV_FINAL_SCOPE,include,verified_member_of_final_4974
EC_EV_003789,10.1016/j.biotechadv.2023.108158,c97e515e7aae552faab78798d70872415edbed324f04545d53a2f648a1ebc03d,2023,Review,English,EC_EV_FINAL_SCOPE,include,verified_member_of_final_4974
EC_EV_003790,10.1186/1478-811x-12-26,8fcaa707edfe8a59e0f682bcb802aa5628cd1f677a6d2c530dd290f86dfb91c4,2014,Article,English,EC_EV_FINAL_SCOPE,include,verified_member_of_final_4974
EC_EV_003791,10.3390/ijms24076628,1874acc6bef06869616baaef5a1faa74f4460ed7cc6ad1591f8c19b69d1a121b,2023,Article,English,EC_EV_FINAL_SCOPE,include,verified_member_of_final_4974
EC_EV_003792,10.1089/dna.2016.3496,dbdfd9a0cf7e9b522c3e26478c595e02c49b331803d19a8526fbdb5a779454b7,2017,Review,English,EC_EV_FINAL_SCOPE,include,verified_member_of_final_4974
EC_EV_003793,10.3389/fimmu.2021.608680,ef7ca62e9efff37eb93b3661617c723d5b682ca983aafd537f59ecbdad774615,2021,Review,English,EC_EV_FINAL_SCOPE,include,verified_member_of_final_4974
EC_EV_003794,10.1016/j.jtha.2024.07.022,cf23dfe9a3c849cc38782908cfa301514fb695cfd789b5b886548a7f34bfc08d,2024,Review,English,EC_EV_FINAL_SCOPE,include,verified_member_of_final_4974
EC_EV_003795,10.1007/s11033-022-07121-w,cace916d0df3e5b66ae25fdc2fb0fc0f38b9a1af71fdf6412971ad7210e40542,2022,Article,English,EC_EV_FINAL_SCOPE,include,verified_member_of_final_4974
EC_EV_003796,10.1002/jcb.25461,800852bfa0dccb235f81ae0d9048621f87d3335b587a43d4909cf2da7cfc20a0,2016,Article,English,EC_EV_FINAL_SCOPE,include,verified_member_of_final_4974
EC_EV_003797,10.3389/fncel.2014.00418,75271dba9537565753bd4e9e21394a44a104d80fbc83d3b6c6fb03f8b87862e7,2014,Review,English,EC_EV_FINAL_SCOPE,include,verified_member_of_final_4974
EC_EV_003798,10.1038/s41375-019-0493-x,a8a9443ea5a289086bd6548c9b41a9e66b25283512fc7391746ec43eff5d5ade,2020,Article,English,EC_EV_FINAL_SCOPE,include,verified_member_of_final_4974
EC_EV_003799,10.3390/cancers11050664,0f4b39af894f3b24c76e8c701babc82edeb51ee7ab01a43e146c31ce61aef3ca,2019,Review,English,EC_EV_FINAL_SCOPE,include,verified_member_of_final_4974
EC_EV_003800,10.1186/s12951-024-02943-1,bea70603a3caa6641f09c0409d69fe3d98013c55cc793ed627ec07cd0a705262,2024,Article,English,EC_EV_FINAL_SCOPE,include,verified_member_of_final_4974
EC_EV_003801,10.1016/j.fct.2021.112154,39859e5800717cbd6b108555b98fd2ca9d3ffb5973573dcddf732e3ae26cad2d,2021,Review,English,EC_EV_FINAL_SCOPE,include,verified_member_of_final_4974
EC_EV_003802,10.1007/s11914-018-0480-6,a4935e173f4a66b40ba00a01c66b835964b3272dd316214c3543ef833c15f019,2018,Review,English,EC_EV_FINAL_SCOPE,include,verified_member_of_final_4974
EC_EV_003803,10.3390/biom10050707,020cf1b9a4525317ee4939d6428429e4a6e85181d70b15a02ce82df8461d1ce1,2020,Review,English,EC_EV_FINAL_SCOPE,include,verified_member_of_final_4974
EC_EV_003804,10.1146/annurev-genom-083118-015324,a4e5d1c076ad6e6b4779ba77a428638d30c7e07de4f0ce2dd65cdb026e30b427,2019,Review,English,EC_EV_FINAL_SCOPE,include,verified_member_of_final_4974
EC_EV_003805,10.1186/s12951-020-00733-z,f0d380288e18b97dcae82aee5132e88e4aa177bd0c3f971c4fda55e74a9e179d,2020,Article,English,EC_EV_FINAL_SCOPE,include,verified_member_of_final_4974
EC_EV_003806,10.1038/onc.2017.105,0f41f6f6586b220aeda6a7c9916fc4ca4ddb10eed01a1ac840ca1da934916fcc,2017,Article,English,EC_EV_FINAL_SCOPE,include,verified_member_of_final_4974
EC_EV_003807,10.1002/adfm.202314610,f03fcb35ecfa977c6e871adf7bfef686626cd71d3c2600e6ef22bedabf421a61,2024,Article,English,EC_EV_FINAL_SCOPE,include,verified_member_of_final_4974
EC_EV_003808,10.3390/biomedicines10061219,77a1096563f2b877964022bd060d27a8c35853983ff4102dfd0a08c17ae1eb67,2022,Review,English,EC_EV_FINAL_SCOPE,include,verified_member_of_final_4974
EC_EV_003809,10.3390/jcdd8020022,bb45a72dae0cee68e6bf25ea5680d208e36c25dea33a690ffd87c7a56e8359f6,2021,Review,English,EC_EV_FINAL_SCOPE,include,verified_member_of_final_4974
EC_EV_003810,10.1016/j.bbadis.2015.09.020,1f954c6274f24c83c5b609eab97c40c46dedd0f972a25419a85c0832cddf63c1,2016,Article,English,EC_EV_FINAL_SCOPE,include,verified_member_of_final_4974
EC_EV_003811,10.1080/17474086.2021.1860001,7e44569c6d7e99cb490d45026af1d9ef29838f436f93bc7ee4a3a8779123e584,2021,Review,English,EC_EV_FINAL_SCOPE,include,verified_member_of_final_4974
EC_EV_003812,10.1042/cs20200892,4acc302c441298ac0800c75549b164e893bcc7acbae96f57b6c6d12a0d0d9f9d,2020,Article,English,EC_EV_FINAL_SCOPE,include,verified_member_of_final_4974
EC_EV_003813,10.1186/s40001-025-02649-6,4dce1a576e1197a4839ff57dbb04c1643a5ce55978a173b0b978fff4af8b1c01,2025,Review,English,EC_EV_FINAL_SCOPE,include,verified_member_of_final_4974
EC_EV_003814,10.3389/fonc.2017.00144,b7814cdaa87ccf1deb0af4615cd4261b204ecd731747a4b6245873cfa46d2f0d,2017,Review,English,EC_EV_FINAL_SCOPE,include,verified_member_of_final_4974
EC_EV_003815,10.1080/14712598.2020.1689954,eb83b99a5cce5fbe4850a43577baf61ba065e6bc297656ea7dc824f72edccc62,2020,Review,English,EC_EV_FINAL_SCOPE,include,verified_member_of_final_4974
EC_EV_003816,10.1111/phpp.12857,a4e7c791b971897d958fd512740322eb42427b715ed0a8bf3774663f028b6e9b,2023,Article,English,EC_EV_FINAL_SCOPE,include,verified_member_of_final_4974
EC_EV_003817,10.1016/j.bioactmat.2021.02.026,5b55994989bc80028c92dc093e27166609912a189e5daeaa8d18076a54d67a2c,2021,Article,English,EC_EV_FINAL_SCOPE,include,verified_member_of_final_4974
EC_EV_003818,10.2119/2007-00019.miksa,12e08b8ac2329460e42acf7280a52d95c417f85cc65dc6749892e6df78e5bb2f,2007,Article,English,EC_EV_FINAL_SCOPE,include,verified_member_of_final_4974
EC_EV_003819,10.1007/s00401-025-02880-9,bb8657f6d8f9cf92f65792cbc0242bb00f18331f9bee21d6a2910e4de1eed8c3,2025,Review,English,EC_EV_FINAL_SCOPE,include,verified_member_of_final_4974
EC_EV_003820,10.3390/ijms241814117,c5d76a17bf959b0d550849dee78047cbb2eb3e6dfca7a3f15d72509f55282aab,2023,Review,English,EC_EV_FINAL_SCOPE,include,verified_member_of_final_4974
EC_EV_003821,10.1016/j.bcp.2021.114667,7b239015b284ca662d8cc5c990b73b44831c9ac4fdceb65064c10fa4b0411c83,2021,Article,English,EC_EV_FINAL_SCOPE,include,verified_member_of_final_4974
EC_EV_003822,10.1124/jpet.119.257097,469f734c643490879b83f85977d87c870ced14c052af47fd4885f219f16e25b3,2019,Article,English,EC_EV_FINAL_SCOPE,include,verified_member_of_final_4974
EC_EV_003823,10.1134/s0006297921070014,c3c293dde49839bc93fd5c59135dfb42e114f3bcc6bf21f4d7d6b11bfd374be4,2021,Review,English,EC_EV_FINAL_SCOPE,include,verified_member_of_final_4974
EC_EV_003824,10.1016/j.jid.2016.12.030,8968e6c5c66b50e043a54b6075f53928f1f1e59c7d9e64410f25d39eb430411a,2017,Article,English,EC_EV_FINAL_SCOPE,include,verified_member_of_final_4974
EC_EV_003825,10.1161/circulationaha.115.015687,789426a51e62d495b9af15e0592dc8a68f3f9bd852d356f5c481efc2b583b378,2015,Article,English,EC_EV_FINAL_SCOPE,include,verified_member_of_final_4974
EC_EV_003826,10.3390/biom10050742,a77d8b21c08c70f993cae16f0793a5235ac233b102051b908d975ed3243e0efc,2020,Article,English,EC_EV_FINAL_SCOPE,include,verified_member_of_final_4974
EC_EV_003827,10.1016/j.biopha.2022.114040,4ac28b4a4c86ec3648ba1727cca007f090a8e681064291bb8076d86d75325e8f,2023,Review,English,EC_EV_FINAL_SCOPE,include,verified_member_of_final_4974
EC_EV_003828,10.3390/life12060910,4ea17ff15b489fc0c8f251b97a3fde09eb92bbdf7b6b1dab7a04afc074d41b40,2022,Review,English,EC_EV_FINAL_SCOPE,include,verified_member_of_final_4974
EC_EV_003829,10.1182/blood.2020004853,7332c8cc6ca6d78857280cbae7e0d328e2cc460d82f0bbbd964aab6c1f4faab4,2020,Article,English,EC_EV_FINAL_SCOPE,include,verified_member_of_final_4974
EC_EV_003830,10.1002/term.2954,6e4b6a703b0805c86cb6283c85e0cca1cee2e6fb80a7c4d701d055dce57a60da,2019,Article,English,EC_EV_FINAL_SCOPE,include,verified_member_of_final_4974
EC_EV_003831,10.1186/s12951-023-02202-9,6a746e975722afba04ede49815024201197c2a18169ad4b9e1d41d69a80a8fa7,2023,Article,English,EC_EV_FINAL_SCOPE,include,verified_member_of_final_4974
EC_EV_003832,10.3390/ijms22126239,820b11252b229cd675da38b630bff05a37b24203611e95e3dcd7049b5ca0dc29,2021,Article,English,EC_EV_FINAL_SCOPE,include,verified_member_of_final_4974
EC_EV_003833,10.3389/fonc.2023.1163786,b5fe46a486c3bb7f14c5df40e3df0f1acb40b838c02a21c593c83eca3feb6aab,2023,Review,English,EC_EV_FINAL_SCOPE,include,verified_member_of_final_4974
EC_EV_003834,10.3390/biomedicines12020468,1a442cd378c9d1c9da5469e27053b316c5ba13661bf285a26acfafbc76b88c14,2024,Review,English,EC_EV_FINAL_SCOPE,include,verified_member_of_final_4974
EC_EV_003835,10.3390/biology12081138,5bc44aba152d89ae85e2886e06f5f369db6effbd192d1ac24b0bd35b0b9136ac,2023,Review,English,EC_EV_FINAL_SCOPE,include,verified_member_of_final_4974
EC_EV_003836,10.3389/fonc.2022.825899,926dc16b7971441e05f781d24ea0d09a0c97a5ce0e58af320077783ad6bf590e,2022,Article,English,EC_EV_FINAL_SCOPE,include,verified_member_of_final_4974
EC_EV_003837,10.2147/ijn.s476995,b3a73dd10e3825a4596e0526e89a6d3db4aec2f2c67125ed2cb68b16ee417081,2024,Review,English,EC_EV_FINAL_SCOPE,include,verified_member_of_final_4974
EC_EV_003838,10.3389/fimmu.2021.814155,473df3313dee07e8188b2f3bed5a5ed7c953554fed186d46f67f80b3edc2425c,2022,Review,English,EC_EV_FINAL_SCOPE,include,verified_member_of_final_4974
EC_EV_003839,10.3390/ijms21186566,c20b660e6d680d6961ccaf9eea23e9e78e526498765260954f7c64518757aaaa,2020,Article,English,EC_EV_FINAL_SCOPE,include,verified_member_of_final_4974
EC_EV_003840,10.1016/j.jri.2016.08.008,c1532c5228a299f66c8c2e7d8a6ef3370b4154d3a8d66ecb92e6b7e6d0b00472,2017,Article,English,EC_EV_FINAL_SCOPE,include,verified_member_of_final_4974
EC_EV_003841,10.1002/mc.23807,0576f67c34a4e4d8a68e406f4f74f913b6be27ce8e3f98bca0112a8353db7795,2024,Article,English,EC_EV_FINAL_SCOPE,include,verified_member_of_final_4974
EC_EV_003842,10.1186/s13287-019-1548-7,3dd1886c5207c9cb4f4e5862236d706f2b7428cc77bc6125f156cb5c1682c72a,2020,Review,English,EC_EV_FINAL_SCOPE,include,verified_member_of_final_4974
EC_EV_003843,10.1038/s41598-024-62340-4,391646499cb6eda4e6fc4169e62e1b516cac8cd99c3e7ae966a7c63739d28134,2024,Article,English,EC_EV_FINAL_SCOPE,include,verified_member_of_final_4974
EC_EV_003844,10.1002/smll.202410503,2f5888cc734c53e597d0aea055015f00b45359630e67597297f37a487108d2f2,2025,Review,English,EC_EV_FINAL_SCOPE,include,verified_member_of_final_4974
EC_EV_003845,10.2174/1574888x17666220817093305,e8c9cd2c6fd6f0db0d314c1926d1940e47a9e7ec5d8daf6b74f71bee858ed777,2023,Review,English,EC_EV_FINAL_SCOPE,include,verified_member_of_final_4974
EC_EV_003846,10.1002/jlb.3a0218-054r,98e98c9f8d0dcd77886336fea60aaa147f822a392326c251b283cd37d92fde5a,2019,Article,English,EC_EV_FINAL_SCOPE,include,verified_member_of_final_4974
EC_EV_003847,10.1074/jbc.m115.686295,9c4831bf1e59232313981273a7442e893d1f0a09fb98b226c2cae6324ebb07e7,2016,Article,English,EC_EV_FINAL_SCOPE,include,verified_member_of_final_4974
EC_EV_003848,10.1111/wrr.13033,e9fff476fc43b8a2da9d56a218e4d300cde359ed5305cb9399a667964c03dc7e,2022,Article,English,EC_EV_FINAL_SCOPE,include,verified_member_of_final_4974
EC_EV_003849,10.2174/0115665240262982240109104620,a138d8d89deb9182c10794eab888b5f22abe74d9b3ccd89158468b98db7e837e,2025,Article,English,EC_EV_FINAL_SCOPE,include,verified_member_of_final_4974
EC_EV_003850,10.1016/j.thromres.2018.07.030,5581e115a7b2b336df2fcfc9231e9a317b4580ec618030985b59d34cf148cdcf,2018,Article,English,EC_EV_FINAL_SCOPE,include,verified_member_of_final_4974
EC_EV_003851,10.3390/vaccines12020200,93d98ab2eefd9f7b204a71dd88881161e541feffce5d7a8cc9eda06cf87f573b,2024,Review,English,EC_EV_FINAL_SCOPE,include,verified_member_of_final_4974
EC_EV_003852,10.1002/jev2.12304,4da70f18f988293f9e65e194a950c9abaabc6caa534dd585650395a331a596bc,2023,Article,English,EC_EV_FINAL_SCOPE,include,verified_member_of_final_4974
EC_EV_003853,10.1016/j.bioactmat.2024.09.013,e9c4a86264f6236eba3b85fd84a5994c00ace67ebf801ba157fab44c433a0df8,2025,Article,English,EC_EV_FINAL_SCOPE,include,verified_member_of_final_4974
EC_EV_003854,10.1111/jth.15733,6d62aee9c24f531cf489ab72082e1d5bb7c39a9ea1a9b5de8f9cf19d8320332d,2022,Review,English,EC_EV_FINAL_SCOPE,include,verified_member_of_final_4974
EC_EV_003855,10.3390/cells13161335,cb1d69fc02c7c8d881a5de6cc02d890d614868415b419e9ea76c5e3419aa88dc,2024,Article,English,EC_EV_FINAL_SCOPE,include,verified_member_of_final_4974
EC_EV_003856,10.1021/acssensors.4c01542,479ba64897b13fd2ccfe23e7869b04fe7c64f3ee9fc50019a1b6eb59adb1d367,2025,Article,English,EC_EV_FINAL_SCOPE,include,verified_member_of_final_4974
EC_EV_003857,10.7150/ijbs.28392,d6c18cd3abc3387bcbc0bcb092d4733af4520a8f12c05c8405f70f7922dbfde7,2019,Article,English,EC_EV_FINAL_SCOPE,include,verified_member_of_final_4974
EC_EV_003858,10.1002/stem.1481,7dcbb4eb61133c38e802cd304dde806acc6d35a18945206443a7b70f46e2ce31,2013,Article,English,EC_EV_FINAL_SCOPE,include,verified_member_of_final_4974
EC_EV_003859,10.1021/acsbiomaterials.4c00692,763fefb0c55cc3637064b70f05e8cc4bed345ca146fe27d1473893ba7aeae8d0,2024,Article,English,EC_EV_FINAL_SCOPE,include,verified_member_of_final_4974
EC_EV_003860,10.1093/stmcls/sxac036,607d6c6308ee4bf90b0553f8af28e2c3841b94a39730a0e524e5de2249bced01,2022,Review,English,EC_EV_FINAL_SCOPE,include,verified_member_of_final_4974
EC_EV_003861,10.1007/s00125-021-05415-5,36ad366e3b5fa26e4e4c9b497f275d2982e4a78694b4ebab54de036aab2c36d0,2021,Review,English,EC_EV_FINAL_SCOPE,include,verified_member_of_final_4974
EC_EV_003862,10.1002/stem.2298,0f806b8ec70d6a06ec094e76e859b6f5991b2e278bbc57cf60256fa2b6afc077,2016,Article,English,EC_EV_FINAL_SCOPE,include,verified_member_of_final_4974
EC_EV_003863,10.1016/j.ajps.2024.100965,e88d147345ed0ba3f0380ea0163e752f6bed75303abbee13154364b96f31cfb8,2024,Article,English,EC_EV_FINAL_SCOPE,include,verified_member_of_final_4974
EC_EV_003864,10.1016/j.bbagen.2017.08.024,3132ea7ee6290a3aaceef838524d369d8139b622b2d7f8e8010cd037a64004ba,2017,Review,English,EC_EV_FINAL_SCOPE,include,verified_member_of_final_4974
EC_EV_003865,10.3389/fonc.2020.00326,d87189e692659c5ec90a5f93e6730fe5a9a71ddf153ec0f8ca74216407a1bfa0,2020,Article,English,EC_EV_FINAL_SCOPE,include,verified_member_of_final_4974
EC_EV_003866,10.3389/fimmu.2020.01167,17df3d4446b95bc6594d2aff9fa026013be6d914571a2655bd292041fc47de90,2020,Review,English,EC_EV_FINAL_SCOPE,include,verified_member_of_final_4974
EC_EV_003867,10.1016/j.jare.2023.12.014,3eb111926b5ebb34f6605526d03b3cb0a9157230dec61fb47894cd7cd8037c41,2024,Review,English,EC_EV_FINAL_SCOPE,include,verified_member_of_final_4974
EC_EV_003868,10.1159/000534830,efc8b42182a3caea6823b19ab981ea465e7e5caf0095aacd486aa063d446aed2,2023,Article,English,EC_EV_FINAL_SCOPE,include,verified_member_of_final_4974
EC_EV_003869,10.3390/ijms241210162,8a5d6dd6ffe5a27cf93f049875e21b2062ba993a20c28e4f27c0fd20759ebd28,2023,Review,English,EC_EV_FINAL_SCOPE,include,verified_member_of_final_4974
EC_EV_003870,10.2174/1381612823666170913164738,8d24d6e98459d1f147203abd81601ff622f9d2ba8f5177fb490a6f5114fe917e,2017,Review,English,EC_EV_FINAL_SCOPE,include,verified_member_of_final_4974
EC_EV_003871,10.1016/j.bioactmat.2022.02.012,6d4892e6bf0ccd2cf4ed3dd066e38ca099a1c4048c9bef98a7c4c2694a2fcc4f,2022,Article,English,EC_EV_FINAL_SCOPE,include,verified_member_of_final_4974
EC_EV_003872,10.3390/antiox9090890,ae122b478ad509a12c2a7a7af34e10527073476ddca32eebf020ab5a23514cad,2020,Article,English,EC_EV_FINAL_SCOPE,include,verified_member_of_final_4974
EC_EV_003873,10.3390/ijms18091852,ca821ea4fdd6daea6de9f9df8954cf8c97dfda5de0f1c982e62b3feaae20bad9,2017,Review,English,EC_EV_FINAL_SCOPE,include,verified_member_of_final_4974
EC_EV_003874,10.1080/20013078.2017.1286095,8f4e0ada28290fb21e72c0069977e6f45431132e175da2cef52d1191e9c3bf01,2017,Article,English,EC_EV_FINAL_SCOPE,include,verified_member_of_final_4974
EC_EV_003875,10.3390/ijms24098181,44656bd1a99fc3119b65bae0d7f1fbdc55b6c01773db72f571b9619759dae981,2023,Review,English,EC_EV_FINAL_SCOPE,include,verified_member_of_final_4974
EC_EV_003876,10.1186/s13045-015-0111-y,bb5f0b331fb0ecadf1b3493ddbbd0558e50b1f054ae15ebcccc053cccaf541fd,2015,Review,English,EC_EV_FINAL_SCOPE,include,verified_member_of_final_4974
EC_EV_003877,10.1002/adhm.201801589,ca5c3d58df9de70549edb439314d0df992c2073823e725becbdc60a3dacc3c01,2019,Article,English,EC_EV_FINAL_SCOPE,include,verified_member_of_final_4974
EC_EV_003878,10.1038/s41440-022-01111-y,380727f8f7abee607c38ebb2c95715af5e9b76910881feb7a922b04f5e4d71ae,2023,Article,English,EC_EV_FINAL_SCOPE,include,verified_member_of_final_4974
EC_EV_003879,10.7150/thno.13757,b87caf5ee9c115b79e3619730936eb9643e79449ec84ebe6a3369b1680f3ddb4,2016,Article,English,EC_EV_FINAL_SCOPE,include,verified_member_of_final_4974
EC_EV_003880,10.1042/cs20190651,749eb967adda7945ea633cac6239e8b5356d1ffefdbf1485df007d916eb37e80,2020,Review,English,EC_EV_FINAL_SCOPE,include,verified_member_of_final_4974
EC_EV_003881,10.7150/thno.70974,a9d3984cc579ac8b5378694d137c6197ec4b9cb32789bf017f8537083b93a221,2022,Article,English,EC_EV_FINAL_SCOPE,include,verified_member_of_final_4974
EC_EV_003882,10.1152/ajprenal.00433.2020,2cd70cc38f11cf5e8dc0dd174b2094de00bc311184e0b0ab8502ce950879e7d5,2020,Article,English,EC_EV_FINAL_SCOPE,include,verified_member_of_final_4974
EC_EV_003883,10.1007/s13277-015-3741-3,2e8dc2a53299c18c565c545a48486c3e4361c90857c3604bf8733c3599838299,2015,Article,English,EC_EV_FINAL_SCOPE,include,verified_member_of_final_4974
EC_EV_003884,10.1016/j.intimp.2021.108234,eb0ac2e46fb02559a2d6f3d2c758d73ac335462373edef52eed4ea3b4f76b555,2021,Article,English,EC_EV_FINAL_SCOPE,include,verified_member_of_final_4974
EC_EV_003885,10.1513/annalsats.202006-671oc,e009e1b6df28dda595349cda592f85f22f132925fd53dcac81972c40565c880b,2021,Article,English,EC_EV_FINAL_SCOPE,include,verified_member_of_final_4974
EC_EV_003886,10.1007/s12035-021-02319-8,fe8a9fd92ebc76bd3b0b1120e4b567fcea548d60c52e1d3a9845ab060b698741,2021,Article,English,EC_EV_FINAL_SCOPE,include,verified_member_of_final_4974
EC_EV_003887,10.1111/cbdd.14352,d1f80b14197796f879c107a400bea9e4cdf8437fb344ffc71d8850d21e3dddb0,2024,Review,English,EC_EV_FINAL_SCOPE,include,verified_member_of_final_4974
EC_EV_003888,10.1080/14712598.2023.2245329,674bd2cb69cecbbe1ec37b7d86ad034272a83596df5561df04de3c8a1377c1cd,2023,Review,English,EC_EV_FINAL_SCOPE,include,verified_member_of_final_4974
EC_EV_003889,10.3389/fimmu.2019.03035,12f7918bbf379868cf6bb0ede44bb824d5491142309ab693346ce9ecfb7bf34f,2020,Review,English,EC_EV_FINAL_SCOPE,include,verified_member_of_final_4974
EC_EV_003890,10.1016/j.jviromet.2015.07.018,dd1c3edd21dd90d5530274997da27a008172ee4b1ff6fc0cf21cf8ff1977fccf,2015,Article,English,EC_EV_FINAL_SCOPE,include,verified_member_of_final_4974
EC_EV_003891,10.1002/adfm.202401856,bfb647d69c241abcbc1267d6a0186a80824dbe901c84c8f5fb96a1cbff87e4ca,2024,Review,English,EC_EV_FINAL_SCOPE,include,verified_member_of_final_4974
EC_EV_003892,10.1074/jbc.m115.659029,473ac6c7267e7734f228ebab21b724e1014002d2b0b75bee068df21149384f08,2015,Article,English,EC_EV_FINAL_SCOPE,include,verified_member_of_final_4974
EC_EV_003893,10.1007/s10143-020-01427-8,2205b84a93edb830beca22f7a30cdcc9746fa1b1a9c9d70803a9d20bc04efc18,2021,Review,English,EC_EV_FINAL_SCOPE,include,verified_member_of_final_4974
EC_EV_003894,10.1039/d0cc02333g,9159ced4d88d2756bfa49ef4a1c314250cb767eefe56fa9fac66d334c06edfec,2020,Review,English,EC_EV_FINAL_SCOPE,include,verified_member_of_final_4974
EC_EV_003895,10.1210/jc.2015-3146,0233a84f34ece590707e946ba53468f701b1a365b3301dfb93ad7a4a427303da,2015,Article,English,EC_EV_FINAL_SCOPE,include,verified_member_of_final_4974
EC_EV_003896,10.1007/s00018-018-2771-6,aed7cd2cd4908ac5466d5d2ab8884c8f9deeb32913ee8ff2ec4537fe02b3c085,2018,Article,English,EC_EV_FINAL_SCOPE,include,verified_member_of_final_4974
EC_EV_003897,10.1016/j.bbagen.2020.129559,d6cf10df4c8360a24794837f894418a4338434870faeac34ffea969794bcc8d5,2021,Article,English,EC_EV_FINAL_SCOPE,include,verified_member_of_final_4974
EC_EV_003898,10.1007/s00018-022-04464-2,bdfbf8424038504281ae3597447157dde5a8e4f69ef227b80e35d828e4c25a6f,2022,Article,English,EC_EV_FINAL_SCOPE,include,verified_member_of_final_4974
EC_EV_003899,10.1038/s41536-022-00268-x,7a09a04a0fcdd7c5ed8d5a6562582b81347886d50e377f4f8aa973606cf95677,2022,Article,English,EC_EV_FINAL_SCOPE,include,verified_member_of_final_4974
EC_EV_003900,10.3390/ijms21061950,f980ebcbd2108236b5391a5185e00598fd7bf8d6f783b155459336d962cf7a11,2020,Review,English,EC_EV_FINAL_SCOPE,include,verified_member_of_final_4974
EC_EV_003901,10.1080/20013078.2017.1322454,ad477c6c885e841eddc55018df38064d785995440129123e00d9871cbc742cb6,2017,Article,English,EC_EV_FINAL_SCOPE,include,verified_member_of_final_4974
EC_EV_003902,10.1155/2022/2601764,f3e2fed598767be4e2159a4f72532fba102de8699dc31212b03a373f3417e733,2022,Article,English,EC_EV_FINAL_SCOPE,include,verified_member_of_final_4974
EC_EV_003903,10.1016/j.jconrel.2024.10.012,7db45adf56cf2c56619bcc694dbed3dcc1b111dd6265dcec886862bcb68fbc1d,2024,Review,English,EC_EV_FINAL_SCOPE,include,verified_member_of_final_4974
EC_EV_003904,10.1016/j.bioactmat.2024.11.026,d0161ff041bf1dd1745a049e235acefcd19cc960086b17ac571573798cee9f5e,2025,Article,English,EC_EV_FINAL_SCOPE,include,verified_member_of_final_4974
EC_EV_003905,10.1186/s12943-022-01682-x,18fba458911ec50e373a1d8b7d8b48d7f63280f210666d34fed194996e9bd2f4,2022,Review,English,EC_EV_FINAL_SCOPE,include,verified_member_of_final_4974
EC_EV_003906,10.3892/mmr.2020.11454,d59f858e65d28c0909459d2dad9b665e7d22918c2d30482ad4c7cc6b92b97146,2020,Article,English,EC_EV_FINAL_SCOPE,include,verified_member_of_final_4974
EC_EV_003907,10.3389/fcell.2021.717478,5dc96bd6eea1bf68a036bcf553bd8966fb8cd1051de0727f52a5b18c1d2b5250,2021,Review,English,EC_EV_FINAL_SCOPE,include,verified_member_of_final_4974
EC_EV_003908,10.1172/jci122478,316f5b79f12c4cdb5c838fd3232e518ac0ffa3d1c58e6f659c2fb80eec157632,2019,Article,English,EC_EV_FINAL_SCOPE,include,verified_member_of_final_4974
EC_EV_003909,10.1186/s12951-024-02536-y,8ed0ba8c3718b6b0d9abd645ec43bca800ccdb67a39ab120b98bc768ab2825ab,2024,Article,English,EC_EV_FINAL_SCOPE,include,verified_member_of_final_4974
EC_EV_003910,10.1186/s10020-022-00527-z,8053f8e33e866f5c354308c43e0ec3659cbf2ea8422bb57baef79fee88fe195f,2022,Review,English,EC_EV_FINAL_SCOPE,include,verified_member_of_final_4974
EC_EV_003911,10.3390/cancers13225633,c808cd061f858ee4fff71a5c058ccc1db4293a39f37ddf03d00aa3802f7a5b38,2021,Review,English,EC_EV_FINAL_SCOPE,include,verified_member_of_final_4974
EC_EV_003912,10.3390/ijms251910685,69defa462ffaa894a7f2a39e1cd562d1e65c6ea79df134d838542a8f25fec0c9,2024,Article,English,EC_EV_FINAL_SCOPE,include,verified_member_of_final_4974
EC_EV_003913,10.1016/j.bioactmat.2022.07.004,631220154c32532a1143583b5f9b44e5839a747e620516fe74e5bea794bfbcdf,2023,Article,English,EC_EV_FINAL_SCOPE,include,verified_member_of_final_4974
EC_EV_003914,10.1161/atvbaha.121.316539,444c6025edc112e1fcafe0ebdc65681e3057e3520be36f620d293386209875e0,2021,Article,English,EC_EV_FINAL_SCOPE,include,verified_member_of_final_4974
EC_EV_003915,10.1016/j.autrev.2018.12.007,09a20d61dcb138640db143c70ed047c3788032174f77a160e9ac9ed2925a2d66,2019,Review,English,EC_EV_FINAL_SCOPE,include,verified_member_of_final_4974
EC_EV_003916,10.1002/stem.2988,cde6b2b535b0e63bab9e9524fb0b1446300725a399613fa57d5b7a7fa42afe58,2019,Article,English,EC_EV_FINAL_SCOPE,include,verified_member_of_final_4974
EC_EV_003917,10.3389/fbioe.2020.587052,1d2f013820d6371e74662d2a8f91f25996920f782fe379606b4d3a0d66059c35,2020,Review,English,EC_EV_FINAL_SCOPE,include,verified_member_of_final_4974
EC_EV_003918,10.1016/j.mtbio.2025.101846,af7acdcb1ac60c10d3e1393d0f0850cabe4cabd2b3bcb6a0953531183ef5731e,2025,Article,English,EC_EV_FINAL_SCOPE,include,verified_member_of_final_4974
EC_EV_003919,10.1096/fj.202301836r,9debd9340a7aa6a255d989ff5ce905d7e3d1d7580bc9737baa330378dd0566e1,2024,Article,English,EC_EV_FINAL_SCOPE,include,verified_member_of_final_4974
EC_EV_003920,10.3390/ijms241411344,9dde02bacf30f54761ac5c7d1f75650b4e121ddb38ea03d6ce35feac92c40144,2023,Review,English,EC_EV_FINAL_SCOPE,include,verified_member_of_final_4974
EC_EV_003921,10.1007/s11357-022-00625-0,721d36bbd08723aebd043a112db6b556b3a53bc0be02ee093beff04cf4bbd330,2022,Article,English,EC_EV_FINAL_SCOPE,include,verified_member_of_final_4974
EC_EV_003922,,cf4b4d85ee3c7fecbd82f4c1b7c5b52e38d5e87ad5de790457d0718433ba9ce6,2011,Article,English,EC_EV_FINAL_SCOPE,include,verified_member_of_final_4974
EC_EV_003923,10.3390/ijms22094570,3f567d8deb8848b38f0dd0713d9c6983ce35a1c8c06c5464c1d7aaf173a5772c,2021,Review,English,EC_EV_FINAL_SCOPE,include,verified_member_of_final_4974
EC_EV_003924,10.2174/1566523221666210917114353,e5ad4345b7ae1db396fa7b6b0c36dd1fe08faffc6748071b12bd5732a30101a5,2021,Review,English,EC_EV_FINAL_SCOPE,include,verified_member_of_final_4974
EC_EV_003925,10.3390/cells8121509,ed6fa80efa769d6843382c0c3bc34bfe880109e959511c717711d8d158ad9c4e,2019,Article,English,EC_EV_FINAL_SCOPE,include,verified_member_of_final_4974
EC_EV_003926,10.1038/s41392-023-01704-0,1b95bca05b465eac2207662579abcc5c4ef392b2a7ed75f53900392f99dd727a,2024,Review,English,EC_EV_FINAL_SCOPE,include,verified_member_of_final_4974
EC_EV_003927,10.3390/ijms21249598,3d5c35e6b835065d91df90fb99521290d1836d9062d41664aa83effecc7d2f87,2020,Review,English,EC_EV_FINAL_SCOPE,include,verified_member_of_final_4974
EC_EV_003928,10.1155/2020/9182091,8774b3121f84243e3ddc96449f1bc82e6bb47f230fd1435d4971326dc6678d21,2020,Article,English,EC_EV_FINAL_SCOPE,include,verified_member_of_final_4974
EC_EV_003929,10.3390/ijms20061420,d0fb580c3ebed89cdc098d47c6cc4f59476dfa9efaa41fab2955f47c69933114,2019,Review,English,EC_EV_FINAL_SCOPE,include,verified_member_of_final_4974
EC_EV_003930,10.1002/cyto.b.21337,4001016224cd229d8232e112aaea6e91772ccee801bc712820b19206d09efcef,2017,Article,English,EC_EV_FINAL_SCOPE,include,verified_member_of_final_4974
EC_EV_003931,10.1016/j.ebiom.2019.03.011,d42b014881aabf2cd044151e94eb117d9dcfbe8e983a2462fd8a3b3d4af3053c,2019,Article,English,EC_EV_FINAL_SCOPE,include,verified_member_of_final_4974
EC_EV_003932,10.1186/s12967-022-03599-x,9ab0c0bcdbc82461d464b080e934bc925ab8bdaece2ddf9ca05e1967127bfc76,2022,Review,English,EC_EV_FINAL_SCOPE,include,verified_member_of_final_4974
EC_EV_003933,10.1016/j.biopha.2021.112584,febc2e81b4b80ccfc7f21f9c35f1b68337a7a0cf00dabb60ae91a88bfe45726b,2022,Review,English,EC_EV_FINAL_SCOPE,include,verified_member_of_final_4974
EC_EV_003934,10.1161/circresaha.117.311326,7cc03d04461eb65de5833d6ef90efe293504ff2b3e15f6f7f85698d606c2a6b7,2018,Article,English,EC_EV_FINAL_SCOPE,include,verified_member_of_final_4974
EC_EV_003935,10.3389/fphar.2023.1110922,c20657c48f6a3ad8d032361dd4d71092906a4c569abd3c7ce7cbe4a5617266df,2023,Review,English,EC_EV_FINAL_SCOPE,include,verified_member_of_final_4974
EC_EV_003936,10.1055/s-0031-1300956,e92a9a3c586b3c537e650bc39e2755531ce6d0b26c197acf143ca752af45d9b0,2012,Article,English,EC_EV_FINAL_SCOPE,include,verified_member_of_final_4974
EC_EV_003937,10.1016/j.smim.2017.12.003,dabd6262d694c1b5fb13c0dc5557f4cc0f6a07fbe2848b85e745bcd9eeae112b,2018,Review,English,EC_EV_FINAL_SCOPE,include,verified_member_of_final_4974
EC_EV_003938,10.1016/j.ijcard.2024.132104,8db6f4d680b1b72362b3e0b09e33da1005a8296acef882d78ba32fdc7bca16ed,2024,Article,English,EC_EV_FINAL_SCOPE,include,verified_member_of_final_4974
EC_EV_003939,10.1186/s12951-023-02000-3,19382032b37d590409277437ebcafcbfc1438f342012d53eafd708a16ab63e9a,2023,Article,English,EC_EV_FINAL_SCOPE,include,verified_member_of_final_4974
EC_EV_003940,10.3390/pharmaceutics13091331,ca2c0a700b6f6ec495d6169dfee614d18f77b365689070979b0a6d7cd64d7439,2021,Article,English,EC_EV_FINAL_SCOPE,include,verified_member_of_final_4974
EC_EV_003941,10.1016/j.vetmic.2018.12.014,09943e31757069a800150812a8926147718feadb8b214ae678634e459babf73e,2019,Article,English,EC_EV_FINAL_SCOPE,include,verified_member_of_final_4974
EC_EV_003942,10.1136/thoraxjnl-2015-208032,87c18c9b7faefa0236262865b24a6429eed661bfdb35bf7287a6580c13323782,2016,Article,English,EC_EV_FINAL_SCOPE,include,verified_member_of_final_4974
EC_EV_003943,10.1088/1361-6528/ad53d1,28755e02aeeedfe47c767fc9e8e2b9f63654eccb9d2ca00b91722da3376c3c62,2024,Review,English,EC_EV_FINAL_SCOPE,include,verified_member_of_final_4974
EC_EV_003944,10.1159/000489624,c77b65d96fd4b94a5bf159ab511af31a8bdbd33d0582e2d23c9b8c8a2c9cea84,2018,Review,English,EC_EV_FINAL_SCOPE,include,verified_member_of_final_4974
EC_EV_003945,10.3390/life12050716,d3d46d8cc9bacbceaf06e0c7e66eac6f8a46f3677ea11a16dee71bce44985893,2022,Review,English,EC_EV_FINAL_SCOPE,include,verified_member_of_final_4974
EC_EV_003946,10.18632/oncotarget.3830,56e72d175fce70e4249b81c9d7cf9d597aa16ffbd01a9e1fd3091fb4941075b7,2015,Article,English,EC_EV_FINAL_SCOPE,include,verified_member_of_final_4974
EC_EV_003947,10.1165/rcmb.2021-0010oc,e695f898670b126c983196cbdf207628c32a063973be912fdd47c8042eef3f17,2021,Article,English,EC_EV_FINAL_SCOPE,include,verified_member_of_final_4974
EC_EV_003948,10.1371/journal.pone.0309112,1f592c50f4246649e2b39da61d55ae8c2ea06f511c7702c3e255e1e02523c3ee,2024,Article,English,EC_EV_FINAL_SCOPE,include,verified_member_of_final_4974
EC_EV_003949,10.1097/mbc.0000000000001211,7732d4b8caa19126f06505bdbb825f73ec83901606525b08ed70009be08d88ce,2023,Article,English,EC_EV_FINAL_SCOPE,include,verified_member_of_final_4974
EC_EV_003950,10.2174/0929867325666180821151409,0e3d1fe5c210f7bad38f9e1588f856bcc0e719efb296cd8ad90f77cfa1ba621e,2020,Review,English,EC_EV_FINAL_SCOPE,include,verified_member_of_final_4974
EC_EV_003951,10.3390/cells13191602,dd70b4e44288be4bb5985ddf5f21abcc27284ba981fe8d64a769d539143fc970,2024,Article,English,EC_EV_FINAL_SCOPE,include,verified_member_of_final_4974
EC_EV_003952,10.1126/scitranslmed.aay1318,82a7cc14e3fb52d9c430a8b9a4d5c944bfe43bf4453aff655cc679700aa73717,2020,Article,English,EC_EV_FINAL_SCOPE,include,verified_member_of_final_4974
EC_EV_003953,10.1096/fj.201802675r,1e89bb34ba48fe759394ad759978a2c6b64ef2735683fd9073afe03b957cf818,2019,Article,English,EC_EV_FINAL_SCOPE,include,verified_member_of_final_4974
EC_EV_003954,10.3390/biology10050376,7a1499dec84443106e6b40e31a47cdd43026be62d10d0001c7aacb53d854191a,2021,Review,English,EC_EV_FINAL_SCOPE,include,verified_member_of_final_4974
EC_EV_003955,10.3390/biom13020321,e41ece2b22fcefe5eb86152245a98cb61e57b8f3a28b33a1555bac7cdc22b3e3,2023,Review,English,EC_EV_FINAL_SCOPE,include,verified_member_of_final_4974
EC_EV_003956,10.1186/s13287-019-1227-8,26f1ebf540e8368479cd5d1e6874d327b172f84caa015b91345e83e41c7f5e7d,2019,Review,English,EC_EV_FINAL_SCOPE,include,verified_member_of_final_4974
EC_EV_003957,10.1002/jcb.21923,2f2628bce4e559460d505962a8ef73056c9c4bcb404f71c4902433ed763c8944,2008,Article,English,EC_EV_FINAL_SCOPE,include,verified_member_of_final_4974
EC_EV_003958,10.1111/jcmm.13302,2e27ec49f185f5a9cbc04581c027bfe4e581303ef05004b4ec552ae293b17284,2018,Article,English,EC_EV_FINAL_SCOPE,include,verified_member_of_final_4974
EC_EV_003959,10.1161/circresaha.118.312438,6e7f730860a88ac2c33de930b6fa1d84d467a31db3c21fbf5307ef44f0dea2c8,2019,Article,English,EC_EV_FINAL_SCOPE,include,verified_member_of_final_4974
EC_EV_003960,10.3389/fimmu.2018.00247,a9afee0c1523d42185955a0edc2db66bd75a09159a998c1007fa7f1acfc6cd60,2018,Article,English,EC_EV_FINAL_SCOPE,include,verified_member_of_final_4974
EC_EV_003961,10.1111/jcmm.16572,e32c767b5139f7d2f2dcb6c35184537ad647e8c73f7bac24bef78de0fa9bd7dd,2021,Article,English,EC_EV_FINAL_SCOPE,include,verified_member_of_final_4974
EC_EV_003962,10.1186/s12951-022-01280-5,12048121263cc3644ecdebf4d1d04e6d9f920f5d7ab22611dcfa892239381f14,2022,Article,English,EC_EV_FINAL_SCOPE,include,verified_member_of_final_4974
EC_EV_003963,10.1111/acel.13103,629299eec3df7497a0974d2f27adfd83e239470501a560d4e97ac7d21da419ef,2020,Article,English,EC_EV_FINAL_SCOPE,include,verified_member_of_final_4974
EC_EV_003964,10.1177/0963689718780942,d637254a4d0b1baa522c7415220af0d975a47a3828d4d873d14b4bd3c7c843e1,2018,Article,English,EC_EV_FINAL_SCOPE,include,verified_member_of_final_4974
EC_EV_003965,10.1095/biolreprod.113.113266,11bfad0d6fd5bdcf22e8cd173104ec2a39948f33900977e3c12b7547788aab6a,2013,Article,English,EC_EV_FINAL_SCOPE,include,verified_member_of_final_4974
EC_EV_003966,10.1292/jvms.24-0047,6cd82705457615e26e44dc48c6c8b5c236266fda903f26f3e957a2f78893bb2a,2024,Article,English,EC_EV_FINAL_SCOPE,include,verified_member_of_final_4974
EC_EV_003967,10.7150/ijbs.83170,a2ebb83a341519ca95706836daa811d0f66f51d5f5fb2024532951856f4ffb86,2023,Article,English,EC_EV_FINAL_SCOPE,include,verified_member_of_final_4974
EC_EV_003968,10.1152/ajplung.00040.2023,02968eb24de16a97ed36271d77c2466431eaa2b59a4dfac314ea7e4727915cd4,2023,Review,English,EC_EV_FINAL_SCOPE,include,verified_member_of_final_4974
EC_EV_003969,10.3390/antiox9080705,9f77d3a0be1928f46f6515d018b0d50bc53b4510e62e5ea90d101b67d9a61208,2020,Review,English,EC_EV_FINAL_SCOPE,include,verified_member_of_final_4974
EC_EV_003970,10.3390/biomedicines9101327,706c3427933fe011b2889af2ba3159da67b095b833a3f233498a240c339f4a62,2021,Article,English,EC_EV_FINAL_SCOPE,include,verified_member_of_final_4974
EC_EV_003971,10.21037/jtd.2018.08.28,238f1456ab316f2314ccbafa956317a9d7e7db5e4b072b4f07666020a8742507,2018,Review,English,EC_EV_FINAL_SCOPE,include,verified_member_of_final_4974
EC_EV_003972,10.1111/j.1398-9995.2012.02790.x,dadf0a0e7aa017d5bc143715a4bb9c96481728b31e8881cca87517e7b670bd50,2012,Article,English,EC_EV_FINAL_SCOPE,include,verified_member_of_final_4974
EC_EV_003973,10.1152/ajprenal.00336.2017,21f311bfd94ef6f187efa7bd602786ad40cb798c2f286cecd2bd1e5587c84233,2018,Review,English,EC_EV_FINAL_SCOPE,include,verified_member_of_final_4974
EC_EV_003974,10.3389/fncel.2022.1077071,5465e73cde0f8a58e21dd26e32395747052cdb54cc5afd64fd378bad4643bf79,2023,Article,English,EC_EV_FINAL_SCOPE,include,verified_member_of_final_4974
EC_EV_003975,10.1161/circresaha.112.266015,bd048e4360ec2da538501f215994658cc0fd55a43132b41996795f36518791db,2012,Article,English,EC_EV_FINAL_SCOPE,include,verified_member_of_final_4974
EC_EV_003976,10.1016/j.molonc.2014.01.012,3d26293d5d9dda3f3007566d823394eee3c3e3aeeafdc09c532d94aa14021fc5,2014,Article,English,EC_EV_FINAL_SCOPE,include,verified_member_of_final_4974
EC_EV_003977,10.1016/j.biopha.2023.115336,bd6514a6064d86daa408e7b1854e44ded4a5defea5e3a582c8426ca99deae8ac,2023,Review,English,EC_EV_FINAL_SCOPE,include,verified_member_of_final_4974
EC_EV_003978,10.1038/s41598-021-90154-1,ca9aee75687f015bd21e9cfbd46d2b608ec2d80574781367f00d4f4aaad0ce0f,2021,Article,English,EC_EV_FINAL_SCOPE,include,verified_member_of_final_4974
EC_EV_003979,10.3390/ijms21041372,e16fec88452b3210fdb459d6be622c7c5bf19d5876563d00fc29298a0d6da633,2020,Article,English,EC_EV_FINAL_SCOPE,include,verified_member_of_final_4974
EC_EV_003980,10.1161/jaha.124.037172,62bf81e44cb2db272325afb54cf883eb409d6e096a49487958f0b02c9f3d4335,2025,Article,English,EC_EV_FINAL_SCOPE,include,verified_member_of_final_4974
EC_EV_003981,10.1093/stmcls/sxae086,902fa4a5826baf59ea064539361b28d35930c552db43b08bedc4cefc3ea6f1b1,2025,Review,English,EC_EV_FINAL_SCOPE,include,verified_member_of_final_4974
EC_EV_003982,10.3390/jcm12020601,012c840429c4c25242dbfdef3456e38228ae65378da11e0ee4da90f5cbe54828,2023,Review,English,EC_EV_FINAL_SCOPE,include,verified_member_of_final_4974
EC_EV_003983,10.1016/j.redox.2023.102831,73047239adb3a31caf278d485d7c47039e6744bc90e0ddd14fcd9408a61e80ad,2023,Article,English,EC_EV_FINAL_SCOPE,include,verified_member_of_final_4974
EC_EV_003984,10.1016/j.ecoenv.2023.115341,6fcf7ac97d6628a2acac74674737ff19428589b40ad509fffd41ee99df1d3a36,2023,Article,English,EC_EV_FINAL_SCOPE,include,verified_member_of_final_4974
EC_EV_003985,10.1016/j.mtbio.2025.101490,7f5bcfc6113171af3be5e96a3164843f60cbea848c5739a67e2a51b3fe04ab6d,2025,Article,English,EC_EV_FINAL_SCOPE,include,verified_member_of_final_4974
EC_EV_003986,10.1016/j.jiec.2021.06.021,d35d38c72b6234597644c2643b9971c72fdd88603199aca9e45e8900ebcdc6a7,2021,Article,English,EC_EV_FINAL_SCOPE,include,verified_member_of_final_4974
EC_EV_003987,10.3389/fcell.2020.00130,9f5bdc6835b44184e25acc7845ae7cfcc26c8420a223409367077fca914a351f,2020,Article,English,EC_EV_FINAL_SCOPE,include,verified_member_of_final_4974
EC_EV_003988,10.3389/fimmu.2019.00876,49ca2b3caa23c8554809f69bacffa5e2926f6221245e6dacaf98f89f6f91bbaa,2019,Article,English,EC_EV_FINAL_SCOPE,include,verified_member_of_final_4974
EC_EV_003989,10.1161/atvbaha.116.308886,3394fbfedeb3321989806fc35317c0da25f02b75c64da3b89ace6c0678cdbdb1,2017,Article,English,EC_EV_FINAL_SCOPE,include,verified_member_of_final_4974
EC_EV_003990,10.1098/rsfs.2017.0028,78313625b22f1efb4273135c42d30e6ae20d546e38a87a2a0766bffa8ed6f7d4,2017,Article,English,EC_EV_FINAL_SCOPE,include,verified_member_of_final_4974
EC_EV_003991,10.1038/s41419-021-04253-y,03337579465d8fa5014521921380b29acbc10a239d1783c3a716559013b40d77,2021,Article,English,EC_EV_FINAL_SCOPE,include,verified_member_of_final_4974
EC_EV_003992,10.3389/fphys.2016.00098,2d6acbf3448140d5d1ff75d69e940e4cf270462ce95765052e65310a937da347,2016,Article,English,EC_EV_FINAL_SCOPE,include,verified_member_of_final_4974
EC_EV_003993,10.1159/000486137,244d4199de180e76175d1c682c7e99127714219cc53f7293059ebadfb22f5f47,2018,Article,English,EC_EV_FINAL_SCOPE,include,verified_member_of_final_4974
EC_EV_003994,10.1093/ndt/gfac259,bea9bd9b54bdb1125d3ecfdb8802d644f773fdaa7635d047b961ee1d89d85941,2023,Article,English,EC_EV_FINAL_SCOPE,include,verified_member_of_final_4974
EC_EV_003995,10.1089/scd.2020.0206,8092ce71684cf3d579b328cb4896d321c98b720e69b300a1243ff9b7f0884b91,2021,Article,English,EC_EV_FINAL_SCOPE,include,verified_member_of_final_4974
EC_EV_003996,10.1016/j.kint.2016.12.023,3dd90435e598590c2c2d3c7de8060c5fb9ea4568d9cccd9a8e77e5a96bad232d,2017,Article,English,EC_EV_FINAL_SCOPE,include,verified_member_of_final_4974
EC_EV_003997,10.1186/s13287-016-0321-4,7da86565cbb350efd00a6910f74f3d78a15b364e7dbc07c06d4b8feee5d0901e,2016,Article,English,EC_EV_FINAL_SCOPE,include,verified_member_of_final_4974
EC_EV_003998,10.1016/j.clinbiochem.2013.02.018,c65d18e7685ebf136245585d2bfbba25ee416c9b7ce0e665fec5ac269e3d8db5,2013,Review,English,EC_EV_FINAL_SCOPE,include,verified_member_of_final_4974
EC_EV_003999,10.1161/hypertensionaha.123.22250,445c614ad24342b552b3a01975dc1ed858cd0df9d2be5abaa71dbf3902b93dd7,2024,Article,English,EC_EV_FINAL_SCOPE,include,verified_member_of_final_4974
EC_EV_004000,10.1039/d3lc00829k,8c523b10a336f14fd1cf366b3468d1658af516924176af8e7c20b858c0d25e83,2024,Review,English,EC_EV_FINAL_SCOPE,include,verified_member_of_final_4974
EC_EV_004001,10.1016/j.bbamcr.2022.119408,a347b186bdad64403e7dd2cc9b1aa5f840ac3d7d630d40abf9fc23985c587922,2023,Article,English,EC_EV_FINAL_SCOPE,include,verified_member_of_final_4974
EC_EV_004002,10.1016/j.cellsig.2025.111775,186530030f3418cd2a62351f0db515058f8642bb3375d01c7f941574384396f0,2025,Article,English,EC_EV_FINAL_SCOPE,include,verified_member_of_final_4974
EC_EV_004003,10.1016/j.yjmcc.2024.07.011,ec4e240763e876a3c1e202bc0c0f5d0a256ca1f51e370fb696275d570d96cd82,2024,Article,English,EC_EV_FINAL_SCOPE,include,verified_member_of_final_4974
EC_EV_004004,10.1096/fj.201701558r,4de1a2ebb5db77eaf89d4b74700126477d3f9b4aa92775634c614d19a94177e2,2018,Article,English,EC_EV_FINAL_SCOPE,include,verified_member_of_final_4974
EC_EV_004005,10.1172/jci.insight.146416,7c674e244d1411b05a791b16dc59078797b2f37d4710b0b2a26c0d6071d9b9e2,2021,Article,English,EC_EV_FINAL_SCOPE,include,verified_member_of_final_4974
EC_EV_004006,10.1097/j.pain.0000000000001617,ad3c16694084ea3ad088060fcd2173d81a78ed86f98b06e74be58d5c2ba1ee2e,2019,Article,English,EC_EV_FINAL_SCOPE,include,verified_member_of_final_4974
EC_EV_004007,10.3390/ijms21165877,aba48a6bbdcad2cd568ba7ea8f950d981c54cadd958230fa48d8a46fe4d40978,2020,Article,English,EC_EV_FINAL_SCOPE,include,verified_member_of_final_4974
EC_EV_004008,10.1016/j.bbrc.2013.08.069,939aa9a5f0fe0a39edae5254484e34e5cf740471dc09a5e7d2ca2ae24982381f,2013,Article,English,EC_EV_FINAL_SCOPE,include,verified_member_of_final_4974
EC_EV_004009,10.1096/fj.202201488r,25f0087d2b1727da0d5fad1e53006f2b324c61c27de009f2b40db0222822e57d,2023,Article,English,EC_EV_FINAL_SCOPE,include,verified_member_of_final_4974
EC_EV_004010,10.1016/j.biocel.2012.06.018,6d64c3104679b34c6c60c128b0c18ff92c677fbb0a89cd758eea7d6ccff0cc0c,2012,Article,English,EC_EV_FINAL_SCOPE,include,verified_member_of_final_4974
EC_EV_004011,10.3389/fbioe.2022.823642,44ecfcd23955d5d935d62ddb8f9d1b293f05a8e0ce1fdb49b11e1a3cc374e2bd,2022,Article,English,EC_EV_FINAL_SCOPE,include,verified_member_of_final_4974
EC_EV_004012,10.1167/iovs.18-25617,a16c6a9b4cfcb8f67b06070ae51ebf50901f6c6c5d0698cab18db1049e9f96e2,2019,Article,English,EC_EV_FINAL_SCOPE,include,verified_member_of_final_4974
EC_EV_004013,10.1371/journal.pone.0038746,48fa38448bf69c74e28949ff4e3a11540bd7d59d0915a2abf46571f4783bf7f9,2012,Article,English,EC_EV_FINAL_SCOPE,include,verified_member_of_final_4974
EC_EV_004014,10.1111/jcmm.15387,f0a06b41d486e01a075e929456f38deeb85650a121bb75251cc8e5cc1a6105cb,2020,Article,English,EC_EV_FINAL_SCOPE,include,verified_member_of_final_4974
EC_EV_004015,10.1002/hep.29803,f7c860b84cae271e265b02e6079093b127ffbdb73f99a605b99acb681253f20f,2018,Article,English,EC_EV_FINAL_SCOPE,include,verified_member_of_final_4974
EC_EV_004016,10.1093/cvr/cvx118,e559738b4d4158729f6cf071741bd726b3529d15432ebdeb49894f584a11c241,2017,Article,English,EC_EV_FINAL_SCOPE,include,verified_member_of_final_4974
EC_EV_004017,10.1186/s13062-025-00605-2,5dcae320714217b8ee2d82f73dcaa94c305d55bf1db1374a21c5799d4921639e,2025,Article,English,EC_EV_FINAL_SCOPE,include,verified_member_of_final_4974
EC_EV_004018,10.2174/1574888x11666151203223251,8f54537f0fcff6f2ab40def6da52c7a05c533de194278b2fa83b34a436651cc1,2016,Article,English,EC_EV_FINAL_SCOPE,include,verified_member_of_final_4974
EC_EV_004019,10.1161/circresaha.113.300937,16ab1c4c1e87c94d064b4bf8d2a7d6ea5f4c3eee28a4f86b2f6d08045e851805,2013,Review,English,EC_EV_FINAL_SCOPE,include,verified_member_of_final_4974
EC_EV_004020,10.1002/jbm.b.34000,b17de0134629a18af5afc464ed1c38e77a892640fbffc442ad317e47c4406e7d,2018,Review,English,EC_EV_FINAL_SCOPE,include,verified_member_of_final_4974
EC_EV_004021,10.1042/bst0390559,aa34641a7b923a9612fc63c1c835011f1ecd3d415447f51c9f8fdf16dc523d90,2011,Article,English,EC_EV_FINAL_SCOPE,include,verified_member_of_final_4974
EC_EV_004022,10.1007/s00109-022-02250-y,caad2d003e705e2680b9b3d3d560a6107babcd5f381df0b47a0776dd4fd5b239,2022,Article,English,EC_EV_FINAL_SCOPE,include,verified_member_of_final_4974
EC_EV_004023,10.1038/s41392-024-02021-w,f39c35acc35efc88e747cada60aea76f531272a0fb68b83746632b613548aab6,2024,Review,English,EC_EV_FINAL_SCOPE,include,verified_member_of_final_4974
EC_EV_004024,10.3389/fimmu.2020.00566,9ce5e4f64b9139673b3edc5c934c5ea5085c5dee029e31161c4041d4c4891008,2020,Article,English,EC_EV_FINAL_SCOPE,include,verified_member_of_final_4974
EC_EV_004025,10.1111/cpr.13026,c3be04d687d52b9140993a479ec22c0a5284854a33ccbeaa92ea308bbcc4ca86,2021,Article,English,EC_EV_FINAL_SCOPE,include,verified_member_of_final_4974
EC_EV_004026,10.1007/s11010-025-05285-0,42a450d8ff617665003ecbe0aa8235722973ac3450c0cbbd11fd86a24a76f816,2025,Review,English,EC_EV_FINAL_SCOPE,include,verified_member_of_final_4974
EC_EV_004027,10.1002/jcp.30094,a9379e02fb65ca459be8f10f4d2021cfa584f8cdf89627c1ee7f58d8888afdf2,2021,Review,English,EC_EV_FINAL_SCOPE,include,verified_member_of_final_4974
EC_EV_004028,10.1039/c8nr08720b,ab4dca113eff7c075ecfbbcfb50595eb027283c0266cb4a2520b42114904e446,2019,Article,English,EC_EV_FINAL_SCOPE,include,verified_member_of_final_4974
EC_EV_004029,10.1016/j.bioactmat.2023.11.020,7ee96dd53caf91600649bc480b8e88336abf137a8a427759591042b78df005b7,2024,Article,English,EC_EV_FINAL_SCOPE,include,verified_member_of_final_4974
EC_EV_004030,10.1038/s41581-023-00725-w,e646d38ed0c23565d657719f0e9c01ab71575dfc658808b4b52b00b6e0a211a1,2023,Review,English,EC_EV_FINAL_SCOPE,include,verified_member_of_final_4974
EC_EV_004031,10.1016/j.ajpath.2022.12.007,fb3de0ddbe4424f55216e998ebf0ff7ee67182c01cae072b30b5d029e1e73dac,2023,Article,English,EC_EV_FINAL_SCOPE,include,verified_member_of_final_4974
EC_EV_004032,10.1080/03008207.2018.1483357,2cd46043ab4047757cdc358283a0f8602d7f13df53da63096d68f29314e6be4a,2019,Article,English,EC_EV_FINAL_SCOPE,include,verified_member_of_final_4974
EC_EV_004033,10.1002/adbi.202300462,d050e75e301bb19b31ddce30ff5b0d7c04344fcceffe25763095c1560e0aa4be,2024,Article,English,EC_EV_FINAL_SCOPE,include,verified_member_of_final_4974
EC_EV_004034,10.32604/biocell.2023.025603,7b5ae5e024c8a8cec4e92917f7e37452b32a3abf02150b350915bf4e1e492b70,2023,Article,English,EC_EV_FINAL_SCOPE,include,verified_member_of_final_4974
EC_EV_004035,10.3389/fimmu.2020.621098,bce7be1f3061b7a71dbe6558d0ef16307b5dba8710c25ab477cf3b73be97a332,2021,Review,English,EC_EV_FINAL_SCOPE,include,verified_member_of_final_4974
EC_EV_004036,10.1186/s13098-022-00937-3,dd135b367df6de37ee6e8fb7b758c0f9e8daea5613459f447f8a3b8e50a7907b,2022,Article,English,EC_EV_FINAL_SCOPE,include,verified_member_of_final_4974
EC_EV_004037,10.1186/s12943-021-01463-y,73713dcfa5ee8d78259814daad98ab6c9640913e54b83fef2d4f6816cc3d0ffa,2021,Review,English,EC_EV_FINAL_SCOPE,include,verified_member_of_final_4974
EC_EV_004038,10.1159/000514886,ea62339442459e41100a1ff2431e54b1ea432aecbb37730f2ecf78c65501b066,2021,Article,English,EC_EV_FINAL_SCOPE,include,verified_member_of_final_4974
EC_EV_004039,10.4252/wjsc.v14.i7.453,17857a09f8e6bb7c61ced564813d6d364df9f66323560fd1be4f9a7e9621ca0a,2022,Review,English,EC_EV_FINAL_SCOPE,include,verified_member_of_final_4974
EC_EV_004040,10.3390/ijms20236016,c3b68610d1f5268ae6a0bbceb290cf555a337197bdc73ba0de952d6145e6e2eb,2019,Review,English,EC_EV_FINAL_SCOPE,include,verified_member_of_final_4974
EC_EV_004041,10.3389/fendo.2023.1176430,0bacf574a38cd090aa1d6d6f620ab5af32c71ce64add73df0a4d629e3d8b9298,2023,Article,English,EC_EV_FINAL_SCOPE,include,verified_member_of_final_4974
EC_EV_004042,10.1134/s101933162102012x,64680ded3480edf166937f6d2c366701638794916b806543fb91d484eac3a08b,2021,Article,English,EC_EV_FINAL_SCOPE,include,verified_member_of_final_4974
EC_EV_004043,10.2174/1566524020666200719021653,e52a40a0084706996129da5f42dc6f5209f52486c90b52baa0edd723df9d07c9,2021,Article,English,EC_EV_FINAL_SCOPE,include,verified_member_of_final_4974
EC_EV_004044,10.1089/ten.tec.2018.0205,60c28c6f06408141dba426c324a6c263a5598b3da907f3608dd198be3f43603d,2018,Article,English,EC_EV_FINAL_SCOPE,include,verified_member_of_final_4974
EC_EV_004045,10.1016/j.yexcr.2023.113621,434b5f5ccfb3ba467152abe6854b5060790809328eca7daed28731f1e7b1ae4f,2023,Article,English,EC_EV_FINAL_SCOPE,include,verified_member_of_final_4974
EC_EV_004046,10.1159/000430283,550bd4a4038145ebc0952f153747dfadb7bd33e8ca4a332c6a1e0a7744bfb283,2015,Article,English,EC_EV_FINAL_SCOPE,include,verified_member_of_final_4974
EC_EV_004047,10.3390/cancers11121920,c116f172fc57f91184ec8503624f307b0f022dd0f17cceeea6d8dcfaad4c2955,2019,Review,English,EC_EV_FINAL_SCOPE,include,verified_member_of_final_4974
EC_EV_004048,10.1089/ars.2016.6728,c870ba5f2fd6476fd21695ddef38d97b30ce383f928b5ede0d65ec022113de02,2016,Review,English,EC_EV_FINAL_SCOPE,include,verified_member_of_final_4974
EC_EV_004049,10.3390/biology14030252,53451dde6bfd506aac2b4ec78fc755305066155b88192cf0afc7e8c939f56aff,2025,Article,English,EC_EV_FINAL_SCOPE,include,verified_member_of_final_4974
EC_EV_004050,10.1089/neu.2017.5049,f92f37e1ec8df5f102bc07657d8117a01e21a85c2a21ed2625e919b4be863f2b,2018,Article,English,EC_EV_FINAL_SCOPE,include,verified_member_of_final_4974
EC_EV_004051,10.3389/fcell.2022.853451,d62371f52e40e48360c1c8a72f23c1fdf41962625096096414cbc6f6d4d3bb48,2022,Review,English,EC_EV_FINAL_SCOPE,include,verified_member_of_final_4974
EC_EV_004052,10.1016/j.bbamcr.2023.119523,a637c697be16b825301594f6c495fcc3ff4379f5f6f66b8b0a80bc4ed36ed166,2023,Review,English,EC_EV_FINAL_SCOPE,include,verified_member_of_final_4974
EC_EV_004053,10.1007/s10735-019-09853-9,d7721ab5cf321dfd532fe3dfdf45fc6e8472bc76f0a8e7d2437571bd7c1ff522,2020,Article,English,EC_EV_FINAL_SCOPE,include,verified_member_of_final_4974
EC_EV_004054,10.1080/23744235.2022.2149852,b973f488c4091447ad55b122dd862c4bde526320402425a0dc2db7b0da0abcad,2023,Review,English,EC_EV_FINAL_SCOPE,include,verified_member_of_final_4974
EC_EV_004055,10.3389/fimmu.2020.602547,3cdad11c4036efb0f5b54e1afaa26dc77ba8a3170e99b3b4ed63484aabd5da08,2020,Review,English,EC_EV_FINAL_SCOPE,include,verified_member_of_final_4974
EC_EV_004056,10.1155/2019/5204218,b6d15e0568d25fc063ab6b2c04afba56c338b5b4bc01e925ac5da6ddd28a3c99,2019,Article,English,EC_EV_FINAL_SCOPE,include,verified_member_of_final_4974
EC_EV_004057,10.1016/j.expneurol.2021.113694,7bce63cfa5467d2d3037975245c0392922214a4b214d17cec9c666e0e20f9e16,2021,Article,English,EC_EV_FINAL_SCOPE,include,verified_member_of_final_4974
EC_EV_004058,10.3389/fcvm.2022.881372,9fe690d53712893b2047dd927994501bb19cb20e2cb44dc11b3a49522004fa42,2022,Article,English,EC_EV_FINAL_SCOPE,include,verified_member_of_final_4974
EC_EV_004059,10.1096/fj.202101323r,5f3d0aec52e0ed492322e6e6c7532fc165e562c88f3b802d29a73993f9bd9024,2022,Article,English,EC_EV_FINAL_SCOPE,include,verified_member_of_final_4974
EC_EV_004060,10.1007/978-3-030-50224-9_1,9c4d64ba038b3ea1a7197435e34019e30a3b8c5015541c20693c543b36b0cce1,2020,Article,English,EC_EV_FINAL_SCOPE,include,verified_member_of_final_4974
EC_EV_004061,10.1073/pnas.1303906110,aeb1eb15ce9711361382ed6c7ed0fa04d0c089b1a16cd589e5d1481d0808308c,2013,Article,English,EC_EV_FINAL_SCOPE,include,verified_member_of_final_4974
EC_EV_004062,10.1155/2021/6644970,95fb1fb067be0c0f19717a3f2f6dcc92ec95805a6f971591d9a290f32fede3f2,2021,Article,English,EC_EV_FINAL_SCOPE,include,verified_member_of_final_4974
EC_EV_004063,10.1186/s13287-024-04061-z,7a783d64392e86905df3b21a31d977194ad1b8556fda0edb49692089a95963a1,2024,Review,English,EC_EV_FINAL_SCOPE,include,verified_member_of_final_4974
EC_EV_004064,10.3389/fphar.2021.671640,900bda6e52139a7ab8f993ee2e5574d5675eb57af5e2ad5a2686fd5e97fb932d,2021,Review,English,EC_EV_FINAL_SCOPE,include,verified_member_of_final_4974
EC_EV_004065,10.4049/jimmunol.1800747,4fb602414fb390763f17225d944e16a464da5460502229f0cb4dd528bb7e9dc4,2019,Article,English,EC_EV_FINAL_SCOPE,include,verified_member_of_final_4974
EC_EV_004066,10.18632/oncotarget.5105,f00676a1a840bb76bc8eae1e4f47888e719aabf4936491b7c41bea0654bc0f70,2015,Article,English,EC_EV_FINAL_SCOPE,include,verified_member_of_final_4974
EC_EV_004067,10.1007/s12015-023-10675-2,1662eb6d59e7558f794c3976e6102dea892318450f83f1792b57fa022ea92136,2024,Review,English,EC_EV_FINAL_SCOPE,include,verified_member_of_final_4974
EC_EV_004068,10.1021/acsnano.0c07714,c4f470eaeeb622a5ee50591bad2d106b9419430cafa2a98157ceb40c02ef500f,2021,Article,English,EC_EV_FINAL_SCOPE,include,verified_member_of_final_4974
EC_EV_004069,10.1088/1758-5090/ad76d9,d49587050460e703d76e3ab0abd29390b26f501efd02af6dc68bde4e6cbfc21d,2024,Article,English,EC_EV_FINAL_SCOPE,include,verified_member_of_final_4974
EC_EV_004070,10.32604/biocell.2022.016892,c80f24cf1ab8640babe1f06d719c3045855a032f5231806a5d2640ac7ce61368,2022,Review,English,EC_EV_FINAL_SCOPE,include,verified_member_of_final_4974
EC_EV_004071,10.1002/jgm.2995,c9818b8426da334f9aaa37654e6b109fe6c5c3cb5b223294ba137981702ca4f0,2017,Review,English,EC_EV_FINAL_SCOPE,include,verified_member_of_final_4974
EC_EV_004072,10.1007/s13238-021-00863-6,1c29e52b74ccabb3b7c25ee766beb84f1218f5837bbb2c42ef20da8468115fc0,2022,Review,English,EC_EV_FINAL_SCOPE,include,verified_member_of_final_4974
EC_EV_004073,10.3390/cells13191658,342f660edecd77c094bf12c5934815757dfea7659ae42740e5117d7545e33a58,2024,Article,English,EC_EV_FINAL_SCOPE,include,verified_member_of_final_4974
EC_EV_004074,10.3390/cancers13092144,02b8984e28b0d5a069ac3618e85b780a88cbbccb9bede1d409e7d68a5eb24abe,2021,Article,English,EC_EV_FINAL_SCOPE,include,verified_member_of_final_4974
EC_EV_004075,10.2174/1574888x17666220330005937,206ee5c078d44fb26537aa4a111432d12473b97c8725310261385473f41d23e5,2022,Review,English,EC_EV_FINAL_SCOPE,include,verified_member_of_final_4974
EC_EV_004076,10.3389/fbioe.2020.588922,a94295c5d85258eef117a9eed46c49b07ce3136fb808b59595c169c7569f55d6,2020,Article,English,EC_EV_FINAL_SCOPE,include,verified_member_of_final_4974
EC_EV_004077,10.1186/s13062-025-00646-7,da3193f0ddeb5bd321fe3b5eeb03059c4d5494f8f8a4468e2162c86e1a079f18,2025,Article,English,EC_EV_FINAL_SCOPE,include,verified_member_of_final_4974
EC_EV_004078,10.1016/j.cca.2021.02.003,dd135dd31a8ce9a8e51758d081696e58faf7a95dbcccca5b2f0fdb5592d39d6a,2021,Review,English,EC_EV_FINAL_SCOPE,include,verified_member_of_final_4974
EC_EV_004079,10.1038/cdd.2010.126,e584f2ad0fbeb7c004fac093033a598dad65ad0d273fa9558e7df83f2f099a69,2011,Article,English,EC_EV_FINAL_SCOPE,include,verified_member_of_final_4974
EC_EV_004080,10.3389/fonc.2022.839880,657272a812cb08f8bf99acf8f6ba849d6fdca06dc87492c8cb3e89f3cd3c174a,2022,Article,English,EC_EV_FINAL_SCOPE,include,verified_member_of_final_4974
EC_EV_004081,10.1016/j.placenta.2021.09.017,47f149966ce75123a67d897d8bab07ca5da51c4a4179e4203f385c33a14797d3,2021,Article,English,EC_EV_FINAL_SCOPE,include,verified_member_of_final_4974
EC_EV_004082,10.1371/journal.pone.0159170,a1d90be366583986d33694e08ecc512b7b9989be0ad73dd9312b07f176921570,2016,Article,English,EC_EV_FINAL_SCOPE,include,verified_member_of_final_4974
EC_EV_004083,10.1161/circresaha.116.310557,4abb38a6cdb76572007b92a4b413a9a67c6851bfeeadd93d43b4af0345f1451b,2017,Article,English,EC_EV_FINAL_SCOPE,include,verified_member_of_final_4974
EC_EV_004084,10.1002/jcp.28499,688832fa4d6cb7f8b7a672fbb8b77638fd3e22709bd4eba0a520e7f9dbf418b9,2019,Review,English,EC_EV_FINAL_SCOPE,include,verified_member_of_final_4974
EC_EV_004085,10.3390/ijms241310917,9e9162e7ae7ffe5f09b1da7985091387beb5083c29c3e346d3ba2b7b134e2797,2023,Review,English,EC_EV_FINAL_SCOPE,include,verified_member_of_final_4974
EC_EV_004086,10.1161/jaha.123.031435,ed97a8b77fd6cc7187690094de501ece356cff9efffc4a525c75d0703acf4576,2023,Article,English,EC_EV_FINAL_SCOPE,include,verified_member_of_final_4974
EC_EV_004087,10.1007/s12035-022-03129-2,b9638c853b7a60e2d78977eb861620d8a5d268abf28eeb70a13f93097a439330,2023,Article,English,EC_EV_FINAL_SCOPE,include,verified_member_of_final_4974
EC_EV_004088,10.1016/j.ejpb.2021.11.012,f77655e77069d0da087a8cb4e92fed06a6aeb479b0197733152d689093a70d86,2022,Article,English,EC_EV_FINAL_SCOPE,include,verified_member_of_final_4974
EC_EV_004089,10.1161/hypertensionaha.121.17136,546acde78b4efeb358ff0827daab332308b0837590945699917f30a5981d54db,2021,Article,English,EC_EV_FINAL_SCOPE,include,verified_member_of_final_4974
EC_EV_004090,10.1186/s12967-025-06558-4,5827ff7082355ac55964cfecb5fbfb2a19068fc4103bf66d610b3668970ce479,2025,Article,English,EC_EV_FINAL_SCOPE,include,verified_member_of_final_4974
EC_EV_004091,10.3390/biomedicines8110450,f267ad86bce118f07fdde0c0497f01a3e3063b840f4af952448be2b9b9892dcc,2020,Article,English,EC_EV_FINAL_SCOPE,include,verified_member_of_final_4974
EC_EV_004092,10.1016/j.neuroscience.2023.11.027,6ae8a07fc116d8f876cec204a209e0cc638f8b99d08dc3796a32a0551ad82985,2024,Article,English,EC_EV_FINAL_SCOPE,include,verified_member_of_final_4974
EC_EV_004093,10.1016/j.expneurol.2025.115188,9d96f7143a4a6c61182612a75a0a3454e0c76530a41e972a016db45d8b367d30,2025,Article,English,EC_EV_FINAL_SCOPE,include,verified_member_of_final_4974
EC_EV_004094,10.1080/08916934.2023.2290357,ca77ae56f4f2f254f079014f17083e3103b22ba2236cb79c165bd1d8747651d2,2023,Article,English,EC_EV_FINAL_SCOPE,include,verified_member_of_final_4974
EC_EV_004095,10.1016/j.actbio.2021.01.020,d77dbf59f71dc48f5d99e30a4db7e9d8efb7cf0d423a34b9729a4e1a67591bc5,2021,Article,English,EC_EV_FINAL_SCOPE,include,verified_member_of_final_4974
EC_EV_004096,10.1055/a-2091-7006,e074a36423735edad86c818741fa3edfa65adb48df183d55c4e90ff5ab5d783c,2023,Review,English,EC_EV_FINAL_SCOPE,include,verified_member_of_final_4974
EC_EV_004097,10.7150/thno.23453,ff572498b40df45a6dbdd1475d68c455d72ce0b8a89a1cdf6b1ef056d5d2fc97,2018,Review,English,EC_EV_FINAL_SCOPE,include,verified_member_of_final_4974
EC_EV_004098,10.3389/fcell.2021.644088,ca02e9569043f9b181d5b82e01611bc44cf8196db9ba400ebe5da119f1761762,2021,Review,English,EC_EV_FINAL_SCOPE,include,verified_member_of_final_4974
EC_EV_004099,10.1038/s41598-024-75517-8,bcbb425907958c94f73ccd91f7ef9bb26269faf3104f704a1ee5d2ef45e4c04a,2024,Article,English,EC_EV_FINAL_SCOPE,include,verified_member_of_final_4974
EC_EV_004100,10.3390/ijms222111685,6cf9d23911f4a25096df6d5e567d4bb593ca47ecd185ecc255605ca5c8d71e95,2021,Review,English,EC_EV_FINAL_SCOPE,include,verified_member_of_final_4974
EC_EV_004101,10.1177/20417314241268912,f7f8be8ab860f834c3dad12a44fced9d1851a98ce824898ccd446b1da3a0f31d,2024,Article,English,EC_EV_FINAL_SCOPE,include,verified_member_of_final_4974
EC_EV_004102,10.1002/adma.202307613,782a5c4219b210ee392f1d62c5bf5c9b6fa505fd6af5ed9425f2de4761a9cc16,2024,Article,English,EC_EV_FINAL_SCOPE,include,verified_member_of_final_4974
EC_EV_004103,10.3390/cells12151936,213948a3a09bee96bc35bfca5acfd520614e118602ed4a255fed0f8203f6d2c6,2023,Article,English,EC_EV_FINAL_SCOPE,include,verified_member_of_final_4974
EC_EV_004104,10.1093/stcltm/szac081,c4c4bbdc4b52c6a1aa912ea50c603d0e1d4254915054ecaccc2f9c6dae5c637c,2023,Review,English,EC_EV_FINAL_SCOPE,include,verified_member_of_final_4974
EC_EV_004105,10.1016/j.abb.2022.109430,16a0175cf5c9e338e7e91b5403c576452ff2198067e58dc7b6dd5062e7c4fe3c,2022,Article,English,EC_EV_FINAL_SCOPE,include,verified_member_of_final_4974
EC_EV_004106,10.1039/c6tb01560c,0132415e15b198a4da44cb33788e56e002b244c78207d93d3442908c1dc97feb,2016,Article,English,EC_EV_FINAL_SCOPE,include,verified_member_of_final_4974
EC_EV_004107,10.18632/oncotarget.7716,f0255da084d2f8f663d39373634b2ffc86b69ddc48e42bfeaf536d6d6103a4da,2016,Article,English,EC_EV_FINAL_SCOPE,include,verified_member_of_final_4974
EC_EV_004108,10.3791/52450,225be7eaa5996496b639a0cf7f92c958fa414825936956965cea838203f9b15b,2015,Article,English,EC_EV_FINAL_SCOPE,include,verified_member_of_final_4974
EC_EV_004109,10.1371/journal.pone.0003694,c2f1fb8beba1d2d7c95579883956459bf9ef18fe24334cb48887507b1c3c96ea,2008,Article,English,EC_EV_FINAL_SCOPE,include,verified_member_of_final_4974
EC_EV_004110,10.3389/fimmu.2022.914799,3475069a19d141819626c05a95446906c2011ec095699633a8f3e3dd48db6f37,2022,Review,English,EC_EV_FINAL_SCOPE,include,verified_member_of_final_4974
EC_EV_004111,10.1111/srt.13665,1c2374f33961b17f2d05495dea6bf64697bb76285b195e6463996c34a0eb2c2e,2024,Review,English,EC_EV_FINAL_SCOPE,include,verified_member_of_final_4974
EC_EV_004112,10.3389/fimmu.2020.532177,36bd45329ddcaca584c1bc35da7a9fc892788688b5e636f122d70a0f796a0b5c,2020,Article,English,EC_EV_FINAL_SCOPE,include,verified_member_of_final_4974
EC_EV_004113,10.1042/cs20180425,08b84ffbf86232523678e1e1a558fce262cd704d4977c0e77d60c6adf326fbb9,2018,Article,English,EC_EV_FINAL_SCOPE,include,verified_member_of_final_4974
EC_EV_004114,10.3389/fonc.2022.840467,c0b5962c235aabab9d029f232d26250e3a0953beb45c8ab26ab863db57e750e3,2022,Review,English,EC_EV_FINAL_SCOPE,include,verified_member_of_final_4974
EC_EV_004115,10.2337/db18-1360,68454bfb0e1202583130cbef4fcd5cd0710b468b35b52e31abd5b330e67854a1,2019,Article,English,EC_EV_FINAL_SCOPE,include,verified_member_of_final_4974
EC_EV_004116,10.3390/ijms25073773,12fd533028bda25a478cd9243b77793addb653c7e1e648433f765eb798c2219e,2024,Article,English,EC_EV_FINAL_SCOPE,include,verified_member_of_final_4974
EC_EV_004117,10.1089/ars.2020.8107,eaf130eb07a651ffc886ef93f3a50456eb2ec4aa7f907091a242ba0a946b0f53,2020,Article,English,EC_EV_FINAL_SCOPE,include,verified_member_of_final_4974
EC_EV_004118,10.3389/fcell.2020.591405,038a15b9a571d5dfe51d2ec3414e769853afa69464e56433a7db3e2485b0773a,2020,Article,English,EC_EV_FINAL_SCOPE,include,verified_member_of_final_4974
EC_EV_004119,10.1016/j.ejphar.2019.01.022,48e193d5232db67dee791b81824ba25e261c2a839bae0ce99baba344d1dbc308,2019,Article,English,EC_EV_FINAL_SCOPE,include,verified_member_of_final_4974
EC_EV_004120,10.1016/j.bbrc.2020.02.074,1872557eae97a4acd0d8e7666363596011bde6bbe033dc5a912d549a7b06df39,2020,Article,English,EC_EV_FINAL_SCOPE,include,verified_member_of_final_4974
EC_EV_004121,10.1177/15347346211038092,0d95720677acf221215ee9cfa55bf77ce7b9e9d5c91c5368bb58ff203d2b63eb,2023,Article,English,EC_EV_FINAL_SCOPE,include,verified_member_of_final_4974
EC_EV_004122,10.3390/ijms22063119,84d47201838c323fc6fded630115f08767967d86c36963545b6d646efc09063c,2021,Review,English,EC_EV_FINAL_SCOPE,include,verified_member_of_final_4974
EC_EV_004123,10.1016/j.redox.2019.101224,49effa3212f8b896208a57e6bc3122596f0c5b6642c5e3a08ce2343e610d76b0,2019,Article,English,EC_EV_FINAL_SCOPE,include,verified_member_of_final_4974
EC_EV_004124,10.3390/ijms20204972,8a060f70126a0072da15a3c6931c0fabaf92ab3d5a3bb9e9d8e2a6c6a494e54b,2019,Article,English,EC_EV_FINAL_SCOPE,include,verified_member_of_final_4974
EC_EV_004125,10.3390/diagnostics12112584,e1efedcfb1d85ca1c89eb40c2b4feaf3358202de3465c49d2e706a711d5b88fc,2022,Review,English,EC_EV_FINAL_SCOPE,include,verified_member_of_final_4974
EC_EV_004126,10.3390/ijms23169274,571cb502ceddfbcb123c96c70a6247cba2858785263ba084f79543425df650a8,2022,Review,English,EC_EV_FINAL_SCOPE,include,verified_member_of_final_4974
EC_EV_004127,10.1007/s12015-024-10765-9,192915c672113461b5811f90acb7a698c13ac0170404994266ab34511ac09795,2024,Review,English,EC_EV_FINAL_SCOPE,include,verified_member_of_final_4974
EC_EV_004128,10.14670/hh-11-994,9c95b0e9fe32a579c6cd00ef7204f895a86396ec701633992218f0bad14c254a,2018,Review,English,EC_EV_FINAL_SCOPE,include,verified_member_of_final_4974
EC_EV_004129,10.1167/iovs.15-17117,f14b748461ed94dc945f11b81a71784b8bd8d08e726a59a8960326eba8ae89b3,2016,Article,English,EC_EV_FINAL_SCOPE,include,verified_member_of_final_4974
EC_EV_004130,10.1186/s13287-024-03970-3,12a0df4a539e024a43f32cbe1e5719d2db5cd17468963326041e0eb90c0d2fef,2024,Review,English,EC_EV_FINAL_SCOPE,include,verified_member_of_final_4974
EC_EV_004131,10.1186/s13287-021-02668-0,42450dc448c460d345a9071c4fd7e5f6d80e65ad9fc69c912943224508b83c81,2022,Article,English,EC_EV_FINAL_SCOPE,include,verified_member_of_final_4974
EC_EV_004132,10.3390/jcm10051024,7ccd9d6b6a69e7768a15e8219986dcd7a8a1e991e8eded291df76bbc605e74f0,2021,Article,English,EC_EV_FINAL_SCOPE,include,verified_member_of_final_4974
EC_EV_004133,10.1007/s12975-022-01027-2,b5e3b965d91c01db25aa5d0e1d15d676dc93630d27a65b8212d776adfe10fef9,2023,Review,English,EC_EV_FINAL_SCOPE,include,verified_member_of_final_4974
EC_EV_004134,10.1016/j.biocel.2010.10.002,48a1fb376b9625f13e1109f784863d19a292d360b57c1fe6a546a6fc20f1ed8f,2011,Article,English,EC_EV_FINAL_SCOPE,include,verified_member_of_final_4974
EC_EV_004135,10.7150/thno.69035,37615b1cea0d88874878fe236e28bf1f001e3e0f265da2162a63bd1d9dd31a8c,2022,Article,English,EC_EV_FINAL_SCOPE,include,verified_member_of_final_4974
EC_EV_004136,10.1002/2211-5463.12831,a9afd441af758e80d8c52c6e6c886009f93b54d72ea378b71d13d9406e7047c7,2020,Article,English,EC_EV_FINAL_SCOPE,include,verified_member_of_final_4974
EC_EV_004137,10.3389/fonc.2021.689538,d550d20f64dc425202c1878d6ec8f3f6fc85cf731a482f396bbdda18c27985a1,2021,Article,English,EC_EV_FINAL_SCOPE,include,verified_member_of_final_4974
EC_EV_004138,10.1186/s13062-024-00586-8,3cd496ff6d53e2e5383c29cde2d7414b40169f5f646243fa93b27ea50b352e11,2024,Article,English,EC_EV_FINAL_SCOPE,include,verified_member_of_final_4974
EC_EV_004139,10.1016/j.mtbio.2023.100569,812817f20dae7dbde363dc96722ab913c517817dc082e14e863ffd6be310282b,2023,Article,English,EC_EV_FINAL_SCOPE,include,verified_member_of_final_4974
EC_EV_004140,10.1186/s13287-023-03306-7,359d42a8dac7053dc681eb1c74830adf22345e318093a21a50c94b4ad8ff2781,2023,Article,English,EC_EV_FINAL_SCOPE,include,verified_member_of_final_4974
EC_EV_004141,10.3390/cells10071688,c980204c1cd8ed636b0537e0932e61ea096a7892c9c306d48d3f6a573cf34ec1,2021,Article,English,EC_EV_FINAL_SCOPE,include,verified_member_of_final_4974
EC_EV_004142,10.1186/s12951-024-02410-x,acb8f20ef5523b6946d8b2cb684a881f8683a0010c14537b9be69ec0d9af05c2,2024,Article,English,EC_EV_FINAL_SCOPE,include,verified_member_of_final_4974
EC_EV_004143,10.1002/wsbm.1609,c5a94ff7f85f0d21563356c3b0d06e0d3bb23f37e8865744a2b8befdbbc91914,2023,Review,English,EC_EV_FINAL_SCOPE,include,verified_member_of_final_4974
EC_EV_004144,10.1111/jth.15543,d603c829dff41c598d96a12ac0354c968971bbcd3f70fdcf051a8eb0337314a7,2022,Article,English,EC_EV_FINAL_SCOPE,include,verified_member_of_final_4974
EC_EV_004145,10.1186/s13045-020-00966-3,2c27ebe9e8a4d0b0a49f9ed1c7f8c159e516bdafd514bd6458a3efcb7bbeee71,2020,Review,English,EC_EV_FINAL_SCOPE,include,verified_member_of_final_4974
EC_EV_004146,10.1016/j.mtbio.2024.101333,0b82931152e1ce69494c8aa6ea0361cbe6eeeb3b1ed4b3b396f5a0a58a8fb0c9,2024,Article,English,EC_EV_FINAL_SCOPE,include,verified_member_of_final_4974
EC_EV_004147,10.1038/s41598-022-09627-6,7afefc7b282a92c702465d54c3cfa43cad0be72d1d15318b19e16b9d19c01f70,2022,Article,English,EC_EV_FINAL_SCOPE,include,verified_member_of_final_4974
EC_EV_004148,10.1016/j.jpha.2024.101080,53b5a329565580cfe1ab78f50ad3e155de4f863383a26fe66ec6319b644eeb2f,2025,Review,English,EC_EV_FINAL_SCOPE,include,verified_member_of_final_4974
EC_EV_004149,10.1016/j.reth.2024.10.001,5e0f6bbb41a6fda4284b774b6c824953c75e805a74afe624107649304ea95da3,2024,Review,English,EC_EV_FINAL_SCOPE,include,verified_member_of_final_4974
EC_EV_004150,10.3389/fonc.2023.1056903,e1a3fd6fcabde1c2c02892737a9d298299ef384972894abb87b569645fbdf8c7,2023,Article,English,EC_EV_FINAL_SCOPE,include,verified_member_of_final_4974
EC_EV_004151,10.1186/s12964-024-01567-0,f306f014bc56142b6de9c9b46acd870d5f2ce96b42b54a8c37fe1fff8f1c08f8,2024,Article,English,EC_EV_FINAL_SCOPE,include,verified_member_of_final_4974
EC_EV_004152,10.3390/brainsci12101322,b5b6a30cb0eacfec1369c2f35af1a6e562ebec7362469e61caf26f96ee5ec3b3,2022,Article,English,EC_EV_FINAL_SCOPE,include,verified_member_of_final_4974
EC_EV_004153,10.1007/s12975-015-0429-3,da302d2a25f4cb3b500333d0acec96e8fa4d6b02384820d74f7e23eea2a4a911,2015,Article,English,EC_EV_FINAL_SCOPE,include,verified_member_of_final_4974
EC_EV_004154,10.1016/j.mtbio.2025.101810,576cc7d12a996f6d6005857666a96c75357433b46442cab27157f36c54fe3de1,2025,Article,English,EC_EV_FINAL_SCOPE,include,verified_member_of_final_4974
EC_EV_004155,10.3389/fcvm.2017.00007,e642425dd8262e207f0cd30da68d3f429d52e66d415b30026fb74da276ccdd95,2017,Review,English,EC_EV_FINAL_SCOPE,include,verified_member_of_final_4974
EC_EV_004156,10.1016/j.pharmthera.2017.02.020,7977d779ff05356fdadef126440edb2d89c2162100771e1e20b388f47e2f30c8,2017,Review,English,EC_EV_FINAL_SCOPE,include,verified_member_of_final_4974
EC_EV_004157,10.3389/fcell.2023.1275755,45f1bb4c3108d6716990ef77caf0181f4554d3ebe025c065137db7e71351b65d,2023,Review,English,EC_EV_FINAL_SCOPE,include,verified_member_of_final_4974
EC_EV_004158,10.7150/thno.70448,65422ce65fb9b1e29a48e15d1a700c09a05578e0aecf9ba0fa8e87b00a28064d,2022,Article,English,EC_EV_FINAL_SCOPE,include,verified_member_of_final_4974
EC_EV_004159,10.3390/cancers13153839,aa66954a5a6a6463a9c002cfca1d13f2092f97b851cedd4749c73d1cbc05d743,2021,Review,English,EC_EV_FINAL_SCOPE,include,verified_member_of_final_4974
EC_EV_004160,10.2147/ijn.s333465,a07bf610fdf95b188dc46308ef20ec0a19909b88e5078da1124ccf4063dd2bd3,2021,Article,English,EC_EV_FINAL_SCOPE,include,verified_member_of_final_4974
EC_EV_004161,10.1155/2020/7461727,b1527399f8e502cbb3c64663d0a11931a60d45d180cb6271a6a71968ed1f2f44,2020,Article,English,EC_EV_FINAL_SCOPE,include,verified_member_of_final_4974
EC_EV_004162,10.1042/cs20190680,9006c20dbbac334c1e5d5581293b7ca481d9723c6b5d458c9b09800bb9182003,2019,Article,English,EC_EV_FINAL_SCOPE,include,verified_member_of_final_4974
EC_EV_004163,10.2147/jir.s484119,91ec3d6e90028314a365d685b40823ae4749d615a8399925923e2ef0b858853a,2024,Review,English,EC_EV_FINAL_SCOPE,include,verified_member_of_final_4974
EC_EV_004164,10.17219/acem/91826,8b917609cbb569788df036917630b8673c92ad2602a60db1e39ba378abb18a3e,2019,Article,English,EC_EV_FINAL_SCOPE,include,verified_member_of_final_4974
EC_EV_004165,10.1016/j.jconrel.2018.10.004,849c733f3a4600bf96e6616bf84ec95163bbb24f5ea3ca091cb6e7a4dcb34e6c,2018,Review,English,EC_EV_FINAL_SCOPE,include,verified_member_of_final_4974
EC_EV_004166,10.3390/biomedicines11071968,5cd7ab7bb3ae668f8f84a182af8853026a748b3b67b3f660532793a0c2e310d2,2023,Article,English,EC_EV_FINAL_SCOPE,include,verified_member_of_final_4974
EC_EV_004167,10.1016/j.mvr.2022.104368,ce0d61b6d2a443b19015553d3c164fe77aee9f033d3fc77a30354bd77dd6c823,2022,Article,English,EC_EV_FINAL_SCOPE,include,verified_member_of_final_4974
EC_EV_004168,10.1016/j.heliyon.2024.e27460,1a1e14cfd41535945559e9a0f4d99a130358e164586b81838aa61ba97a802599,2024,Review,English,EC_EV_FINAL_SCOPE,include,verified_member_of_final_4974
EC_EV_004169,10.5603/gp.a2018.0115,4c1143ae86fa956e70f960d0ad6072157d5d35f54f80bbdc9e07cb3544c54e95,2018,Article,English,EC_EV_FINAL_SCOPE,include,verified_member_of_final_4974
EC_EV_004170,10.1155/2021/8100298,f00495a99e23dd2a0cfb5849bf82b33bc073163edf7b56f40db1c950b586ded9,2021,Article,English,EC_EV_FINAL_SCOPE,include,verified_member_of_final_4974
EC_EV_004171,10.1016/j.addr.2014.10.007,fdbaad6a83c348797410559a735065f6744e023ec9ab9bb378bc37735709f552,2015,Review,English,EC_EV_FINAL_SCOPE,include,verified_member_of_final_4974
EC_EV_004172,10.7717/peerj.11147,ee3613ecb64b159f2b234b42d6df78605e3f5bc07cb547a967ad5ca3241a7aec,2021,Article,English,EC_EV_FINAL_SCOPE,include,verified_member_of_final_4974
EC_EV_004173,10.1016/j.microc.2025.113981,4a30c7cd2861f968876937aa45f2efd898d563ab3944da5ef42d2b511eb06bb8,2025,Article,English,EC_EV_FINAL_SCOPE,include,verified_member_of_final_4974
EC_EV_004174,10.3390/brainsci10080553,1d0a29239ffa07a7fbbab1188fe1eac708ce4ac0c6226bfb5f514dbc2c8726da,2020,Review,English,EC_EV_FINAL_SCOPE,include,verified_member_of_final_4974
EC_EV_004175,10.3389/fphar.2013.00021,d7457a344204d098978af01d53b60e7dc5f1cc3d95e079054d5d9f945b6f3f33,2013,Review,English,EC_EV_FINAL_SCOPE,include,verified_member_of_final_4974
EC_EV_004176,10.1007/s11239-023-02835-5,88c122999a4d33d6efa125fe71752a872c49aee7217a41d892c537e25866b352,2023,Article,English,EC_EV_FINAL_SCOPE,include,verified_member_of_final_4974
EC_EV_004177,10.1186/s12951-021-01126-6,f9af8ecd66e4ce16f31fc0ddfd9bc42a312f1911a3f815ae6fe84f8d96df5c6f,2021,Article,English,EC_EV_FINAL_SCOPE,include,verified_member_of_final_4974
EC_EV_004178,10.1016/j.tice.2022.101803,160276791c8717f89fd24ac5cac7ea147a50ceee188b2d3f645563767c078d42,2022,Article,English,EC_EV_FINAL_SCOPE,include,verified_member_of_final_4974
EC_EV_004179,10.3390/ijms241411824,7015b760b7438f57ffd1e75d803d06e7a8dd48b07bc0c7215799c3bac9c06229,2023,Article,English,EC_EV_FINAL_SCOPE,include,verified_member_of_final_4974
EC_EV_004180,10.1016/j.lfs.2020.117634,f22cff78cbaf6e7929fadf22176ce144474cc75e7061f5abdaa5d8fae33104e4,2020,Article,English,EC_EV_FINAL_SCOPE,include,verified_member_of_final_4974
EC_EV_004181,10.3390/ijms26072881,fe12178e790cb7d6e612fea93b43775b028f143b3ccbfd2b622a19708bace7e9,2025,Article,English,EC_EV_FINAL_SCOPE,include,verified_member_of_final_4974
EC_EV_004182,10.1038/s41536-019-0070-y,226f78aa094618b25b9b193b87678cde3493e06bcd082bb377425476fdd3bc33,2019,Article,English,EC_EV_FINAL_SCOPE,include,verified_member_of_final_4974
EC_EV_004183,10.1039/c8nr08936a,cbd05ad49b196add2442487f76946f0a07e21f906567f86778d48dc1e242c0d8,2019,Article,English,EC_EV_FINAL_SCOPE,include,verified_member_of_final_4974
EC_EV_004184,10.1038/s41419-023-06212-1,119ae970bfa311dff0616e22465ec956dd677ae8914dd9a36800d75266bfecc6,2023,Article,English,EC_EV_FINAL_SCOPE,include,verified_member_of_final_4974
EC_EV_004185,10.18632/aging.203057,696e64f1cce10c4dd1b051076b9450a1df9afe01b89661ba9ea901e43256c1eb,2021,Article,English,EC_EV_FINAL_SCOPE,include,verified_member_of_final_4974
EC_EV_004186,10.1182/blood-2012-01-407106,7c17a8df1fdc3d34d59f93880a20a67c6fe850352e63b1a518cc55f486b8cb55,2013,Article,English,EC_EV_FINAL_SCOPE,include,verified_member_of_final_4974
EC_EV_004187,10.1002/jcp.26202,485112e202bc04f373885259066df342bbfc04c9c8716fe1051ac67f776eae62,2018,Article,English,EC_EV_FINAL_SCOPE,include,verified_member_of_final_4974
EC_EV_004188,10.3389/fimmu.2022.793855,03405675fd5d11cda4c63a4537ec467cdce546710e4092a930d55bdc04fecc59,2022,Article,English,EC_EV_FINAL_SCOPE,include,verified_member_of_final_4974
EC_EV_004189,10.1016/j.abb.2024.110138,2887d5ed4a79aaeebd846d92c4e873672f19190c301c13d5dd2fca83e3229e3f,2024,Article,English,EC_EV_FINAL_SCOPE,include,verified_member_of_final_4974
EC_EV_004190,10.3390/ijms25105467,47246d3f21e9aa35aef3c8e7cd65f2d1317f347ce07ff072d7f1d8455592c68a,2024,Article,English,EC_EV_FINAL_SCOPE,include,verified_member_of_final_4974
EC_EV_004191,10.1165/rcmb.2022-0207oc,9482c1e0938ea962addbca5af69f33583c29161245f5e39d961ec5c100fc8b9e,2023,Article,English,EC_EV_FINAL_SCOPE,include,verified_member_of_final_4974
EC_EV_004192,10.3389/fmed.2021.724371,caa33403d0453bb5cdb8fea9328ca4e04deb635cbe6d59e106c54aa21f5be4d2,2021,Article,English,EC_EV_FINAL_SCOPE,include,verified_member_of_final_4974
EC_EV_004193,10.3390/nano11061445,501025b4969f792cee2a6e0fdec58fc8b427ce57b74852c55cf69d8304f874be,2021,Article,English,EC_EV_FINAL_SCOPE,include,verified_member_of_final_4974
EC_EV_004194,10.1016/j.yexcr.2020.112146,3890f732e1b5328cbfed17c2126b81cf9751e722b0bbe02004eb1817274236ad,2020,Article,English,EC_EV_FINAL_SCOPE,include,verified_member_of_final_4974
EC_EV_004195,10.1111/acel.13236,65f67a3c3111903328626570eb39cfd127fc4beeaf139f1e80a21c467134afbf,2020,Article,English,EC_EV_FINAL_SCOPE,include,verified_member_of_final_4974
EC_EV_004196,10.1007/s11033-024-09378-9,70f2217363b9a744f6cc22a3123cafcb10742b52a32767552af446b072fd8b43,2024,Article,English,EC_EV_FINAL_SCOPE,include,verified_member_of_final_4974
EC_EV_004197,10.1016/j.freeradbiomed.2020.12.444,3ec82f73f4f31c4c467397363f32080fbbf386a6861b9e86cda60060988343bb,2021,Article,English,EC_EV_FINAL_SCOPE,include,verified_member_of_final_4974
EC_EV_004198,10.1159/000526093,67ef9050962fc36844aea1b71887999121200934dc3f02c3e3931370c5a7645d,2023,Review,English,EC_EV_FINAL_SCOPE,include,verified_member_of_final_4974
EC_EV_004199,10.1186/s13046-018-0822-3,e4c3c9217b881785a20ac2fe9fbf02408caaecb8d182873ce79d943732332d6a,2018,Article,English,EC_EV_FINAL_SCOPE,include,verified_member_of_final_4974
EC_EV_004200,10.1111/cmi.13385,57c1b18c120c38e0b341518479ad554b019afcefca45d1a9c39ef33b3bd06fad,2021,Review,English,EC_EV_FINAL_SCOPE,include,verified_member_of_final_4974
EC_EV_004201,10.1016/j.bbamcr.2017.09.016,923fb74c4bd4a8631b618b2d81c5c6f1fbf8bd6396faeb7c572bf6135b73ddab,2018,Article,English,EC_EV_FINAL_SCOPE,include,verified_member_of_final_4974
EC_EV_004202,10.1371/journal.pone.0167801,db841a526ddf3c91bc42f5ec31edd35f180570f34e1f3eedbb184ce9fdd56909,2016,Article,English,EC_EV_FINAL_SCOPE,include,verified_member_of_final_4974
EC_EV_004203,10.1038/s41598-023-33151-w,65d6b9e79241d43101cfdc0a75b008960591c60acd63e89fd23ccdb912db6364,2023,Article,English,EC_EV_FINAL_SCOPE,include,verified_member_of_final_4974
EC_EV_004204,10.1053/j.semperi.2015.12.002,be66977f11cc1a184149e34c570f66647216cbc6155237ea86532f164a941655,2016,Review,English,EC_EV_FINAL_SCOPE,include,verified_member_of_final_4974
EC_EV_004205,10.1007/s10238-025-01600-7,f66c728d23d4342b851493a1b86a2527b0e682d097a84b06d2638272268718c6,2025,Review,English,EC_EV_FINAL_SCOPE,include,verified_member_of_final_4974
EC_EV_004206,10.1007/s12015-021-10168-0,1625f029492fb223f9487d86c487d4b3f8e78fd3467a8123186cb41df6ac3225,2021,Review,English,EC_EV_FINAL_SCOPE,include,verified_member_of_final_4974
EC_EV_004207,10.1186/s12931-020-1331-4,06b3d8201b4b38d61bc3485dbf430536256ef76fa3a247346de62567e7d39601,2020,Article,English,EC_EV_FINAL_SCOPE,include,verified_member_of_final_4974
EC_EV_004208,10.2174/0115701611249727230920042944,97fac800e75ceee6c0955f201fd8af66b99a7dc34f9fb7c1beb8bc1d7233d1ff,2023,Review,English,EC_EV_FINAL_SCOPE,include,verified_member_of_final_4974
EC_EV_004209,10.1016/j.atherosclerosis.2020.02.010,f686d663c89e61d8e813ecf189f89d087439776fee9afe2566daa7603dc36a79,2020,Article,English,EC_EV_FINAL_SCOPE,include,verified_member_of_final_4974
EC_EV_004210,10.1002/ar.24181,89410724191ae4204a33f0991a2e565e4d6d7c1e8e33cb2007bb641925e58057,2020,Article,English,EC_EV_FINAL_SCOPE,include,verified_member_of_final_4974
EC_EV_004211,10.3390/biom12060803,f18dcc31bf995d573826d2e1520d2bc18adb3a9abfec2c2b329adb06dbe8f7e8,2022,Review,English,EC_EV_FINAL_SCOPE,include,verified_member_of_final_4974
EC_EV_004212,10.7150/thno.73931,a38d6ca3889ffa883bf2d883bef732b4487554b9e8c35ae71423d895db17f9ba,2022,Review,English,EC_EV_FINAL_SCOPE,include,verified_member_of_final_4974
EC_EV_004213,10.1007/s12035-023-03456-y,ea7f1a1223945deae0190ef1c675a633009a2c92b781e5e84439c3236b91c36e,2023,Article,English,EC_EV_FINAL_SCOPE,include,verified_member_of_final_4974
EC_EV_004214,10.4251/wjgo.v13.i11.1561,6dc56e3bcf042d2419bd2609abcf0700732fd3ab559e52a677caa1c5fa482fe4,2021,Review,English,EC_EV_FINAL_SCOPE,include,verified_member_of_final_4974
EC_EV_004215,10.1007/s13770-021-00374-9,8c58ed50e132f2c76e2077a2b69f85c8c5fe5df4a62ff902cb9172a85c4971eb,2021,Article,English,EC_EV_FINAL_SCOPE,include,verified_member_of_final_4974
EC_EV_004216,10.1016/j.bbamcr.2015.08.015,038cd3628bbf6572a575f7bbe321bab04047b2fa592a52f3b99d395b762ff25a,2016,Review,English,EC_EV_FINAL_SCOPE,include,verified_member_of_final_4974
EC_EV_004217,10.1186/s12964-020-00541-w,cd0f93659d6f49d1d6bd9d8f179684818863e37d7c4a2281449d19fe12de67e0,2020,Article,English,EC_EV_FINAL_SCOPE,include,verified_member_of_final_4974
EC_EV_004218,10.1371/journal.pone.0279461,2d69512a974f3a2d2c4dd7b7cb887165c64a5fe678bacf30dbdcaa4f3d1d6e94,2022,Article,English,EC_EV_FINAL_SCOPE,include,verified_member_of_final_4974
EC_EV_004219,10.1126/scitranslmed.aap7294,de46b474f32af404b3d3ac8d44db46ef3e40e9789f82201fe08280a37981f47e,2018,Article,English,EC_EV_FINAL_SCOPE,include,verified_member_of_final_4974
EC_EV_004220,10.1530/erc-19-0507,af92bf8440c790306df9a947e7985287468fd549eb58e9fcb0020f7cf0fec92f,2020,Article,English,EC_EV_FINAL_SCOPE,include,verified_member_of_final_4974
EC_EV_004221,10.3390/ijms23168870,51fe4a581ca038535d4fd8a8047f05eeba713946432824ab3f6cfc134bc39d04,2022,Article,English,EC_EV_FINAL_SCOPE,include,verified_member_of_final_4974
EC_EV_004222,10.3389/fneur.2019.00251,aa64ecdad764747d695b0453eebe0f9fa9edbd547150e91394e32dec51e06ac3,2019,Article,English,EC_EV_FINAL_SCOPE,include,verified_member_of_final_4974
EC_EV_004223,10.1007/s12010-018-2913-1,da81e60619bac3b1bf17a9a548f891136fe77862f648652375ac10d1cd27739a,2019,Article,English,EC_EV_FINAL_SCOPE,include,verified_member_of_final_4974
EC_EV_004224,10.1016/j.jprot.2021.104338,ee8a7ab3b5608c8d87f1a61c8d6248619bddc4bd9f5f2df8d9d63d7d08079354,2021,Article,English,EC_EV_FINAL_SCOPE,include,verified_member_of_final_4974
EC_EV_004225,10.1177/20417314211008626,9ec025088a2b54683c03e58d0c7f850c098e1dbf8255ce4dc6d77e5368194268,2021,Article,English,EC_EV_FINAL_SCOPE,include,verified_member_of_final_4974
EC_EV_004226,10.18240/ijo.2022.01.14,e34a6ee507bcbe3fc50996d1e0a441185da3aaed6c01f78c5cc5ac0bc058095d,2022,Article,English,EC_EV_FINAL_SCOPE,include,verified_member_of_final_4974
EC_EV_004227,10.1055/a-1522-4131,2c51298990334e9838981076629b6846b7d1184d80e98d325a0016dd30248b55,2022,Article,English,EC_EV_FINAL_SCOPE,include,verified_member_of_final_4974
EC_EV_004228,10.1002/ctm2.70095,a1b605f2ee332918020c8aae5299f6e916426d8ee9260874d09c4c6fd88fc773,2024,Article,English,EC_EV_FINAL_SCOPE,include,verified_member_of_final_4974
EC_EV_004229,10.1186/s12894-023-01378-4,83da72ae282407ac888969cb6a7d652320fc3ea2551cf6c4ef2e8f8df0763fc7,2023,Article,English,EC_EV_FINAL_SCOPE,include,verified_member_of_final_4974
EC_EV_004230,10.3390/ijms23094487,e4a0d3a098667ae4ab85789cc4e7ebb85ff3829f80092f3e5a31c4811b9686d4,2022,Review,English,EC_EV_FINAL_SCOPE,include,verified_member_of_final_4974
EC_EV_004231,10.3390/ijms25116177,a5cad07e3df65d5c33716bf3cd565b9797883a045b92bffb336135c6932c38fb,2024,Article,English,EC_EV_FINAL_SCOPE,include,verified_member_of_final_4974
EC_EV_004232,10.1089/ars.2013.5784,84570fc595687804aacca8665ae8022d30e9da6c4b96351be0bb15d98999bbc4,2014,Review,English,EC_EV_FINAL_SCOPE,include,verified_member_of_final_4974
EC_EV_004233,10.1016/j.semcancer.2014.04.007,be8b49634a419b7254a4a40bea93e5b4a684395f969086c382580f37682b61bd,2014,Review,English,EC_EV_FINAL_SCOPE,include,verified_member_of_final_4974
EC_EV_004234,10.1016/j.heliyon.2024.e24757,1e4d81c4bee423fdf4a4cca41a20f0d639094800cb8ad48d40b78fd969117106,2024,Review,English,EC_EV_FINAL_SCOPE,include,verified_member_of_final_4974
EC_EV_004235,10.3390/ijms231810314,45364a7628fef9836030f554a104228c58b4f6829827af91ebb70aa4b102984c,2022,Review,English,EC_EV_FINAL_SCOPE,include,verified_member_of_final_4974
EC_EV_004236,10.2174/1871527314666150116125246,9d38e682eac9c1c3d52a00cf700d48074ceef2b3cc7f1d27491452b2672c745d,2015,Article,English,EC_EV_FINAL_SCOPE,include,verified_member_of_final_4974
EC_EV_004237,10.1016/j.exer.2019.107813,eb58d21cf4a982fcb968985ea44756d7d02cb916fcb442df5464e32eca46f70b,2019,Article,English,EC_EV_FINAL_SCOPE,include,verified_member_of_final_4974
EC_EV_004238,10.1155/2017/9397631,ae4be80652f56702651c0791746bf57ab3f07acdf4b8da405db52f9f6106a266,2017,Article,English,EC_EV_FINAL_SCOPE,include,verified_member_of_final_4974
EC_EV_004239,10.1126/scitranslmed.abb0202,89547a7ae4eaf2c517886c8e0bd7dd75a38f6b2fb0c54b0e15150b8a0700e765,2021,Article,English,EC_EV_FINAL_SCOPE,include,verified_member_of_final_4974
EC_EV_004240,10.1183/13993003.02978-2020,bba06bf898c5e69ce54043659cd7c33f0d0e6a0f3ecaf40a85a79f3e9778c841,2021,Article,English,EC_EV_FINAL_SCOPE,include,verified_member_of_final_4974
EC_EV_004241,10.1167/iovs.13-12577,4bc734259a8c9cc660a10e22978eae5f8384813382d33e47ef6af7dbdf0090cd,2014,Article,English,EC_EV_FINAL_SCOPE,include,verified_member_of_final_4974
EC_EV_004242,10.1016/j.preteyeres.2021.101011,cb3d4b08e542a3d4c794caf881492dc3cced188563f7614fbde11fdf295ef722,2022,Review,English,EC_EV_FINAL_SCOPE,include,verified_member_of_final_4974
EC_EV_004243,10.3389/fcvm.2022.956482,a41f2686e3f931fe43c96ff451430def4199a1e3b95dcd76625edcec93661c6b,2022,Article,English,EC_EV_FINAL_SCOPE,include,verified_member_of_final_4974
EC_EV_004244,10.3389/fcvm.2022.855181,0ea52f9eb49106c9d8684d7eccab5911b5634f6e77d046c0777abf12c92450a2,2022,Article,English,EC_EV_FINAL_SCOPE,include,verified_member_of_final_4974
EC_EV_004245,10.1161/atvbaha.119.313506,23b182b851cd3cbe390093621eb06ad6e134d00e2fbb0c139eb7fab51aeccb9f,2020,Article,English,EC_EV_FINAL_SCOPE,include,verified_member_of_final_4974
EC_EV_004246,10.1161/atvbaha.118.312280,43135910eda9595e1d4ad20069c4c9f328f64a9baf432d9080832ecdf46dc510,2019,Article,English,EC_EV_FINAL_SCOPE,include,verified_member_of_final_4974
EC_EV_004247,10.3892/ijo.2013.2115,fa44a153c3297b60b7b0768f4cc8afefe5a721c00cd4030454892d75fec1fc2b,2013,Article,English,EC_EV_FINAL_SCOPE,include,verified_member_of_final_4974
EC_EV_004248,10.1016/j.healun.2023.08.011,144681e30c7095cb52de679bdc07acc840dbb2372f59a4f3b99f3c840fc19065,2024,Article,English,EC_EV_FINAL_SCOPE,include,verified_member_of_final_4974
EC_EV_004249,10.1111/eci.70022,cb956477068b057454ad809196fa68c47e25bfb678cad177b8c3fd54ce381aca,2025,Article,English,EC_EV_FINAL_SCOPE,include,verified_member_of_final_4974
EC_EV_004250,10.1016/j.jconrel.2024.03.037,b45ec51c67cc0ada720328527aeca1af9cbd8167c9d15ff386a1b054ec8cd8c0,2024,Article,English,EC_EV_FINAL_SCOPE,include,verified_member_of_final_4974
EC_EV_004251,10.4252/wjsc.v10.i8.106,75fe25a9f1ab786e206bbdd7f72aa13593c1c9286010900f9ef429d6439a836b,2018,Review,English,EC_EV_FINAL_SCOPE,include,verified_member_of_final_4974
EC_EV_004252,10.3390/ijms24065969,6be2a8bfbde0b80ddb36f8d15b535a01eadbdb4ff61ddd4598f3bd730f9a029d,2023,Article,English,EC_EV_FINAL_SCOPE,include,verified_member_of_final_4974
EC_EV_004253,10.1093/cvr/cvac140,fdf8787e67b26221132d449b2e1e6f4cf4c6ec49e8a574a57fb2913d0a533caf,2023,Article,English,EC_EV_FINAL_SCOPE,include,verified_member_of_final_4974
EC_EV_004254,10.18632/oncotarget.10627,6a4c6e85e060fb382dae0a6c5f60257bdb1261ea9b94190e2c5d842bc4d8acd1,2016,Article,English,EC_EV_FINAL_SCOPE,include,verified_member_of_final_4974
EC_EV_004255,10.3389/fcell.2020.00185,cb66da479aa36ef92379c8b19ab25ebaf9ea156cc779a19a796e2198f892edc8,2020,Review,English,EC_EV_FINAL_SCOPE,include,verified_member_of_final_4974
EC_EV_004256,10.1161/circresaha.123.322993,108f78587403cb23aa5e57d6491bfd88871b929049c66c6646087c52f4e00c7c,2024,Article,English,EC_EV_FINAL_SCOPE,include,verified_member_of_final_4974
EC_EV_004257,10.1186/s13062-022-00345-7,13149d28e67af9bb7ec5ed475f422bbcf61b5ca4e8d7a5ecef69aeaf4086be86,2022,Article,English,EC_EV_FINAL_SCOPE,include,verified_member_of_final_4974
EC_EV_004258,10.1152/ajpheart.00659.2021,0b012c87fb3e61737706dfa73eba42d638830b32b4be8c73daf71659db9ad2aa,2022,Review,English,EC_EV_FINAL_SCOPE,include,verified_member_of_final_4974
EC_EV_004259,10.1089/ars.2021.0053,b9267d66d0b3c03ef970260a70cd3781e45b6e62351daaf814d24757623670aa,2022,Review,English,EC_EV_FINAL_SCOPE,include,verified_member_of_final_4974
EC_EV_004260,10.1177/1533033820977525,9fe6c62b14d38e925faf5594429fa91cedac59a4fb9dc5c83974912dea2f2231,2020,Article,English,EC_EV_FINAL_SCOPE,include,verified_member_of_final_4974
EC_EV_004261,10.3389/fcell.2016.00083,ebc832675a68be7cddcdaf52d1d52e03f0d7aa84bc0cded0eeb210070f806a6a,2016,Review,English,EC_EV_FINAL_SCOPE,include,verified_member_of_final_4974
EC_EV_004262,10.3390/jcm12134265,83f55455ec48a0621eb7df26b757b97e2440544ecc6a07cf97e3b29368b11d73,2023,Article,English,EC_EV_FINAL_SCOPE,include,verified_member_of_final_4974
EC_EV_004263,10.1016/j.semcancer.2024.02.001,b90829ca4c0645b13ffa43dbbbe2acd9ecabf48f1f91cdda6d0b767f23f0e548,2024,Article,English,EC_EV_FINAL_SCOPE,include,verified_member_of_final_4974
EC_EV_004264,10.1016/j.bcp.2023.115976,969548138c17e870501781c38f0f8696089e66cb8ea0512869162432f8d77a04,2024,Article,English,EC_EV_FINAL_SCOPE,include,verified_member_of_final_4974
EC_EV_004265,10.1016/j.jaut.2020.102540,9da4ee7153e22301c56329ce7530ca253e9e7b69af16bef0ccc49ad6dfdedf9f,2020,Review,English,EC_EV_FINAL_SCOPE,include,verified_member_of_final_4974
EC_EV_004266,10.1016/j.matbio.2018.03.009,22f815e29041b9346f8ff4d8ef8f66b14bf508f6fc4a1fa196520ff4fff34c47,2018,Article,English,EC_EV_FINAL_SCOPE,include,verified_member_of_final_4974
EC_EV_004267,10.1016/j.tice.2024.102676,2022bc2f4b8a211b7d9e4573ce9bb7a7fda2e4f108d4264018d8436b16aea853,2025,Article,English,EC_EV_FINAL_SCOPE,include,verified_member_of_final_4974
EC_EV_004268,10.3390/biomedicines12040857,ad51e99212ff5cc18f751a09e4f7945bc74b590f7a3e8ec852da064b11ca7452,2024,Article,English,EC_EV_FINAL_SCOPE,include,verified_member_of_final_4974
EC_EV_004269,10.1080/20013078.2017.1354645,2e334503683e1c9887440120b062ae5bcff8237a342e058496fd2d69ca4d7cfc,2017,Article,English,EC_EV_FINAL_SCOPE,include,verified_member_of_final_4974
EC_EV_004270,10.1089/ten.teb.2023.0210,2e7ab173dfb63cdf49498cd65162a21148f04393e47e256968966cc266d76602,2024,Review,English,EC_EV_FINAL_SCOPE,include,verified_member_of_final_4974
EC_EV_004271,10.3390/cells12040592,4793e05f9cf569cfc7a0e55c39caec9b46fdaa5cfbb9a882cfa767dba8676b6d,2023,Review,English,EC_EV_FINAL_SCOPE,include,verified_member_of_final_4974
EC_EV_004272,10.1016/j.nbd.2021.105388,97bbe7e142d256f66432145f204e21da710c9b192865dcbef68ecbbf8da43083,2021,Article,English,EC_EV_FINAL_SCOPE,include,verified_member_of_final_4974
EC_EV_004273,10.3389/fbioe.2025.1568389,7410cc6df62ba322f3f81e0a2daa6300588689c47229086ad37dcd33cfd108dd,2025,Review,English,EC_EV_FINAL_SCOPE,include,verified_member_of_final_4974
EC_EV_004274,10.1002/jcp.26291,c152cfc6dafb6eab6aa6110465b0d252dbc3b6bfb69f71e8beef3ee0205ca5ae,2018,Review,English,EC_EV_FINAL_SCOPE,include,verified_member_of_final_4974
EC_EV_004275,10.1016/j.apsb.2022.10.022,37f3ccfae634096dae18b168e786890d570c2b79efe4f9d58cc1830f962d6ebb,2023,Article,English,EC_EV_FINAL_SCOPE,include,verified_member_of_final_4974
EC_EV_004276,10.1007/s00395-018-0703-0,e9bc0ef481696b701d4906aeb5b5275c351f85194189d95c5431f1b85a35f6e1,2018,Article,English,EC_EV_FINAL_SCOPE,include,verified_member_of_final_4974
EC_EV_004277,10.3390/cancers13133328,6320f7c0ec057f0f35987d5d1903439f864b485429abbc27339016d43505691b,2021,Review,English,EC_EV_FINAL_SCOPE,include,verified_member_of_final_4974
EC_EV_004278,10.1016/j.phrs.2024.107471,0dbe89188e0523884e7f974667da5b4409168bd4ef8654b240895cb5af231899,2024,Article,English,EC_EV_FINAL_SCOPE,include,verified_member_of_final_4974
EC_EV_004279,10.7150/ijms.71912,9f82206e060b47d995999117972430c1ba89d14493be44d29fa19a6eed670d14,2022,Article,English,EC_EV_FINAL_SCOPE,include,verified_member_of_final_4974
EC_EV_004280,10.1111/jth.15606,0b539e74590dbff92cd61cc8d5a36c2979c1051a28d9733eb4dc45a38695b363,2022,Article,English,EC_EV_FINAL_SCOPE,include,verified_member_of_final_4974
EC_EV_004281,10.1016/j.yjmcc.2014.12.014,f26c860dfd055c631116d9e2e7d586a16afec937faf7d8b7655f47852565e261,2015,Review,English,EC_EV_FINAL_SCOPE,include,verified_member_of_final_4974
EC_EV_004282,10.1155/2022/5126968,d5225d8e05d8e5af776b0b78fdc988cb8e89efbb8a01eaa110f7be9872114088,2022,Review,English,EC_EV_FINAL_SCOPE,include,verified_member_of_final_4974
EC_EV_004283,10.1096/fj.202100927rr,633996b81a55bde7c3da125635b4e53c2a9f54749625d2c4643251174978a4e3,2022,Article,English,EC_EV_FINAL_SCOPE,include,verified_member_of_final_4974
EC_EV_004284,10.3389/fcvm.2021.769472,9e44b31f5d18c55bf0e95ef345798cb35c9102d06dd6ab6eb2650aa16148368b,2021,Article,English,EC_EV_FINAL_SCOPE,include,verified_member_of_final_4974
EC_EV_004285,10.1038/s41419-021-04363-7,6f556618eef9eab7471abe63cb144d186d8d16dcd5c0b70ab539c55749e605fc,2021,Article,English,EC_EV_FINAL_SCOPE,include,verified_member_of_final_4974
EC_EV_004286,10.3390/nu11030580,96e2cd79e0d6017e647cbe9d4d85563e12f1378cf032d23c47a3c7c49e267a46,2019,Article,English,EC_EV_FINAL_SCOPE,include,verified_member_of_final_4974
EC_EV_004287,10.1155/2022/5166302,2cf2335be9e9e395e0352275d164197d8d7d78da2b7a04a5f59a63de81ac4d62,2022,Article,English,EC_EV_FINAL_SCOPE,include,verified_member_of_final_4974
EC_EV_004288,10.2174/0929866527666200408142827,53492b27564f596b6365bee8106e741ceb5272f9d35d8de2a3404963a2dc8282,2020,Article,English,EC_EV_FINAL_SCOPE,include,verified_member_of_final_4974
EC_EV_004289,10.1093/cvr/cvt161,2532c8baf816b4604cd3171071d9d58362a71f8a1002b09816d04f2c58a38e50,2013,Review,English,EC_EV_FINAL_SCOPE,include,verified_member_of_final_4974
EC_EV_004290,10.1002/advs.202307238,c6161954dc496e7996913c0f6900ed7de50ad16531a81ea388f8a3657561c44e,2024,Article,English,EC_EV_FINAL_SCOPE,include,verified_member_of_final_4974
EC_EV_004291,10.1016/j.cellsig.2008.10.021,0964930b10f975e3bf6a7d7b36824ad88a20c0346c582d09ddedf1390981d069,2009,Article,English,EC_EV_FINAL_SCOPE,include,verified_member_of_final_4974
EC_EV_004292,10.3233/bir-230040,780d8dd9a1c3e29759378652b39aa9b5b56150d09ec38feaa2f1cace8e239f8f,2024,Article,English,EC_EV_FINAL_SCOPE,include,verified_member_of_final_4974
EC_EV_004293,10.1186/s12885-022-09262-4,ad760c828b5f811ee49ff3def0bd8aa9941ce429118da3cadc54f431dda67f3c,2022,Article,English,EC_EV_FINAL_SCOPE,include,verified_member_of_final_4974
EC_EV_004294,10.4161/auto.19768,d83f7947cda1420fdf07d6a30d6845c81d27e92568f0d6806abd267a64b4ba6d,2012,Article,English,EC_EV_FINAL_SCOPE,include,verified_member_of_final_4974
EC_EV_004295,10.3389/fcell.2021.665995,620d0fc3140d72f33956eb864cd0f804ae88dc41667b8c319e10276048e61633,2021,Review,English,EC_EV_FINAL_SCOPE,include,verified_member_of_final_4974
EC_EV_004296,10.3389/fcell.2020.610587,869b74c9864e4eb401b3b0aaa76082f179e3168990e9f59393cb779100399047,2020,Article,English,EC_EV_FINAL_SCOPE,include,verified_member_of_final_4974
EC_EV_004297,10.1097/shk.0b013e3182a185ab,746ee0ece29cb5540171ff2f5bbff1f2c2b2e9a30058382aac89f1441df3ce6f,2013,Review,English,EC_EV_FINAL_SCOPE,include,verified_member_of_final_4974
EC_EV_004298,10.1371/journal.pone.0228948,de624dd5ee527ceda47c546d8571b666c7a5f0d99fa6b005701dfbbb4ae32479,2020,Article,English,EC_EV_FINAL_SCOPE,include,verified_member_of_final_4974
EC_EV_004299,10.1155/2019/5879616,4d8205b6fa61a90dcfa0b075e7bfbfb75f2b9841202ea75b0b19e96e5bb43904,2019,Article,English,EC_EV_FINAL_SCOPE,include,verified_member_of_final_4974
EC_EV_004300,10.1007/s00395-022-00913-y,075cea9d3c2c3563bc1763fd99c214c3c06d52d3c0d764c74259a99b7581bbda,2022,Article,English,EC_EV_FINAL_SCOPE,include,verified_member_of_final_4974
EC_EV_004301,10.1152/ajpheart.00674.2021,e55b92eb196ef6498f6791d54f056cf452d3cb7a0b9a2fbe7fa2346884829902,2022,Review,English,EC_EV_FINAL_SCOPE,include,verified_member_of_final_4974
EC_EV_004302,10.1186/s12974-020-1725-8,20dbf484083950a71e249b430cff98e5c2fa3a3ef814ed051956be46d1e5130d,2020,Article,English,EC_EV_FINAL_SCOPE,include,verified_member_of_final_4974
EC_EV_004303,10.1155/2022/9453270,26028a502ab96c03795e7197f77f95794a0e3443e374b1df3785d47493791a79,2022,Article,English,EC_EV_FINAL_SCOPE,include,verified_member_of_final_4974
EC_EV_004304,10.1007/s12265-022-10304-2,66fb5b6cd8d9b63477a02d2f3e01a708fdc9157d189f74e74659d18af8fa9133,2023,Article,English,EC_EV_FINAL_SCOPE,include,verified_member_of_final_4974
EC_EV_004305,10.5966/sctm.2015-0386,37477a11ae5a455223e1043ccfce69735f988268707f925bc879ee6337d7a552,2017,Article,English,EC_EV_FINAL_SCOPE,include,verified_member_of_final_4974
EC_EV_004306,10.1002/jcp.24554,82694ea3f38354a9a2bb02f3389d133f01ef9249199292e0667421f5fcb69709,2014,Article,English,EC_EV_FINAL_SCOPE,include,verified_member_of_final_4974
EC_EV_004307,10.3389/fmed.2021.761453,bdab72910dec3b3aa748b49e99042202d8a8a3525884b7ce4d59ca957fcc0aa3,2021,Article,English,EC_EV_FINAL_SCOPE,include,verified_member_of_final_4974
EC_EV_004308,10.1016/j.biomaterials.2025.123312,f2d352fc0bfcd77d822ae235e66acc0f35222d4eb15fb78963f6d1f8afcc3eb2,2025,Article,English,EC_EV_FINAL_SCOPE,include,verified_member_of_final_4974
EC_EV_004309,10.1016/j.bbcan.2020.188488,09429c382e3701faad13014c16341f400d5c8374af57a1cbda0b361dc7696066,2021,Review,English,EC_EV_FINAL_SCOPE,include,verified_member_of_final_4974
EC_EV_004310,10.1186/s12977-016-0307-4,d6a9ce4b8d8c1f3b542918cba4f0266bddb0f674591e650d52de511797861493,2016,Article,English,EC_EV_FINAL_SCOPE,include,verified_member_of_final_4974
EC_EV_004311,10.1038/s41581-022-00590-z,c86551ad0aa1f3c666e0371dc43885bffabbb09c8dc54cb685d933b10317ba2d,2022,Review,English,EC_EV_FINAL_SCOPE,include,verified_member_of_final_4974
EC_EV_004312,10.1016/j.exphem.2015.07.004,9bd86d4e9b564878e51c91f877e9b96b24abda050ec3ec832430425a532ef768,2015,Article,English,EC_EV_FINAL_SCOPE,include,verified_member_of_final_4974
EC_EV_004313,10.1371/journal.pone.0113651,a43f1f616147ce9dd4f44f14bb4944596fcb4ea0253043aedde6d1774b943de5,2014,Article,English,EC_EV_FINAL_SCOPE,include,verified_member_of_final_4974
EC_EV_004314,10.1111/eci.14354,afe462aad34aa67c28b9d29c065ffa93cee94f67784ca8d795af79ce89d709df,2025,Article,English,EC_EV_FINAL_SCOPE,include,verified_member_of_final_4974
EC_EV_004315,10.3389/fphys.2018.01092,f5a0bd54731a8aff83f23b8920971fcefa098cc1506a81d646d1755cbded36d6,2018,Article,English,EC_EV_FINAL_SCOPE,include,verified_member_of_final_4974
EC_EV_004316,10.1073/pnas.2501128122,d8d91a03e83c390f9b57ec48fa6d780227e848be583695e13b406c5c7d7899d1,2025,Article,English,EC_EV_FINAL_SCOPE,include,verified_member_of_final_4974
EC_EV_004317,10.1007/s00395-022-00975-y,86398e2612249a02ec8e63184d40854e691a68172d11b77dbd63b49b8bf70eb9,2023,Article,English,EC_EV_FINAL_SCOPE,include,verified_member_of_final_4974
EC_EV_004318,10.1016/j.jddst.2023.104711,ee1a165d1ae864e85e663c5a8abd30c80c7bee20278ee471de62821f7e52a660,2023,Article,English,EC_EV_FINAL_SCOPE,include,verified_member_of_final_4974
EC_EV_004319,10.1007/s12015-016-9715-z,05fd70f2de3d2dcf59d758658b959816e5c2a05bace405362fa53ee099b4601a,2017,Article,English,EC_EV_FINAL_SCOPE,include,verified_member_of_final_4974
EC_EV_004320,10.7717/peerj.9928,238be79c779b5133428ebbd3d3063cab6645a53e7d68ec22a939c666ec384d95,2020,Article,English,EC_EV_FINAL_SCOPE,include,verified_member_of_final_4974
EC_EV_004321,10.1186/s12967-024-05406-1,3d35470d122d02722d14f8b91950e05f1c462e94044b0ddfb0bdf528014c80cb,2024,Article,English,EC_EV_FINAL_SCOPE,include,verified_member_of_final_4974
EC_EV_004322,10.1016/j.mam.2017.11.010,f487e81e0a8770e75f98cd24917a9cb370c0233c474c27afafdc59110205d92e,2018,Review,English,EC_EV_FINAL_SCOPE,include,verified_member_of_final_4974
EC_EV_004323,10.3390/cells13060484,9e8c1460776e9b209a35eb13b3bf2508b3dd08e98fa63d529f413c4fce55ae73,2024,Article,English,EC_EV_FINAL_SCOPE,include,verified_member_of_final_4974
EC_EV_004324,10.1038/s41419-022-04594-2,6a2c66a68e44413ab7bf881f41f94b89f61a5dff54b74f88628ba217c1b09da6,2022,Article,English,EC_EV_FINAL_SCOPE,include,verified_member_of_final_4974
EC_EV_004325,10.1111/aji.13766,36b3928489ac9ed356503c14e63ce29006a938d898ea40e9103e595003e0e314,2023,Article,English,EC_EV_FINAL_SCOPE,include,verified_member_of_final_4974
EC_EV_004326,10.1080/20013078.2020.1783869,ea4f48318353698b1a072d135856f7359b0836c0f054f1dee34614ae44fca74e,2020,Article,English,EC_EV_FINAL_SCOPE,include,verified_member_of_final_4974
EC_EV_004327,10.1016/j.retram.2021.103323,1a0c7d145e590186608845993e5a394d1e8b1ca1aaa05b2b393f648e2998bbb8,2022,Article,English,EC_EV_FINAL_SCOPE,include,verified_member_of_final_4974
EC_EV_004328,10.1038/s41375-020-01041-z,fc140971f8d6673e6e138c4726d22f554741eb66aeb6ed66266cc4364faf7b52,2020,Review,English,EC_EV_FINAL_SCOPE,include,verified_member_of_final_4974
EC_EV_004329,10.3390/ijms25147605,f3d5989d0a2330d217d29e4190e54a6c45cb6eab973f1eb0c9b5775222b20dfb,2024,Article,English,EC_EV_FINAL_SCOPE,include,verified_member_of_final_4974
EC_EV_004330,10.1016/j.exer.2019.04.015,1833cd0fbeb58668a85a3bb00109fa53fc8339a2d173780eee09bfb5120f31c1,2019,Article,English,EC_EV_FINAL_SCOPE,include,verified_member_of_final_4974
EC_EV_004331,10.1016/j.mcn.2017.02.005,32f06c8395862d64c1ce2bc6e2cb05b0ac7aa82b0e927dbe3d30133c42b62351,2017,Article,English,EC_EV_FINAL_SCOPE,include,verified_member_of_final_4974
EC_EV_004332,10.7150/thno.46332,a01206f85de0e0b8584ced1df1ae191c273498c05a16e2f9664c4f38342bdcc8,2020,Article,English,EC_EV_FINAL_SCOPE,include,verified_member_of_final_4974
EC_EV_004333,10.2174/1574888x14666191104151928,e6cad6458dbd29530f7a82f45553d6ff16b5412a12226032a3f32c98d220dcfa,2020,Review,English,EC_EV_FINAL_SCOPE,include,verified_member_of_final_4974
EC_EV_004334,10.1016/j.athoracsur.2016.11.074,893b8bf39fabc16054f1a650c4d4901bd68b985c9d03258cade39105563b57f2,2017,Article,English,EC_EV_FINAL_SCOPE,include,verified_member_of_final_4974
EC_EV_004335,10.1016/j.bbamcr.2016.09.002,52275575d89efd4f1b19b6e1380733127c116813713212b6e31cb156a0d3c4f8,2016,Article,English,EC_EV_FINAL_SCOPE,include,verified_member_of_final_4974
EC_EV_004336,10.3389/fmolb.2017.00066,bbf755d53df62c9f4b60af2444c735f80ca3634fbd617928b523d4fb5d52ca2d,2017,Review,English,EC_EV_FINAL_SCOPE,include,verified_member_of_final_4974
EC_EV_004337,10.1038/s41388-018-0564-x,d092fb47cb3d68f02102d10d0f5f876384b2c76eda5f16a691ccdb823ed99e49,2019,Article,English,EC_EV_FINAL_SCOPE,include,verified_member_of_final_4974
EC_EV_004338,10.1152/ajplung.00255.2019,f8edc94d7d693e38de8b6f967cd24605724183e31cc77c3aa94df01deaa28584,2020,Article,English,EC_EV_FINAL_SCOPE,include,verified_member_of_final_4974
EC_EV_004339,10.3389/fimmu.2022.940093,14380d14382ec4ffb7a21b2daf38d825be41150f09484cc82e1df3303a046e48,2022,Article,English,EC_EV_FINAL_SCOPE,include,verified_member_of_final_4974
EC_EV_004340,10.1186/1471-2164-13-357,07c29a83d62a563c2186a8a2aa413905d518daf3ddc4f5635796daced8a1b381,2012,Article,English,EC_EV_FINAL_SCOPE,include,verified_member_of_final_4974
EC_EV_004341,10.1186/s13287-020-01761-0,fd9124c57378d75b0663cbe453b658a5e80d1c15466de18e3056449aedce31dd,2020,Article,English,EC_EV_FINAL_SCOPE,include,verified_member_of_final_4974
EC_EV_004342,10.1371/journal.pone.0183640,bdcf839d30c44a97d397675328a32d16f8c357430dcf9f0c5aa5a654feb7926f,2017,Article,English,EC_EV_FINAL_SCOPE,include,verified_member_of_final_4974
EC_EV_004343,10.1097/tp.0000000000001834,20454357f546f5ebf3813ece3f2778acefafb3f58e4e725ef252491b49980bf5,2017,Article,English,EC_EV_FINAL_SCOPE,include,verified_member_of_final_4974
EC_EV_004344,10.1007/s00395-021-00881-9,042673c185d821542ce3a249464e2e3d6b4a8946b6694eabb39c3ee1ffdeb993,2021,Article,English,EC_EV_FINAL_SCOPE,include,verified_member_of_final_4974
EC_EV_004345,10.7150/thno.67710,a7a070e9656777ed5f78876789529a61be320c5595e866c8d59c1557ff689666,2022,Article,English,EC_EV_FINAL_SCOPE,include,verified_member_of_final_4974
EC_EV_004346,10.3389/fnins.2019.00209,72a720b964868382390428f049e7c3fafa28ea55598b903681ab3735c1f58aaf,2019,Article,English,EC_EV_FINAL_SCOPE,include,verified_member_of_final_4974
EC_EV_004347,10.1002/path.6138,22dcc0a685829a14299a4fa8338424918ff0d143b7efa73e72a809bc2bcb1c39,2023,Review,English,EC_EV_FINAL_SCOPE,include,verified_member_of_final_4974
EC_EV_004348,10.1093/bmb/ldw059,4acbf08b57cc7138725194bff1f615ff36cdbe71de79500320fa3c1d90377319,2017,Review,English,EC_EV_FINAL_SCOPE,include,verified_member_of_final_4974
EC_EV_004349,10.1016/j.mcpro.2025.100913,8f8340eb97846617483e5757427cf97ebb6df6c3e196a34b8735bd2f71a0bef6,2025,Review,English,EC_EV_FINAL_SCOPE,include,verified_member_of_final_4974
EC_EV_004350,10.18632/oncotarget.22128,e7e6308322d197fd845d7af764b8c619e28f176640e1b69d43c27d6e089b8f81,2017,Article,English,EC_EV_FINAL_SCOPE,include,verified_member_of_final_4974
EC_EV_004351,10.1038/s12276-020-0450-9,41283246275337a26a61c4733a5b8e74edf98c46c82383f844bc7d85731cb718,2020,Review,English,EC_EV_FINAL_SCOPE,include,verified_member_of_final_4974
EC_EV_004352,10.1007/s11010-021-04251-w,14fb8337610aaee29f78054de1107962c0a6b22847546ad4df364c6e7af71dd0,2022,Article,English,EC_EV_FINAL_SCOPE,include,verified_member_of_final_4974
EC_EV_004353,10.1111/acer.15494,5769e365064154a29ad95229df413b277024c98cfe6fc16677ef8000f1efdf4a,2025,Article,English,EC_EV_FINAL_SCOPE,include,verified_member_of_final_4974
EC_EV_004354,10.3389/fcell.2023.1266537,72381256356ad5e0976c7249213b9ba34445a3059fb5db8d2c1345b766a0a271,2023,Review,English,EC_EV_FINAL_SCOPE,include,verified_member_of_final_4974
EC_EV_004355,10.1158/1535-7163.mct-08-0853,cdfdb498431d84fa237b95ed40bd51d3e0d1d34c3e343ad63219e432511c5323,2009,Article,English,EC_EV_FINAL_SCOPE,include,verified_member_of_final_4974
EC_EV_004356,10.1016/j.ebiom.2019.04.039,9827bc9b120175058708b274e14fe65a3c8f477839fb92f00b52233b1a851699,2019,Article,English,EC_EV_FINAL_SCOPE,include,verified_member_of_final_4974
EC_EV_004357,10.1002/jbmr.3332,add4aed03a0b10853732db69f9a1431723f58b081d5bac528d23613035405911,2018,Article,English,EC_EV_FINAL_SCOPE,include,verified_member_of_final_4974
EC_EV_004358,10.1016/j.biomaterials.2022.121465,52fdfd56edc468abed98d559e873594aa922d770979fce01ed30a539ec6b90ba,2022,Article,English,EC_EV_FINAL_SCOPE,include,verified_member_of_final_4974
EC_EV_004359,10.1007/978-3-030-38266-7_12,0eb68306fd054ac8536fd66574333316246c66e0f91b700b8606b2935e4f1cf0,2020,Article,English,EC_EV_FINAL_SCOPE,include,verified_member_of_final_4974
EC_EV_004360,10.3389/fcell.2020.594903,296fdcd7dfddaddd66e3dd2659c0b4e5759fd154cea850493e398006031df7b3,2020,Review,English,EC_EV_FINAL_SCOPE,include,verified_member_of_final_4974
EC_EV_004361,10.2174/0113816128386983250410092649,ab9b0e0d4a285d18a3e898d65c5a42b3c1d7cc71b637f47e5baf741a61377b1f,2025,Review,English,EC_EV_FINAL_SCOPE,include,verified_member_of_final_4974
EC_EV_004362,10.1007/978-3-030-12734-3_7,9b3eb105700652b7f41c119519e8f8d3b08c24bd0af04c6cef53aa41f938f07f,2019,Article,English,EC_EV_FINAL_SCOPE,include,verified_member_of_final_4974
EC_EV_004363,10.1186/1471-2121-12-46,c1a5b0f71c211cb0f94c04f947c3850011784f6411a0a8346c3534d86c0520aa,2011,Article,English,EC_EV_FINAL_SCOPE,include,verified_member_of_final_4974
EC_EV_004364,10.3389/fcvm.2022.881526,8867de9afc40f8e79b5efc5ce1e56787ef8804d84b5e8df7ebdc55f68463d7d5,2022,Article,English,EC_EV_FINAL_SCOPE,include,verified_member_of_final_4974
EC_EV_004365,10.1152/ajplung.00196.2020,dc2adc629bd0a86e3825e2f48f2659f2f952b9bd40574dbb942eb2a09c9de56f,2020,Article,English,EC_EV_FINAL_SCOPE,include,verified_member_of_final_4974
EC_EV_004366,10.1186/s12977-021-00550-8,71a208833f95f92a85a3f732a32fc9930ad08632a2511ac0e221913a69bc1300,2021,Article,English,EC_EV_FINAL_SCOPE,include,verified_member_of_final_4974
EC_EV_004367,10.1080/20013078.2020.1795365,231b77e39dccd71672bff0804da5afdbe1ffd766a50413d8a035b7c6877e7016,2020,Review,English,EC_EV_FINAL_SCOPE,include,verified_member_of_final_4974
EC_EV_004368,10.3389/fcvm.2018.00036,d2bc16407201668c8613a61a8d7d504119c946037e16f68b7c60fc2cb6c05af7,2018,Review,English,EC_EV_FINAL_SCOPE,include,verified_member_of_final_4974
EC_EV_004369,10.1016/j.envres.2024.120395,c5f19430fe0da2d5dd5eff71e327a05d82789bea122a985c73efab8b0bc278fb,2025,Article,English,EC_EV_FINAL_SCOPE,include,verified_member_of_final_4974
EC_EV_004370,10.1016/j.lfs.2021.119232,f36a118c84dd5425fdf0db35ed3717a95a42876c7037105b0c245bc8f0f66f83,2021,Article,English,EC_EV_FINAL_SCOPE,include,verified_member_of_final_4974
EC_EV_004371,10.2174/1381612826666200422091753,01063c07b37b9adc33e45136bd9da3059286703c58d6016d695faf7368d10ea7,2020,Article,English,EC_EV_FINAL_SCOPE,include,verified_member_of_final_4974
EC_EV_004372,10.3389/fbioe.2023.1129187,0ca202ecd40ef884616e08007892e3a2246b1ad1f7383b78edf7ee5434d6afe5,2023,Article,English,EC_EV_FINAL_SCOPE,include,verified_member_of_final_4974
EC_EV_004373,10.2174/1871530322666220523151713,e11caed41f85618fd8ff202b2656b2020453ebf44d74143165f165e88f97b57c,2023,Article,English,EC_EV_FINAL_SCOPE,include,verified_member_of_final_4974
EC_EV_004374,10.7150/thno.58410,0260feec49ec30a66ba6cd78cfeb25a4ce8483783c578fdbdea63174f1f7b906,2021,Article,English,EC_EV_FINAL_SCOPE,include,verified_member_of_final_4974
EC_EV_004375,10.1093/ajh/hpz112,a8c96ee6c53635ecb1a7b0face249fbb04c4d0589caa6be00b98ca5a2fa54385,2020,Article,English,EC_EV_FINAL_SCOPE,include,verified_member_of_final_4974
EC_EV_004376,10.1080/14656566.2023.2266381,33e33a98bdbe44ca0ecfb1244e7ef03c141f6d5400988c9696618df58d9651e2,2023,Review,English,EC_EV_FINAL_SCOPE,include,verified_member_of_final_4974
EC_EV_004377,10.1152/ajpendo.00022.2022,3da68967a4af66f3174f9aef4c3831189d0bcab2b0b3ffbc5bd581d7d7f93aa1,2022,Article,English,EC_EV_FINAL_SCOPE,include,verified_member_of_final_4974
EC_EV_004378,10.1007/s00403-025-04140-y,f9a6eaecd8e479f2c1771dfd7b615347cd338bf6c2d64db852a2d5d474ec24b3,2025,Article,English,EC_EV_FINAL_SCOPE,include,verified_member_of_final_4974
EC_EV_004379,10.1016/j.jconrel.2022.03.038,d315e7047fb947dc0bcede741ab0e8472792b97440c264dc16371a30734067a4,2022,Article,English,EC_EV_FINAL_SCOPE,include,verified_member_of_final_4974
EC_EV_004380,10.3390/ijms20184588,be45d77b2ace66fa0cc7276c85585ae3a9375e191ba1ea54c75bc4fa766d3d68,2019,Review,English,EC_EV_FINAL_SCOPE,include,verified_member_of_final_4974
EC_EV_004381,10.3390/cancers16101943,43bb9437e87dee451057208f37122998c8d21a6a623199c56ea79c52183b09f0,2024,Article,English,EC_EV_FINAL_SCOPE,include,verified_member_of_final_4974
EC_EV_004382,10.1186/s12882-019-1261-x,b02243116f39208a18347f3e8ea183a3d36ce22e79a067712234a6351ec74f2f,2019,Article,English,EC_EV_FINAL_SCOPE,include,verified_member_of_final_4974
EC_EV_004383,10.3389/fimmu.2024.1354065,bbd0e3f7a5a61b1b9d0d9da1aef0ba9c151ff2ba800d397f2c2971227d02029c,2024,Article,English,EC_EV_FINAL_SCOPE,include,verified_member_of_final_4974
EC_EV_004384,10.1097/shk.0000000000001336,f7bc887cd2cad733ca11424567d44033984e37a60fd99adaa8748f23539bbe60,2020,Article,English,EC_EV_FINAL_SCOPE,include,verified_member_of_final_4974
EC_EV_004385,10.1016/j.preteyeres.2016.10.002,a84ca34a2ce0aeb85abef75d5076c81ff103ff9e4c0801cbeaafb6670cc55889,2017,Article,English,EC_EV_FINAL_SCOPE,include,verified_member_of_final_4974
EC_EV_004386,10.1210/clinem/dgad473,e66ea6525f7bf802ef5da278aac94c42cb6c8d0490f7645cddce8609e768865a,2023,Article,English,EC_EV_FINAL_SCOPE,include,verified_member_of_final_4974
EC_EV_004387,10.1016/j.neuroscience.2019.10.043,2a14847c6d1fdac10a36d7eb099d9c77f870f0d3b95a507c0737da95213bb7f5,2020,Article,English,EC_EV_FINAL_SCOPE,include,verified_member_of_final_4974
EC_EV_004388,10.1371/journal.pone.0119646,95f58274afe06702681db6ee5e26b65cdd418de2bfb42f5ba6e35333b13f7a1c,2015,Article,English,EC_EV_FINAL_SCOPE,include,verified_member_of_final_4974
EC_EV_004389,10.1152/ajpcell.00228.2013,4df141a31476968583361338c0f84e9eec790c8c1157edebde26be73400df5ba,2014,Review,English,EC_EV_FINAL_SCOPE,include,verified_member_of_final_4974
EC_EV_004390,10.3390/cancers14092089,da1e8377b2d16cc5ee8c2b73a976c123ec47ddd8a1a4cc6955be29cba391b0c8,2022,Review,English,EC_EV_FINAL_SCOPE,include,verified_member_of_final_4974
EC_EV_004391,10.1016/j.imbio.2016.10.011,2263f08096f4825c980b0920ef724104e4de6c0dc5e5c512eb168b689693c5ce,2017,Article,English,EC_EV_FINAL_SCOPE,include,verified_member_of_final_4974
EC_EV_004392,10.1186/s13062-023-00361-1,38c6b3c4c47504e20b872ba51a7a1121a013824782ab1063afccb4bb500a38fb,2023,Article,English,EC_EV_FINAL_SCOPE,include,verified_member_of_final_4974
EC_EV_004393,10.3389/fphys.2023.1161612,0ba0450cdec47f62c2e0fbf1b66761794632e4c12cb9b32e2f231e1977f181e4,2023,Article,English,EC_EV_FINAL_SCOPE,include,verified_member_of_final_4974
EC_EV_004394,10.3390/cancers13051130,31f56a25d1bab356b72bcc97c72465ea6884358f5cc5b5f1de61904ca574123d,2021,Review,English,EC_EV_FINAL_SCOPE,include,verified_member_of_final_4974
EC_EV_004395,10.1016/j.actbio.2021.02.003,1b22091817a9c7a2aef16633007e58226bd073a74b06d47c7724eba075cc8f64,2021,Article,English,EC_EV_FINAL_SCOPE,include,verified_member_of_final_4974
EC_EV_004396,10.1007/s12012-025-09961-x,33ea82b4198755c91f68e000efddfe142460c136cbb13413b3a531c2ede6225d,2025,Article,English,EC_EV_FINAL_SCOPE,include,verified_member_of_final_4974
EC_EV_004397,10.1016/j.ajog.2023.12.030,90e0e7fac3cb2abc1b30ebd63ee5622ee57c2080f76f0bb6e4b02689dc8a91c0,2024,Article,English,EC_EV_FINAL_SCOPE,include,verified_member_of_final_4974
EC_EV_004398,10.3389/fcell.2021.792335,a0f61ea5767f1eba42c8b569ce34f8fc190c6dafe66efb97eae35ef350fe37aa,2022,Review,English,EC_EV_FINAL_SCOPE,include,verified_member_of_final_4974
EC_EV_004399,10.1186/1471-2407-12-421,541214f11c40ad792871915638e0e88199ec294313f9d53fe48b744233f38608,2012,Article,English,EC_EV_FINAL_SCOPE,include,verified_member_of_final_4974
EC_EV_004400,10.1371/journal.pone.0174514,91d8c034e04c0ba26174ab770484e720492bccd2466bd44574058e02c949fa8c,2017,Article,English,EC_EV_FINAL_SCOPE,include,verified_member_of_final_4974
EC_EV_004401,10.1038/s41569-023-00913-y,1135761215fa2d8b503b961a0fdb6300264cf5eaef2dde7f2024e90c1ec33321,2024,Review,English,EC_EV_FINAL_SCOPE,include,verified_member_of_final_4974
EC_EV_004402,10.7150/thno.54755,f14782204b000cf9e7b7fbeb8556418b20cd49ba38e798e46b30585f051e9501,2021,Article,English,EC_EV_FINAL_SCOPE,include,verified_member_of_final_4974
EC_EV_004403,10.1073/pnas.1720125115,5243cd7b43e7c63c3c81c640f6f2b46bd9a236d2a1a53be0e0ea89a28e101299,2018,Article,English,EC_EV_FINAL_SCOPE,include,verified_member_of_final_4974
EC_EV_004404,10.4103/1673-5374.314323,6d33a72f08b0bb67cf910436c681b5c49b142e5d9f127dc3d9c8430ad21a8d5a,2022,Article,English,EC_EV_FINAL_SCOPE,include,verified_member_of_final_4974
EC_EV_004405,10.1016/j.tice.2021.101651,220bea320096b595ce91cc66e28050904663502a8f59c7effd937f38eac2e452,2021,Article,English,EC_EV_FINAL_SCOPE,include,verified_member_of_final_4974
EC_EV_004406,10.1016/j.addr.2019.06.002,6608670276105b6273c411bd97efe7ef98bf0802b36732af43c7e9fb353f04e8,2019,Review,English,EC_EV_FINAL_SCOPE,include,verified_member_of_final_4974
EC_EV_004407,10.2147/ijn.s438229,01326efbeb1851e09819b362e1530a3a047471d42cba1b4076cc10c32689bef6,2023,Article,English,EC_EV_FINAL_SCOPE,include,verified_member_of_final_4974
EC_EV_004408,10.3390/biom11081171,20ca5303be3c82e7d2fc8aa87af3d663e87cf40e77f5f03e1a588eb13aeccdb7,2021,Article,English,EC_EV_FINAL_SCOPE,include,verified_member_of_final_4974
EC_EV_004409,10.1080/08820139.2023.2217854,0fa4eefafca3b968ef7767e58d2c858bb6f76a57c7af80641097066d4a376c4b,2023,Article,English,EC_EV_FINAL_SCOPE,include,verified_member_of_final_4974
EC_EV_004410,10.3389/fmolb.2022.824954,37c7e7cfc1f2d3140058abe5c280b62830ff4e7debb27426e0d065958a17ca5f,2022,Article,English,EC_EV_FINAL_SCOPE,include,verified_member_of_final_4974
EC_EV_004411,10.3390/cancers11040461,09e16e08fb3cbc33d06a52b8c49e6656f30b372a460e1d6f9974f7bcd33e7f49,2019,Review,English,EC_EV_FINAL_SCOPE,include,verified_member_of_final_4974
EC_EV_004412,10.1186/s13578-023-01065-9,5137f4505f216955d9370437d20907953950fec7bb472832b16b92808e5d075c,2023,Article,English,EC_EV_FINAL_SCOPE,include,verified_member_of_final_4974
EC_EV_004413,10.1096/fj.201802075r,38d352d35a328a45e0a80d928c367d20ea0ef0bfe17928b78700f71c875810f2,2019,Article,English,EC_EV_FINAL_SCOPE,include,verified_member_of_final_4974
EC_EV_004414,10.3389/fimmu.2019.01310,5fd8fbc81c6b6c502f79758c8acb64cbc5977d3d82755b4e1d6f4fdd798eb359,2019,Article,English,EC_EV_FINAL_SCOPE,include,verified_member_of_final_4974
EC_EV_004415,10.1016/j.biomaterials.2016.09.029,c69bcc5276faad03d066c349f38593cc20617f250d2feff382ad9f2ca04edaf0,2016,Article,English,EC_EV_FINAL_SCOPE,include,verified_member_of_final_4974
EC_EV_004416,10.1002/adhm.202304207,01f781c72f2bf9345c490677d3ceb17a130afbb732b4ce7ef7250a37d79ff8d7,2024,Article,English,EC_EV_FINAL_SCOPE,include,verified_member_of_final_4974
EC_EV_004417,10.1016/j.jare.2022.12.014,db29ebb703e835272728aaf54f16a36e589388b4da6272291aaa52d304ab3845,2023,Article,English,EC_EV_FINAL_SCOPE,include,verified_member_of_final_4974
EC_EV_004418,10.7150/thno.31884,8966d07bbb23bde5bc85e0181e4c9757efd0e3b994615df180926ff3cc67d94a,2019,Article,English,EC_EV_FINAL_SCOPE,include,verified_member_of_final_4974
EC_EV_004419,10.1007/s00109-018-1642-9,5333b87ae67f5c387bededd97afcbfb26660149cf5635190282ca8b07f5fb0eb,2018,Article,English,EC_EV_FINAL_SCOPE,include,verified_member_of_final_4974
EC_EV_004420,10.1155/2019/1232810,4c395f4ccc16f27e76c81eefb3e90c26ca0d81a72dc739fd6a2e26e78ba43b20,2019,Article,English,EC_EV_FINAL_SCOPE,include,verified_member_of_final_4974
EC_EV_004421,10.1186/s13027-023-00549-0,5e34907203ffe9b372d19c9be0b53ed8b0c58017492d68f82029b424c3c0d79f,2023,Review,English,EC_EV_FINAL_SCOPE,include,verified_member_of_final_4974
EC_EV_004422,10.3389/fcell.2020.569150,2e13e3af510709a8793b628a4055582357525c532191a45fd2601eb405fe53ff,2020,Article,English,EC_EV_FINAL_SCOPE,include,verified_member_of_final_4974
EC_EV_004423,10.1186/s12967-024-05961-7,1948a3d4b9f7beff8c94424246711415560ba7ff405b0ef6c29ec4faeaf2ef81,2024,Article,English,EC_EV_FINAL_SCOPE,include,verified_member_of_final_4974
EC_EV_004424,10.1002/jgm.3675,1120ad030789a46a3e4c7e8b4ad5e9bddd3982d3e559d8c2b9e7060f7257b7e0,2024,Article,English,EC_EV_FINAL_SCOPE,include,verified_member_of_final_4974
EC_EV_004425,10.3389/fimmu.2022.865888,8c346075c5856aa9c88a6a20e93834aaf723a4d1a565f517bbaf0cb29656168f,2022,Review,English,EC_EV_FINAL_SCOPE,include,verified_member_of_final_4974
EC_EV_004426,10.1186/s13287-022-02849-5,88031f3cae8db280c8c60cefac9e9a1aa107d9c38709834d66cb551af2ecb288,2022,Article,English,EC_EV_FINAL_SCOPE,include,verified_member_of_final_4974
EC_EV_004427,10.1186/s12935-021-02197-z,86a85cd00c1e76b58748ddb9d4627c0ae505c4492ca1d66f3388a33b3cb8f95b,2021,Article,English,EC_EV_FINAL_SCOPE,include,verified_member_of_final_4974
EC_EV_004428,10.3171/2018.2.jns171475,3d68926aa104b11d891c4cf447ffc10cad378882fd42423f0fc9165ee1ea8358,2019,Article,English,EC_EV_FINAL_SCOPE,include,verified_member_of_final_4974
EC_EV_004429,10.7150/jca.8865,f8c748cbc412d4e78d5e0ad2bb6f21d798e2c8ea2d01ccdc0e7fe03bb84f7217,2014,Article,English,EC_EV_FINAL_SCOPE,include,verified_member_of_final_4974
EC_EV_004430,10.1186/s12915-023-01729-5,ef7070a7261254b5d8db72a81955ecf1ee7d9f075fd1b9a2fd3ac6079669224f,2023,Article,English,EC_EV_FINAL_SCOPE,include,verified_member_of_final_4974
EC_EV_004431,10.1007/s00277-021-04567-z,e1502401fa0b9e2fa5af20a3fc3b0edb4eb099332b6349716e2860ba2d84db20,2021,Article,English,EC_EV_FINAL_SCOPE,include,verified_member_of_final_4974
EC_EV_004432,10.1161/circulationaha.123.065005,2397561a5bae4f7787c3114c6968eb835f1adb083c4ea45915793324519cbf1c,2024,Article,English,EC_EV_FINAL_SCOPE,include,verified_member_of_final_4974
EC_EV_004433,10.1093/eurheartj/ehy012,53a289023de3ab0639c12d2c0e5f78c853c2b93908fecd7e6705e78c61d3825d,2018,Article,English,EC_EV_FINAL_SCOPE,include,verified_member_of_final_4974
EC_EV_004434,10.3390/ijms222011269,26345ab835c2e6552e3fa67b5e6b3f6a45a958690234249c64dc703e8c4e6392,2021,Article,English,EC_EV_FINAL_SCOPE,include,verified_member_of_final_4974
EC_EV_004435,10.1038/aps.2017.130,74d34be163e8e8f4a9009f78a29d55dfe5a82ef65b485cabc1a2b28fcb6eae7e,2018,Article,English,EC_EV_FINAL_SCOPE,include,verified_member_of_final_4974
EC_EV_004436,10.3389/fimmu.2024.1374100,f61ae16637db426a2aa2266592191352e7bd665f99844ea42c113a6bf9eee139,2024,Article,English,EC_EV_FINAL_SCOPE,include,verified_member_of_final_4974
EC_EV_004437,10.1161/jaha.120.017437,5b1166382ff81629658a8a3d6efe7fb7abad5fd79416cbbd89476f72b056025c,2021,Article,English,EC_EV_FINAL_SCOPE,include,verified_member_of_final_4974
EC_EV_004438,10.1002/sctm.18-0256,c845134fe9fec0e1fa31a6082869ab1ab0ca6eea08a9344d1a29d2297086519c,2019,Article,English,EC_EV_FINAL_SCOPE,include,verified_member_of_final_4974
EC_EV_004439,10.1007/s10565-020-09570-0,b3b1579000da9b25cbbe94785dfe218fc055307c267dee9e66ad13a2cca239ae,2021,Article,English,EC_EV_FINAL_SCOPE,include,verified_member_of_final_4974
EC_EV_004440,10.1111/jnc.70027,26064896ba46d0cce1d40ab34d55fa434ffd9216c6a5ca98a36028052e05bc3d,2025,Article,English,EC_EV_FINAL_SCOPE,include,verified_member_of_final_4974
EC_EV_004441,10.1042/cs20220149,51369b213d78aaa7532d3a9f728eefbe6b0ad5079b6e659724a8d88b24836e7c,2022,Review,English,EC_EV_FINAL_SCOPE,include,verified_member_of_final_4974
EC_EV_004442,10.1161/circresaha.118.314635,1f3e96e2bed76eeae59b7b4b797868e34f16667d4669c31e573c768e4a7afe4e,2019,Article,English,EC_EV_FINAL_SCOPE,include,verified_member_of_final_4974
EC_EV_004443,10.3762/bjnano.15.46,30e2afb7a97d82c634998bf352a7a52563a019752befc47daf135f342da31ff5,2024,Article,English,EC_EV_FINAL_SCOPE,include,verified_member_of_final_4974
EC_EV_004444,10.1186/s13045-016-0351-5,8eab3409413e78a390b2f3dcfefeefced8a124d108f48605d09f3b53daee2c46,2016,Article,English,EC_EV_FINAL_SCOPE,include,verified_member_of_final_4974
EC_EV_004445,10.4103/1673-5374.380911,a94313cd33faf8a1176541b4f5a43ea1934b281e0acadcc43b7f54d71b0ac301,2024,Article,English,EC_EV_FINAL_SCOPE,include,verified_member_of_final_4974
EC_EV_004446,10.3390/biology13100827,3499ecaecdd55863fd03fd18aa73d04062101e2978dc71b453b63d9279a9ed48,2024,Article,English,EC_EV_FINAL_SCOPE,include,verified_member_of_final_4974
EC_EV_004447,10.1016/j.jprot.2019.103403,e778f3f7c274c82de97097fc369b90dd82980e0241695e412196ae1b5b289720,2019,Article,English,EC_EV_FINAL_SCOPE,include,verified_member_of_final_4974
EC_EV_004448,10.1161/atvbaha.119.312826,32949db1d9c973fd0a5bed9a2c8e96ea8291dc461b024b18205fc3f7cda23d96,2019,Article,English,EC_EV_FINAL_SCOPE,include,verified_member_of_final_4974
EC_EV_004449,10.3389/fcell.2020.00554,5c5838991e63c8fe8323ad7318786b2a6d6bc73a5840d1816f16649b795aa2b4,2020,Article,English,EC_EV_FINAL_SCOPE,include,verified_member_of_final_4974
EC_EV_004450,10.3389/fimmu.2024.1421036,6bab095a0e129df48e4f0690868d6c2b38f0734683c9289b6694acfa2712d51d,2024,Article,English,EC_EV_FINAL_SCOPE,include,verified_member_of_final_4974
EC_EV_004451,10.1159/000490214,25673ea996c8010914ba12d79dad4784f13e94d743f71af0dc88e02f1248cba4,2018,Article,English,EC_EV_FINAL_SCOPE,include,verified_member_of_final_4974
EC_EV_004452,10.1007/s11655-023-3647-7,2ae9a847b5ec10740080bc139f2d1c95c62634d62e2332a6958d14d1ab3d8334,2023,Article,English,EC_EV_FINAL_SCOPE,include,verified_member_of_final_4974
EC_EV_004453,10.18632/oncotarget.12902,6ad2e498a74a52d8537d9cc4b6124232306f1a165906bfedbafd0cdf167891ba,2016,Article,English,EC_EV_FINAL_SCOPE,include,verified_member_of_final_4974
EC_EV_004454,10.1016/j.pharmthera.2020.107715,dcc351fae879fd7778b890b8b23321d0db3d232e707d0f99707c32f850278c2c,2021,Review,English,EC_EV_FINAL_SCOPE,include,verified_member_of_final_4974
EC_EV_004455,10.1016/j.canlet.2008.12.028,713f4d2e62966f3cc23ec1d27a6778ca9b4fdc1ddf548c6440e2cb621afd7e97,2009,Article,English,EC_EV_FINAL_SCOPE,include,verified_member_of_final_4974
EC_EV_004456,10.1021/acsnano.3c04423,46244e18a5b436996090b9af4e84dccb036c640cef1ba8a098c0f50b65d199c4,2023,Article,English,EC_EV_FINAL_SCOPE,include,verified_member_of_final_4974
EC_EV_004457,10.1016/j.yjmcc.2019.04.019,fe60dfd911e81e8c03831d283f385676f973ec0655056c9fbec86cc2fa0568e3,2019,Article,English,EC_EV_FINAL_SCOPE,include,verified_member_of_final_4974
EC_EV_004458,10.7150/thno.59661,842a906f4c7333160774ecf2794779abdc6adea95334c9db4aa5dd76bace8ab4,2021,Article,English,EC_EV_FINAL_SCOPE,include,verified_member_of_final_4974
EC_EV_004459,10.2147/ijn.s444009,8c3de7fa50e7d0f9d5861940714b1c546338e073c5c23eff748fdbe65da2313d,2024,Article,English,EC_EV_FINAL_SCOPE,include,verified_member_of_final_4974
EC_EV_004460,10.3389/fmolb.2017.00050,0afa09b8c8d83323082e6e58b72dbcf976510bb118c381a6460e41ded85c34e7,2017,Review,English,EC_EV_FINAL_SCOPE,include,verified_member_of_final_4974
EC_EV_004461,10.3390/life14030287,730a42953c69fa0a41bd7a9d3444f2e51e8ecf047ef0a415f0b37d620523cb5d,2024,Review,English,EC_EV_FINAL_SCOPE,include,verified_member_of_final_4974
EC_EV_004462,10.1186/s40779-025-00596-1,d6676fd7aae6e9ba7f01476c5e3884cea8dd65fb76a8a19da99efeb9d092942a,2025,Review,English,EC_EV_FINAL_SCOPE,include,verified_member_of_final_4974
EC_EV_004463,10.1016/j.heliyon.2023.e22922,3b60bc5e5ae7d141dcc45b76b12cc79889c440b09b540809327c46b128574801,2023,Article,English,EC_EV_FINAL_SCOPE,include,verified_member_of_final_4974
EC_EV_004464,10.1002/jev2.12086,5199428da4229ea9d0f7421311da17df902e9e5d0a877c4faa4d0fc09a723a06,2021,Article,English,EC_EV_FINAL_SCOPE,include,verified_member_of_final_4974
EC_EV_004465,10.1128/jvi.01578-18,dad0b32c64ddc060c2e2a9221434f2b214324a5d6222971faceb3adb4e9bcff8,2018,Article,English,EC_EV_FINAL_SCOPE,include,verified_member_of_final_4974
EC_EV_004466,10.1016/j.jdermsci.2020.02.009,dcba152474cd84ab68dc39ba7809b140c509f8eacb7f482802fe306809e51534,2020,Article,English,EC_EV_FINAL_SCOPE,include,verified_member_of_final_4974
EC_EV_004467,10.1186/s13643-019-1150-1,3b1a92fd43b1a404feebc1102699b9cdcc37d0b37c627c453f9059497ad9e475,2019,Review,English,EC_EV_FINAL_SCOPE,include,verified_member_of_final_4974
EC_EV_004468,10.4252/wjsc.v11.i10.859,622da859a35ad4bcb11dda7038976465ca2f77171ba8a35f718d179c40eddeb8,2019,Article,English,EC_EV_FINAL_SCOPE,include,verified_member_of_final_4974
EC_EV_004469,10.1089/scd.2014.0413,c31c3ab7ee87f1eb8120a08074bf6806732e786d78924f5adffe5b9985b5b66f,2015,Article,English,EC_EV_FINAL_SCOPE,include,verified_member_of_final_4974
EC_EV_004470,10.1016/j.bcp.2024.116643,342cd9cd9b24c83be23af4a12178ebdb180016fb25b7f9425192f8ed3ef56cd0,2025,Review,English,EC_EV_FINAL_SCOPE,include,verified_member_of_final_4974
EC_EV_004471,10.3390/ijms25073778,afd482bd98ce5caa5cb7fe94ac2eb6b05e69cc13b3cd6418d98e81ff3352366b,2024,Review,English,EC_EV_FINAL_SCOPE,include,verified_member_of_final_4974
EC_EV_004472,10.1016/j.bj.2019.07.001,59921869adb406dc11548b50840a954c991ef4f0fa85b045a4dcdc0cb2d7c2a3,2020,Article,English,EC_EV_FINAL_SCOPE,include,verified_member_of_final_4974
EC_EV_004473,10.1016/j.actbio.2021.07.027,c643428401e78a470b82a0202ced73c046ac5737acc745628c1a67e2e507cf30,2021,Review,English,EC_EV_FINAL_SCOPE,include,verified_member_of_final_4974
EC_EV_004474,10.3390/cells11152309,0e5558fe3cf8420a9a27a6bf4898e52e4f0b2db973d0b153a2fa535b5d82a536,2022,Article,English,EC_EV_FINAL_SCOPE,include,verified_member_of_final_4974
EC_EV_004475,10.1016/j.bbalip.2019.158532,227470e713940f66bf18a0b44694f66228c8d03fcf9da73e84be859e53e29acb,2019,Article,English,EC_EV_FINAL_SCOPE,include,verified_member_of_final_4974
EC_EV_004476,10.1016/j.exer.2023.109457,ce828f70b3712e3ab8f5818a17141ea245abc832686c9a104d6fbfa16597d63b,2023,Article,English,EC_EV_FINAL_SCOPE,include,verified_member_of_final_4974
EC_EV_004477,10.1016/j.jim.2011.06.024,58cc6c3254b0cbfa65480462262cba356b81fd4742120676131d57e12ffdc4e0,2011,Article,English,EC_EV_FINAL_SCOPE,include,verified_member_of_final_4974
EC_EV_004478,10.1186/s12951-023-02066-z,2e43744c9c469341201307dc22d28fe04bf129fdf4587bdc08348a09f56cc10f,2023,Article,English,EC_EV_FINAL_SCOPE,include,verified_member_of_final_4974
EC_EV_004479,10.3390/ijms24109006,7173905975ec9e5661a6504bc6cd3c3085a9a58cd495f2f2720ac549d543f7b3,2023,Review,English,EC_EV_FINAL_SCOPE,include,verified_member_of_final_4974
EC_EV_004480,10.3389/fonc.2022.935816,7602e1a38db3ef05bc5bf3d1b84cfa331353be5c1f829d9b4d53e1e73cf8c692,2022,Article,English,EC_EV_FINAL_SCOPE,include,verified_member_of_final_4974
EC_EV_004481,10.3390/cancers13122942,da63c15d491dbfaf91199883de73041799e3d3f74d5c56b1e057cb28c3a4e3e3,2021,Review,English,EC_EV_FINAL_SCOPE,include,verified_member_of_final_4974
EC_EV_004482,10.3389/fcell.2020.00611,97e14d38031467c549454170e4b432f6c36eeface635e443f76506ea7cd4272f,2020,Review,English,EC_EV_FINAL_SCOPE,include,verified_member_of_final_4974
EC_EV_004483,10.1016/j.nantod.2023.101954,a73823b2325f75b16a45d9c4f4ddf9167b3101b91c1e8db3ca63ed303329b7e5,2023,Article,English,EC_EV_FINAL_SCOPE,include,verified_member_of_final_4974
EC_EV_004484,10.1155/2020/3593962,d00427f6d3d95a0e0d643e3b9dac94714d6a6370cd9ad2da86a50fd1cb0367f5,2020,Article,English,EC_EV_FINAL_SCOPE,include,verified_member_of_final_4974
EC_EV_004485,10.1186/s13018-023-04165-x,2d4b4d72fb81f8d4a339d44f3b8a81725e8a7415ef18ed820b0675258f872858,2023,Article,English,EC_EV_FINAL_SCOPE,include,verified_member_of_final_4974
EC_EV_004486,10.1016/j.brainres.2019.146331,fa8cda560a96fa0230f05cc57d2538f85b468fe3f3813ce3cbc3d368c677abf8,2019,Article,English,EC_EV_FINAL_SCOPE,include,verified_member_of_final_4974
EC_EV_004487,10.1186/s13287-017-0660-9,a9918f17cd3924c6023c6237f68f8b5a39d83ada529d8ac96ea66d684d234aef,2017,Article,English,EC_EV_FINAL_SCOPE,include,verified_member_of_final_4974
EC_EV_004488,10.1161/strokeaha.122.041422,c5d05b9ff0dcd18c4c951ef63bd4699eadce12faeedf08968f767c2a4d2fbd07,2023,Article,English,EC_EV_FINAL_SCOPE,include,verified_member_of_final_4974
EC_EV_004489,10.1161/circulationaha.123.066911,bd7b8f2f7655cefca43d685596810091b96f160e317d20de1498ebf10e45cf3d,2024,Article,English,EC_EV_FINAL_SCOPE,include,verified_member_of_final_4974
EC_EV_004490,10.1152/ajpcell.00041.2020,a6501227294e14a13a7bc7515295055fb51051917d6d2fe37f9940bf606222c7,2020,Article,English,EC_EV_FINAL_SCOPE,include,verified_member_of_final_4974
EC_EV_004491,10.1089/ten.teb.2020.0048,6b83a60f40a5a6e7e1e6c7ee73d216e942bcb3069659de96db7c0fed2a24559d,2020,Article,English,EC_EV_FINAL_SCOPE,include,verified_member_of_final_4974
EC_EV_004492,10.3402/jev.v5.31027,69296ac46310d6f6aa896897d642a2dba0814c42a651621f55be881b6a7e3ba4,2016,Article,English,EC_EV_FINAL_SCOPE,include,verified_member_of_final_4974
EC_EV_004493,10.1080/20013078.2017.1401897,4d6edbc85c3beeaa445fb3daab9f9143a1821a4e040bdcec1319eda27e715175,2017,Article,English,EC_EV_FINAL_SCOPE,include,verified_member_of_final_4974
EC_EV_004494,10.1161/circresaha.111.300418,5f208c054c30e9d21fbc3800774a77680aebc4da3e96f9caa8c9eac7c5704848,2013,Article,English,EC_EV_FINAL_SCOPE,include,verified_member_of_final_4974
EC_EV_004495,10.3390/cancers13123040,3dd9d4ab899b55b8658c750216b8af19718671115f1fdefca207b7e7a81bd54c,2021,Article,English,EC_EV_FINAL_SCOPE,include,verified_member_of_final_4974
EC_EV_004496,10.1002/ctm2.1363,97d8f67ebf8e14830e3c84fd53e1baf026f1ce5630313cb184da2a962aaeaf01,2023,Article,English,EC_EV_FINAL_SCOPE,include,verified_member_of_final_4974
EC_EV_004497,10.1371/journal.pone.0316103,4c21f4d5677c0614c93d5de8862fd12cd45a4c2fc19ee757cc1f737c6803de6c,2024,Article,English,EC_EV_FINAL_SCOPE,include,verified_member_of_final_4974
EC_EV_004498,10.1007/s11010-024-04934-0,cded3ab637cdd67558a7d1791d77496b38499d8112da3f7c3469f41d5b567c9f,2024,Article,English,EC_EV_FINAL_SCOPE,include,verified_member_of_final_4974
EC_EV_004499,10.1016/j.reth.2022.07.002,55356c5a4ca76bd13158225b654d4098cdaf68510caca2097e62e7f2b2b66bb4,2022,Article,English,EC_EV_FINAL_SCOPE,include,verified_member_of_final_4974
EC_EV_004500,10.3390/biology11050637,3ad346ae88e163611fa9d953d6a74c61d193a7eb9f76d18b4bc4096e1019cd3b,2022,Review,English,EC_EV_FINAL_SCOPE,include,verified_member_of_final_4974
EC_EV_004501,10.3389/fneur.2025.1543133,fc777de9ed0aff8ba41b7d369a2115acf03fe59accb968efc14bf4e64e2fd9ef,2025,Article,English,EC_EV_FINAL_SCOPE,include,verified_member_of_final_4974
EC_EV_004502,10.1186/s12951-024-02511-7,bce96db8df80c61ace1adcb7ec154f03593e2fbdc5ec75f95831f19c8080ff01,2024,Review,English,EC_EV_FINAL_SCOPE,include,verified_member_of_final_4974
EC_EV_004503,,4344c25cf176848f000fd59ed7e1960a1437251f3a0c61987ea93b0fd9b881e5,2017,Article,English,EC_EV_FINAL_SCOPE,include,verified_member_of_final_4974
EC_EV_004504,10.1093/jleuko/qiae125,4bbf6f3b669cdec664bf799ed687ad6ba782fbd23cb58463c87a61eb961fe4d7,2024,Article,English,EC_EV_FINAL_SCOPE,include,verified_member_of_final_4974
EC_EV_004505,10.1186/s12951-023-02145-1,55d124cba1a619b960a97faba9ae9deed92955d3729d2bbdaef1f1416cf91cab,2023,Article,English,EC_EV_FINAL_SCOPE,include,verified_member_of_final_4974
EC_EV_004506,10.3389/fimmu.2023.1150564,d422a0cee44d7b0703d53a1ec08d9687615b2925f344c642104c5191841a03a5,2023,Article,English,EC_EV_FINAL_SCOPE,include,verified_member_of_final_4974
EC_EV_004507,10.1186/s13287-020-01669-9,2a92b39229aac55ea97b3a088e77a36ae9e2970e8c8cfb99489da613f6a13c6f,2020,Article,English,EC_EV_FINAL_SCOPE,include,verified_member_of_final_4974
EC_EV_004508,10.1007/s13365-019-00732-3,c24d8182bd379cedad330492696c9ca649a779b48dcdba819a772f94976df6aa,2019,Article,English,EC_EV_FINAL_SCOPE,include,verified_member_of_final_4974
EC_EV_004509,10.1186/s13293-015-0028-8,7eb13d7e2e227e8dea77fb31c73aa3d450f0228bcfc44e59cc8d03272f75bb73,2015,Article,English,EC_EV_FINAL_SCOPE,include,verified_member_of_final_4974
EC_EV_004510,10.1007/s00018-024-05210-6,15928e82afa1986b404c279316ae195e22859c78696e5791903867dab2ae47fa,2024,Article,English,EC_EV_FINAL_SCOPE,include,verified_member_of_final_4974
EC_EV_004511,10.1186/s12974-024-03230-4,d68a358a1afc6ccde41b996cfb82d9329fde82a6c58f6165c75e1d7c8c127f3f,2024,Article,English,EC_EV_FINAL_SCOPE,include,verified_member_of_final_4974
EC_EV_004512,10.3390/cancers15082347,4b5feb26c9ae6e710adf2a7f96486b13cadbef285f518da0f79f8306982d3528,2023,Article,English,EC_EV_FINAL_SCOPE,include,verified_member_of_final_4974
EC_EV_004513,10.3390/cells8091027,bf1ade0b4c74db48c679ccc9ef24984ea0b347ac2babfd1c2a04bc72acce9be0,2019,Article,English,EC_EV_FINAL_SCOPE,include,verified_member_of_final_4974
EC_EV_004514,10.1186/s12951-024-02304-y,44456a82330fdf3c0f3bdf8b1c6ef65727736d84048ee5220cec46f8e6071950,2024,Article,English,EC_EV_FINAL_SCOPE,include,verified_member_of_final_4974
EC_EV_004515,10.4103/ni.ni_1159_21,81ede260132b7f6e2cbf8e6852c7e5f0c538624c59216451cce8398b1315f812,2024,Article,English,EC_EV_FINAL_SCOPE,include,verified_member_of_final_4974
EC_EV_004516,10.1016/j.expneurol.2025.115143,586f2c4926d2826e13b321f6b7756d34bd0160a064e8ac006f35640c56f65a5e,2025,Article,English,EC_EV_FINAL_SCOPE,include,verified_member_of_final_4974
EC_EV_004517,10.2217/rme-2021-0170,e5b4fa77ae9bc6985a3be1cee81278e8308d8aabe915420360a1a36bbebca57f,2022,Article,English,EC_EV_FINAL_SCOPE,include,verified_member_of_final_4974
EC_EV_004518,10.3390/cancers14102536,4f157d81e8bb676ab672d953ab0b24e110f68a65148a950cf2604a593a225415,2022,Review,English,EC_EV_FINAL_SCOPE,include,verified_member_of_final_4974
EC_EV_004519,10.3389/fimmu.2024.1488127,47a5eca3b08c7247f0f77c7352240b9ee18905235cf609e885aead69f215ad45,2024,Article,English,EC_EV_FINAL_SCOPE,include,verified_member_of_final_4974
EC_EV_004520,10.2147/ijn.s380515,3c7a9e868d8308fe893cdea1ca07e3e89696be0f8257f968c2d96acf66d897fa,2022,Article,English,EC_EV_FINAL_SCOPE,include,verified_member_of_final_4974
EC_EV_004521,10.1007/s12079-023-00794-3,23623e581c4fafcddf8a3463ff9e76dffa4cb8b4ac894c9d2d3e384e12a602fc,2023,Review,English,EC_EV_FINAL_SCOPE,include,verified_member_of_final_4974
EC_EV_004522,10.1016/j.athplu.2023.06.004,108b4b456a5f14032eab7875029db2db926058f0486172a3519770d3cebc22fb,2023,Article,English,EC_EV_FINAL_SCOPE,include,verified_member_of_final_4974
EC_EV_004523,10.1186/s40560-018-0340-6,32f549496aff6c7688f9a2910231ff114d63076d106abcc0ee52e2c99d10ac79,2018,Review,English,EC_EV_FINAL_SCOPE,include,verified_member_of_final_4974
EC_EV_004524,10.1097/igc.0000000000001140,b23c32ef4ceded5a1cf89ded21949a2e95c7caad77f5ce3c2ac750638afc9eb3,2018,Article,English,EC_EV_FINAL_SCOPE,include,verified_member_of_final_4974
EC_EV_004525,10.3389/fcimb.2018.00035,5b51425fc69b5ba3b06ac6e082956b72792dc17da3bdb156a7a38f0d1f6b8ae0,2018,Article,English,EC_EV_FINAL_SCOPE,include,verified_member_of_final_4974
EC_EV_004526,10.3389/fonc.2022.897205,b0df972089697f8c8377362fa94a81322e4de45acb7a95f1d7c28f7f9133590b,2022,Review,English,EC_EV_FINAL_SCOPE,include,verified_member_of_final_4974
EC_EV_004527,10.1249/mss.0000000000002185,d9c3d66ece61bca4592d3350a92ac9dad3b8ed8762c63cea75895293296e6342,2020,Article,English,EC_EV_FINAL_SCOPE,include,verified_member_of_final_4974
EC_EV_004528,10.1161/circresaha.120.317086,803642ac1270da37d011d3cf2cea1cb62f319e96dc6fa56583c653900b77757d,2020,Article,English,EC_EV_FINAL_SCOPE,include,verified_member_of_final_4974
EC_EV_004529,10.3389/fphys.2018.01214,311bee400f3bd6936476f975641860105b89793e786f4de8ce96ee88bde2bf91,2018,Article,English,EC_EV_FINAL_SCOPE,include,verified_member_of_final_4974
EC_EV_004530,10.3390/cancers13051172,2e3c52b443af9dafcaa4e0a9d926017eb077ef2b6bc90db3d64150e07c38ebbe,2021,Review,English,EC_EV_FINAL_SCOPE,include,verified_member_of_final_4974
EC_EV_004531,10.1186/s41232-023-00274-6,d35515c40ff51d2211a4994be09a974c2d12867f59bcf4d75035fbb3c0a6791e,2023,Article,English,EC_EV_FINAL_SCOPE,include,verified_member_of_final_4974
EC_EV_004532,10.3389/fcell.2020.00376,3130b71c44032579f44354a8b8af0f357cec5a0409acfa39e9ac922f545210eb,2020,Review,English,EC_EV_FINAL_SCOPE,include,verified_member_of_final_4974
EC_EV_004533,10.3390/ijms20215307,cfe25434717d15b007eb25d5e76bef29a7da323ac5ace5374afac493684aa6f2,2019,Article,English,EC_EV_FINAL_SCOPE,include,verified_member_of_final_4974
EC_EV_004534,10.2147/ijn.s449227,a6f486931cde5a1611a65ab274414744ee2c662aaffee5f66de38d4660364b2a,2024,Article,English,EC_EV_FINAL_SCOPE,include,verified_member_of_final_4974
EC_EV_004535,10.2217/nnm-2022-0142,7d8a1ea0c4d7b9b72fb191914cf12b50d2eb36299184c9ff05bbe442c4f8a5a0,2022,Review,English,EC_EV_FINAL_SCOPE,include,verified_member_of_final_4974
EC_EV_004536,10.14336/ad.2023.0714,535f854ef795583d304abf6b70c8c77264049175b6fd9a5b50f1a594b119e1ff,2024,Article,English,EC_EV_FINAL_SCOPE,include,verified_member_of_final_4974
EC_EV_004537,10.1155/2023/8836452,0441ea0db07af7d042b27d9f906b38568546244b59f077c0bd671a71d8c6f7e2,2023,Article,English,EC_EV_FINAL_SCOPE,include,verified_member_of_final_4974
EC_EV_004538,10.1016/j.jconrel.2023.01.025,598f3491525fc197f4da0f78e9214a4c8955f4e6a086896aae20622c6068795a,2023,Article,English,EC_EV_FINAL_SCOPE,include,verified_member_of_final_4974
EC_EV_004539,10.3389/fimmu.2022.853769,1520499a708dc04e703eee684f1c4c4c6fe583161f6bc78806d2eb43edde6338,2022,Article,English,EC_EV_FINAL_SCOPE,include,verified_member_of_final_4974
EC_EV_004540,10.1155/2022/5475832,d450bb467d6f22f7257569b2e95dcdbc5f50e1bfa43d9104fcb56557be0e0669,2022,Article,English,EC_EV_FINAL_SCOPE,include,verified_member_of_final_4974
EC_EV_004541,10.1097/01.ccm.0000114829.17746.19,3a73e21c5d46115d900c06aa329391f5261ecb80385ccaeaced15c6f069804f3,2004,Article,English,EC_EV_FINAL_SCOPE,include,verified_member_of_final_4974
EC_EV_004542,10.1186/s13287-021-02174-3,5aa8e9f8a3b02af1421cb153e4444bdb47a025f2edc17ede65492380e8ac9cbc,2021,Article,English,EC_EV_FINAL_SCOPE,include,verified_member_of_final_4974
EC_EV_004543,10.1007/s12079-020-00572-5,bf6fe0f43814750d75281f74f4bd458827ee7ec86aa568dc110b4d7cd5ee9e75,2020,Article,English,EC_EV_FINAL_SCOPE,include,verified_member_of_final_4974
EC_EV_004544,10.3171/2014.11.jns14770,65c93e154e4d5d26b56dd9f1dc87cd49d68d61ff61a68c048dc85103554546fe,2015,Article,English,EC_EV_FINAL_SCOPE,include,verified_member_of_final_4974
EC_EV_004545,10.1016/j.numecd.2022.09.010,4bac80214c5af2b0d5b83a8baeb01b8ba2e38b1cdd25a7286f954e80c91e328b,2023,Article,English,EC_EV_FINAL_SCOPE,include,verified_member_of_final_4974
EC_EV_004546,10.1371/journal.pone.0056754,17063eec56ee5cf8119b38a949cf1de1b78cc5643511c055fabb9b18abc2cf12,2013,Article,English,EC_EV_FINAL_SCOPE,include,verified_member_of_final_4974
EC_EV_004547,10.3390/cancers14071698,521c8f167a86fa7425cb3e86347c482a96ec727bf352eab008c3c47b1328f51c,2022,Review,English,EC_EV_FINAL_SCOPE,include,verified_member_of_final_4974
EC_EV_004548,10.3390/ijms242216074,b518dd270e04c8d330c4a10955f52ce6a7ed6b20c34c4c86036015918ecb0cd7,2023,Article,English,EC_EV_FINAL_SCOPE,include,verified_member_of_final_4974
EC_EV_004549,10.1186/s12977-021-00570-4,1f8610fc928bd6c39e07ebdb8a143237af63f03a8711ec6e2e322c5333a698a4,2021,Article,English,EC_EV_FINAL_SCOPE,include,verified_member_of_final_4974
EC_EV_004550,10.3390/ijms232012098,bbe3bb3a5cbf4fafd5c6d80ae716691030389e70f1561ccb3b8bcfe650b1bc34,2022,Article,English,EC_EV_FINAL_SCOPE,include,verified_member_of_final_4974
EC_EV_004551,10.1016/j.freeradbiomed.2024.08.017,42c38920430c6e3f05b1f25755ebc9f27171d0dcf691b96ba2b86bd3624310c3,2024,Article,English,EC_EV_FINAL_SCOPE,include,verified_member_of_final_4974
EC_EV_004552,10.1089/vim.2009.0113,fe34f9e61f5aeb8ad375e052daab470d805e5155c217257d73722ff811001c07,2010,Article,English,EC_EV_FINAL_SCOPE,include,verified_member_of_final_4974
EC_EV_004553,10.3389/fbioe.2022.868734,139adeb414573470a1c4788b782b384873dff2ad29c61ac2b8492632375d6b88,2022,Article,English,EC_EV_FINAL_SCOPE,include,verified_member_of_final_4974
EC_EV_004554,10.1186/s12885-021-08628-4,d7a0451712315191afe26101245066b62370aa8aaa53c128bbc283d352a8cea0,2021,Article,English,EC_EV_FINAL_SCOPE,include,verified_member_of_final_4974
EC_EV_004555,10.1007/s00125-024-06120-9,f2afe36359d619871bdaca2e6500581b5eb8229f82868215e1244f5e80956f92,2024,Article,English,EC_EV_FINAL_SCOPE,include,verified_member_of_final_4974
EC_EV_004556,10.1152/ajprenal.00334.2024,977b63c3f5c729fc633e35fb84c6608714bc828adae7780559562d66ddc0f36a,2025,Article,English,EC_EV_FINAL_SCOPE,include,verified_member_of_final_4974
EC_EV_004557,10.1038/s41598-024-77258-0,40beac2a1d367086940ce9d292ab7e86702fcaba66facc9c2912eab7393c8ed3,2024,Article,English,EC_EV_FINAL_SCOPE,include,verified_member_of_final_4974
EC_EV_004558,10.1161/circresaha.117.311769,117bd5d3545153ffb9a7ff8b2a268bfbcc1befc355fe977144bbf1e05b598bd8,2018,Article,English,EC_EV_FINAL_SCOPE,include,verified_member_of_final_4974
EC_EV_004559,10.1039/d3nh00306j,890a8455e7e3fe25d30b98614a1f8f7d2b124318cba8299ddcbb6380a2e6875a,2023,Review,English,EC_EV_FINAL_SCOPE,include,verified_member_of_final_4974
EC_EV_004560,10.1155/2019/2831756,2502ff01efe93ebd4c3bd05342247f1505f82edc4e9939f43e55509103687951,2019,Article,English,EC_EV_FINAL_SCOPE,include,verified_member_of_final_4974
EC_EV_004561,10.1186/1475-2840-13-37,c363ba59ee6e5ffc97422aab75365852654bee7812970381ef22c8a3b8df6f0c,2014,Article,English,EC_EV_FINAL_SCOPE,include,verified_member_of_final_4974
EC_EV_004562,10.1186/s12951-023-01985-1,31ea50474b69877bea739a70020ee25d466b086f8f6e0064284e6810499c0014,2023,Article,English,EC_EV_FINAL_SCOPE,include,verified_member_of_final_4974
EC_EV_004563,10.1093/cvr/cvaa039,971f358f8f60c3b77d3d71d41f9ba20bff52d57f46602cd92505b62b9cb23bf9,2021,Article,English,EC_EV_FINAL_SCOPE,include,verified_member_of_final_4974
EC_EV_004564,10.3390/cancers14143303,81764746321f97e8e0756f545acd8caeea4b14e8f40c9c8b1ba95652a8c62f9a,2022,Review,English,EC_EV_FINAL_SCOPE,include,verified_member_of_final_4974
EC_EV_004565,10.7150/thno.33520,f43a412515b55927126699bb0cc9ce69d1b33a03a5e1efcc84760e9b1d4c4ce3,2019,Article,English,EC_EV_FINAL_SCOPE,include,verified_member_of_final_4974
EC_EV_004566,10.1128/jvi.03282-12,3b3c8445abd48f54b35339202b6737aef800ccc48626ca2983d066a49f1bc623,2013,Article,English,EC_EV_FINAL_SCOPE,include,verified_member_of_final_4974
EC_EV_004567,10.3389/fnmol.2022.938315,57e9f092c2231977db0abd87e380326af13d45b080cc20690cd06db9e737211d,2022,Article,English,EC_EV_FINAL_SCOPE,include,verified_member_of_final_4974
EC_EV_004568,10.3390/ijms21238999,f8742b77d9492f5e5b21615260850ee49ebc11b0befb092300b42df9957c9797,2020,Review,English,EC_EV_FINAL_SCOPE,include,verified_member_of_final_4974
EC_EV_004569,10.1371/journal.pone.0118010,06b5ffe79214cd690e206547d4eec065770f03260e1937e879fbfc8c1cb1e3b0,2015,Article,English,EC_EV_FINAL_SCOPE,include,verified_member_of_final_4974
EC_EV_004570,10.1089/ten.teb.2024.0188,b5a62888d98a06bffd2f3c2dc0e98fcae1249931ec2bc70984a26441ac931cd3,2025,Review,English,EC_EV_FINAL_SCOPE,include,verified_member_of_final_4974
EC_EV_004571,10.3390/cells12232698,20e68e26390a382709de97f3a81630abd52ca49afecfb23c963966f710a30b52,2023,Article,English,EC_EV_FINAL_SCOPE,include,verified_member_of_final_4974
EC_EV_004572,10.1186/s12885-017-3102-2,b45fdae949bc4ccda37b8797c0755717b47e04ade19f30bc7068b04dec312115,2017,Article,English,EC_EV_FINAL_SCOPE,include,verified_member_of_final_4974
EC_EV_004573,10.1002/pros.23653,0b17e0b931e9b9b67e7c7ff44b6302f3af8f6d8c210050699ede25db1613be7f,2018,Article,English,EC_EV_FINAL_SCOPE,include,verified_member_of_final_4974
EC_EV_004574,10.1007/s10495-018-1469-4,8a99c0bae900088a41c0a4b36e282d7f315aa839f5d4226861854ed29461300d,2018,Article,English,EC_EV_FINAL_SCOPE,include,verified_member_of_final_4974
EC_EV_004575,10.1371/journal.pone.0294060,cc4163d58e0fc3f9eb8c59aad0856dafe7b55decea39f3afa78f112ea4c20c77,2023,Article,English,EC_EV_FINAL_SCOPE,include,verified_member_of_final_4974
EC_EV_004576,10.1097/js9.0000000000002119,56842b4f03af54de37c37b27925502c88e231fc780c06d439eb047d6e43cbc99,2024,Article,English,EC_EV_FINAL_SCOPE,include,verified_member_of_final_4974
EC_EV_004577,10.3390/pharmaceutics16111432,e7c528236e550c065a9267079e193973b0b2b480898fc743b030d24c45e4168b,2024,Article,English,EC_EV_FINAL_SCOPE,include,verified_member_of_final_4974
EC_EV_004578,10.2147/jir.s299298,7044980ea9af0d07fb69999c5ed88e553ff1c4f75b899ffd7a338aae2630b5a9,2021,Article,English,EC_EV_FINAL_SCOPE,include,verified_member_of_final_4974
EC_EV_004579,10.7150/thno.37455,c32d18397192383fc682be1c226dc3ce0f53f5df5b21f4b7668b3b4d95d13916,2019,Article,English,EC_EV_FINAL_SCOPE,include,verified_member_of_final_4974
EC_EV_004580,10.1186/s13098-025-01581-3,0ac56283bc23f153c9aebe0896b1c4aef0abada1d0542eeccda2c39d5e839c69,2025,Review,English,EC_EV_FINAL_SCOPE,include,verified_member_of_final_4974
EC_EV_004581,10.1016/j.neuint.2016.08.003,3e36e34fe25f6edc1b628e454eb52bbdda49907e9a99277c0a8b98fa0edf31f0,2017,Article,English,EC_EV_FINAL_SCOPE,include,verified_member_of_final_4974
EC_EV_004582,10.1371/journal.pone.0180364,a383ef98177ce25056c2ab3f8c3a8aedc091e125ac9f9da91bfaa918ca6d532d,2017,Article,English,EC_EV_FINAL_SCOPE,include,verified_member_of_final_4974
EC_EV_004583,10.1186/s12951-025-03238-9,ecde197f1f56ea18837e08e28745ea04e53ca477785eff66f449321e0c1d2a84,2025,Article,English,EC_EV_FINAL_SCOPE,include,verified_member_of_final_4974
EC_EV_004584,10.1089/ten.teb.2024.0360,7cde3b63f98bc8144131df97ced9be616910d1eabf6dc7aac802fb2502e6af7b,2025,Review,English,EC_EV_FINAL_SCOPE,include,verified_member_of_final_4974
EC_EV_004585,10.1186/s13046-018-0814-3,1fa7bddb3b226a1b58507f8a0de61d750288906043de9b38f716f50599c1d283,2018,Article,English,EC_EV_FINAL_SCOPE,include,verified_member_of_final_4974
EC_EV_004586,10.1152/ajpheart.00058.2021,734581e5c7c44951548399701f0358f2144d579a6e6d6396e28c34eaf5af5553,2021,Article,English,EC_EV_FINAL_SCOPE,include,verified_member_of_final_4974
EC_EV_004587,10.1038/s41598-025-87592-6,53f9d3617cb03f6de9dafa61f7fe99596f1c274e23ad63f1c62d001189bd8b79,2025,Article,English,EC_EV_FINAL_SCOPE,include,verified_member_of_final_4974
EC_EV_004588,10.1186/s12964-019-0449-9,69ba5b1c0f903a584ce99abc384de6d3c718e207116a2a63387f4ed3291cb90b,2019,Article,English,EC_EV_FINAL_SCOPE,include,verified_member_of_final_4974
EC_EV_004589,10.1002/jev2.12332,c8f12c579ce3c28630be4d23bbd1fcee614cd9fc549f2b23adf57c5bc3e429db,2023,Article,English,EC_EV_FINAL_SCOPE,include,verified_member_of_final_4974
EC_EV_004590,10.1186/s12967-024-05338-w,bc280e1a07be872ab6d3c9a74ea4d1160e8c1be3d709e91548e980731842ece9,2024,Article,English,EC_EV_FINAL_SCOPE,include,verified_member_of_final_4974
EC_EV_004591,10.3389/fnana.2021.661065,97a1be5e7903ec0c0646fc849541d929ab2ae6aed78d1f3216d517e3e6b76ec5,2021,Article,English,EC_EV_FINAL_SCOPE,include,verified_member_of_final_4974
EC_EV_004592,10.1186/s13287-021-02151-w,51e0b226212f0f98360523f2ce5fd04d762ba94b79135c1a2301406035a74a22,2021,Article,English,EC_EV_FINAL_SCOPE,include,verified_member_of_final_4974
EC_EV_004593,10.1155/2021/1695087,6952dd4b75fd2fb22561ae5ff8b2f86755af41d855a32ad12d2b5e6f5884153a,2021,Article,English,EC_EV_FINAL_SCOPE,include,verified_member_of_final_4974
EC_EV_004594,10.3390/cancers13040847,a53eaa107d0c2616f7c6703c93d712f9e9c6920cf4b699a96f59164df87ba3d3,2021,Review,English,EC_EV_FINAL_SCOPE,include,verified_member_of_final_4974
EC_EV_004595,10.1186/s13287-020-01614-w,b6cf29a857edfeac6f90db4d695efbb02d24dc604e54a1db56c241c3f7d87256,2020,Article,English,EC_EV_FINAL_SCOPE,include,verified_member_of_final_4974
EC_EV_004596,10.1016/j.envres.2018.09.002,0d1b3bc856b36f7423a4d315fa7c71ad14d36a63b369bc0aab8de261125e50d3,2018,Article,English,EC_EV_FINAL_SCOPE,include,verified_member_of_final_4974
EC_EV_004597,10.3390/life12030355,586a6c16eb936c6d4e5146f2a43c0dfd17cb14d6525c552834b3b69878b743be,2022,Article,English,EC_EV_FINAL_SCOPE,include,verified_member_of_final_4974
EC_EV_004598,10.3389/fimmu.2019.01634,82c23d812ad50602cba5f59a100e1b07298d944fc4f15cfef5fb549cd09c88e0,2019,Article,English,EC_EV_FINAL_SCOPE,include,verified_member_of_final_4974
EC_EV_004599,10.1186/s13287-023-03346-z,66767f9c2c25b657b50d0a674f7945e219b4d4d047a01fe909bd2647cb47c404,2023,Article,English,EC_EV_FINAL_SCOPE,include,verified_member_of_final_4974
EC_EV_004600,10.1152/japplphysiol.00345.2024,0a9e6bcf2a0d3757ce2bce1be8c35f2362e4e3c5e9cf094ab45143af8b5a78fa,2024,Article,English,EC_EV_FINAL_SCOPE,include,verified_member_of_final_4974
EC_EV_004601,10.1152/ajpheart.00680.2016,b8aacb2ab4809a6a2bdeb27aad4f914f5652f6046538cec87015a9cacef6da51,2017,Article,English,EC_EV_FINAL_SCOPE,include,verified_member_of_final_4974
EC_EV_004602,10.3389/fbioe.2020.00146,f6d8ba4def274b8745b73cc73eecccfa56371797ec2efef5a0cba0f1180866c2,2020,Review,English,EC_EV_FINAL_SCOPE,include,verified_member_of_final_4974
EC_EV_004603,10.3389/fphar.2022.968776,a700bf7b0c335ebe6f7c8cb791b3f9ae6f8740e19880e0246fd8e666c894aa4c,2022,Article,English,EC_EV_FINAL_SCOPE,include,verified_member_of_final_4974
EC_EV_004604,10.3390/cancers14205090,937ea55ebcc6a51a2f9bdad73b12f89e563727b13902c1abc20132192d0aab81,2022,Article,English,EC_EV_FINAL_SCOPE,include,verified_member_of_final_4974
EC_EV_004605,10.3389/fmicb.2018.01792,ff0e51f1626865c31a6f84688258cdc57eefdf1b956fc74674b35834bfeca3c4,2018,Article,English,EC_EV_FINAL_SCOPE,include,verified_member_of_final_4974
EC_EV_004606,10.1093/burnst/tkae071,8394ca272573789a9d008170f9e4ad89c4d057b9c53bb4bda723e77119a2f6fd,2025,Article,English,EC_EV_FINAL_SCOPE,include,verified_member_of_final_4974
EC_EV_004607,10.1186/s13287-021-02561-w,1280cebd25ecdf5bd2edec746fad6940775cce9ec5a2bba358b5604d43cc8e34,2021,Article,English,EC_EV_FINAL_SCOPE,include,verified_member_of_final_4974
EC_EV_004608,10.1038/s12276-021-00584-0,4662e251b6f983677fbe2fa3fd75d90f620090ae9ef8b1538cd987f4f41323d9,2021,Article,English,EC_EV_FINAL_SCOPE,include,verified_member_of_final_4974
EC_EV_004609,10.4252/wjsc.v15.i5.476,738e4475ddf20a05dfb4449c329cfb25dcfbdd0ae4f7e5388d1b1eb5b992d023,2023,Article,English,EC_EV_FINAL_SCOPE,include,verified_member_of_final_4974
EC_EV_004610,10.3390/ijms25052571,97453c93ac9ea24674c8f5be740df13c828751a1300f0d9805defc5d3bbf14d6,2024,Article,English,EC_EV_FINAL_SCOPE,include,verified_member_of_final_4974
EC_EV_004611,10.1113/ep090823,c657365f067ec41a87148bc25af4630f12f20d7eabfa68302319b3bcb313f537,2023,Article,English,EC_EV_FINAL_SCOPE,include,verified_member_of_final_4974
EC_EV_004612,10.1080/09537104.2019.1599337,3a6dd3248359e220c0f9f56503d57323cfd9f7a1cebc02446b5a565ff3d28762,2020,Article,English,EC_EV_FINAL_SCOPE,include,verified_member_of_final_4974
EC_EV_004613,10.1016/j.brainres.2023.148374,3ba27f18f6302c96302140b5034b62be15ff25d410e5ecb7aa8c5d0f21c69cf3,2023,Article,English,EC_EV_FINAL_SCOPE,include,verified_member_of_final_4974
EC_EV_004614,10.1038/s12276-022-00872-3,af13e68baeda8e8452a94ba59ab12340135dcb90064a52da6712f4a5ae31d7c0,2022,Review,English,EC_EV_FINAL_SCOPE,include,verified_member_of_final_4974
EC_EV_004615,10.4252/wjsc.v16.i5.575,732391ce8f58e2127a5bc12552e12d8bfe24cc49e3088b6dc1c03eadc3a457e2,2024,Article,English,EC_EV_FINAL_SCOPE,include,verified_member_of_final_4974
EC_EV_004616,10.1016/j.actbio.2020.07.011,e4db6ba2ebaa709690afe62c5dfff92d182182168eebdc11b1fccbadb6ed5db6,2020,Article,English,EC_EV_FINAL_SCOPE,include,verified_member_of_final_4974
EC_EV_004617,10.1186/s13148-023-01618-2,bc7508cdea110201e4eb936cc0053dd4af4d09970612e82cad851570f5a2728b,2024,Article,English,EC_EV_FINAL_SCOPE,include,verified_member_of_final_4974
EC_EV_004618,10.2174/1568009616666161026165736,592d856e51647eb2073f4013c59a5fbe1e6c6d11998756b4129693bbf2352852,2017,Article,English,EC_EV_FINAL_SCOPE,include,verified_member_of_final_4974
EC_EV_004619,10.1186/s12964-020-00672-0,d4c8744abc539212317fb3d262e2c2b90fc39a5713758b7141aadd264fe9d0aa,2020,Article,English,EC_EV_FINAL_SCOPE,include,verified_member_of_final_4974
EC_EV_004620,10.3390/cancers14215378,24be596072f7c80cf5fb505a399d1bf9b8f76df6ca9d0f4bb0f015ed3eb05d54,2022,Review,English,EC_EV_FINAL_SCOPE,include,verified_member_of_final_4974
EC_EV_004621,10.1016/j.drup.2016.10.001,7bbf4e1b10ba165bed850d12fb11bf63ca2fd440644ba3b43cbfc7b40280cddf,2016,Review,English,EC_EV_FINAL_SCOPE,include,verified_member_of_final_4974
EC_EV_004622,10.3389/fphar.2020.00679,4b8080c6622dd649ff8c1f0e77a000bdf89d7b4a22dd8dfd0959dd928408a0bb,2020,Article,English,EC_EV_FINAL_SCOPE,include,verified_member_of_final_4974
EC_EV_004623,10.1186/s12872-024-04274-3,735588b29b7ca5eb5ec00ec53dcca39aa44b39215a38981b344450d38fe98d7f,2024,Article,English,EC_EV_FINAL_SCOPE,include,verified_member_of_final_4974
EC_EV_004624,10.1016/j.bbalip.2024.159579,3e3c39cd25882395dd1e08fb464fbbed7facd2e1f0d07bfc0fb7e5dd67998719,2025,Article,English,EC_EV_FINAL_SCOPE,include,verified_member_of_final_4974
EC_EV_004625,10.5498/wjp.v13.i9.630,c8fa7cfd0eb07bd2bf6298348479e68e56bf6be47597aa344eeb7caa1b790f11,2023,Article,English,EC_EV_FINAL_SCOPE,include,verified_member_of_final_4974
EC_EV_004626,10.3892/ijmm.2020.4776,8c26888f7a4381359fba1dc6d07aba80501fcd10d76758515ba1656c38a2bf4b,2021,Article,English,EC_EV_FINAL_SCOPE,include,verified_member_of_final_4974
EC_EV_004627,10.1177/1535370219895491,b4d0a9c7a01f4eee98c48ead5310abdee34245f0058ba425ab8413f74f45c4d2,2020,Article,English,EC_EV_FINAL_SCOPE,include,verified_member_of_final_4974
EC_EV_004628,10.1113/jp282274,6dec3130a859392ae6ac6c649ab71b512b681c9fbadc25a56abbb30733efa322,2023,Article,English,EC_EV_FINAL_SCOPE,include,verified_member_of_final_4974
EC_EV_004629,10.1186/s13287-025-04341-2,8a8074f9fe225cde19bdeaaa5e4dcba9b4c8e6cb3d73da1532a5f6f41af7b34e,2025,Article,English,EC_EV_FINAL_SCOPE,include,verified_member_of_final_4974
EC_EV_004630,10.3389/fcell.2020.00011,c1fbf82e1da26fe8b301ec32a6c03a78e377f98ca0465c332038e2f05576cf01,2020,Article,English,EC_EV_FINAL_SCOPE,include,verified_member_of_final_4974
EC_EV_004631,10.3389/fphar.2022.1003684,4be139e3ebf8a858364faf02e4ea309dc3cfb34c09a18264a4952582700a7be5,2022,Article,English,EC_EV_FINAL_SCOPE,include,verified_member_of_final_4974
EC_EV_004632,10.3390/ijms24087564,874fd87c91d3c3a4f0cda2983f676732c8b0813d33ae01f25d82b1b0fa343071,2023,Article,English,EC_EV_FINAL_SCOPE,include,verified_member_of_final_4974
EC_EV_004633,10.2147/ijn.s269069,02dd73274ccff345c5314620da3782be609f8afccd26bef6d5c4ff8cf8a21d8c,2020,Article,English,EC_EV_FINAL_SCOPE,include,verified_member_of_final_4974
EC_EV_004634,10.1186/s12933-023-01988-0,d8a12583578417c4bb02c07824dfb9f33dea3e55f5a21536ceebab0141a60460,2023,Article,English,EC_EV_FINAL_SCOPE,include,verified_member_of_final_4974
EC_EV_004635,10.1186/s13287-016-0287-2,c03a19a396ad7f60038845bbd8f80515f40ac0cd4c97526e71ccc05cce367c52,2016,Article,English,EC_EV_FINAL_SCOPE,include,verified_member_of_final_4974
EC_EV_004636,10.1080/09553002.2022.2110325,a0fd3a78d7d1d9b9facabe573b60484b80f6e95079595c4bf2ace86c54989928,2022,Review,English,EC_EV_FINAL_SCOPE,include,verified_member_of_final_4974
EC_EV_004637,10.3390/cancers12092486,50abc7d55ec705b88ed6235f7eee88ded95b7550cffe81d2e3c09e0694b9347c,2020,Review,English,EC_EV_FINAL_SCOPE,include,verified_member_of_final_4974
EC_EV_004638,10.3389/fphar.2024.1481617,25b2b75369ee0a5c3e8999d043f1b9fa16cde04c93c57f9704fdecc2de4a48ad,2024,Article,English,EC_EV_FINAL_SCOPE,include,verified_member_of_final_4974
EC_EV_004639,10.1007/s13258-022-01329-7,7d8e7bb2cce06a4572308f397cae2c0f0d324b0fd063465d5abbe30bb56f344a,2023,Article,English,EC_EV_FINAL_SCOPE,include,verified_member_of_final_4974
EC_EV_004640,10.3389/fcell.2022.817180,ca84cb8d6f1fc9def917d34452bdebf0a7ca8fcce35113671d1c48f3f0db91c5,2022,Article,English,EC_EV_FINAL_SCOPE,include,verified_member_of_final_4974
EC_EV_004641,10.3390/cancers15010082,d1d6c739b675f48c0d0161719ba19177d7d6ff225a6a0a51131d228789785226,2023,Review,English,EC_EV_FINAL_SCOPE,include,verified_member_of_final_4974
EC_EV_004642,10.2147/ijn.s501843,8667ab6c97cbafd06b8d986cbc53712ffe73234857d404eff96e72ddfe86a6eb,2025,Article,English,EC_EV_FINAL_SCOPE,include,verified_member_of_final_4974
EC_EV_004643,10.3390/biology11010122,4895779109f4e9dbe0272cd508458122acdf1197cfab87b02f5178ba91767463,2022,Article,English,EC_EV_FINAL_SCOPE,include,verified_member_of_final_4974
EC_EV_004644,10.1186/s13046-018-0961-6,48ccfc1ac33a706d43fecd30fa73c44da6cdbc9f7ef4e69bc68d906adba57795,2018,Article,English,EC_EV_FINAL_SCOPE,include,verified_member_of_final_4974
EC_EV_004645,10.7150/thno.46143,c8888eb4147762d2f1c431fcdf053e7f5b7e8d596804e2cd4f4a36b69fbb2de5,2020,Article,English,EC_EV_FINAL_SCOPE,include,verified_member_of_final_4974
EC_EV_004646,10.3892/etm.2015.2780,08164439967160233f4f92113b3bf16df67f0b8515120dfffa825154e8f12b68,2015,Article,English,EC_EV_FINAL_SCOPE,include,verified_member_of_final_4974
EC_EV_004647,10.1002/cac2.12574,9003307458e44cc1d734d6fae6691d8b1ca0c1875ba704c8535bbfdef91b80f3,2024,Article,English,EC_EV_FINAL_SCOPE,include,verified_member_of_final_4974
EC_EV_004648,10.1016/j.euf.2015.11.006,8ab35798e91038077cb45a8b69b3b9af2225bbd1e5ea04ce8742b357f151b9b9,2016,Article,English,EC_EV_FINAL_SCOPE,include,verified_member_of_final_4974
EC_EV_004649,10.1038/s41569-024-01001-5,5cde095af933288d25e267c9efb0a3ab3256fd16c295598c762cfce1f77602e2,2024,Review,English,EC_EV_FINAL_SCOPE,include,verified_member_of_final_4974
EC_EV_004650,10.1186/s12989-020-00361-3,9019c696ba19839a462b13197d3736dc666716eb5bed1d67724e981bf14d73e7,2020,Article,English,EC_EV_FINAL_SCOPE,include,verified_member_of_final_4974
EC_EV_004651,10.1097/shk.0000000000001950,edeb43bf13207972111e2f1e846f8594133c6cae962a806728bffa21fb662c63,2022,Article,English,EC_EV_FINAL_SCOPE,include,verified_member_of_final_4974
EC_EV_004652,10.3390/biology10070664,9c56794ae8153c272941fb633d5203a7306d2ccb0e4cbc1020834e01f1ffbc0d,2021,Article,English,EC_EV_FINAL_SCOPE,include,verified_member_of_final_4974
EC_EV_004653,10.1016/j.metabol.2018.02.012,8992869c610a4505cdce464871b8723b09a741f2975e2086e13902ea4de30abb,2018,Article,English,EC_EV_FINAL_SCOPE,include,verified_member_of_final_4974
EC_EV_004654,10.3390/biology11111678,d290c5d609d28ddabf3b07ac405cb8a2c1ad4f9e50e44d5acbc25c72c650250a,2022,Review,English,EC_EV_FINAL_SCOPE,include,verified_member_of_final_4974
EC_EV_004655,10.1016/j.intimp.2023.109875,54c3ac5d04630d40a0ed0b850f709496c191aa54f5862610113aa7f6d5e4e106,2023,Article,English,EC_EV_FINAL_SCOPE,include,verified_member_of_final_4974
EC_EV_004656,10.1016/j.actbio.2019.09.006,12d4b0c3e585936299a2c5010941d6b08840eae2a8f149245bb319d0f877b5a4,2019,Article,English,EC_EV_FINAL_SCOPE,include,verified_member_of_final_4974
EC_EV_004657,10.1016/j.thromres.2016.06.029,363b561a310f8bec9896882f4bdea96fff69e932b43e7a6a34bd6b9e8360f3ad,2016,Article,English,EC_EV_FINAL_SCOPE,include,verified_member_of_final_4974
EC_EV_004658,10.3390/cancers15133507,3a31a8e6dde7ca2bc434b62b2925abacee8c0c2cdd551cecb27512dbe7c7b2f3,2023,Review,English,EC_EV_FINAL_SCOPE,include,verified_member_of_final_4974
EC_EV_004659,10.21037/tcr.2019.08.07,8b367e0622c8e643b9b3126c1ba1ee83adb4b926a5667dc6c1018817e2958b7e,2019,Article,English,EC_EV_FINAL_SCOPE,include,verified_member_of_final_4974
EC_EV_004660,10.1089/ten.tec.2024.0252,75f25371b5c29943b4a63a780823beeae008853d16fd933fcb3272c61f83450e,2024,Article,English,EC_EV_FINAL_SCOPE,include,verified_member_of_final_4974
EC_EV_004661,10.1159/000488434,5a07b38ab0367ea08a71ad1c50a8ba7f83a4a19503b1a21b8814383469bfc249,2018,Article,English,EC_EV_FINAL_SCOPE,include,verified_member_of_final_4974
EC_EV_004662,10.1186/s13287-025-04130-x,63c9c198edcc889ba8832204f5a5b7edb691a1c8f5e6a035b11dfd57aa630d39,2025,Article,English,EC_EV_FINAL_SCOPE,include,verified_member_of_final_4974
EC_EV_004663,10.3390/biology12121500,f9ad2b0a1b48a3fd8a10810168c6cc78b188df6b719be99309454494cb83abe9,2023,Article,English,EC_EV_FINAL_SCOPE,include,verified_member_of_final_4974
EC_EV_004664,10.1152/ajpheart.00035.2023,8a295a2689996dfaf5cd16736b7ab037c16a72c77e2f693d870bc7c964c52402,2023,Article,English,EC_EV_FINAL_SCOPE,include,verified_member_of_final_4974
EC_EV_004665,10.1128/mbio.02961-22,a3bfdb8a590f9632bfd37b2c2005f6827ed1a9a53d7062b3374d8b09f7a8c777,2022,Article,English,EC_EV_FINAL_SCOPE,include,verified_member_of_final_4974
EC_EV_004666,10.1016/j.jcyt.2020.03.433,22cdd66058af5f84efec3a764358ef6a8fc8ee57d71f2a0337354bd1a41fbd5c,2020,Review,English,EC_EV_FINAL_SCOPE,include,verified_member_of_final_4974
EC_EV_004667,10.1007/s13346-025-01792-1,73ed509211d76b8b320d8ceca49dd9b7e3bc66c49b8c9536172c09a40718f4c3,2025,Article,English,EC_EV_FINAL_SCOPE,include,verified_member_of_final_4974
EC_EV_004668,10.1016/j.transci.2016.07.007,b2f09bb3714cf8ccc6ef65b785196bde902dbd654b77902bffdcfdd231b4b92d,2016,Review,English,EC_EV_FINAL_SCOPE,include,verified_member_of_final_4974
EC_EV_004669,10.1177/1535370220974600,6392c038c1b39351c3b05164802c45487624a5ad905851aa6793f84cdf3dec1d,2021,Review,English,EC_EV_FINAL_SCOPE,include,verified_member_of_final_4974
EC_EV_004670,10.1007/s11033-022-07632-6,392e6656e4840cd9814eafe36de19d20dedfccc90c91f4cd0ad9faf58f1d72f9,2022,Article,English,EC_EV_FINAL_SCOPE,include,verified_member_of_final_4974
EC_EV_004671,10.1002/btpr.3243,be4f47f0d83ce88f4d4e7549284e6c3f9148d9f733a8d79497bd55484c366a4f,2022,Article,English,EC_EV_FINAL_SCOPE,include,verified_member_of_final_4974
EC_EV_004672,10.3390/diagnostics15081028,b7597d73f765c15de0b8ce94432fde2d39bc87cc2d3ea5a57d69bd8a419cc98c,2025,Article,English,EC_EV_FINAL_SCOPE,include,verified_member_of_final_4974
EC_EV_004673,10.1002/alz.14072,da5558cb8b22385e93f80efe0fd3d7ba4a8c772c7e864d17761a2b7cdb83862d,2024,Article,English,EC_EV_FINAL_SCOPE,include,verified_member_of_final_4974
EC_EV_004674,10.1021/acsami.8b08449,27b85596155140de2018082ded53c9e92182e65fbbc72f54efc826d6d6cf0854,2018,Article,English,EC_EV_FINAL_SCOPE,include,verified_member_of_final_4974
EC_EV_004675,10.1681/asn.2015010074,e393b63f4418a5e78b8cfed218abb65e0bc9ea7abc7e0ff10af68c536d3028d5,2016,Review,English,EC_EV_FINAL_SCOPE,include,verified_member_of_final_4974
EC_EV_004676,10.3390/genes14020261,d4a1efea22be21791398a6f6b944eb52f77d9277afb0a3f7c88b859e9c3fa8fa,2023,Article,English,EC_EV_FINAL_SCOPE,include,verified_member_of_final_4974
EC_EV_004677,10.1007/s11010-024-05058-1,b3fc27691e787d28f26732fbf0e4f1d857611ed92c377b7470d98b7a4ee0a7e3,2025,Article,English,EC_EV_FINAL_SCOPE,include,verified_member_of_final_4974
EC_EV_004678,10.3390/ijms26031008,795e05097333a9a6d62ea94c2dc9a0e5dae2e66fb10fc798ecf28cc37b0ddce5,2025,Review,English,EC_EV_FINAL_SCOPE,include,verified_member_of_final_4974
EC_EV_004679,10.1186/s12931-020-01423-y,1ddfcba932b30aab578ee9bb8254e07c5ab664cfd9eedca7e61775987083fd82,2020,Review,English,EC_EV_FINAL_SCOPE,include,verified_member_of_final_4974
EC_EV_004680,10.1038/s41598-024-65623-y,dfea2bd1de58882d0de42e2875649dbd3335fa6228220655ae84c7000f25ee78,2024,Article,English,EC_EV_FINAL_SCOPE,include,verified_member_of_final_4974
EC_EV_004681,10.1042/bst20180253,d8e79b1bcb12d9e91322b31312ee489d0aa39327a88e44d22884201f868fc6d6,2019,Review,English,EC_EV_FINAL_SCOPE,include,verified_member_of_final_4974
EC_EV_004682,10.1097/fjc.0000000000001108,8cd7b5abb7783326afc01aa5a52ddac07afa40400d5cabc1da761c8f281707c9,2021,Article,English,EC_EV_FINAL_SCOPE,include,verified_member_of_final_4974
EC_EV_004683,10.1152/ajpheart.00579.2020,f0550dab0c8f594ede7af8e0f1e8676b9ef36d5f1189caee996a0c00423de32b,2020,Review,English,EC_EV_FINAL_SCOPE,include,verified_member_of_final_4974
EC_EV_004684,10.1016/j.ygeno.2022.110319,9f48ae9db9f00f3d5589ed4166a49be8d09d0f3e012d43399b501003413f35e8,2022,Article,English,EC_EV_FINAL_SCOPE,include,verified_member_of_final_4974
EC_EV_004685,10.1080/10408363.2019.1700208,1d292be7da2fd5c29fe822419d29f965866397cd2740d8dac931856c8388ed9d,2020,Review,English,EC_EV_FINAL_SCOPE,include,verified_member_of_final_4974
EC_EV_004686,10.3390/ijms222313157,9efae1e6f8c9695a4efb9fa936d2ee3161023f13e15f892ef4f1f2aadfb73175,2021,Review,English,EC_EV_FINAL_SCOPE,include,verified_member_of_final_4974
EC_EV_004687,10.1016/j.freeradbiomed.2021.03.044,ef92c81bf1387706e7d7e75b16c3eef97f230d335791e50191b110817befed3e,2021,Article,English,EC_EV_FINAL_SCOPE,include,verified_member_of_final_4974
EC_EV_004688,10.1186/s13287-021-02504-5,9817d6766823b1b424667c843cea0d4aac20ae5a36ccf0aed321da4490d5a6e5,2021,Article,English,EC_EV_FINAL_SCOPE,include,verified_member_of_final_4974
EC_EV_004689,10.1016/j.vph.2018.05.006,589e6c249166b2633643f144fa97b4648a25650c12ae55ee1411f08e34cef97b,2018,Review,English,EC_EV_FINAL_SCOPE,include,verified_member_of_final_4974
EC_EV_004690,10.1038/s41417-020-00238-9,07cd9f673612b7bbde362066aaef31ff6da10015962e06fdfd29f28e2190ab59,2021,Article,English,EC_EV_FINAL_SCOPE,include,verified_member_of_final_4974
EC_EV_004691,10.7150/ijbs.90725,1523ebc49ada43710af920b7812041908cc5f67fb413dae067e428bcb0dbf906,2024,Article,English,EC_EV_FINAL_SCOPE,include,verified_member_of_final_4974
EC_EV_004692,10.1016/j.mattod.2023.03.024,b9c066f055e99157573a610e01c33e9a2cfa8c46811016bfb97ee446980912d5,2023,Article,English,EC_EV_FINAL_SCOPE,include,verified_member_of_final_4974
EC_EV_004693,10.2174/1570161116666181002095745,79cc2c63366eba3acfcd08c865754f70cb6facda3d55d4fe01bade245cf8d3de,2019,Review,English,EC_EV_FINAL_SCOPE,include,verified_member_of_final_4974
EC_EV_004694,10.1186/s13287-022-02757-8,fbfe457656622304562bdd65e1180a5bb189aea2629fe7990eef8378a3fff6b6,2022,Article,English,EC_EV_FINAL_SCOPE,include,verified_member_of_final_4974
EC_EV_004695,10.1016/j.bcp.2025.116923,fabd707aa516004bfbdbd74edb1babaa28eedd680d9ed67d4e1e3aec862cde3c,2025,Article,English,EC_EV_FINAL_SCOPE,include,verified_member_of_final_4974
EC_EV_004696,10.7554/elife.41460,2a16970c3aca43a2a7631bfe547740a8f1c5336bfad247dce925b9b0367a75d6,2018,Article,English,EC_EV_FINAL_SCOPE,include,verified_member_of_final_4974
EC_EV_004697,10.1016/j.jprot.2021.104422,b455e467358ea8b3290b9516fef6a2bd39fd3f9bcb73c03924ba8ce8c3394e29,2022,Article,English,EC_EV_FINAL_SCOPE,include,verified_member_of_final_4974
EC_EV_004698,10.3390/bioengineering9110615,e3386bb51a96792d76277cf16951f8e8e36dc4f3bedc04e7ab3a05f8fb9f89a5,2022,Review,English,EC_EV_FINAL_SCOPE,include,verified_member_of_final_4974
EC_EV_004699,10.3390/ijms232012646,745bd189bd9f6af81ed40b4d79cab9d2aaa8eae6ad1eeb565771da00e8a66fde,2022,Article,English,EC_EV_FINAL_SCOPE,include,verified_member_of_final_4974
EC_EV_004700,10.1016/j.freeradbiomed.2021.04.033,1dd4bda4ea8a6928aec1c534446f98aded3790cd6ce7473fc05ca62b070d5aca,2021,Review,English,EC_EV_FINAL_SCOPE,include,verified_member_of_final_4974
EC_EV_004701,10.3389/fimmu.2025.1542438,951171486c5859732e2e72fc24e23c73c7eb04dea13f6b00d4855e57982fc6dc,2025,Review,English,EC_EV_FINAL_SCOPE,include,verified_member_of_final_4974
EC_EV_004702,10.3389/fphys.2020.00476,2d97682509d89f8dbec0ff0cbf831822cf3421b412b1975b8e5d7d47a1a9af16,2020,Review,English,EC_EV_FINAL_SCOPE,include,verified_member_of_final_4974
EC_EV_004703,10.1016/j.bbrc.2020.02.057,6e86cea891e7313a386401dbfab847426159f411b58ec66bbfa8350330b36794,2020,Article,English,EC_EV_FINAL_SCOPE,include,verified_member_of_final_4974
EC_EV_004704,10.1038/s41598-024-55081-x,c132123ea85d409ecb5438dffe551c4776587e07804cf70a66640dd87b7f2df4,2024,Article,English,EC_EV_FINAL_SCOPE,include,verified_member_of_final_4974
EC_EV_004705,10.1007/s10555-019-09796-3,5325a350c4e3789ef11afcc800f249ebacbabdb8434315bd3bd93ebfcb0027ed,2019,Review,English,EC_EV_FINAL_SCOPE,include,verified_member_of_final_4974
EC_EV_004706,10.1208/s12248-018-0200-2,5ac04d1c7a21fd060109949bc525d947a5d5584b012f875535792816bfcdbe1a,2018,Review,English,EC_EV_FINAL_SCOPE,include,verified_member_of_final_4974
EC_EV_004707,10.1093/biolre/ioab060,a04858ec80f823f47770cea0a050fbdb7b14faa125f5ffec2ffbd611a060cb03,2021,Review,English,EC_EV_FINAL_SCOPE,include,verified_member_of_final_4974
EC_EV_004708,10.1016/j.trsl.2022.02.005,c91efca058438d8434f69a20136003d63d5a2aabdb288264b4cc81aca943cbae,2022,Article,English,EC_EV_FINAL_SCOPE,include,verified_member_of_final_4974
EC_EV_004709,10.1080/13813455.2024.2358020,ae51259f9fe9141d9f355a55e0c6fbf7b8524262cda543b231da61df87b69994,2025,Article,English,EC_EV_FINAL_SCOPE,include,verified_member_of_final_4974
EC_EV_004710,10.1530/joe-15-0201,0f182a0c67106c0b3ef2dd72b41aa176d51928301df029432571bc93514e4974,2016,Review,English,EC_EV_FINAL_SCOPE,include,verified_member_of_final_4974
EC_EV_004711,10.3390/ijms23052770,a758338fa553192d22544aea8ce441e99ac4a1ddafd3b10bbeb47523584a266c,2022,Article,English,EC_EV_FINAL_SCOPE,include,verified_member_of_final_4974
EC_EV_004712,10.1007/s11060-016-2298-3,03aa9b3897f3957fb8fd7da22f0fff8239839cd74363c03b05eddd412256ba4c,2017,Article,English,EC_EV_FINAL_SCOPE,include,verified_member_of_final_4974
EC_EV_004713,10.3390/biology11070980,55405dd6c44fefeef63a42700a6670dbb475f9b0e287cc83409b7a782ef83b2f,2022,Article,English,EC_EV_FINAL_SCOPE,include,verified_member_of_final_4974
EC_EV_004714,10.3390/toxins15070434,d6e18437aabc85c4fe16c6d6e7ea89635af3dedac4f9b677aa917c1b5be47527,2023,Article,English,EC_EV_FINAL_SCOPE,include,verified_member_of_final_4974
EC_EV_004715,10.1016/j.metabol.2021.154727,18e88e6dc65e8524bf4b47282b9ef8fc47ea0ac5d03b0306f46ea99d22281fe5,2021,Article,English,EC_EV_FINAL_SCOPE,include,verified_member_of_final_4974
EC_EV_004716,10.3389/fcvm.2021.785250,5d89933581436b31399949f5815782247fbde06cc7c23ed4c239fbaaa5a50f0b,2022,Article,English,EC_EV_FINAL_SCOPE,include,verified_member_of_final_4974
EC_EV_004717,10.1088/1758-5090/ad6190,d22a09ce9ffd61eadf8426de5d8e5df1dfbf079d02faec15fe9e8972d73d200b,2024,Article,English,EC_EV_FINAL_SCOPE,include,verified_member_of_final_4974
EC_EV_004718,10.1002/pmic.201400220,2f74be5aea73b00e3b82d1c0aff475e0d1824a90a3699d69d613fcc923fee584,2015,Review,English,EC_EV_FINAL_SCOPE,include,verified_member_of_final_4974
EC_EV_004719,10.1186/s40169-017-0165-2,a15433007a2394537ce8effe1eaff14479f524cd7fce68263c524160f1f0be24,2017,Review,English,EC_EV_FINAL_SCOPE,include,verified_member_of_final_4974
EC_EV_004720,10.1016/j.ijpharm.2018.08.040,46aad826aa7fab93af16a54739f116c5ded1377061da64ebefe85befa25d5cb9,2018,Article,English,EC_EV_FINAL_SCOPE,include,verified_member_of_final_4974
EC_EV_004721,10.3389/fneur.2020.558758,717751d0e7014acb9d7a4d19d4f7bee11f96c271cea4254a5823cc744018496f,2020,Review,English,EC_EV_FINAL_SCOPE,include,verified_member_of_final_4974
EC_EV_004722,10.1016/j.lfs.2023.121988,61e33168b1f1f27afa80011c973b79e00e860729f7cf82cb385e72579c432caa,2023,Article,English,EC_EV_FINAL_SCOPE,include,verified_member_of_final_4974
EC_EV_004723,10.3389/fonc.2023.1139049,70cc89dcb907ab28727ede96b621ea89ba48b6d59f6e8a2f60741df089538bef,2023,Article,English,EC_EV_FINAL_SCOPE,include,verified_member_of_final_4974
EC_EV_004724,10.55730/1300-0152.2694,e1a13749fc3aa409cc5769f3bec30160553516d74d0de00ec6031c4f0c4cb637,2024,Article,English,EC_EV_FINAL_SCOPE,include,verified_member_of_final_4974
EC_EV_004725,10.1016/j.ijcard.2018.07.130,be4f9dcc1f9c23262500cf3c1489e567ed30cf45d54abf7f53d33d8b97718b8b,2019,Article,English,EC_EV_FINAL_SCOPE,include,verified_member_of_final_4974
EC_EV_004726,10.1002/jcp.29668,5916a2eafe6a91b1b6d27b98eb474bff47dfa1b4fed68b1ef10b3533a4940824,2020,Review,English,EC_EV_FINAL_SCOPE,include,verified_member_of_final_4974
EC_EV_004727,10.1002/advs.202104296,e5c3024038b60a1faf32369195659b11ab77b50ede751a681757048657ea7d17,2022,Article,English,EC_EV_FINAL_SCOPE,include,verified_member_of_final_4974
EC_EV_004728,10.1016/j.exer.2023.109393,7a3fa92fef2c61f78e2c98a2b2b00d605f512394be0ee8eafd8da8a900aaacdb,2023,Article,English,EC_EV_FINAL_SCOPE,include,verified_member_of_final_4974
EC_EV_004729,10.1038/s41598-020-67465-w,c0c7fda950c38d773451a7e00696ca519435463face784e71f4f19627b6f50e2,2020,Article,English,EC_EV_FINAL_SCOPE,include,verified_member_of_final_4974
EC_EV_004730,10.3390/ijms232214368,4fdce64763aa4fbb153a657baa4b64f9a153ee1c8f662db1207a5bb64db0ab4e,2022,Article,English,EC_EV_FINAL_SCOPE,include,verified_member_of_final_4974
EC_EV_004731,10.3389/fcell.2022.886381,f04823ba0d468675091f198d7de42cefb2bad37d953778e8baa03adcb3b45159,2022,Review,English,EC_EV_FINAL_SCOPE,include,verified_member_of_final_4974
EC_EV_004732,10.1186/s12882-019-1459-y,0ff79a7a7ce832059c762955e3f699caa6c65a58af8d868ae10d3975291ea187,2019,Article,English,EC_EV_FINAL_SCOPE,include,verified_member_of_final_4974
EC_EV_004733,10.3390/cancers14102448,159bfb33e3e97c8617636f04eaab06a3acd14be2af7476fc67261ee0c8adfbb8,2022,Article,English,EC_EV_FINAL_SCOPE,include,verified_member_of_final_4974
EC_EV_004734,10.1016/j.cej.2022.138992,141021bb957f8df66307a43b8f08baa112e00a66a3353f696bf153626753da98,2023,Article,English,EC_EV_FINAL_SCOPE,include,verified_member_of_final_4974
EC_EV_004735,10.1038/s41598-018-36143-3,2e45d1a84d0ffa01c2f1a1bb8d71761ff45be298d2e752c75631c3d3899744c7,2018,Article,English,EC_EV_FINAL_SCOPE,include,verified_member_of_final_4974
EC_EV_004736,10.1038/s41598-017-06178-z,2b0216216fe87c9585679937a69c5a61b2b79ce81d803d50003accce463b9976,2017,Article,English,EC_EV_FINAL_SCOPE,include,verified_member_of_final_4974
EC_EV_004737,,6afa586b48df9da5242be9643ed2d7b291d082b455f0bcd61abd3f406e44cda9,2023,Article,English,EC_EV_FINAL_SCOPE,include,verified_member_of_final_4974
EC_EV_004738,10.3389/fendo.2020.00375,bc400c5fb28f733e4bd23a0a4b4a2f9ad1c30023e8a644b2264b212f6f74bf70,2020,Review,English,EC_EV_FINAL_SCOPE,include,verified_member_of_final_4974
EC_EV_004739,10.3389/fcell.2020.00227,1b661f58d11a82e5705116046b5b95abb8a918f9ff2c97b47e01a8e139d0af35,2020,Review,English,EC_EV_FINAL_SCOPE,include,verified_member_of_final_4974
EC_EV_004740,10.1097/ta.0000000000004176,f244a7db4a8a036b3dea17820cacceb2c661dda1c3766c923e02098436f1411c,2024,Article,English,EC_EV_FINAL_SCOPE,include,verified_member_of_final_4974
EC_EV_004741,10.1007/s13402-023-00786-w,3b624b1be724b0cac8d69a2d235666f2c2ece23fb8b92dba5a9d3940ba206f66,2023,Article,English,EC_EV_FINAL_SCOPE,include,verified_member_of_final_4974
EC_EV_004742,10.1002/cbf.3908,d985a9d7f927d966fe724905251921fe5da2642d73e8e925cbbde1a4950f918b,2024,Review,English,EC_EV_FINAL_SCOPE,include,verified_member_of_final_4974
EC_EV_004743,10.1111/micc.12485,185e1f6ff07755adc36a2b0d8ce8cc033c135b2d11b6f1d2cdf8df787e5379a7,2019,Article,English,EC_EV_FINAL_SCOPE,include,verified_member_of_final_4974
EC_EV_004744,10.3390/ijms22073722,7a7c03384de4e535c8beea73a414fc86468d08a0f2d9f5a435d8c4b57fc384c4,2021,Review,English,EC_EV_FINAL_SCOPE,include,verified_member_of_final_4974
EC_EV_004745,10.1007/s12253-020-00854-8,80f1c678f30426b015ad6d45749d30958a12f3ea1430d76ef607a5ad4d2abc8e,2020,Article,English,EC_EV_FINAL_SCOPE,include,verified_member_of_final_4974
EC_EV_004746,10.3389/fcell.2019.00315,cb9a4fd189bf4b2bf7fcce7f362e034a6e608b820d5b7735d32858abb732695b,2019,Review,English,EC_EV_FINAL_SCOPE,include,verified_member_of_final_4974
EC_EV_004747,10.1016/j.mib.2022.102228,ccbaa501e9f9ba21180e30e627a238291cd50c6a28157337d6ff1a4f342e954d,2023,Review,English,EC_EV_FINAL_SCOPE,include,verified_member_of_final_4974
EC_EV_004748,10.1016/j.intimp.2025.114452,2c4439b96e92464a8d6e2c370c9781c5716d0b35a0d27c5cd55e9641eee32e6e,2025,Article,English,EC_EV_FINAL_SCOPE,include,verified_member_of_final_4974
EC_EV_004749,10.1002/jev2.12204,408bce81ea2a44406bce7a0746f1ee408bfa0632835f1368a9be5a0e5e0e2106,2022,Article,English,EC_EV_FINAL_SCOPE,include,verified_member_of_final_4974
EC_EV_004750,10.1016/j.bioactmat.2022.05.031,b14365065b864641eea98635a8af99a612cfe39c73fb23aca2c8bd81cf985cb8,2023,Article,English,EC_EV_FINAL_SCOPE,include,verified_member_of_final_4974
EC_EV_004751,10.1182/blood-2017-05-743187,177c5d5a67b09a21312f867d1cfdc64d689d78121c48709176323e476b416024,2018,Article,English,EC_EV_FINAL_SCOPE,include,verified_member_of_final_4974
EC_EV_004752,10.1021/acsami.0c06609,6d2768f58d0dcd0d90deea560ab971a118a2e330f475499b6de11092bf192082,2020,Article,English,EC_EV_FINAL_SCOPE,include,verified_member_of_final_4974
EC_EV_004753,10.3389/fimmu.2019.01037,ee59d7e5d68e67f8164526bf7d5bc83592e0a0ffb2b591a42301b677af43e76f,2019,Review,English,EC_EV_FINAL_SCOPE,include,verified_member_of_final_4974
EC_EV_004754,10.1016/j.canlet.2021.10.023,ce62fc846003cf60f27e133661ee71855f6b7d07525f8dcc669b4dc4d08cfba5,2022,Article,English,EC_EV_FINAL_SCOPE,include,verified_member_of_final_4974
EC_EV_004755,10.1016/j.msard.2020.102446,ed5273c70d51389efa866f76f4999998cf01e59256fee2e69d14ffc062b49310,2020,Article,English,EC_EV_FINAL_SCOPE,include,verified_member_of_final_4974
EC_EV_004756,10.1172/jci129193,ece743e3ba190f6e4c5d67732518f8fc6c3331cd27383d5c1c620a4e1f700c91,2019,Review,English,EC_EV_FINAL_SCOPE,include,verified_member_of_final_4974
EC_EV_004757,10.1016/j.preghy.2022.02.005,3bcf40bc4c653ec03947ec9f641554eae5d91ab40cd4e5487f9615888382c52e,2022,Article,English,EC_EV_FINAL_SCOPE,include,verified_member_of_final_4974
EC_EV_004758,10.1161/hypertensionaha.118.11766,dc34cf6e39dea023dc1a30d636283f2d5ec872e3cd09858a5ba874154f7c9e0e,2018,Article,English,EC_EV_FINAL_SCOPE,include,verified_member_of_final_4974
EC_EV_004759,10.1038/s41598-018-33868-z,1420325b332e7216ae5b3f65ec855e2728b20f1aa3197de7f3a8d1445e7e8600,2018,Article,English,EC_EV_FINAL_SCOPE,include,verified_member_of_final_4974
EC_EV_004760,10.1097/shk.0000000000000657,85723efefbad743874d522c9f02ebf2bbb7021a9e00c01fc1a41946de5fde995,2016,Article,English,EC_EV_FINAL_SCOPE,include,verified_member_of_final_4974
EC_EV_004761,10.1038/s41366-019-0460-7,4fba2191ae7605d1a5ad46dfefc2d32b49bc888fda95ec68d2988a63f4aafe09,2020,Article,English,EC_EV_FINAL_SCOPE,include,verified_member_of_final_4974
EC_EV_004762,10.1038/s41467-022-32325-w,88f6dbecf2fb7d11ac911fafddc2a1859b828d3531f4bff166eda835cead540b,2022,Article,English,EC_EV_FINAL_SCOPE,include,verified_member_of_final_4974
EC_EV_004763,10.1113/ep090341,8eed04c111c1c8374b0e9dc69165918d99e1b9140149c1079c1c1294695f8cab,2022,Article,English,EC_EV_FINAL_SCOPE,include,verified_member_of_final_4974
EC_EV_004764,10.1080/10408363.2017.1394267,a14d942388b174af686d32518dac148581f95ca75c1a6b0e08bd78c5dedd4f03,2017,Review,English,EC_EV_FINAL_SCOPE,include,verified_member_of_final_4974
EC_EV_004765,10.1126/scitranslmed.aaz2878,80eb67ee4a884e7ed2d3b6683088fbb8f5ba5cc8289cb36edc26d333ec0c66c9,2020,Article,English,EC_EV_FINAL_SCOPE,include,verified_member_of_final_4974
EC_EV_004766,10.4014/jmb.2403.03042,79b41da6072481dc04a7545fd2bcfd33a5a5a0b32a86096e2617f81d61d83721,2024,Article,English,EC_EV_FINAL_SCOPE,include,verified_member_of_final_4974
EC_EV_004767,10.1016/j.reth.2024.09.009,7c9d085ca20407cd0e81fc2f518159c434f69636a0101ef267a379e612df7636,2024,Article,English,EC_EV_FINAL_SCOPE,include,verified_member_of_final_4974
EC_EV_004768,10.1007/s12015-022-10499-6,e3f50f5161fb45238a5c838488cff49ec1dfb88927e17a1bd7dfeff21e3bbfd8,2023,Article,English,EC_EV_FINAL_SCOPE,include,verified_member_of_final_4974
EC_EV_004769,10.1002/advs.202405731,302439cc21a26f700c9599d6f4a52a6b5cc5f9b7e4d7e47aec82efd03612c063,2024,Article,English,EC_EV_FINAL_SCOPE,include,verified_member_of_final_4974
EC_EV_004770,10.3390/ijms20010103,830125976ea93ecab90a02b965db1e419684b95349c4db0219e13d60efd701b7,2019,Article,English,EC_EV_FINAL_SCOPE,include,verified_member_of_final_4974
EC_EV_004771,10.1016/j.omtn.2022.06.008,f526b96b42d34c7219d4898b589e6af788421d5c58b107ad202b4a428532c158,2022,Article,English,EC_EV_FINAL_SCOPE,include,verified_member_of_final_4974
EC_EV_004772,10.1161/hypertensionaha.121.16975,09d35bd1df937ff181b74cd069037aeb86e13884e6bfaf868316ac17709228ff,2021,Review,English,EC_EV_FINAL_SCOPE,include,verified_member_of_final_4974
EC_EV_004773,10.1016/j.phymed.2024.155402,8021d71723f32441b3c452e8cc13291410026951211a509b28d404605cfb87ad,2024,Article,English,EC_EV_FINAL_SCOPE,include,verified_member_of_final_4974
EC_EV_004774,10.1016/j.ijbiomac.2025.142893,6919a0d3b9605c29ad993d107cae6a7183a169b40f809abe9de41939e6258d7a,2025,Article,English,EC_EV_FINAL_SCOPE,include,verified_member_of_final_4974
EC_EV_004775,10.3390/ijms25147943,f39ee281992f2b423c8eb9706107a22b10914381c7c11ab694d8803e8179c62a,2024,Review,English,EC_EV_FINAL_SCOPE,include,verified_member_of_final_4974
EC_EV_004776,10.1016/j.clinbiochem.2015.02.003,ab9af5d6b2f4aaf8513125bfa749e5f41cd44dae51b005606b6f936f500d91bd,2015,Review,English,EC_EV_FINAL_SCOPE,include,verified_member_of_final_4974
EC_EV_004777,10.2147/ijn.s389471dovepress,eb8c8282ac4393c014ef928587b5b10e3a6c7aaf08a8c23d7a37bdb250cc654b,2022,Article,English,EC_EV_FINAL_SCOPE,include,verified_member_of_final_4974
EC_EV_004778,10.1016/j.biopha.2022.113209,72d620da78b42aedaf7d2006b4bc2d22dcf57546dc22778b9820dcc03b046dad,2022,Article,English,EC_EV_FINAL_SCOPE,include,verified_member_of_final_4974
EC_EV_004779,10.3389/fcell.2018.00018,6fefb944dec947377c1f5f52aa2a42ae767def07c36390fef814b50a3cee602a,2018,Review,English,EC_EV_FINAL_SCOPE,include,verified_member_of_final_4974
EC_EV_004780,10.1002/adhm.202303123,8ad6250531a0514f544bbef16f03fb4714fc3abfe49562f52317b2f8a24420ce,2024,Article,English,EC_EV_FINAL_SCOPE,include,verified_member_of_final_4974
EC_EV_004781,10.1016/j.kint.2020.12.011,19d6fa7622de3615179c739f2b824f823b38b4db8c7837fa3c53a3a619852b2b,2021,Article,English,EC_EV_FINAL_SCOPE,include,verified_member_of_final_4974
EC_EV_004782,10.1002/bies.202100234,dfcb3aeadd57c0120c31516a0f5e885ee07aa791c71a0780e4c14fd8ec63e321,2022,Review,English,EC_EV_FINAL_SCOPE,include,verified_member_of_final_4974
EC_EV_004783,10.12659/msm.935291,12db1695b42417918f2911b6ce5d927cdf97c9fab00bdd4ffd5ce397487694d1,2022,Article,English,EC_EV_FINAL_SCOPE,include,verified_member_of_final_4974
EC_EV_004784,10.1128/mcb.00264-18,cfe10cfb4f411152b8b8d2174f836cb89af8d23919d7f5e46fa84433f128f1b1,2019,Article,English,EC_EV_FINAL_SCOPE,include,verified_member_of_final_4974
EC_EV_004785,10.1111/jnc.15736,a16cd85630e712d45c068607987bb1b39314c5580bc70eab8a1fccaba41a9f3e,2023,Review,English,EC_EV_FINAL_SCOPE,include,verified_member_of_final_4974
EC_EV_004786,10.1016/j.mtbio.2025.101874,21c59c5795b62277cb3a8174e9d6e2f9d7a8d0f038a0143f691efad126229be9,2025,Article,English,EC_EV_FINAL_SCOPE,include,verified_member_of_final_4974
EC_EV_004787,10.1007/s12035-018-1385-1,2e65c87547b538aba17eb53eeda3fc54905791a620e81ef844be8d2d246727c7,2019,Article,English,EC_EV_FINAL_SCOPE,include,verified_member_of_final_4974
EC_EV_004788,10.2174/1389203723666220929155542,426f0611f5bc0a94becdd65f830083af4b42142c23219007c9cf892a149d0c52,2022,Review,English,EC_EV_FINAL_SCOPE,include,verified_member_of_final_4974
EC_EV_004789,10.1083/jcb.202404064,23fcb7e33beed0b3829dc9416b9841985339a5c7ab71b145c987c51da67a3eaf,2025,Article,English,EC_EV_FINAL_SCOPE,include,verified_member_of_final_4974
EC_EV_004790,10.1038/s41574-020-0372-6,37a7c3fdcb98761da6efa5cdf439def7362fef586627e1da2141a44ce2c3b88e,2020,Review,English,EC_EV_FINAL_SCOPE,include,verified_member_of_final_4974
EC_EV_004791,10.3390/cells11162549,a5ffc9757c1d75148f2b0714682e77e5aaef3464b5bdfc9590ad5670a0c99625,2022,Review,English,EC_EV_FINAL_SCOPE,include,verified_member_of_final_4974
EC_EV_004792,10.1038/s41586-021-04234-3,1900bdb99db4e0282712aa6afa1dca94e2f6b28f43cc575ff7355dedd31c64b9,2022,Article,English,EC_EV_FINAL_SCOPE,include,verified_member_of_final_4974
EC_EV_004793,10.1016/j.apsb.2021.04.023,920c742d6d6d6c1d860c54aa7b6df5cb3b75069bf4e9b6c411b790d608eacd6f,2021,Review,English,EC_EV_FINAL_SCOPE,include,verified_member_of_final_4974
EC_EV_004794,10.1038/s41598-018-30578-4,05ec8823583764c794bc9cf4c02e7a2ec477ebb47d1c6bc64d81be324ce02834,2018,Article,English,EC_EV_FINAL_SCOPE,include,verified_member_of_final_4974
EC_EV_004795,10.1186/s12951-023-01923-1,5187ff570e0f9bbccdd972219861baaab85d91dd414a19e318dfc3570f88206f,2023,Article,English,EC_EV_FINAL_SCOPE,include,verified_member_of_final_4974
EC_EV_004796,10.3390/cancers11060798,f15654895437478711ae849d95005f2b3dcbf16f0db36c29cd086115466cc74a,2019,Article,English,EC_EV_FINAL_SCOPE,include,verified_member_of_final_4974
EC_EV_004797,10.1063/5.0168953,445eba8ae04bfb5d9e3cd944d83b3e757fb45f7b2f6a94769e86a77e36a012f1,2023,Article,English,EC_EV_FINAL_SCOPE,include,verified_member_of_final_4974
EC_EV_004798,10.3389/fcell.2021.770463,dce08fb52de6cf1caa9fdadafed790ec668613149505d2d26766f08693a8c8bd,2022,Article,English,EC_EV_FINAL_SCOPE,include,verified_member_of_final_4974
EC_EV_004799,10.3390/biom11091309,1489edd89b748b48e89e7977667aa87501925cdddc4b99f57bc5dbdaec0853e5,2021,Article,English,EC_EV_FINAL_SCOPE,include,verified_member_of_final_4974
EC_EV_004800,10.3389/fimmu.2021.770436,b0ce25aa3ea6c9fd2bc4de33aca3a26722eccbbbe61c20d524f334c1c46d0897,2021,Review,English,EC_EV_FINAL_SCOPE,include,verified_member_of_final_4974
EC_EV_004801,10.1007/s11906-016-0678-x,6b61fbf8e76a63987c0721972759396ecd5b27af864414bd258918ce1c15364d,2016,Review,English,EC_EV_FINAL_SCOPE,include,verified_member_of_final_4974
EC_EV_004802,10.1021/acs.jproteome.8b00750,d4a7bbcd494ffeefc1df8c131c0bc6273dd4e29e68b9c0cf1beb9fe4330fc326,2019,Article,English,EC_EV_FINAL_SCOPE,include,verified_member_of_final_4974
EC_EV_004803,10.1016/j.actbio.2022.07.015,1312f985602c83025f5acb6f5f3535f8255de4471111ce3ae67c37f1461c377e,2022,Article,English,EC_EV_FINAL_SCOPE,include,verified_member_of_final_4974
EC_EV_004804,10.1039/d3ra00300k,68396f74983b90ced2ec909000df833c716e2a9b804d5c7e9f2bb8eb62e84368,2023,Article,English,EC_EV_FINAL_SCOPE,include,verified_member_of_final_4974
EC_EV_004805,10.1152/ajpcell.00218.2019,e0560aab8ab9a0453ab0a37c1174ab264b2a5b39744123b50ae889a70ad6e008,2019,Article,English,EC_EV_FINAL_SCOPE,include,verified_member_of_final_4974
EC_EV_004806,10.1016/j.jhazmat.2022.130466,0e37aa31d797b4889f871fd153d0865f6a46a7f20f3fc8214cf061fa7c8a389b,2023,Article,English,EC_EV_FINAL_SCOPE,include,verified_member_of_final_4974
EC_EV_004807,10.1055/s-0039-1693476,822bbc05708342df9af9f0adcd6afc9d47152880a5d6b41b7a40e1d380af4834,2019,Review,English,EC_EV_FINAL_SCOPE,include,verified_member_of_final_4974
EC_EV_004808,10.3390/ijms23031900,41cf3009563f43544d5d58ee14ce517c9ac8d71dbd926251a7eb59f8151e5f34,2022,Article,English,EC_EV_FINAL_SCOPE,include,verified_member_of_final_4974
EC_EV_004809,10.3389/fmed.2021.798958,5c26536c32a23995f2ae09dddf6ef3254427f615b7d28d5214b24e20fdf400bd,2022,Review,English,EC_EV_FINAL_SCOPE,include,verified_member_of_final_4974
EC_EV_004810,10.1016/j.jconrel.2015.09.021,cee9b3dafc4fb76f3e1c3cceeae5e6a2f29c500c37fdbf2d44b12a16a23616fc,2015,Article,English,EC_EV_FINAL_SCOPE,include,verified_member_of_final_4974
EC_EV_004811,10.1016/j.matbio.2017.10.007,8a3cd29ec6450dc8dd5b03bf7ab8e365b9c3a15e5fba27cc538334d6a573b0a1,2019,Article,English,EC_EV_FINAL_SCOPE,include,verified_member_of_final_4974
EC_EV_004812,10.1016/j.biomaterials.2019.01.049,20c7e45784c5beba30f741b52dcb1c204d6fabdee02fc9d518e3895e83825c4f,2019,Article,English,EC_EV_FINAL_SCOPE,include,verified_member_of_final_4974
EC_EV_004813,10.1002/adfm.202100722,d23a4947bbe25b6ba3554da824ba3cba675628f29746d62a1bd73d1d97790253,2021,Article,English,EC_EV_FINAL_SCOPE,include,verified_member_of_final_4974
EC_EV_004814,10.3389/fcimb.2022.861703,ff2d91aea191f1ecec36b820f2e815ccff0df3b1b68154069a30fad2cef5eef0,2022,Review,English,EC_EV_FINAL_SCOPE,include,verified_member_of_final_4974
EC_EV_004815,10.1002/jcla.22129,a7e9b91845fb5fb50d3ef8d379ca842e4e111387842fa5941b9e72feb82cef65,2017,Article,English,EC_EV_FINAL_SCOPE,include,verified_member_of_final_4974
EC_EV_004816,10.1038/s41420-022-01262-4,d5001efc2004c2d8f4751514e560e5e0e082fe4e6878b911d52bb3227d521131,2023,Article,English,EC_EV_FINAL_SCOPE,include,verified_member_of_final_4974
EC_EV_004817,10.1002/adfm.202207879,453d375d41aa46db2db97375ff4e8f110010e448912cc599ff4977baa507fb2f,2022,Article,English,EC_EV_FINAL_SCOPE,include,verified_member_of_final_4974
EC_EV_004818,10.1038/s41467-024-45558-8,488fe58cfb8acec9acd2f93f08a564483388a3c7362d71d7210a75a5d8a03701,2024,Article,English,EC_EV_FINAL_SCOPE,include,verified_member_of_final_4974
EC_EV_004819,10.1080/14737140.2020.1718496,f0332c022cd963356127acac661612c8ce264aa19f8f94e1c31e7fb158c48f5d,2020,Review,English,EC_EV_FINAL_SCOPE,include,verified_member_of_final_4974
EC_EV_004820,10.1111/apm.12954,72bb550f3aa47b2fdb4f59fcbe8dcff297321f219fa590252ce8eabe94bb5c93,2019,Article,English,EC_EV_FINAL_SCOPE,include,verified_member_of_final_4974
EC_EV_004821,10.1111/liv.15889,8a9bb0d43d9b106e0740e8f8616bb5aeae005018bb406a3b33ae71d297961d72,2024,Article,English,EC_EV_FINAL_SCOPE,include,verified_member_of_final_4974
EC_EV_004822,10.1155/2023/1662182,054ed7771334e360cf15b0cfbced51e5f4b1e4aa0d5039d4cd6eda44fb73d1e6,2023,Article,English,EC_EV_FINAL_SCOPE,include,verified_member_of_final_4974
EC_EV_004823,10.1021/acsnano.2c00423,ac7dbc560d72ae9d858e173dde68ef26fbe4d3b9cdd75b2087c030d5d671e81f,2022,Article,English,EC_EV_FINAL_SCOPE,include,verified_member_of_final_4974
EC_EV_004824,10.1007/s00441-023-03784-4,3270e696368662c19200510fda3a6b34ba5f9fef14dbf1b7bf437a2e7a4bf98b,2023,Article,English,EC_EV_FINAL_SCOPE,include,verified_member_of_final_4974
EC_EV_004825,10.1177/15353702221134111,9e85105736ea95593539570522aaa1669e495bf152cb9ff27cf9a8e5700d96ff,2023,Article,English,EC_EV_FINAL_SCOPE,include,verified_member_of_final_4974
EC_EV_004826,10.1016/j.ijbiomac.2019.03.221,48f218a9357dfd8f384cc3fe98dea6117a48820a196a75fe9f0c90cf48d1f45f,2019,Article,English,EC_EV_FINAL_SCOPE,include,verified_member_of_final_4974
EC_EV_004827,10.3390/medicina59030561,a0c42f38cfeb6e4eb3908e604d150ac2c768a57d9058178145ee8c8d93afd78a,2023,Review,English,EC_EV_FINAL_SCOPE,include,verified_member_of_final_4974
EC_EV_004828,10.1007/s11033-020-05826-4,cce4aa515eff7e5cee894b3ab62f4530253555115519a8bfade47f5a97037e39,2020,Review,English,EC_EV_FINAL_SCOPE,include,verified_member_of_final_4974
EC_EV_004829,10.3389/fendo.2023.1087845,3d3b5059b3df91a1b31c43952a03a172d6d70e0779b4189bbdb09ec30a1f98cd,2023,Review,English,EC_EV_FINAL_SCOPE,include,verified_member_of_final_4974
EC_EV_004830,10.5603/fhc.a2021.0027,430d1d60a87c477b05fb1e33aef6d88468acf8c03203982425c45dea8ae252d8,2021,Article,English,EC_EV_FINAL_SCOPE,include,verified_member_of_final_4974
EC_EV_004831,10.3389/fimmu.2024.1511526,9bfc9f8051a3dac0a3575337c70e05800376e70fb6651a79b895ab5a7755beea,2024,Article,English,EC_EV_FINAL_SCOPE,include,verified_member_of_final_4974
EC_EV_004832,10.1186/s12951-022-01354-4,71f93a8bc90c9b0b283056578e4d03be6542324831102413b7117deedfed0f09,2022,Article,English,EC_EV_FINAL_SCOPE,include,verified_member_of_final_4974
EC_EV_004833,10.1177/09636897211017833,3cf00b67d19a7de7aacb23f6da17d4a1848ae90e805b460595f637a170413e5d,2021,Article,English,EC_EV_FINAL_SCOPE,include,verified_member_of_final_4974
EC_EV_004834,10.3390/ijms251910680,d194ec0b8c8b1f32327b2f0eff4f5434d9cd18e2a79205a99d0967ad8eb85ebb,2024,Review,English,EC_EV_FINAL_SCOPE,include,verified_member_of_final_4974
EC_EV_004835,10.1007/s00125-017-4331-2,158b52311589a557d226db7c3f265215f625b4190f92ce9bb33386840abd1fa8,2017,Article,English,EC_EV_FINAL_SCOPE,include,verified_member_of_final_4974
EC_EV_004836,10.2147/cmar.s330368,5d546929ef7a25971ff3133732126e71f08c2695baf0a64756e1ece104ac6d34,2022,Article,English,EC_EV_FINAL_SCOPE,include,verified_member_of_final_4974
EC_EV_004837,10.1080/07853890.2020.1779956,59de0d5c315071929264be2bb3b2129413c01bc158d7c568c57fe33a120c2d88,2020,Article,English,EC_EV_FINAL_SCOPE,include,verified_member_of_final_4974
EC_EV_004838,10.3389/fncel.2021.725573,6c94a40f38647a494772e68cf70124261030b67ca8d8f58969d4d3dfccbffa24,2021,Article,English,EC_EV_FINAL_SCOPE,include,verified_member_of_final_4974
EC_EV_004839,10.3390/biomedicines10020410,49679a02f29368cfed7c33817f566564da7663147aa2a042f520dd0ce142d9aa,2022,Article,English,EC_EV_FINAL_SCOPE,include,verified_member_of_final_4974
EC_EV_004840,10.1016/j.ijbiomac.2024.131948,454cd933b1db635badc3616cb54723007ecaca3596a3933cd611e0305c79b314,2024,Article,English,EC_EV_FINAL_SCOPE,include,verified_member_of_final_4974
EC_EV_004841,10.1016/j.bioactmat.2022.10.018,518c664a8971b9491e61939fd19d9f0f5d75c68d5bfaec17b16a384aa61d23e3,2023,Article,English,EC_EV_FINAL_SCOPE,include,verified_member_of_final_4974
EC_EV_004842,10.1007/s12265-019-09945-7,1f0d0895901f629816319f53ec352be34638c7bee805e3e697519e69a929b640,2020,Review,English,EC_EV_FINAL_SCOPE,include,verified_member_of_final_4974
EC_EV_004843,10.1016/j.placenta.2024.06.009,ce24ca302e1525a5e8595b0ffbec88dcfab2c67289c4d0db92f638db484f790d,2024,Article,English,EC_EV_FINAL_SCOPE,include,verified_member_of_final_4974
EC_EV_004844,10.3390/ijms26083635,872cf4d3d95e88bb29043772e5a4b8c293c30c9e4e77857a5938c1157093aee4,2025,Article,English,EC_EV_FINAL_SCOPE,include,verified_member_of_final_4974
EC_EV_004845,10.3390/biology12081099,5c3a10033701d188402e2feb2a254e3918ca127201b37b35d235dab24058bbe2,2023,Review,English,EC_EV_FINAL_SCOPE,include,verified_member_of_final_4974
EC_EV_004846,10.7150/thno.52496,cf74422bfcbe49ece5bfb277ea4ace81310fa1dfee2845e308d9a8625e33ba74,2021,Article,English,EC_EV_FINAL_SCOPE,include,verified_member_of_final_4974
EC_EV_004847,10.1186/s12935-023-02886-x,e833e4981130505b11c5d2ee1cc1b3668c2705f07edae05f4a8ccb23c29daa04,2023,Article,English,EC_EV_FINAL_SCOPE,include,verified_member_of_final_4974
EC_EV_004848,10.3390/jcm12103460,531dd552dd9ff3cf6cba8ce612055642b8c4f4a135574f72eb4a3d8edc64c61d,2023,Article,English,EC_EV_FINAL_SCOPE,include,verified_member_of_final_4974
EC_EV_004849,10.1371/journal.pone.0222093; 10.1371/journal.pone.0222093.r001; 10.1371/journal.pone.0222093.r002; 10.1371/journal.pone.0222093.r003; 10.1371/journal.pone.0222093.r004,05eae465501bffca1e1bfb108b4923c482b264a87b0a0f69e4f18494ae5c1db4,2019,Article,English,EC_EV_FINAL_SCOPE,include,verified_member_of_final_4974
EC_EV_004850,10.1016/j.heliyon.2023.e20124,759ffd82c6eb9e3c34f37b5a7d6917e467235354ef41e073102ba9472bf629c4,2023,Article,English,EC_EV_FINAL_SCOPE,include,verified_member_of_final_4974
EC_EV_004851,10.3390/cells10081998,749053d0135a84564dda441bd40dc72107b878d3447c3654016ce63d6901cc24,2021,Article,English,EC_EV_FINAL_SCOPE,include,verified_member_of_final_4974
EC_EV_004852,10.1016/j.trsl.2024.11.001,276e6cd31776ab806ef89d0c2b4e4e7d06289575325a9602187d9c174e16f505,2025,Article,English,EC_EV_FINAL_SCOPE,include,verified_member_of_final_4974
EC_EV_004853,10.1016/j.jconrel.2025.01.033,b49eeaccc82c160a28b88462e575b53743e8f99ca8f6459a54d8527740a7835d,2025,Article,English,EC_EV_FINAL_SCOPE,include,verified_member_of_final_4974
EC_EV_004854,10.2174/0109298673341499241016110341,40f256cf9b4703b3f5d8e604adbb13d0b93f5879dda92f5cd9a7e6c12319be38,2024,Article,English,EC_EV_FINAL_SCOPE,include,verified_member_of_final_4974
EC_EV_004855,10.1186/s12943-024-01979-z,f9810c32b0e1cd69fb2b01838ad0282716e882a7bbdc5ce6ea7a2a8d6453cd31,2024,Article,English,EC_EV_FINAL_SCOPE,include,verified_member_of_final_4974
EC_EV_004856,10.1186/s12935-022-02462-9,87beff483e50847dac77ec82e60689fd5d0e0ea043f1f774304a61a0a63ae205,2022,Article,English,EC_EV_FINAL_SCOPE,include,verified_member_of_final_4974
EC_EV_004857,10.1038/s41417-020-00269-2,bc26d2249a1c213bd2fa033e8bf90065f19eee0071d85def4bd5f6d584287e10,2021,Article,English,EC_EV_FINAL_SCOPE,include,verified_member_of_final_4974
EC_EV_004858,10.1038/s41388-018-0183-6,9d83658d3eacbfb49f5400b40607fe55d6dffb3c5f9d8224db71895e367ced2e,2018,Article,English,EC_EV_FINAL_SCOPE,include,verified_member_of_final_4974
EC_EV_004859,10.3892/mmr.2021.12504,2e765a092bad0236c9fba7496550aa602ab375fe3fc066aa15231da4ec0f9a9f,2021,Article,English,EC_EV_FINAL_SCOPE,include,verified_member_of_final_4974
EC_EV_004860,10.1038/s41598-018-19581-x,94ff039ffe443ff57458fbfe2c909520cd36e6949939b6db5d385ec0e370e0d4,2018,Article,English,EC_EV_FINAL_SCOPE,include,verified_member_of_final_4974
EC_EV_004861,10.1038/s41598-025-94917-y,792d16975e16ffa0e7fadb3cf0354137fbb879cb64a507781d0c9dd8aa239557,2025,Article,English,EC_EV_FINAL_SCOPE,include,verified_member_of_final_4974
EC_EV_004862,10.1016/j.bbrc.2020.02.137,287398d3a2a61bbab4ea7dfa8c09025ffc871ae0f3970c2603cc9dbaf044d3ac,2020,Article,English,EC_EV_FINAL_SCOPE,include,verified_member_of_final_4974
EC_EV_004863,10.1186/s40824-023-00467-7,72c1f086eb64581f32d0eb3a08d27054063e5406b927083cffa094539b8b9367,2023,Article,English,EC_EV_FINAL_SCOPE,include,verified_member_of_final_4974
EC_EV_004864,10.3389/fonc.2022.903484,dfdca9d357ef9823fe3d2dc13860d1d584e7ef28e853462b4f47287118fbf074,2022,Article,English,EC_EV_FINAL_SCOPE,include,verified_member_of_final_4974
EC_EV_004865,10.1155/2022/4702855,16df42fb056ade29c903789ac58f7d2e2ce3f0be5aceca45b9a5da5f6af01e98,2022,Article,English,EC_EV_FINAL_SCOPE,include,verified_member_of_final_4974
EC_EV_004866,10.3389/fonc.2022.884559,995c99dd49c6b4ce318e261716df92c5f238d412037e2a7f9a148f1304997245,2022,Article,English,EC_EV_FINAL_SCOPE,include,verified_member_of_final_4974
EC_EV_004867,10.1186/s12951-023-01954-8,a815c9aaee6c8de892be4145f46e010d9115a7497766ad0c0075d417487977fe,2023,Article,English,EC_EV_FINAL_SCOPE,include,verified_member_of_final_4974
EC_EV_004868,10.1016/j.bbamcr.2021.119189,da50f9eb718716d25291dcff4b321e45847fee00e7e430f038cabdf74dfca3a0,2022,Article,English,EC_EV_FINAL_SCOPE,include,verified_member_of_final_4974
EC_EV_004869,10.1016/j.diabres.2021.109126,6d35ea9141ea64b13e4697aab2d5da288bc629b68e05abfcec3064add9fa24a8,2022,Article,English,EC_EV_FINAL_SCOPE,include,verified_member_of_final_4974
EC_EV_004870,10.1016/j.biopha.2018.03.064,b2a1f7eef0c9b4e650e0f9b9598b416cfe86dfd15abc04a60807a0a8b3fad044,2018,Article,English,EC_EV_FINAL_SCOPE,include,verified_member_of_final_4974
EC_EV_004871,10.1016/j.jep.2020.112802,f8fbcbbf35f0ee156b43204439f344cf64debf2c46bd1adc58623a1a6a5b4de9,2020,Article,English,EC_EV_FINAL_SCOPE,include,verified_member_of_final_4974
EC_EV_004872,10.1186/s10020-023-00747-x,729d76b4631732c492f0e10fdfd81f66715f5c1f5ee9f18a6b4aff05473a7a5c,2023,Article,English,EC_EV_FINAL_SCOPE,include,verified_member_of_final_4974
EC_EV_004873,10.1186/s12967-024-05233-4,7065199dab979005e37898fad9d6e4bc7292bbc3d60eb0e0cec090bd5f0cc5e2,2024,Article,English,EC_EV_FINAL_SCOPE,include,verified_member_of_final_4974
EC_EV_004874,10.1007/s40618-024-02388-1,ad05b4c37851d5ddf29538f3bfbcd6e4628eacfbcfab5335ad78c96a373385a0,2024,Article,English,EC_EV_FINAL_SCOPE,include,verified_member_of_final_4974
EC_EV_004875,10.2147/ijn.s414393,f7c77ba2c66a5ee5abb43406164e9f87f2590e5de3fce5830803612fb51a7671,2023,Article,English,EC_EV_FINAL_SCOPE,include,verified_member_of_final_4974
EC_EV_004876,10.1016/j.mcp.2022.101868,128972072bebea6780c627bc0b2f317f74b93f47fbb8e70225cc6cd9df52ac5d,2022,Article,English,EC_EV_FINAL_SCOPE,include,verified_member_of_final_4974
EC_EV_004877,10.7717/peerj.16953,bfbf21f62e90bf016b1064c417e831c0ff6dcfc161704ae77e86f7363b9c0421,2024,Article,English,EC_EV_FINAL_SCOPE,include,verified_member_of_final_4974
EC_EV_004878,10.1038/s41598-023-34418-y,712a75f37cfcd78de57f020512c7e659dbee445eb171685f377860222a4cb94f,2023,Article,English,EC_EV_FINAL_SCOPE,include,verified_member_of_final_4974
EC_EV_004879,10.1038/s41419-020-02946-4,cf5a18f6971df5a80185fefbbb2037a22cbe9ebe921e156ffb31545da756413b,2020,Article,English,EC_EV_FINAL_SCOPE,include,verified_member_of_final_4974
EC_EV_004880,10.1007/s12257-024-00168-5,5d2bc33b42415c6a1b8e080be3cfc3b526a5e53aae97bede7587c097f1011b3c,2025,Article,English,EC_EV_FINAL_SCOPE,include,verified_member_of_final_4974
EC_EV_004881,10.1016/j.neuroscience.2022.07.028,35a64c3d6ffb252194edbae916aa8751d12d298b18ee1de8507203b96bde0614,2022,Article,English,EC_EV_FINAL_SCOPE,include,verified_member_of_final_4974
EC_EV_004882,10.3390/cells8040330,0c32cea589ba726e6f6c299ae59559ba582afb9296bc322082401ffccb104d16,2019,Article,English,EC_EV_FINAL_SCOPE,include,verified_member_of_final_4974
EC_EV_004883,10.1016/j.heliyon.2024.e37346,23b18687a6406c168da49e7e7bd047ed57f59a5ae64902c9f584e04b9c2ba48d,2024,Article,English,EC_EV_FINAL_SCOPE,include,verified_member_of_final_4974
EC_EV_004884,10.7150/jca.95014,9d601a7955083fea23e77c78b109f972e331a10d5396a266c9985b7d84742fa5,2024,Article,English,EC_EV_FINAL_SCOPE,include,verified_member_of_final_4974
EC_EV_004885,10.1002/advs.202206139,85e88207f70836c102b116452d21356b7834c6158a9fc17e7356fa9f5e81cd4b,2023,Article,English,EC_EV_FINAL_SCOPE,include,verified_member_of_final_4974
EC_EV_004886,10.1016/j.cellsig.2021.110029,a60981d235295e9674841f4528eecf02c03c4f663e6a9e8afa5ee6526a822f06,2021,Article,English,EC_EV_FINAL_SCOPE,include,verified_member_of_final_4974
EC_EV_004887,10.2174/1874467216666230111112116,822d6ee1d200bd205969f04e3a2ac7b1136a70272a44b025bb3ae6306d5ee192,2023,Article,English,EC_EV_FINAL_SCOPE,include,verified_member_of_final_4974
EC_EV_004888,10.7150/jca.30757,3092ecb08fb2cc05940746aa9422cb48765f7a699c81efb5d22686f9bfa44fa1,2019,Article,English,EC_EV_FINAL_SCOPE,include,verified_member_of_final_4974
EC_EV_004889,10.1093/rb/rbae035,8b261d4e1d9d59ffb764c0db8b35451bed256d9a4a13a5f38cc9b45c8dd4435c,2024,Article,English,EC_EV_FINAL_SCOPE,include,verified_member_of_final_4974
EC_EV_004890,10.1186/s13287-022-03015-7,bbe2ee5252411c3d348bf04e1df8da61fd7dc569566ded7d98acbffd31b7fa6e,2022,Article,English,EC_EV_FINAL_SCOPE,include,verified_member_of_final_4974
EC_EV_004891,10.1016/j.jconrel.2016.01.024,961aed9a0eabce765890c4c93f39bcd90cfef45021fb6cbeb2b4c17d25d5dd41,2016,Article,English,EC_EV_FINAL_SCOPE,include,verified_member_of_final_4974
EC_EV_004892,10.1002/iub.2575,7add9ce79d755464d9080874ee550f1bc9511fd53f5f4116e829dc1e3818347d,2021,Article,English,EC_EV_FINAL_SCOPE,include,verified_member_of_final_4974
EC_EV_004893,10.1038/s41418-021-00841-9,407fefd05b348d5c7c3ad550bfb818c7f8ebf6b4c30e7c457899837d95c43032,2022,Article,English,EC_EV_FINAL_SCOPE,include,verified_member_of_final_4974
EC_EV_004894,10.1111/jgh.16345,aaad76704101066fe6efff87be10a34abb377195f6c851750fd909b056740793,2024,Article,English,EC_EV_FINAL_SCOPE,include,verified_member_of_final_4974
EC_EV_004895,10.1080/21655979.2021.1886771,525683c65ef63b66c1397a0acb96d913cd02f875dc7da20d9306c148d9c57af4,2021,Article,English,EC_EV_FINAL_SCOPE,include,verified_member_of_final_4974
EC_EV_004896,10.1038/s41598-025-00104-4,2a17f2b0601eff02c917ff7dc19b245c3acf8f8ac2cdff47f2fd41ebfff0e92f,2025,Article,English,EC_EV_FINAL_SCOPE,include,verified_member_of_final_4974
EC_EV_004897,10.1186/s11658-024-00612-7,c447f2afd637d78cfbccec4d9f103ccc34c52769694190c7544d1211bd219fb9,2024,Article,English,EC_EV_FINAL_SCOPE,include,verified_member_of_final_4974
EC_EV_004898,10.2147/ijn.s481044,d20056877e032d8ed1d45068f127b05f1187ee0ac11b01838d6c68d96a36ea68,2024,Article,English,EC_EV_FINAL_SCOPE,include,verified_member_of_final_4974
EC_EV_004899,10.1021/acs.molpharmaceut.3c00062,30ef929d7744ae0bc9bda1d279904443f7811f41c827bae8f0a7c024688f5dd6,2023,Article,English,EC_EV_FINAL_SCOPE,include,verified_member_of_final_4974
EC_EV_004900,10.1155/2022/1609244,f1244d71159b7369bed8dc450f23b3a4d00bb6170f860cd04246f6eacb2b09af,2022,Article,English,EC_EV_FINAL_SCOPE,include,verified_member_of_final_4974
EC_EV_004901,10.4049/jimmunol.1800304,557fa35b01dc165d592f0399aa2529ca5a4efd2231591cdd0ffbd406ae842d47,2018,Article,English,EC_EV_FINAL_SCOPE,include,verified_member_of_final_4974
EC_EV_004902,10.1016/j.bioactmat.2021.11.022,fd55f762e5c27dbddb3fda719022fa33fd89e21e1b9faae2de6872dbc13da24f,2022,Article,English,EC_EV_FINAL_SCOPE,include,verified_member_of_final_4974
EC_EV_004903,10.1016/j.ydbio.2018.09.010,9043aa431a0fd3f35bee669efde7085b94f8f498b2374e2d195070fdb03c868b,2018,Article,English,EC_EV_FINAL_SCOPE,include,verified_member_of_final_4974
EC_EV_004904,10.1016/j.cclet.2022.05.042,50da574019661cfa323cf8156ee79b043f961fa28c1315d51abb9f2db0df9749,2023,Article,English,EC_EV_FINAL_SCOPE,include,verified_member_of_final_4974
EC_EV_004905,10.1155/2022/9611509,c19c3af5336a1bf7b95916e0f2a32914ce7d0b98d4e034881a86f89c9bf047b4,2022,Article,English,EC_EV_FINAL_SCOPE,include,verified_member_of_final_4974
EC_EV_004906,10.1016/j.yjmcc.2022.03.006,b3ccc3a954d98648dc68a3adcb03a78915148f8dbcd15b52dbb4aecba4ad7ffb,2022,Article,English,EC_EV_FINAL_SCOPE,include,verified_member_of_final_4974
EC_EV_004907,10.1021/acsnano.0c05792,fe950acef9c2b2366b6187d8013ca668c7be98a39548e725d517f48e962ed0b6,2021,Article,English,EC_EV_FINAL_SCOPE,include,verified_member_of_final_4974
EC_EV_004908,10.4049/jimmunol.178.10.6404,2f99936104d82d5072945d120529fd3ff6bdc0e80780b1f533225bc5d63fe53e,2007,Article,English,EC_EV_FINAL_SCOPE,include,verified_member_of_final_4974
EC_EV_004909,10.3389/fphar.2024.1405423,350ffd63042551af1cb4901b2c72c202cb874e07e8eb17950e651fc2bedfe582,2024,Review,English,EC_EV_FINAL_SCOPE,include,verified_member_of_final_4974
EC_EV_004910,10.1016/j.jep.2023.116451,53b4e3a65d2938f46381b7307abe8928e658b0478d7f45852d872fef1fc7ec40,2023,Article,English,EC_EV_FINAL_SCOPE,include,verified_member_of_final_4974
EC_EV_004911,10.3390/cancers15072138,1ad9f0c0a91058e40ad8382d700c6b98526c192a9fb984bf004972acb0ab1d41,2023,Article,English,EC_EV_FINAL_SCOPE,include,verified_member_of_final_4974
EC_EV_004912,10.14670/hh-11-735,6eaece763077fbd13413d17451548305d2eccc6bd88f1408328424f878834c3c,2016,Article,English,EC_EV_FINAL_SCOPE,include,verified_member_of_final_4974
EC_EV_004913,10.3389/fbioe.2024.1356028,3b7f1334511faed6e6b2bd51811f37b9e6963fc1271a79b152fe299def47890d,2024,Article,English,EC_EV_FINAL_SCOPE,include,verified_member_of_final_4974
EC_EV_004914,10.1038/s41419-022-05420-5,7ec518dc3e912c5ca7c83bf6ddd7b77f430dfa14fbb7ccfe834d353e63e78659,2022,Article,English,EC_EV_FINAL_SCOPE,include,verified_member_of_final_4974
EC_EV_004915,10.1158/0008-5472.can-14-3216,fd2a501116ac804a4347a3214753dd838e759a17564c9961b795b3e65e237a53,2015,Review,English,EC_EV_FINAL_SCOPE,include,verified_member_of_final_4974
EC_EV_004916,10.1186/s12951-024-02950-2,17755d49418236dd88083809be29773ef4748148ec95c53e4ee58bf584498d15,2024,Article,English,EC_EV_FINAL_SCOPE,include,verified_member_of_final_4974
EC_EV_004917,10.3390/pharmaceutics14061283,e942458531564b710591b9990f5c22199aafad7845fe7b06455101db4e352b25,2022,Review,English,EC_EV_FINAL_SCOPE,include,verified_member_of_final_4974
EC_EV_004918,10.1016/j.omto.2022.02.008,2ee926f26869361c528c7f2941be44e05010d9818ea6a386ae8f66b1a82cd6e7,2022,Article,English,EC_EV_FINAL_SCOPE,include,verified_member_of_final_4974
EC_EV_004919,10.3390/nano11010036,ec04b51520f6692cd6ed563b285d7d86cedc6ff08c9b66bbc0f40f1414ff1303,2021,Article,English,EC_EV_FINAL_SCOPE,include,verified_member_of_final_4974
EC_EV_004920,10.1016/j.tcm.2012.10.002,6820199e2988caab383596a1d37ad207841fbb19b8ca5ce844472225e3954202,2013,Review,English,EC_EV_FINAL_SCOPE,include,verified_member_of_final_4974
EC_EV_004921,10.3390/life13040866,f21326b9f25ca7ae64c395bf98f777f8ffc1dccb3e1e51a0ad372be4251a1015,2023,Review,English,EC_EV_FINAL_SCOPE,include,verified_member_of_final_4974
EC_EV_004922,10.1016/j.semcancer.2020.08.001,8d013615e4edf8957a5fe07607a328e6766820c831b765d5d9d7abea0503d371,2021,Article,English,EC_EV_FINAL_SCOPE,include,verified_member_of_final_4974
EC_EV_004923,10.2174/1381612822666160726112115,090ac4a6060080cf2feb6047b79fadc740f3a656aa1b5861ba3ec9fdb7e500dc,2016,Review,English,EC_EV_FINAL_SCOPE,include,verified_member_of_final_4974
EC_EV_004924,10.1016/j.jgr.2022.07.005,ba57306a75b1ed407474a6e70ff4f18cb63bfff8b0645df3f6bd0701d1bed464,2023,Article,English,EC_EV_FINAL_SCOPE,include,verified_member_of_final_4974
EC_EV_004925,10.1016/j.semcancer.2017.08.012,5ea3d4e1fe755283bd0276b4e7ecb890187e852fa4cbdc577e4a68fc58e1e9ae,2018,Review,English,EC_EV_FINAL_SCOPE,include,verified_member_of_final_4974
EC_EV_004926,10.1038/s41551-017-0182-x,890990a95044690a17d0ee207587bfabce369e28f9247b02e4de051768eb945c,2018,Article,English,EC_EV_FINAL_SCOPE,include,verified_member_of_final_4974
EC_EV_004927,10.3390/ijms24087302,1ff934d5f9b9c48a7b1c51582ca196b9aa92cb5054df287db58418c94e0926f9,2023,Article,English,EC_EV_FINAL_SCOPE,include,verified_member_of_final_4974
EC_EV_004928,10.3389/fmolb.2020.558982,80f953ad270167e86a95161098d8c52a32a8c96ae8e123f27704460e3848e9ad,2021,Review,English,EC_EV_FINAL_SCOPE,include,verified_member_of_final_4974
EC_EV_004929,10.3390/cancers7040876,cef3b8bde13dd749a8ca3e6ba4f80598b33868ea3b9df7cdc1d992223450912f,2015,Review,English,EC_EV_FINAL_SCOPE,include,verified_member_of_final_4974
EC_EV_004930,10.1139/cjpp-2014-0197,c910b1714f24533260c30c1646879449c148beadcf36a2b6291b793849235929,2014,Review,English,EC_EV_FINAL_SCOPE,include,verified_member_of_final_4974
EC_EV_004931,10.1016/j.celrep.2013.10.050,14dc6a99233e071f40dfeee0797af39655428d996bf23b1ca3893d4b7f4ff2c1,2013,Article,English,EC_EV_FINAL_SCOPE,include,verified_member_of_final_4974
EC_EV_004932,10.1021/acsbiomaterials.3c01742,f0f8e405e6f09f2beb5d02456ec513766f5fee0746f885a7d2bf2470b27aeb6d,2024,Article,English,EC_EV_FINAL_SCOPE,include,verified_member_of_final_4974
EC_EV_004933,10.1111/cas.15739,fce92f6f2e175427964f9e1839415a1cd0d1321328745683d65a5c5c9e136f25,2023,Article,English,EC_EV_FINAL_SCOPE,include,verified_member_of_final_4974
EC_EV_004934,10.1097/bor.0000000000000643,267c287404c71270d30d618757bb97df909df488d0a7325ea39b6b4d0b985d9c,2019,Review,English,EC_EV_FINAL_SCOPE,include,verified_member_of_final_4974
EC_EV_004935,10.1016/j.medmal.2012.05.011,4de0fd86c985b403a2c01d2d6b984b0fa1e11b001dd2ec45d716d1c639989dcb,2012,Review,English,EC_EV_FINAL_SCOPE,include,verified_member_of_final_4974
EC_EV_004936,10.3389/fphys.2012.00063,a7e6b9920e4fc219001e39bafefc780efe54ecea970abb19ae76566c23d353f9,2012,Review,English,EC_EV_FINAL_SCOPE,include,verified_member_of_final_4974
EC_EV_004937,10.3389/fonc.2021.663183,c233b87a4452b07f2fce8035797ef52c7fc98a97e8ae5e1932f514f9a96b0161,2021,Article,English,EC_EV_FINAL_SCOPE,include,verified_member_of_final_4974
EC_EV_004938,10.1016/j.ejcb.2019.151046,599b3f15f965f2f53d4f5a200515231ca10cbfbf392eb8e79556faab237d107a,2019,Article,English,EC_EV_FINAL_SCOPE,include,verified_member_of_final_4974
EC_EV_004939,10.1039/d4na00488d,b332538776562e9a418b54758e3ca39534031547ad13517412f4f07f17790b8f,2024,Review,English,EC_EV_FINAL_SCOPE,include,verified_member_of_final_4974
EC_EV_004940,10.1021/acsbiomaterials.3c01567,d05c1ab97a9b2cf604db2fae45f1759b83604e356890c363b40101e7434d71d4,2024,Article,English,EC_EV_FINAL_SCOPE,include,verified_member_of_final_4974
EC_EV_004941,10.1155/2022/9346939,ea786583213af6705e4667e699c87a1d5041f649b69cf414d24cd18371316416,2022,Review,English,EC_EV_FINAL_SCOPE,include,verified_member_of_final_4974
EC_EV_004942,10.1111/jcmm.16719,60f1ca8a6dc31cabd2f842ea9cc22da1dbf300c69c2dd98cf2403f9b337a7f01,2021,Article,English,EC_EV_FINAL_SCOPE,include,verified_member_of_final_4974
EC_EV_004943,10.3390/biology9110361,6f5bee9458d9add4c1b6607096c914a8113204744801289400c52da3cc7a7a34,2020,Article,English,EC_EV_FINAL_SCOPE,include,verified_member_of_final_4974
EC_EV_004944,10.1016/j.bbrc.2018.08.019,6039aea9a90ba6aee99a66b1422372d40aa03ddc01bd1044c6673762d8580bcc,2018,Article,English,EC_EV_FINAL_SCOPE,include,verified_member_of_final_4974
EC_EV_004945,10.1186/s12967-025-06526-y,48ef58784a350439d4b98eba7ed01b99e10f8177ebf095032a823fb151b2b16f,2025,Review,English,EC_EV_FINAL_SCOPE,include,verified_member_of_final_4974
EC_EV_004946,10.1007/s13770-024-00629-1,91ba263fa2939bdd6abc22b061faa786d8d6b4810d7eef1a514430e05c953394,2024,Article,English,EC_EV_FINAL_SCOPE,include,verified_member_of_final_4974
EC_EV_004947,10.4103/1673-5374.335140,c0517674487bbd61e9b8a1d94c5cc6d1f9f72c7c38d183003ba7d6d16856a19d,2022,Review,English,EC_EV_FINAL_SCOPE,include,verified_member_of_final_4974
EC_EV_004948,10.1016/j.lfs.2024.122528,2b4279ffd62555eb9ad36aa44afeb640f48245f626ef80b1902190e645cfb6de,2024,Article,English,EC_EV_FINAL_SCOPE,include,verified_member_of_final_4974
EC_EV_004949,10.3390/ijms21207600,7bbb6653e65528635ff2bebb67557ee96882c05b485b018a529771f199667acb,2020,Review,English,EC_EV_FINAL_SCOPE,include,verified_member_of_final_4974
EC_EV_004950,10.7150/ijms.40918,4e5d771af054ae9b8de0dee7beb5d837b0f09ed7828681c43db3b0d62ccbab06,2020,Article,English,EC_EV_FINAL_SCOPE,include,verified_member_of_final_4974
EC_EV_004951,10.3389/fphar.2019.01296,8f9efd58e99ef1445d34224f5f949509d636f815d97eeaa9c328a9263f197ffa,2019,Article,English,EC_EV_FINAL_SCOPE,include,verified_member_of_final_4974
EC_EV_004952,10.3389/fbioe.2022.883034,5f2e8adf602552991fed272bc348206cff5ec3d01b275666b66fe9b12e121d81,2022,Article,English,EC_EV_FINAL_SCOPE,include,verified_member_of_final_4974
EC_EV_004953,10.1186/s13046-021-01990-y,d3906bf4b225223b461bb09e56c8f2dee550f2f1904b3681f580414af3f40478,2021,Article,English,EC_EV_FINAL_SCOPE,include,verified_member_of_final_4974
EC_EV_004954,10.1016/j.cej.2021.132867,2b7cd209946df2b3f6652b6c42ebf7096bd8a4fe78b2af51fd92a19a3766d1d8,2022,Article,English,EC_EV_FINAL_SCOPE,include,verified_member_of_final_4974
EC_EV_004955,10.1016/j.jconrel.2021.08.008,718750db781c5a15f07d3466c62539f282401485eb054a17b38b29fc1ffe0d36,2021,Article,English,EC_EV_FINAL_SCOPE,include,verified_member_of_final_4974
EC_EV_004956,10.1111/odi.12913,333f1c209c44c8a9eb1817ee464785035332847f7dbd1083d21e542ec36fef1b,2019,Review,English,EC_EV_FINAL_SCOPE,include,verified_member_of_final_4974
EC_EV_004957,10.1186/s12929-024-01085-8,50875421e632acd4073bee7475d94903e7589b47a0f2c70d27381ca3935e9161,2024,Article,English,EC_EV_FINAL_SCOPE,include,verified_member_of_final_4974
EC_EV_004958,10.4103/0366-6999.226889,c0ea68d0bdd0db25812dee6e9116de45a4be03d8a632a9b668248cf294f5ac3b,2018,Article,English,EC_EV_FINAL_SCOPE,include,verified_member_of_final_4974
EC_EV_004959,10.1111/cas.15956,e3b243c13a71198542b01c51045dbeb2bc7ff0ab984b8e66fa258673edb781e4,2023,Article,English,EC_EV_FINAL_SCOPE,include,verified_member_of_final_4974
EC_EV_004960,10.3389/fmolb.2022.1008802,5ce4ced657781c7efdf1c761b1236b32546de9a618b48480e19ab7ba438d0ccb,2022,Article,English,EC_EV_FINAL_SCOPE,include,verified_member_of_final_4974
EC_EV_004961,,af8fe72025e54ecd575dd2090773b5c842d4d887eb66fcf550f725024f271311,2015,Article,English,EC_EV_FINAL_SCOPE,include,verified_member_of_final_4974
EC_EV_004962,10.1038/labinvest.2009.94,2f26029473bd8d00278a47861ee3548caa628dc58ea476dec3160d4e2a6bf53d,2009,Article,English,EC_EV_FINAL_SCOPE,include,verified_member_of_final_4974
EC_EV_004963,10.1111/cas.14080,cb6533c4c6bd133180536ff526ed0294612fa1a4c960c2a1238827961cd3a9ad,2019,Article,English,EC_EV_FINAL_SCOPE,include,verified_member_of_final_4974
EC_EV_004964,10.7150/jca.19112,8b7671d6a2630a691c4f67cd1f3bfd40e63d2a3586fa262fd790d37be7a22d0a,2017,Article,English,EC_EV_FINAL_SCOPE,include,verified_member_of_final_4974
EC_EV_004965,10.1016/j.msec.2020.111671,f520ce16f47b27f4d1a34204b4aaf62475069182d461f79c28c9fa4f1c356874,2021,Article,English,EC_EV_FINAL_SCOPE,include,verified_member_of_final_4974
EC_EV_004966,10.1155/2017/5819514,01a2589228799db5c30c07519589232e32e312346ed0263371601d04b97850e5,2017,Review,English,EC_EV_FINAL_SCOPE,include,verified_member_of_final_4974
EC_EV_004967,10.1016/s0074-7742(07)79010-4,5eeb5b5226e8fff07232c2078ac6ecde7a05a5258554399dd01e2f9f15170323,2007,Review,English,EC_EV_FINAL_SCOPE,include,verified_member_of_final_4974
EC_EV_004968,10.1016/j.jddst.2024.106144,3a45a1e1f1beaf6678edf63422bf66f34934eb3d122b1f46a145a7843082eec3,2024,Article,English,EC_EV_FINAL_SCOPE,include,verified_member_of_final_4974
EC_EV_004969,10.1097/cad.0000000000001445,45bee1df286a9ae3091ce1eac1cdc2c75c91b606a085968a1afcaa09e68c59cd,2023,Article,English,EC_EV_FINAL_SCOPE,include,verified_member_of_final_4974
EC_EV_004970,10.3390/ijms232315339,d4d3ef39b9a24f1c5674d8f077df17d778298cb58e6a76de2edbbd842069295e,2022,Review,English,EC_EV_FINAL_SCOPE,include,verified_member_of_final_4974
EC_EV_004971,10.1161/jaha.119.014120,39f1490c675e20553395a7fca0e5188fca41fac88849819d7330df080ee95103,2020,Article,English,EC_EV_FINAL_SCOPE,include,verified_member_of_final_4974
EC_EV_004972,10.1038/s41388-018-0422-x,7be5783f353ecacc1477ad4f3d88ce8adbdcc90a1fa169febefecbe96d18ac26,2018,Article,English,EC_EV_FINAL_SCOPE,include,verified_member_of_final_4974
EC_EV_004973,10.7554/elife.95318; 10.7554/elife.95318.3.sa1; 10.7554/elife.95318.3.sa2; 10.7554/elife.95318.3.sa3,7260a23ca6ddac5e0e4547bd2edad0bc7cdbcfa765e1fa956f84d233f7940795,2024,Article,English,EC_EV_FINAL_SCOPE,include,verified_member_of_final_4974
EC_EV_004974,10.55730/1300-0152.2654,de69f2d081b080fc0ccb2377b911f61cadd8bfb9982ffe71b598e4f999c695c2,2023,Article,English,EC_EV_FINAL_SCOPE,include,verified_member_of_final_4974
